year_month,category,top_counterpart,n_customers,n_transasctions,total_amount,pos_perc,ecom_perc
3-2023,communication,apple,359,1019,15750.2,0.0,1.0
3-2023,restaurants,sumup,197,388,9395.06,1.0,0.0
3-2023,groceries,avec,157,344,2776.4,0.99,0.01
3-2023,restaurants,uber,59,176,7540.18,0.07,0.93
3-2023,transport,parkingpay,42,190,1444.78,0.0,1.0
3-2023,groceries,sumup,63,93,1963.54,0.89,0.11
3-2023,transport,tier,24,136,390.93,0.08,0.92
3-2023,living,landi,44,63,2891.85,1.0,0.0
3-2023,restaurants,marche,41,69,844.75,1.0,0.0
4-2023,groceries,coop,914,4093,91006.6,0.96,0.04
4-2023,restaurants,migros,156,264,3544.85,1.0,0.0
4-2023,health,amavita,43,52,1484.0,1.0,0.0
4-2023,restaurants,subway,40,49,803.1,1.0,0.0
3-2023,health,dm-drogerie,31,41,1037.26,1.0,0.0
4-2023,communication,netflix.com,70,70,1220.15,0.0,1.0
5-2023,restaurants,sumup,197,356,9788.45,1.0,0.0
5-2023,restaurants,uber,68,187,7133.37,0.1,0.9
5-2023,shopping,muller,52,64,1434.05,1.0,0.0
5-2023,restaurants,marche,63,102,1625.77,1.0,0.0
5-2023,communication,other,558,1134,43007.04,0.08,0.92
5-2023,health,other,533,917,46170.18,0.91,0.09
5-2023,transport,other,959,3446,91370.52,0.74,0.26
4-2023,entertainment,interwetten,15,234,18366.78,0.0,1.0
5-2023,savings,other,26,72,20077.67,0.0,1.0
6-2023,transport,shell,175,283,7994.35,1.0,0.0
6-2023,groceries,kkiosk,114,210,1963.15,1.0,0.0
6-2023,groceries,brezelkönig,35,41,334.6,1.0,0.0
10-2021,shopping,other,861,2987,245399.5,0.64,0.36
10-2021,communication,apple,279,913,20670.21,0.0,1.0
10-2021,groceries,aldi,139,361,14459.27,0.94,0.06
10-2021,transport,uber,66,213,3520.57,0.13,0.87
10-2021,savings,coinbase,30,102,21795.28,0.0,1.0
10-2021,groceries,manor,35,56,1603.7,1.0,0.0
10-2021,cash,kantonalbank,23,37,7810.0,1.0,0.0
11-2021,restaurants,uber,58,175,6245.3,0.02,0.98
11-2021,groceries,steiner,64,139,1547.45,1.0,0.0
11-2021,shopping,amzn,36,56,5041.58,0.0,1.0
11-2021,transport,landi,20,38,778.3,1.0,0.0
11-2021,groceries,sbb,18,29,183.7,1.0,0.0
12-2021,groceries,volg,136,368,7740.05,1.0,0.0
12-2021,communication,spotify,149,155,2479.57,0.0,1.0
12-2021,shopping,muller,61,75,2446.3,1.0,0.0
12-2021,health,sumup,51,63,4711.32,1.0,0.0
12-2021,communication,audible,27,33,389.54,0.0,1.0
12-2021,savings,other,32,88,41217.82,0.01,0.99
1-2022,restaurants,uber,56,191,6585.25,0.04,0.96
1-2022,entertainment,netflix,126,127,2374.82,0.0,1.0
1-2022,entertainment,google,5,5,219.58,0.0,1.0
1-2022,transport,voi,5,12,38.41,0.0,1.0
1-2022,restaurants,marche,25,31,474.55,1.0,0.0
10-2021,transport,vbz,26,71,3232.6,1.0,0.0
10-2021,groceries,rewe,11,25,942.43,0.95,0.05
10-2021,shopping,jelmoli,25,32,2395.9,1.0,0.0
10-2021,salary,other,2,2,198.59,0.0,1.0
11-2021,restaurants,sumup,82,136,3915.1,1.0,0.0
11-2021,transport,migrol,102,171,4290.54,1.0,0.0
11-2021,living,landi,32,40,1296.6,1.0,0.0
11-2021,restaurants,marche,30,37,604.6,1.0,0.0
12-2021,living,landi,38,44,1831.6,1.0,0.0
12-2021,holidays,airbnb,10,12,2439.35,0.0,1.0
12-2021,transport,paypal,12,23,1005.33,0.0,1.0
1-2022,restaurants,sumup,96,155,4387.69,1.0,0.0
1-2022,groceries,migrolino,78,170,1629.6,0.85,0.15
1-2022,living,landi,23,28,1398.5,1.0,0.0
6-2021,holidays,other,266,655,89579.64,0.59,0.41
6-2021,communication,google,100,213,5614.36,0.0,1.0
6-2021,transport,shell,79,126,3763.44,1.0,0.0
6-2021,shopping,migros,37,43,4408.7,0.92,0.08
7-2021,entertainment,other,350,1056,69204.16,0.26,0.74
7-2021,communication,other,364,682,29828.89,0.06,0.94
7-2021,restaurants,starbucks,51,94,1097.95,1.0,0.0
7-2021,restaurants,vicafe,18,23,310.1,1.0,0.0
8-2021,transport,coop,226,476,11076.96,0.97,0.03
8-2021,restaurants,migros,102,189,2195.5,1.0,0.0
8-2021,groceries,steiner,51,128,1406.75,1.0,0.0
8-2021,communication,amazon,35,61,596.57,0.0,1.0
8-2021,transport,eni,45,77,2382.78,0.9,0.1
8-2021,transport,fairtiq,26,54,1285.15,0.0,1.0
8-2021,transport,zvv,25,74,4387.4,0.0,1.0
8-2021,restaurants,subway,22,26,513.33,1.0,0.0
8-2021,communication,adobe,22,28,778.38,0.0,1.0
8-2021,transport,lime,21,80,406.86,0.0,1.0
8-2021,groceries,sbb,20,31,206.8,1.0,0.0
8-2021,shopping,amzn,3,3,135.99,0.0,1.0
9-2021,groceries,brezelkönig,22,32,218.8,1.0,0.0
9-2021,general,other,227,393,41039.09,0.19,0.81
9-2021,shopping,amazon,57,122,7828.34,0.0,1.0
9-2021,groceries,kkiosk,64,113,985.2,1.0,0.0
9-2021,transport,parkingpay,24,76,483.35,0.0,1.0
9-2021,shopping,ikea,36,62,4806.81,0.81,0.19
9-2021,communication,post,89,118,4312.01,1.0,0.0
9-2021,shopping,sumup,25,32,1389.42,1.0,0.0
9-2021,entertainment,youtube,33,36,508.25,0.0,1.0
9-2021,transport,tier,16,37,210.18,0.0,1.0
9-2021,cash,revolut,1,2,325.93,0.0,1.0
1-2023,transport,easypark,47,127,708.13,0.0,1.0
2-2023,entertainment,netflix,121,123,2476.63,0.0,1.0
2-2023,groceries,steiner,51,108,1224.75,0.96,0.04
2-2023,cash,postfinance,50,72,20204.19,1.0,0.0
2-2023,entertainment,google,101,171,1422.63,0.0,1.0
2-2023,health,amavita,54,65,1930.85,1.0,0.0
2-2023,holidays,booking.com,29,43,13077.76,0.0,1.0
2-2023,transport,bolt,11,75,341.27,0.0,1.0
1-2023,health,coop,36,40,1113.4,1.0,0.0
2-2023,shopping,otto's,41,52,2731.65,0.94,0.06
2-2023,restaurants,tibits,23,36,926.1,0.89,0.11
2-2023,shopping,orell fussli,32,36,1211.1,1.0,0.0
2-2023,groceries,sbb,22,33,253.35,1.0,0.0
2-2023,education,other,3,3,572.83,0.9,0.1
2-2023,salary,other,2,2,308.91,0.97,0.03
2-2023,shopping,hornbach,15,23,658.18,0.72,0.28
11-2022,transport,easypark,52,136,677.35,0.0,1.0
11-2022,communication,amazon,65,105,1049.45,0.0,1.0
11-2022,communication,adobe,30,45,1473.96,0.0,1.0
12-2022,groceries,lidl,163,381,16343.74,1.0,0.0
12-2022,groceries,spar,127,293,8913.93,1.0,0.0
12-2022,communication,paypal,110,209,5605.31,0.0,1.0
12-2022,transport,avia,106,179,7790.36,1.0,0.0
12-2022,transport,agrola,70,164,4985.27,1.0,0.0
12-2022,cash,binance,15,68,7715.92,0.0,1.0
12-2022,general,other,317,543,54151.69,0.21,0.79
12-2022,transport,socar,76,123,3049.45,1.0,0.0
12-2022,cash,twint,62,164,8417.36,0.0,1.0
12-2022,entertainment,swisslos,32,85,3835.0,0.0,1.0
12-2022,transport,tamoil,32,59,1382.37,1.0,0.0
12-2022,groceries,twint,15,48,654.05,0.0,1.0
12-2022,entertainment,playstationnetwork,24,36,775.63,0.0,1.0
12-2022,entertainment,swiss casinos,24,130,9045.6,0.0,1.0
12-2022,shopping,decathlon,26,36,2493.65,0.87,0.13
3-2022,general,other,253,474,53583.16,0.31,0.69
3-2022,restaurants,mcdonalds,167,280,4933.87,1.0,0.0
3-2022,groceries,avec,121,230,2189.6,1.0,0.0
3-2022,groceries,sumup,52,62,1133.54,0.91,0.09
4-2022,groceries,migros,677,2577,74894.65,0.91,0.09
4-2022,communication,apple,330,955,24795.63,0.0,1.0
4-2022,shopping,digitec galaxus,89,141,18694.17,0.06,0.94
4-2022,shopping,manor,44,60,3064.7,0.98,0.02
4-2022,groceries,brezelkonig,46,61,486.0,1.0,0.0
4-2022,entertainment,microsoft,39,44,810.45,0.0,1.0
4-2022,entertainment,paypal,21,30,713.82,0.0,1.0
4-2022,groceries,stocker,15,21,153.4,1.0,0.0
5-2022,shopping,aliexpress,52,251,4071.48,0.0,1.0
5-2022,transport,migrol,141,284,6988.52,1.0,0.0
5-2022,shopping,paypal,88,132,15320.8,0.0,1.0
5-2022,groceries,kkiosk,101,168,1681.85,1.0,0.0
5-2022,communication,post,94,120,7869.95,1.0,0.0
5-2022,health,amavita,53,63,1803.5,1.0,0.0
5-2022,entertainment,steam,29,49,919.76,0.0,1.0
5-2022,shopping,zalando,31,58,5644.64,0.01,0.99
5-2022,groceries,brezelkönig,35,49,313.6,1.0,0.0
5-2022,transport,landi,17,34,662.65,1.0,0.0
5-2022,restaurants,other,1083,7220,247975.08,0.94,0.06
4-2022,transport,other,756,2471,79896.51,0.74,0.26
4-2022,tax,other,150,209,12342.72,0.72,0.28
4-2022,cash,revolut,48,97,45899.2,0.0,1.0
4-2022,health,amavita,54,64,2047.7,1.0,0.0
4-2022,Fitness,other,1,1,10.0,1.0,0.0
6-2022,groceries,aldi,193,429,12897.85,1.0,0.0
6-2022,entertainment,netflix,116,116,2357.86,0.0,1.0
6-2022,communication,sky,35,41,680.2,0.0,1.0
6-2022,general,other,272,441,43383.68,0.21,0.79
6-2022,restaurants,other,1107,7403,257776.58,0.95,0.05
6-2022,groceries,manor,39,89,1782.0,1.0,0.0
6-2022,shopping,migros,55,73,4288.5,0.91,0.09
6-2022,cash,kantonalbank,36,48,10160.0,1.0,0.0
6-2022,entertainment,google,33,39,259.57,0.0,1.0
6-2022,groceries,rewe,20,28,848.53,1.0,0.0
6-2022,communication,yallo,13,22,861.6,0.0,1.0
8-2023,holidays,other,585,1538,239318.9,0.58,0.42
8-2023,groceries,coop,956,4353,91999.9,0.98,0.02
8-2023,restaurants,mcdonalds,243,389,6555.0,0.92,0.08
8-2023,entertainment,netflix,98,101,1983.43,0.0,1.0
8-2023,communication,netflix.com,79,80,1280.66,0.0,1.0
8-2023,transport,bolt,29,101,524.06,0.0,1.0
9-2023,communication,spotify,160,165,2899.75,0.0,1.0
9-2023,groceries,kkiosk,124,244,2902.45,1.0,0.0
9-2023,groceries,brezelkönig,40,49,388.75,1.0,0.0
8-2023,entertainment,google,87,121,1079.3,0.0,1.0
9-2023,transport,easypark,72,203,1036.21,0.0,1.0
9-2023,communication,audible,29,32,313.13,0.0,1.0
10-2023,communication,google,127,544,5641.55,0.0,1.0
10-2023,cash,other,291,745,180187.15,0.66,0.34
10-2023,transport,paypal,23,40,1952.96,0.0,1.0
10-2023,salary,other,1,1,20.0,1.0,0.0
7-2022,groceries,lidl,187,419,16563.83,1.0,0.0
7-2022,groceries,spar,128,297,6916.87,1.0,0.0
7-2022,transport,shell,149,235,8321.87,1.0,0.0
7-2022,groceries,twint,21,52,1118.6,0.0,1.0
8-2022,groceries,migros,741,2702,69471.15,0.93,0.07
8-2022,holidays,swiss,34,64,15342.46,0.17,0.83
8-2022,restaurants,other,1169,8448,297406.32,0.96,0.04
8-2022,health,other,455,794,44319.86,0.88,0.12
8-2022,groceries,brezelkonig,45,61,528.4,1.0,0.0
8-2022,groceries,stocker,12,26,160.7,1.0,0.0
9-2022,communication,apple,362,973,25864.53,0.0,1.0
9-2022,groceries,coop,865,4075,84686.39,0.98,0.02
9-2022,transport,avia,95,159,5957.75,1.0,0.0
9-2022,transport,agrola,77,163,4792.01,1.0,0.0
9-2022,entertainment,swisslos,29,84,3477.0,0.0,1.0
9-2022,transport,tamoil,35,53,1421.35,1.0,0.0
9-2022,transport,socar,84,138,3412.91,1.0,0.0
9-2022,holidays,swiss,35,72,23868.1,0.15,0.85
9-2022,entertainment,playstationnetwork,15,23,782.93,0.0,1.0
9-2022,entertainment,swiss casinos,20,99,10029.08,0.0,1.0
1-2021,groceries,volg,89,279,5285.9,1.0,0.0
1-2021,communication,google,64,123,1365.64,0.0,1.0
1-2021,entertainment,mycasino.ch,2,20,1700.0,0.0,1.0
1-2021,transport,voi,3,9,31.8,0.0,1.0
1-2021,savings,other,20,84,17097.52,0.0,1.0
12-2020,holidays,other,1,1,161.4,0.0,1.0
2-2021,communication,paypal,50,74,2821.1,0.0,1.0
2-2021,transport,other,309,727,23251.85,0.84,0.16
2-2021,living,other,57,81,5030.11,0.52,0.48
3-2021,communication,spotify,98,100,1657.16,0.0,1.0
3-2021,transport,easypark,13,19,107.11,0.0,1.0
3-2021,communication,audible,20,28,336.97,0.0,1.0
5-2021,groceries,coop,599,2695,78288.64,0.96,0.04
5-2021,transport,shell,83,118,3452.02,1.0,0.0
5-2021,shopping,amazon,51,123,6298.29,0.0,1.0
5-2021,shopping,ikea,41,62,8368.1,0.8,0.2
5-2021,shopping,sumup,19,24,1176.52,0.74,0.26
1-2021,living,landi,16,18,633.05,1.0,0.0
1-2021,restaurants,spettacolo,3,4,27.4,1.0,0.0
4-2021,transport,coop,179,410,9956.26,0.98,0.02
4-2021,restaurants,mcdonalds,131,187,3372.2,0.99,0.01
4-2021,entertainment,netflix,86,88,1637.49,0.0,1.0
4-2021,transport,eni,20,44,892.09,1.0,0.0
4-2021,communication,paypal,67,113,3786.8,0.0,1.0
4-2021,transport,lime,13,28,121.25,0.0,1.0
4-2021,entertainment,google,2,4,105.99,0.0,1.0
4-2021,transport,zvv,18,43,1239.3,0.0,1.0
4-2021,health,coop,29,34,1072.05,1.0,0.0
4-2021,wellness,other,8,9,1449.75,0.95,0.05
4-2021,transport,fairtiq,15,26,558.7,0.0,1.0
5-2021,entertainment,mycasino.ch,4,28,3985.0,0.0,1.0
5-2021,cash,revolut,2,2,113.37,0.0,1.0
7-2023,transport,uber,71,164,3233.12,0.03,0.97
7-2023,groceries,kkiosk,108,188,2150.45,1.0,0.0
7-2023,shopping,other,1308,4990,343401.77,0.72,0.28
7-2023,wellness,other,6,10,761.34,0.85,0.15
7-2023,transport,vbz,27,51,468.4,1.0,0.0
7-2023,groceries,brezelkönig,24,32,240.3,1.0,0.0
7-2023,shopping,jelmoli,17,27,1837.1,0.96,0.04
10-2022,entertainment,other,600,1707,140625.25,0.22,0.78
10-2022,cash,other,287,702,137473.94,0.9,0.1
10-2022,groceries,selecta,116,272,1146.49,0.99,0.01
10-2022,shopping,muller,25,26,496.75,1.0,0.0
10-2022,transport,voi,28,98,317.72,0.0,1.0
11-2023,groceries,denner,308,754,17853.29,0.96,0.04
11-2023,communication,google,120,454,5723.68,0.0,1.0
11-2023,shopping,aliexpress,59,189,5436.9,0.0,1.0
11-2023,shopping,paypal,109,198,20770.98,0.0,1.0
11-2023,shopping,zalando,23,27,2430.46,0.0,1.0
2-2022,groceries,avec,91,159,1216.5,0.97,0.03
2-2022,entertainment,interwetten,13,84,5338.07,0.0,1.0
2-2022,transport,parkingpay,41,114,778.5,0.0,1.0
2-2022,groceries,sumup,29,31,710.51,1.0,0.0
2-2022,communication,netflix.com,18,18,254.65,0.0,1.0
2-2022,cash,revolut,23,62,20434.22,0.0,1.0
2-2022,holidays,booking.com,20,22,10298.34,0.0,1.0
2-2022,transport,tier,10,20,89.76,0.05,0.95
11-2023,restaurants,mcdonald's,35,50,832.92,0.91,0.09
12-2023,transport,uber,90,279,5084.71,0.05,0.95
12-2023,entertainment,mycasino.ch,18,82,6155.0,0.0,1.0
12-2023,communication,amazon,46,76,827.85,0.0,1.0
12-2023,restaurants,mcdonald's,48,66,1246.08,0.86,0.14
12-2023,shopping,muller,89,111,4086.05,0.84,0.16
12-2023,transport,vbz,28,56,359.4,1.0,0.0
12-2023,communication,adobe,37,48,1248.12,0.0,1.0
12-2023,savings,revolut,13,18,5702.58,0.0,1.0
3-2023,groceries,volg,141,396,6821.55,1.0,0.0
3-2023,cash,twint,49,147,5775.89,0.0,1.0
3-2023,transport,easypark,48,157,857.31,0.0,1.0
3-2023,shopping,migros,43,46,3420.3,0.96,0.04
3-2023,entertainment,steam,33,65,1715.81,0.0,1.0
3-2023,communication,sky,52,66,1071.07,0.0,1.0
3-2023,cash,binance,16,56,7566.92,0.0,1.0
3-2023,holidays,other,503,1171,196876.22,0.51,0.49
4-2023,communication,google,125,370,3948.2,0.0,1.0
4-2023,entertainment,netflix,105,105,2116.25,0.0,1.0
4-2023,groceries,steiner,51,95,1080.33,1.0,0.0
4-2023,entertainment,google,96,162,1264.48,0.0,1.0
4-2023,living,landi,54,65,2743.15,1.0,0.0
3-2023,communication,yallo,23,69,2102.3,0.0,1.0
5-2023,groceries,aldi,228,512,17418.95,1.0,0.0
5-2023,shopping,digitec galaxus,87,116,12896.56,0.04,0.96
5-2023,communication,post,90,108,2817.31,0.94,0.06
5-2023,groceries,manor,35,62,1800.8,1.0,0.0
5-2023,holidays,swiss,40,74,12764.09,0.05,0.95
5-2023,entertainment,steam,21,35,1029.12,0.0,1.0
4-2023,holidays,booking.com,43,52,17039.58,0.0,1.0
4-2023,groceries,sbb,23,33,340.0,1.0,0.0
4-2023,shopping,ochsner,37,41,3781.85,0.92,0.08
5-2023,shopping,manor,67,92,5082.4,0.87,0.13
5-2023,savings,coinbase,8,46,2266.91,0.0,1.0
5-2023,groceries,rewe,32,55,1060.81,1.0,0.0
6-2023,transport,avia,129,242,7798.51,1.0,0.0
6-2023,transport,socar,106,192,5792.5,1.0,0.0
6-2023,restaurants,other,1289,8825,282201.07,0.95,0.05
6-2023,communication,paypal,93,196,4818.12,0.0,1.0
6-2023,transport,agrola,102,197,5679.33,1.0,0.0
6-2023,transport,tamoil,49,106,2598.5,1.0,0.0
6-2023,living,landi,79,107,3954.05,1.0,0.0
6-2023,entertainment,youtube,45,48,741.54,0.0,1.0
6-2023,cash,kantonalbank,52,76,17750.0,1.0,0.0
10-2021,restaurants,other,951,5898,237218.99,0.95,0.05
10-2021,savings,other,34,82,22815.99,0.02,0.98
10-2021,living,other,79,128,8563.33,0.56,0.44
11-2021,transport,voi,4,9,30.93,0.0,1.0
11-2021,shopping,otto's,31,35,1869.05,0.97,0.03
11-2021,shopping,orell fussli,33,39,1128.8,1.0,0.0
11-2021,entertainment,jackpots.ch,16,112,6616.76,0.0,1.0
11-2021,health,other,415,726,42500.78,0.87,0.13
12-2021,groceries,avec,58,93,1138.5,0.94,0.06
12-2021,shopping,digitec galaxus,119,249,30462.69,0.02,0.98
12-2021,groceries,sumup,79,107,2230.71,0.93,0.07
12-2021,shopping,manor,78,124,6373.3,0.93,0.07
12-2021,savings,coinbase,27,99,23885.49,0.0,1.0
12-2021,cash,kantonalbank,21,31,11100.0,1.0,0.0
12-2021,entertainment,jackpots.ch,21,164,9773.29,0.0,1.0
1-2022,transport,migrol,106,192,4960.36,0.99,0.01
1-2022,communication,amazon,52,96,946.78,0.0,1.0
1-2022,groceries,brezelkonig,44,60,406.3,1.0,0.0
1-2022,cash,kantonalbank,22,27,7200.0,1.0,0.0
1-2022,transport,landi,19,46,710.3,1.0,0.0
1-2022,communication,adobe,21,27,934.34,0.0,1.0
1-2022,groceries,stocker,17,24,187.6,1.0,0.0
1-2022,health,other,399,679,44228.63,0.87,0.13
10-2021,entertainment,youtube,36,39,550.4,0.0,1.0
10-2021,communication,sky,38,43,763.25,0.0,1.0
10-2021,holidays,airbnb,11,12,3339.59,0.0,1.0
10-2021,communication,yallo,12,20,456.4,0.0,1.0
10-2021,transport,bolt,7,24,247.64,0.0,1.0
11-2021,groceries,coop,730,3433,80874.88,0.96,0.04
11-2021,shopping,hornbach,7,8,1344.4,0.94,0.06
11-2021,communication,tiktok,1,1,1.0,0.0,1.0
1-2022,groceries,migros,643,2503,75911.22,0.89,0.11
1-2022,entertainment,interwetten,7,75,4053.0,0.0,1.0
1-2022,shopping,ochsner,32,37,5070.25,0.83,0.17
1-2022,education,other,5,6,3588.51,0.95,0.05
6-2021,restaurants,sumup,74,97,2420.84,1.0,0.0
6-2021,transport,avia,73,122,5273.81,1.0,0.0
6-2021,restaurants,uber,37,118,4471.26,0.04,0.96
6-2021,transport,socar,63,104,2383.3,1.0,0.0
6-2021,transport,agrola,62,125,3473.67,1.0,0.0
6-2021,transport,tamoil,23,31,781.96,1.0,0.0
6-2021,entertainment,steam,13,22,524.57,0.0,1.0
6-2021,restaurants,marche,12,13,264.65,1.0,0.0
6-2021,communication,netflix.com,10,12,150.53,0.0,1.0
7-2021,restaurants,mcdonalds,140,232,4476.31,1.0,0.0
7-2021,communication,post,65,79,2618.04,1.0,0.0
7-2021,living,landi,36,44,2248.65,1.0,0.0
7-2021,transport,other,618,2280,62333.01,0.8,0.2
8-2021,transport,sbb,230,971,17068.4,0.28,0.72
8-2021,groceries,coop,685,3051,74694.29,0.98,0.02
8-2021,shopping,otto's,36,46,2065.75,0.92,0.08
8-2021,health,sumup,34,39,3771.49,1.0,0.0
8-2021,shopping,orell fussli,15,19,527.9,1.0,0.0
7-2021,entertainment,mycasino.ch,5,45,1440.0,0.0,1.0
8-2021,holidays,booking.com,16,19,4911.43,0.0,1.0
8-2021,shopping,hornbach,18,25,2043.6,0.72,0.28
9-2021,shopping,decathlon,22,27,1425.88,0.76,0.24
9-2021,communication,other,383,767,32502.0,0.04,0.96
9-2021,transport,easypark,29,96,256.24,0.0,1.0
9-2021,health,sumup,23,24,3093.16,1.0,0.0
9-2021,restaurants,tibits,25,44,996.7,1.0,0.0
1-2023,communication,spotify,146,149,2438.79,0.0,1.0
1-2023,cash,revolut,66,199,67971.24,0.0,1.0
1-2023,groceries,kkiosk,99,163,1595.65,1.0,0.0
1-2023,transport,parkingpay,31,136,939.18,0.0,1.0
1-2023,transport,tier,19,77,258.98,0.0,1.0
1-2023,shopping,migros,47,58,5141.9,0.82,0.18
1-2023,entertainment,microsoft,63,78,1645.86,0.0,1.0
1-2023,groceries,brezelkönig,32,41,276.0,1.0,0.0
1-2023,holidays,booking.com,37,48,23212.8,0.0,1.0
1-2023,communication,audible,30,31,331.04,0.0,1.0
1-2023,wellness,other,11,18,2378.59,0.79,0.21
2-2023,groceries,coop,865,3885,84114.58,0.96,0.04
2-2023,transport,uber,69,278,4603.59,0.03,0.97
2-2023,entertainment,interwetten,13,243,17804.13,0.0,1.0
2-2023,communication,amazon,66,107,1206.4,0.0,1.0
2-2023,communication,adobe,32,40,935.63,0.0,1.0
2-2023,cash,other,243,580,162154.94,0.83,0.17
1-2023,entertainment,paypal,25,51,1912.75,0.0,1.0
2-2023,shopping,amzn,35,74,3924.53,0.0,1.0
2-2023,transport,vbz,18,26,249.0,1.0,0.0
11-2022,groceries,kkiosk,110,196,1742.1,0.97,0.03
11-2022,transport,parkingpay,42,169,1243.49,0.0,1.0
11-2022,transport,tier,23,80,400.4,0.0,1.0
11-2022,health,amavita,53,62,1682.2,0.99,0.01
11-2022,living,landi,42,50,1952.3,1.0,0.0
11-2022,groceries,brezelkönig,49,70,435.6,0.93,0.07
11-2022,shopping,ochsner,33,39,3908.05,0.99,0.01
11-2022,Restaurant,other,4,4,128.5,1.0,0.0
12-2022,groceries,denner,298,666,15630.9,0.99,0.01
12-2022,transport,shell,100,148,4481.03,1.0,0.0
12-2022,shopping,amazon,127,237,11677.41,0.0,1.0
12-2022,shopping,ikea,71,118,8247.51,0.78,0.22
12-2022,shopping,sumup,83,112,5176.66,0.97,0.03
12-2022,restaurants,tibits,28,39,801.1,0.84,0.16
3-2022,groceries,volg,124,403,6601.4,1.0,0.0
3-2022,restaurants,starbucks,73,134,1335.5,0.91,0.09
3-2022,health,amavita,48,54,1598.65,0.97,0.03
3-2022,restaurants,vicafe,28,42,491.4,0.83,0.17
3-2022,holidays,airbnb,18,37,12797.69,0.0,1.0
4-2022,groceries,migrolino,96,256,1984.8,0.99,0.01
4-2022,shopping,muller,35,37,1204.6,1.0,0.0
4-2022,communication,sky,51,57,1002.73,0.0,1.0
3-2022,shopping,ochsner,29,34,2964.75,0.83,0.17
5-2022,transport,voi,16,45,203.86,0.0,1.0
5-2022,communication,other,454,899,41978.97,0.07,0.93
4-2022,restaurants,other,1045,6958,274508.67,0.95,0.05
4-2022,communication,yallo,13,16,559.35,0.0,1.0
5-2022,tax,other,169,270,10586.61,0.69,0.31
5-2022,shopping,globus,35,51,6512.0,1.0,0.0
6-2022,communication,apple,316,980,15565.68,0.0,1.0
6-2022,entertainment,interwetten,13,82,6375.35,0.0,1.0
6-2022,holidays,swiss,41,75,14205.08,0.05,0.95
6-2022,transport,paypal,15,51,1167.49,0.0,1.0
6-2022,Restaurant,other,5,9,670.8,1.0,0.0
8-2023,communication,google,137,479,8895.09,0.0,1.0
8-2023,transport,uber,59,172,3519.11,0.02,0.98
8-2023,entertainment,interwetten,17,211,22801.64,0.0,1.0
8-2023,restaurants,starbucks,88,169,1752.84,0.9,0.1
8-2023,groceries,steiner,51,92,1024.05,1.0,0.0
8-2023,groceries,sbb,27,41,294.6,1.0,0.0
8-2023,restaurants,vicafe,19,40,368.4,1.0,0.0
9-2023,transport,parkingpay,36,174,1652.95,0.0,1.0
9-2023,entertainment,steam,34,64,2000.49,0.0,1.0
8-2023,transport,vbz,24,41,280.2,1.0,0.0
8-2023,Groceries,other,1,1,38.4,1.0,0.0
9-2023,restaurants,other,1281,8792,280959.79,0.96,0.04
9-2023,living,other,115,194,13212.77,0.5,0.5
9-2023,transport,tier,24,75,261.14,0.02,0.98
9-2023,shopping,migros,41,51,3568.45,1.0,0.0
10-2023,entertainment,microsoft,47,49,1052.97,0.0,1.0
10-2023,communication,netflix.com,70,70,1139.07,0.0,1.0
10-2023,shopping,other,1208,4295,304175.93,0.69,0.31
10-2023,restaurants,other,1256,8576,279907.72,0.96,0.04
10-2023,cash,postfinance,66,123,22961.57,1.0,0.0
10-2023,entertainment,paypal,24,57,1206.27,0.0,1.0
10-2023,shopping,jelmoli,18,32,1564.63,0.89,0.11
7-2022,groceries,denner,285,610,14275.55,0.97,0.03
7-2022,transport,avia,118,197,8932.01,1.0,0.0
7-2022,transport,socar,107,153,3629.22,1.0,0.0
7-2022,transport,agrola,68,129,3406.05,1.0,0.0
7-2022,transport,tamoil,35,63,1783.3,1.0,0.0
7-2022,entertainment,youtube,41,41,619.43,0.0,1.0
7-2022,restaurants,tibits,26,67,1231.9,0.96,0.04
7-2022,health,dm-drogerie,30,45,1746.18,1.0,0.0
7-2022,holidays,swiss,27,43,4017.74,0.19,0.81
8-2022,groceries,migrolino,115,242,1779.4,1.0,0.0
8-2022,entertainment,microsoft,41,44,658.21,0.0,1.0
8-2022,entertainment,paypal,25,47,1989.86,0.0,1.0
8-2022,communication,paypal,93,201,5395.84,0.0,1.0
8-2022,transport,paypal,11,59,831.98,0.0,1.0
8-2022,education,other,3,3,197.17,0.15,0.85
9-2022,cash,revolut,83,205,78179.19,0.0,1.0
9-2022,communication,sky,43,54,897.8,0.0,1.0
9-2022,communication,yallo,10,16,398.85,0.0,1.0
9-2022,health,other,470,779,42039.27,0.87,0.13
9-2022,transport,shell,117,185,5188.45,1.0,0.0
9-2022,groceries,steiner,50,114,1189.6,1.0,0.0
9-2022,shopping,migros,41,48,2417.8,0.93,0.07
9-2022,restaurants,tibits,26,47,805.7,1.0,0.0
9-2022,groceries,sbb,24,36,306.15,1.0,0.0
1-2021,groceries,avec,18,29,369.3,1.0,0.0
1-2021,transport,migrol,47,70,2210.94,1.0,0.0
1-2021,restaurants,burger,37,55,1504.62,0.91,0.09
1-2021,groceries,sumup,19,27,882.55,1.0,0.0
1-2021,savings,coinbase,15,52,5123.24,0.0,1.0
1-2021,shopping,migros,20,27,1844.7,0.91,0.09
1-2021,transport,landi,7,10,357.7,1.0,0.0
1-2021,communication,netflix.com,10,10,132.3,0.0,1.0
1-2021,entertainment,other,106,244,13100.64,0.17,0.83
2-2021,entertainment,swisslos,27,43,2922.0,0.0,1.0
2-2021,entertainment,swiss casinos,4,10,830.0,0.0,1.0
2-2021,holidays,other,119,264,37551.18,0.69,0.31
3-2021,transport,parkingpay,22,38,447.2,0.0,1.0
3-2021,restaurants,mcdonald's,31,47,739.55,1.0,0.0
3-2021,cash,ubs,46,104,7263.35,0.65,0.35
3-2021,transport,tier,5,36,86.66,0.0,1.0
3-2021,holidays,swiss,9,13,4264.75,0.28,0.72
3-2021,health,coop,24,30,772.25,0.94,0.06
2-2021,shopping,ochsner,1,1,47.9,0.0,1.0
3-2021,shopping,ochsner,22,23,2498.55,0.87,0.13
5-2021,transport,avia,77,116,5102.65,1.0,0.0
5-2021,transport,socar,66,104,2712.82,1.0,0.0
5-2021,transport,agrola,61,113,3851.25,1.0,0.0
5-2021,groceries,steiner,46,107,1269.0,0.92,0.08
5-2021,health,amavita,29,33,909.1,1.0,0.0
5-2021,transport,tamoil,12,15,657.17,1.0,0.0
5-2021,groceries,sbb,21,33,170.75,1.0,0.0
5-2021,shopping,decathlon,18,24,3400.74,0.44,0.56
5-2021,holidays,other,206,436,93621.33,0.65,0.35
5-2021,entertainment,other,233,494,38235.96,0.27,0.73
2-2021,entertainment,playstationnetwork,2,2,79.8,0.0,1.0
3-2021,entertainment,steam,28,46,1011.57,0.0,1.0
3-2021,wellness,other,7,8,728.3,0.91,0.09
4-2021,transport,sbb,163,609,11565.8,0.43,0.57
4-2021,restaurants,vicafe,24,38,459.4,1.0,0.0
4-2021,entertainment,interwetten,3,50,18195.0,0.0,1.0
4-2021,restaurants,starbucks,37,61,683.08,1.0,0.0
4-2021,cash,kantonalbank,8,11,1320.0,1.0,0.0
5-2021,education,other,1,1,248.8,1.0,0.0
7-2023,communication,spotify,155,161,2607.41,0.0,1.0
7-2023,transport,bolt,24,111,939.2,0.0,1.0
7-2023,living,other,144,252,15615.43,0.7,0.3
7-2023,tax,other,209,328,10974.62,0.75,0.25
7-2023,restaurants,mcdonald's,86,131,2540.32,0.98,0.02
7-2023,entertainment,youtube,42,48,730.41,0.0,1.0
7-2023,health,dm-drogerie,41,51,1811.28,1.0,0.0
7-2023,communication,audible,33,38,511.96,0.0,1.0
10-2022,groceries,other,1076,4742,109453.51,0.87,0.13
10-2022,transport,migrol,120,211,5269.98,1.0,0.0
10-2022,shopping,digitec galaxus,101,155,18016.3,0.04,0.96
10-2022,entertainment,mycasino.ch,24,212,15487.52,0.0,1.0
10-2022,communication,amazon,66,95,949.04,0.0,1.0
10-2022,shopping,manor,66,92,4446.65,0.94,0.06
10-2022,cash,postfinance,53,80,21302.99,1.0,0.0
10-2022,groceries,sprungli,26,28,750.75,0.89,0.11
10-2022,health,sumup,34,39,3755.5,1.0,0.0
10-2022,restaurants,tibits,28,43,795.98,1.0,0.0
10-2022,transport,landi,17,31,648.7,1.0,0.0
10-2022,communication,adobe,30,39,985.86,0.0,1.0
10-2022,groceries,panetarium,4,39,345.6,1.0,0.0
10-2022,wellness,other,10,13,852.02,0.71,0.29
11-2023,groceries,lidl,220,480,17184.15,1.0,0.0
11-2023,groceries,spar,112,266,7700.73,1.0,0.0
11-2023,entertainment,swisslos,41,92,5040.0,0.0,1.0
11-2023,shopping,globus,46,63,4987.11,0.99,0.01
11-2023,communication,netflix.com,63,64,1009.73,0.0,1.0
11-2023,groceries,twint,9,30,856.1,0.0,1.0
11-2023,entertainment,swiss casinos,25,189,14961.57,0.0,1.0
2-2022,groceries,volg,141,418,8148.6,1.0,0.0
2-2022,communication,google,95,204,2874.32,0.0,1.0
2-2022,restaurants,sumup,115,180,5050.9,0.98,0.02
2-2022,entertainment,netflix,123,125,2495.97,0.0,1.0
2-2022,shopping,jelmoli,14,53,4294.8,1.0,0.0
2-2022,shopping,other,860,2512,209790.66,0.67,0.33
2-2022,restaurants,uber,51,133,5163.23,0.09,0.91
2-2022,transport,easypark,21,51,228.88,0.0,1.0
2-2022,entertainment,google,30,39,416.69,0.0,1.0
2-2022,restaurants,marche,28,33,637.9,1.0,0.0
2-2022,wellness,other,15,20,1324.04,0.9,0.1
3-2022,Restaurant,other,1,1,45.0,1.0,0.0
11-2023,entertainment,playstationnetwork,22,40,906.78,0.0,1.0
12-2023,entertainment,other,625,2111,160220.02,0.12,0.88
12-2023,shopping,digitec galaxus,110,168,22705.94,0.05,0.95
12-2023,shopping,manor,114,159,10056.2,0.88,0.12
12-2023,cash,ubs,38,62,13410.0,1.0,0.0
12-2023,health,sumup,41,45,2962.35,1.0,0.0
12-2023,transport,bolt,16,44,194.64,0.0,1.0
12-2023,Shopping,other,2,2,163.9,1.0,0.0
3-2023,groceries,denner,311,747,15298.65,0.99,0.01
3-2023,transport,uber,75,266,4322.22,0.08,0.92
3-2023,restaurants,mcdonald's,80,119,1870.43,1.0,0.0
3-2023,holidays,swiss,25,47,8102.33,0.04,0.96
3-2023,health,other,511,842,46940.91,0.86,0.14
3-2023,communication,other,546,1139,44082.07,0.04,0.96
3-2023,entertainment,other,580,2041,148298.53,0.13,0.87
3-2023,Restaurant,other,7,9,424.6,1.0,0.0
4-2023,transport,sbb,309,1325,20072.6,0.17,0.83
4-2023,groceries,migrolino,101,258,2189.67,1.0,0.0
4-2023,restaurants,vicafe,24,41,350.1,0.89,0.11
5-2023,communication,apple,349,1005,16089.39,0.0,1.0
5-2023,shopping,aliexpress,70,314,6512.52,0.0,1.0
5-2023,transport,shell,168,266,7909.92,1.0,0.0
5-2023,shopping,paypal,95,159,14569.33,0.0,1.0
5-2023,groceries,kkiosk,115,210,2182.55,1.0,0.0
5-2023,restaurants,mcdonald's,85,130,2007.65,1.0,0.0
5-2023,living,landi,69,95,3854.3,1.0,0.0
5-2023,cash,kantonalbank,45,79,17360.0,1.0,0.0
5-2023,shopping,zalando,29,36,5058.49,0.01,0.99
5-2023,groceries,brezelkönig,30,35,297.9,1.0,0.0
5-2023,entertainment,other,631,1964,160106.28,0.18,0.82
5-2023,holidays,other,557,1427,233686.86,0.57,0.43
4-2023,restaurants,starbucks,111,191,1923.82,0.98,0.02
4-2023,health,sumup,45,52,4039.56,1.0,0.0
5-2023,health,dm-drogerie,43,57,1961.68,1.0,0.0
5-2023,savings,revolut,1,1,101.15,0.0,1.0
6-2023,transport,other,920,3343,99319.59,0.74,0.26
6-2023,communication,tiktok,6,37,1320.89,0.0,1.0
6-2023,holidays,airbnb,28,35,15574.98,0.0,1.0
6-2023,education,other,3,3,403.39,0.0,1.0
10-2021,communication,other,398,778,31025.89,0.08,0.92
10-2021,transport,parkingpay,31,82,503.59,0.0,1.0
10-2021,transport,tier,19,75,361.59,0.08,0.92
11-2021,entertainment,netflix,129,129,2363.18,0.0,1.0
11-2021,restaurants,mcdonald's,68,105,1899.62,0.99,0.01
11-2021,groceries,brezelkonig,52,79,523.4,1.0,0.0
11-2021,cash,other,168,406,93382.58,0.59,0.41
12-2021,groceries,lidl,137,302,14335.58,1.0,0.0
12-2021,communication,google,112,326,5123.88,0.0,1.0
12-2021,groceries,spar,106,221,7729.31,1.0,0.0
12-2021,shopping,aliexpress,55,179,4351.14,0.0,1.0
12-2021,transport,migrol,111,182,5387.64,1.0,0.0
12-2021,shopping,paypal,98,187,18562.9,0.0,1.0
12-2021,entertainment,netflix,120,121,2262.19,0.0,1.0
12-2021,general,paypal,40,74,6127.58,0.0,1.0
12-2021,entertainment,google,12,14,60.6,0.0,1.0
12-2021,savings,revolut,60,130,40384.13,0.0,1.0
12-2021,health,amavita,65,84,3305.25,1.0,0.0
12-2021,shopping,zalando,30,48,7290.68,0.0,1.0
12-2021,transport,landi,20,43,875.2,1.0,0.0
1-2022,restaurants,mcdonald's,38,58,1025.9,1.0,0.0
10-2021,shopping,ochsner,22,26,2968.8,0.97,0.03
11-2021,groceries,migros,644,2658,79039.5,0.91,0.09
11-2021,communication,paypal,80,137,4544.8,0.0,1.0
11-2021,entertainment,google,12,13,106.99,0.0,1.0
11-2021,groceries,stocker,16,19,191.65,1.0,0.0
11-2021,transport,paypal,13,25,1026.66,0.0,1.0
11-2021,shopping,decathlon,20,24,1134.84,0.77,0.23
11-2021,holidays,airbnb,8,12,3897.84,0.0,1.0
12-2021,groceries,twint,14,18,374.36,0.0,1.0
1-2022,groceries,coop,714,3126,80993.7,0.98,0.02
6-2021,transport,other,476,1270,33647.3,0.82,0.18
6-2021,entertainment,other,274,641,77315.77,0.12,0.88
6-2021,groceries,selecta,83,210,616.8,1.0,0.0
6-2021,communication,spotify,118,122,1953.66,0.0,1.0
6-2021,communication,audible,22,26,268.11,0.0,1.0
7-2021,restaurants,migros,109,192,2427.8,1.0,0.0
7-2021,transport,socar,87,149,3853.28,1.0,0.0
7-2021,transport,agrola,64,106,3098.48,1.0,0.0
7-2021,general,paypal,33,46,6435.93,0.0,1.0
7-2021,transport,tamoil,15,21,617.96,1.0,0.0
7-2021,groceries,sprungli,37,49,1032.37,1.0,0.0
7-2021,restaurants,subway,15,19,261.36,1.0,0.0
7-2021,groceries,panetarium,6,39,439.2,1.0,0.0
7-2021,groceries,other,763,3325,101690.86,0.83,0.17
7-2021,cash,other,160,374,87909.41,0.7,0.3
8-2021,groceries,migros,575,2049,66769.4,0.9,0.1
8-2021,restaurants,starbucks,64,102,989.03,1.0,0.0
8-2021,groceries,brezelkonig,42,57,451.9,1.0,0.0
8-2021,general,paypal,25,27,2717.02,0.0,1.0
8-2021,entertainment,youtube,41,44,628.16,0.0,1.0
6-2021,wellness,other,8,10,831.6,0.93,0.07
7-2021,communication,apple,232,618,12074.05,0.0,1.0
7-2021,transport,avia,73,128,5961.7,0.93,0.07
8-2021,shopping,decathlon,25,36,4346.45,0.81,0.19
8-2021,restaurants,vicafe,19,28,273.2,1.0,0.0
8-2021,groceries,stocker,12,15,138.6,1.0,0.0
8-2021,Groceries,other,1,1,4.7,1.0,0.0
9-2021,transport,uber,54,207,3303.63,0.05,0.95
9-2021,transport,vbz,25,56,313.4,1.0,0.0
9-2021,restaurants,spettacolo,26,47,340.2,1.0,0.0
9-2021,shopping,otto's,34,40,3198.7,0.56,0.44
9-2021,shopping,orell fussli,24,27,847.05,1.0,0.0
9-2021,communication,sky,34,41,689.84,0.0,1.0
9-2021,communication,yallo,12,20,432.15,0.0,1.0
9-2021,shopping,hornbach,18,24,887.22,0.83,0.17
9-2021,cash,other,162,315,72586.52,0.67,0.33
1-2023,groceries,aldi,200,469,14951.0,1.0,0.0
1-2023,cash,postfinance,45,76,23879.14,1.0,0.0
1-2023,groceries,manor,29,57,1864.9,1.0,0.0
1-2023,groceries,rewe,15,39,863.69,1.0,0.0
1-2023,communication,netflix.com,27,27,381.24,0.0,1.0
1-2023,transport,bolt,15,104,343.17,0.0,1.0
2-2023,shopping,amazon,110,187,12674.66,0.0,1.0
2-2023,restaurants,burger,128,170,3793.2,1.0,0.0
2-2023,shopping,ikea,74,126,9443.01,0.86,0.14
2-2023,groceries,brezelkonig,62,95,705.3,0.96,0.04
2-2023,health,sumup,38,49,4003.58,0.99,0.01
2-2023,groceries,stocker,14,28,270.9,1.0,0.0
2-2023,groceries,migros,720,2675,72266.29,0.93,0.07
2-2023,transport,easypark,48,129,561.41,0.0,1.0
2-2023,shopping,sumup,40,75,2062.64,0.97,0.03
3-2023,transport,vbz,15,25,328.0,1.0,0.0
11-2022,groceries,aldi,208,522,14817.39,1.0,0.0
11-2022,entertainment,interwetten,16,180,10936.7,0.0,1.0
11-2022,savings,coinbase,13,128,10663.28,0.0,1.0
11-2022,groceries,manor,31,69,2847.4,1.0,0.0
11-2022,holidays,booking.com,29,40,11119.14,0.0,1.0
11-2022,groceries,rewe,14,22,898.34,0.75,0.25
11-2022,transport,bolt,13,79,291.78,0.0,1.0
11-2022,restaurants,other,1135,7752,235196.76,0.92,0.08
11-2022,tax,other,164,221,12636.96,0.47,0.53
11-2022,general,other,297,504,39591.89,0.19,0.81
11-2022,cash,kantonalbank,33,49,12820.0,1.0,0.0
12-2022,groceries,volg,148,438,8805.4,1.0,0.0
12-2022,entertainment,microsoft,54,63,1045.21,0.0,1.0
12-2022,living,landi,43,55,1846.2,1.0,0.0
12-2022,shopping,amzn,30,72,3464.84,0.0,1.0
12-2022,entertainment,paypal,26,55,2136.37,0.0,1.0
12-2022,restaurants,spettacolo,29,42,281.05,1.0,0.0
12-2022,cash,ubs,32,53,16550.0,1.0,0.0
12-2022,holidays,airbnb,14,22,9186.0,0.0,1.0
3-2022,transport,sbb,294,1296,24165.2,0.27,0.73
3-2022,groceries,denner,274,594,12808.95,0.98,0.02
3-2022,communication,amazon,55,83,779.8,0.0,1.0
3-2022,cash,kantonalbank,28,42,10830.0,1.0,0.0
3-2022,communication,adobe,20,25,605.11,0.0,1.0
4-2022,transport,shell,107,168,4207.39,1.0,0.0
4-2022,groceries,steiner,48,115,1376.1,1.0,0.0
4-2022,entertainment,swisslos,31,76,4046.0,0.0,1.0
4-2022,shopping,globus,42,62,3681.28,0.99,0.01
4-2022,groceries,sbb,25,32,245.7,1.0,0.0
4-2022,entertainment,swiss casinos,17,73,7114.09,0.0,1.0
5-2022,entertainment,mycasino.ch,7,49,2745.0,0.0,1.0
5-2022,shopping,muller,57,69,2743.77,1.0,0.0
5-2022,communication,sky,45,50,827.09,0.0,1.0
5-2022,communication,yallo,13,35,329.45,0.0,1.0
5-2022,transport,paypal,18,61,4204.71,0.0,1.0
4-2022,communication,other,469,908,38629.1,0.06,0.94
4-2022,cash,other,228,466,125950.49,0.73,0.27
4-2022,health,sumup,25,27,1912.33,1.0,0.0
4-2022,holidays,booking.com,30,39,12400.14,0.0,1.0
4-2022,entertainment,playstationnetwork,18,25,636.04,0.0,1.0
5-2022,health,sumup,33,38,3448.31,1.0,0.0
6-2022,holidays,other,458,1241,202818.13,0.62,0.38
6-2022,communication,post,82,106,1806.21,1.0,0.0
6-2022,transport,voi,22,53,358.59,0.47,0.53
8-2023,general,other,370,701,46153.65,0.25,0.75
8-2023,groceries,migrolino,94,255,1834.7,1.0,0.0
8-2023,transport,easypark,71,169,815.07,0.0,1.0
9-2023,communication,google,137,449,5505.86,0.0,1.0
9-2023,transport,bolt,20,90,517.98,0.0,1.0
8-2023,shopping,migros,42,51,3725.65,0.98,0.02
9-2023,entertainment,other,617,2182,135741.38,0.19,0.81
9-2023,Restaurant,other,4,5,204.0,1.0,0.0
10-2023,transport,migrol,154,266,7252.37,1.0,0.0
10-2023,groceries,sprungli,33,55,956.75,1.0,0.0
10-2023,groceries,other,1120,4739,113273.4,0.87,0.13
10-2023,communication,spotify,163,170,3011.5,0.0,1.0
10-2023,cash,revolut,88,281,86706.13,0.0,1.0
10-2023,transport,landi,22,31,793.66,1.0,0.0
10-2023,groceries,panetarium,5,32,320.4,1.0,0.0
10-2023,communication,audible,29,31,327.95,0.0,1.0
7-2022,groceries,volg,168,471,8722.85,1.0,0.0
7-2022,communication,amazon,62,103,940.18,0.0,1.0
7-2022,shopping,migros,49,69,2772.9,0.94,0.06
7-2022,cash,kantonalbank,43,61,14530.0,1.0,0.0
7-2022,restaurants,spettacolo,22,26,213.9,1.0,0.0
7-2022,communication,adobe,30,42,927.73,0.0,1.0
7-2022,holidays,other,612,1873,307193.48,0.65,0.35
7-2022,transport,other,894,3541,102194.03,0.78,0.22
7-2022,savings,other,20,59,27036.26,0.0,1.0
8-2022,groceries,steiner,57,119,1183.71,1.0,0.0
8-2022,health,dm-drogerie,36,47,1407.59,1.0,0.0
8-2022,communication,tiktok,6,44,569.57,0.0,1.0
8-2022,transport,voi,23,89,305.01,0.03,0.97
8-2022,groceries,sbb,25,42,297.25,1.0,0.0
9-2022,groceries,migrolino,114,232,1787.35,1.0,0.0
9-2022,entertainment,microsoft,43,47,822.06,0.0,1.0
9-2022,restaurants,spettacolo,30,46,365.0,1.0,0.0
9-2022,communication,other,489,920,38328.4,0.06,0.94
9-2022,cash,postfinance,46,71,17612.81,1.0,0.0
9-2022,entertainment,paypal,27,52,1783.7,0.0,1.0
1-2021,groceries,lidl,63,148,7741.51,1.0,0.0
1-2021,groceries,spar,55,138,3781.35,1.0,0.0
1-2021,communication,spotify,72,72,1223.48,0.0,1.0
1-2021,savings,revolut,35,80,19858.57,0.0,1.0
1-2021,entertainment,steam,16,26,485.88,0.0,1.0
1-2021,communication,audible,19,21,218.15,0.0,1.0
1-2021,health,coop,22,27,688.05,1.0,0.0
2-2021,transport,shell,47,69,1904.29,1.0,0.0
2-2021,groceries,panetarium,5,24,266.1,1.0,0.0
2-2021,restaurants,other,447,1527,44589.95,0.7,0.3
2-2021,groceries,other,482,1800,51893.78,0.73,0.27
3-2021,communication,google,92,154,1359.56,0.0,1.0
3-2021,groceries,sprungli,21,25,1298.05,1.0,0.0
3-2021,groceries,panetarium,5,29,346.2,1.0,0.0
3-2021,groceries,other,669,2526,76258.85,0.73,0.27
3-2021,entertainment,other,172,443,51799.9,0.16,0.84
3-2021,holidays,other,139,246,51585.52,0.47,0.53
5-2021,groceries,migrolino,57,200,1919.75,0.87,0.13
5-2021,communication,amazon,31,54,550.63,0.0,1.0
5-2021,living,landi,30,37,2250.45,1.0,0.0
5-2021,shopping,otto's,28,32,1570.35,0.76,0.24
5-2021,holidays,swiss,13,25,4605.96,0.33,0.67
5-2021,entertainment,steam,15,20,347.67,0.0,1.0
5-2021,shopping,orell fussli,14,17,783.5,1.0,0.0
5-2021,communication,adobe,17,21,443.88,0.0,1.0
5-2021,transport,other,452,1088,32269.88,0.72,0.28
5-2021,cash,other,109,212,61255.64,0.54,0.46
2-2021,groceries,sprungli,19,22,670.11,0.84,0.16
2-2021,holidays,swiss,6,8,1084.4,0.2,0.8
4-2021,groceries,sprungli,32,41,1196.25,1.0,0.0
4-2021,groceries,other,659,2329,68539.34,0.79,0.21
4-2021,shopping,migros,51,61,4614.05,0.84,0.16
4-2021,groceries,panetarium,8,35,382.0,1.0,0.0
5-2021,shopping,hornbach,16,23,2946.85,0.94,0.06
6-2021,Restaurant,other,2,2,130.2,1.0,0.0
7-2023,transport,tier,26,87,398.83,0.09,0.91
7-2023,cash,kantonalbank,49,72,18230.0,1.0,0.0
7-2023,communication,netflix.com,60,60,1002.47,0.0,1.0
7-2023,transport,parkingpay,39,152,1168.9,0.0,1.0
7-2023,shopping,ochsner,37,44,2867.3,0.96,0.04
7-2023,Restaurant,other,4,4,75.5,1.0,0.0
7-2023,education,other,3,4,571.71,0.0,1.0
10-2022,shopping,paypal,80,148,12866.01,0.0,1.0
10-2022,cash,revolut,80,259,91444.7,0.0,1.0
10-2022,shopping,zalando,30,53,9080.07,0.01,0.99
10-2022,shopping,aliexpress,57,205,3938.65,0.0,1.0
10-2022,restaurants,spettacolo,24,40,285.95,1.0,0.0
11-2023,transport,coop,275,723,15489.64,0.99,0.01
11-2023,restaurants,sumup,161,331,7359.36,1.0,0.0
11-2023,groceries,avec,152,379,3039.85,0.99,0.01
11-2023,restaurants,uber,73,189,6848.79,0.06,0.94
11-2023,communication,spotify,165,170,3024.5,0.0,1.0
11-2023,groceries,sumup,98,138,2230.0,1.0,0.0
11-2023,transport,eni,63,109,2514.28,0.95,0.05
11-2023,shopping,muller,70,86,3722.7,1.0,0.0
11-2023,transport,zvv,21,61,678.6,0.0,1.0
11-2023,communication,audible,32,35,433.71,0.0,1.0
2-2022,groceries,denner,232,504,12168.95,0.98,0.02
2-2022,transport,uber,51,115,1984.55,0.1,0.9
2-2022,entertainment,jackpots.ch,26,129,15885.82,0.0,1.0
2-2022,cash,other,169,335,90504.54,0.57,0.43
2-2022,transport,vbz,20,57,1143.9,1.0,0.0
11-2023,transport,lime,17,56,264.63,0.0,1.0
11-2023,transport,fairtiq,25,49,1142.75,0.0,1.0
11-2023,restaurants,marche,41,72,897.99,1.0,0.0
12-2023,groceries,selecta,105,237,838.03,0.99,0.01
12-2023,shopping,paypal,106,217,18823.3,0.0,1.0
12-2023,restaurants,marche,45,67,1105.1,1.0,0.0
12-2023,savings,other,24,71,17531.38,0.15,0.85
12-2023,restaurants,sumup,191,301,8250.67,1.0,0.0
12-2023,shopping,aliexpress,55,220,4386.34,0.0,1.0
12-2023,restaurants,uber,67,151,6212.42,0.12,0.88
12-2023,transport,parkingpay,41,141,1312.32,0.0,1.0
12-2023,entertainment,steam,49,98,1728.12,0.0,1.0
12-2023,shopping,zalando,26,45,4551.59,0.02,0.98
12-2023,holidays,airbnb,17,17,6434.7,0.0,1.0
12-2023,transport,tier,11,13,61.74,0.0,1.0
3-2023,transport,shell,119,200,4212.81,1.0,0.0
3-2023,cash,revolut,110,305,71458.27,0.0,1.0
3-2023,restaurants,other,1187,8126,253072.03,0.95,0.05
3-2023,groceries,other,1047,4433,108204.38,0.83,0.17
3-2023,tax,other,184,272,16085.25,0.71,0.29
3-2023,wellness,other,12,21,2541.6,0.87,0.13
4-2023,groceries,aldi,201,431,14638.59,0.98,0.02
4-2023,groceries,manor,35,76,2306.7,1.0,0.0
3-2023,shopping,globus,34,43,4172.26,0.96,0.04
3-2023,groceries,sprungli,33,51,1143.15,1.0,0.0
3-2023,entertainment,youtube,41,44,636.86,0.0,1.0
4-2023,restaurants,spettacolo,28,36,281.5,1.0,0.0
4-2023,health,dm-drogerie,37,51,1667.16,1.0,0.0
5-2023,transport,uber,72,232,4038.55,0.06,0.94
5-2023,groceries,steiner,46,94,1061.0,1.0,0.0
5-2023,communication,amazon,65,111,1464.27,0.0,1.0
5-2023,entertainment,youtube,49,55,738.11,0.0,1.0
5-2023,health,sumup,54,62,4604.11,0.95,0.05
5-2023,groceries,sbb,31,45,438.05,1.0,0.0
5-2023,communication,adobe,30,38,858.75,0.0,1.0
5-2023,restaurants,other,1288,8671,274895.8,0.96,0.04
5-2023,tax,other,186,266,13326.11,0.57,0.43
4-2023,shopping,amzn,39,83,4119.58,0.0,1.0
4-2023,groceries,rewe,32,64,1549.83,1.0,0.0
4-2023,transport,paypal,16,26,2789.49,0.0,1.0
5-2023,transport,vbz,32,49,645.2,1.0,0.0
6-2023,groceries,migros,819,3383,92187.64,0.96,0.04
6-2023,transport,parkingpay,45,135,1572.38,0.0,1.0
6-2023,groceries,brezelkonig,56,81,671.0,0.96,0.04
6-2023,transport,tier,28,145,506.03,0.02,0.98
6-2023,communication,netflix.com,67,67,1098.57,0.0,1.0
6-2023,groceries,stocker,20,39,287.6,1.0,0.0
6-2023,shopping,digitec galaxus,82,126,15234.52,0.14,0.86
6-2023,shopping,manor,74,97,6102.45,0.91,0.09
6-2023,entertainment,steam,28,44,930.43,0.0,1.0
10-2021,transport,other,691,2372,69268.5,0.71,0.29
10-2021,groceries,coop,694,3185,77646.13,0.96,0.04
10-2021,shopping,amazon,61,118,5963.45,0.0,1.0
10-2021,shopping,ikea,74,119,9006.16,0.75,0.25
10-2021,shopping,sumup,28,34,1583.5,1.0,0.0
11-2021,communication,spotify,140,143,2318.63,0.0,1.0
11-2021,entertainment,swisslos,19,51,2321.0,0.04,0.96
11-2021,communication,audible,28,31,350.96,0.0,1.0
11-2021,entertainment,playstationnetwork,13,21,446.25,0.0,1.0
11-2021,entertainment,swiss casinos,21,80,7695.0,0.0,1.0
11-2021,restaurants,other,928,5479,189428.33,0.92,0.08
12-2021,groceries,selecta,76,200,562.67,0.99,0.01
12-2021,entertainment,swisslos,20,61,3191.0,0.0,1.0
12-2021,entertainment,swiss casinos,21,193,17304.7,0.0,1.0
12-2021,health,other,421,769,48593.55,0.83,0.17
12-2021,holidays,other,287,627,109645.59,0.57,0.43
1-2022,communication,post,92,134,2129.41,0.98,0.02
1-2022,transport,eni,34,50,1382.29,1.0,0.0
1-2022,transport,lime,16,77,344.1,0.0,1.0
1-2022,transport,fairtiq,37,79,1625.5,0.0,1.0
1-2022,transport,zvv,17,51,681.9,0.0,1.0
1-2022,entertainment,microsoft,33,45,1049.99,0.0,1.0
1-2022,shopping,amzn,42,58,5073.62,0.0,1.0
1-2022,entertainment,paypal,27,44,1084.28,0.0,1.0
1-2022,restaurants,other,884,4338,155169.71,0.91,0.09
10-2021,entertainment,steam,19,27,585.63,0.0,1.0
11-2021,transport,sbb,217,975,12356.5,0.14,0.86
12-2021,entertainment,playstationnetwork,19,29,613.05,0.0,1.0
1-2022,transport,coop,198,418,12488.56,0.99,0.01
1-2022,salary,other,1,1,500.0,1.0,0.0
6-2021,general,other,168,270,36853.39,0.13,0.87
6-2021,groceries,lidl,101,232,10115.07,1.0,0.0
6-2021,groceries,spar,78,223,6045.52,1.0,0.0
6-2021,shopping,aliexpress,39,175,3237.5,0.0,1.0
6-2021,shopping,paypal,85,177,22450.38,0.0,1.0
6-2021,communication,paypal,66,105,4283.09,0.0,1.0
6-2021,transport,parkingpay,22,68,418.1,0.0,1.0
6-2021,transport,tier,13,45,174.57,0.0,1.0
6-2021,entertainment,youtube,33,41,531.88,0.0,1.0
6-2021,shopping,zalando,29,46,4724.22,0.0,1.0
6-2021,holidays,airbnb,15,25,25694.74,0.0,1.0
7-2021,groceries,denner,197,396,11650.5,1.0,0.0
7-2021,shopping,digitec galaxus,73,119,19719.77,0.16,0.84
7-2021,communication,amazon,44,80,831.8,0.0,1.0
7-2021,shopping,manor,49,73,4087.5,0.96,0.04
7-2021,holidays,booking.com,25,29,11578.65,0.0,1.0
7-2021,communication,adobe,19,22,1013.55,0.0,1.0
8-2021,transport,voi,7,12,35.7,0.05,0.95
8-2021,restaurants,spettacolo,19,33,264.9,1.0,0.0
6-2021,groceries,twint,3,5,119.6,0.0,1.0
7-2021,savings,coinbase,9,17,2169.6,0.0,1.0
7-2021,transport,bolt,5,16,126.53,0.0,1.0
8-2021,communication,other,372,733,27197.14,0.07,0.93
8-2021,entertainment,other,377,997,63068.29,0.3,0.7
9-2021,groceries,migros,599,2244,64182.9,0.94,0.06
9-2021,groceries,stocker,17,28,261.9,1.0,0.0
9-2021,shopping,other,794,2640,186448.85,0.6,0.4
9-2021,transport,shell,99,149,4426.06,1.0,0.0
9-2021,restaurants,starbucks,64,111,995.92,1.0,0.0
9-2021,groceries,brezelkonig,47,62,504.05,0.8,0.2
9-2021,savings,coinbase,18,79,22994.45,0.0,1.0
9-2021,restaurants,vicafe,23,34,346.3,0.9,0.1
9-2021,tax,other,123,197,9520.5,0.38,0.62
9-2021,education,other,4,6,1655.21,0.17,0.83
9-2021,shopping,jelmoli,14,25,1381.4,1.0,0.0
1-2023,groceries,migrolino,97,223,1746.35,1.0,0.0
1-2023,transport,avia,107,203,7531.44,1.0,0.0
1-2023,transport,socar,85,154,4291.48,1.0,0.0
1-2023,transport,agrola,68,145,4778.73,1.0,0.0
1-2023,entertainment,interwetten,13,254,23009.5,0.0,1.0
1-2023,cash,twint,56,109,5532.13,0.0,1.0
1-2023,transport,tamoil,36,52,1337.99,1.0,0.0
1-2023,shopping,globus,49,60,6065.65,0.97,0.03
1-2023,cash,binance,17,71,23311.67,0.0,1.0
1-2023,communication,tiktok,7,106,2059.34,0.0,1.0
1-2023,savings,other,25,65,19850.67,0.0,1.0
2-2023,restaurants,mcdonalds,201,318,5469.43,1.0,0.0
2-2023,communication,post,75,87,1378.29,0.96,0.04
2-2023,cash,ubs,32,46,18320.0,1.0,0.0
2-2023,living,landi,34,35,1323.75,1.0,0.0
2-2023,entertainment,microsoft,48,55,926.42,0.0,1.0
2-2023,entertainment,paypal,25,45,1266.02,0.0,1.0
2-2023,health,dm-drogerie,29,37,2003.32,1.0,0.0
3-2023,health,amavita,43,50,1815.85,1.0,0.0
2-2023,shopping,ochsner,21,23,1820.35,0.97,0.03
3-2023,groceries,panetarium,6,32,302.0,1.0,0.0
11-2022,groceries,migrolino,105,270,2438.25,0.92,0.08
11-2022,transport,avia,96,187,7403.24,0.87,0.13
11-2022,transport,socar,94,138,3013.8,0.93,0.07
11-2022,transport,agrola,73,189,5271.78,0.84,0.16
11-2022,restaurants,mcdonald's,101,145,2144.13,1.0,0.0
11-2022,transport,tamoil,36,69,2185.66,0.87,0.13
11-2022,shopping,amzn,37,53,4811.88,0.0,1.0
11-2022,communication,other,489,929,44852.96,0.11,0.89
11-2022,education,other,2,2,46.29,0.0,1.0
12-2022,communication,google,189,647,6806.87,0.0,1.0
12-2022,restaurants,starbucks,99,154,1751.53,1.0,0.0
12-2022,transport,easypark,44,92,461.19,0.0,1.0
12-2022,restaurants,vicafe,19,27,208.3,0.74,0.26
3-2022,groceries,other,912,3675,89290.62,0.82,0.18
3-2022,living,other,83,148,8639.57,0.75,0.25
3-2022,savings,other,30,79,53749.89,0.0,1.0
3-2022,communication,apple,326,1065,21257.33,0.01,0.99
3-2022,entertainment,mycasino.ch,3,15,430.0,0.0,1.0
3-2022,groceries,sprungli,38,59,1228.1,1.0,0.0
3-2022,restaurants,tibits,31,50,1242.6,1.0,0.0
3-2022,shopping,amzn,34,48,3442.0,0.0,1.0
3-2022,groceries,panetarium,6,20,200.1,1.0,0.0
3-2022,transport,paypal,11,34,2558.7,0.0,1.0
4-2022,transport,uber,68,203,2993.68,0.03,0.97
4-2022,groceries,kkiosk,87,142,1338.4,1.0,0.0
4-2022,entertainment,netflix,126,127,2643.15,0.0,1.0
4-2022,entertainment,google,14,15,195.1,0.0,1.0
4-2022,health,dm-drogerie,30,39,2212.03,1.0,0.0
5-2022,groceries,migros,715,2850,73236.05,0.9,0.1
5-2022,transport,sbb,316,1345,21573.2,0.24,0.76
5-2022,restaurants,sumup,178,306,7081.1,1.0,0.0
5-2022,restaurants,uber,50,107,4144.2,0.1,0.9
5-2022,groceries,brezelkonig,49,71,566.15,1.0,0.0
5-2022,shopping,migros,59,80,4111.9,0.95,0.05
5-2022,living,landi,43,62,3197.45,1.0,0.0
5-2022,restaurants,marche,38,53,798.81,1.0,0.0
5-2022,health,dm-drogerie,21,27,1371.8,1.0,0.0
4-2022,general,other,280,524,37641.77,0.2,0.8
4-2022,savings,other,24,46,29834.79,0.0,1.0
4-2022,living,other,95,154,15547.23,0.5,0.5
4-2022,transport,vbz,31,51,470.2,1.0,0.0
4-2022,groceries,brezelkönig,34,40,250.1,1.0,0.0
5-2022,groceries,stocker,19,26,206.7,1.0,0.0
5-2022,Restaurant,other,4,4,799.2,1.0,0.0
5-2022,Groceries,other,1,1,4.8,1.0,0.0
6-2022,groceries,coop,830,4056,83383.38,0.97,0.03
6-2022,shopping,aliexpress,52,245,4972.67,0.0,1.0
6-2022,shopping,paypal,84,138,22396.87,0.0,1.0
6-2022,entertainment,microsoft,45,50,1157.17,0.0,1.0
6-2022,shopping,zalando,22,38,3769.84,0.02,0.98
6-2022,restaurants,sumup,183,319,7517.67,1.0,0.0
6-2022,restaurants,uber,45,115,4820.0,0.01,0.99
6-2022,restaurants,marche,41,71,664.6,1.0,0.0
6-2022,entertainment,paypal,24,40,1118.81,0.0,1.0
8-2023,tax,other,188,296,18557.78,0.83,0.17
8-2023,groceries,aldi,240,558,15976.8,0.99,0.01
8-2023,shopping,muller,79,91,2192.35,1.0,0.0
8-2023,groceries,manor,42,80,3709.75,1.0,0.0
8-2023,cash,kantonalbank,29,63,14020.0,1.0,0.0
8-2023,entertainment,microsoft,46,56,3372.91,0.0,1.0
8-2023,groceries,rewe,24,40,1070.07,1.0,0.0
9-2023,groceries,migros,815,3394,83010.83,0.96,0.04
9-2023,transport,avia,129,226,7448.78,1.0,0.0
9-2023,transport,socar,111,171,4404.45,1.0,0.0
9-2023,transport,agrola,85,172,4590.14,1.0,0.0
9-2023,groceries,brezelkonig,86,117,845.8,0.98,0.02
9-2023,transport,tamoil,51,93,2141.66,1.0,0.0
9-2023,shopping,globus,40,55,2650.63,0.97,0.03
9-2023,holidays,swiss,41,83,19784.99,0.01,0.99
9-2023,entertainment,youtube,41,42,616.41,0.0,1.0
9-2023,groceries,stocker,18,47,379.1,1.0,0.0
8-2023,restaurants,tibits,27,35,598.8,1.0,0.0
8-2023,holidays,airbnb,22,48,29883.17,0.0,1.0
8-2023,entertainment,paypal,22,27,1067.0,0.0,1.0
8-2023,health,coop,27,30,692.15,1.0,0.0
9-2023,tax,other,198,289,8743.77,0.6,0.4
10-2023,communication,paypal,103,179,5298.58,0.0,1.0
10-2023,holidays,swiss,43,87,12470.32,0.06,0.94
10-2023,groceries,denner,341,825,17420.65,0.99,0.01
10-2023,entertainment,interwetten,20,386,26367.79,0.0,1.0
10-2023,general,paypal,38,59,3599.51,0.0,1.0
10-2023,health,coop,27,36,957.75,0.96,0.04
10-2023,shopping,decathlon,42,50,2868.6,0.9,0.1
7-2022,communication,apple,330,992,17821.91,0.0,1.0
7-2022,restaurants,starbucks,74,113,1151.1,1.0,0.0
7-2022,transport,parkingpay,44,139,578.85,0.0,1.0
7-2022,shopping,muller,46,57,1416.55,1.0,0.0
7-2022,transport,tier,29,85,397.3,0.02,0.98
7-2022,entertainment,steam,25,53,1187.65,0.0,1.0
7-2022,living,other,108,174,16794.88,0.44,0.56
7-2022,tax,other,187,282,7709.92,0.7,0.3
7-2022,restaurants,vicafe,13,16,167.1,1.0,0.0
8-2022,restaurants,sumup,196,322,7713.15,1.0,0.0
8-2022,restaurants,uber,51,130,4675.43,0.03,0.97
8-2022,shopping,digitec galaxus,90,156,26956.67,0.03,0.97
8-2022,groceries,kkiosk,104,153,1840.05,1.0,0.0
8-2022,entertainment,interwetten,11,146,9750.5,0.0,1.0
8-2022,groceries,brezelkönig,34,39,309.0,1.0,0.0
8-2022,general,other,322,565,46978.37,0.16,0.84
8-2022,shopping,manor,60,82,4218.95,0.88,0.12
8-2022,cash,kantonalbank,37,54,16200.0,1.0,0.0
8-2022,restaurants,marche,38,51,690.93,1.0,0.0
8-2022,health,sumup,35,40,4060.87,0.98,0.02
8-2022,communication,netflix.com,23,23,336.92,0.0,1.0
8-2022,living,landi,42,59,2095.35,1.0,0.0
8-2022,savings,coinbase,14,51,14744.15,0.0,1.0
9-2022,restaurants,starbucks,80,130,1300.56,0.99,0.01
9-2022,cash,twint,66,166,7508.38,0.0,1.0
9-2022,shopping,globus,36,47,2737.45,0.72,0.28
9-2022,restaurants,vicafe,17,25,224.2,0.94,0.06
9-2022,groceries,aldi,187,446,13002.82,1.0,0.0
9-2022,transport,easypark,44,111,562.92,0.0,1.0
9-2022,groceries,manor,34,61,1751.66,1.0,0.0
9-2022,cash,binance,20,96,46915.84,0.0,1.0
9-2022,groceries,rewe,16,48,623.54,1.0,0.0
1-2021,transport,coop,107,206,5922.23,0.99,0.01
1-2021,groceries,selecta,57,180,595.9,1.0,0.0
1-2021,restaurants,migros,56,100,1179.75,1.0,0.0
1-2021,communication,paypal,51,74,2572.5,0.0,1.0
1-2021,shopping,globus,19,20,1790.75,0.92,0.08
1-2021,transport,zvv,8,20,139.2,0.0,1.0
1-2021,restaurants,subway,9,11,245.13,1.0,0.0
2-2021,groceries,denner,142,292,8570.25,0.93,0.07
2-2021,communication,google,66,117,1611.65,0.0,1.0
2-2021,transport,uber,15,52,852.12,0.09,0.91
2-2021,restaurants,mcdonald's,20,31,297.5,1.0,0.0
2-2021,transport,vbz,11,13,301.5,1.0,0.0
3-2021,groceries,denner,206,432,11521.6,1.0,0.0
3-2021,transport,avia,62,112,5007.34,1.0,0.0
3-2021,transport,socar,59,93,2276.56,1.0,0.0
3-2021,transport,agrola,45,77,2536.5,1.0,0.0
3-2021,entertainment,youtube,27,29,438.05,0.0,1.0
3-2021,cash,other,102,175,48707.63,0.35,0.65
5-2021,communication,apple,223,602,12483.82,0.0,1.0
5-2021,groceries,aldi,118,274,11542.8,1.0,0.0
5-2021,transport,parkingpay,21,48,322.4,0.0,1.0
5-2021,groceries,manor,30,44,1549.7,0.98,0.02
5-2021,transport,tier,9,22,89.69,0.0,1.0
5-2021,shopping,other,712,2074,173428.13,0.61,0.39
1-2021,transport,eni,8,8,500.98,1.0,0.0
1-2021,transport,lime,4,10,71.3,0.0,1.0
1-2021,transport,fairtiq,15,19,241.75,0.0,1.0
1-2021,holidays,booking.com,1,1,295.2,0.0,1.0
2-2021,entertainment,jackpots.ch,2,10,2203.0,0.0,1.0
2-2021,shopping,amzn,5,5,202.11,0.0,1.0
3-2021,transport,tamoil,11,12,351.93,1.0,0.0
3-2021,shopping,amzn,3,6,320.42,0.0,1.0
4-2021,groceries,denner,190,412,13011.1,0.97,0.03
4-2021,communication,google,81,146,1412.9,0.0,1.0
4-2021,shopping,muller,38,52,2460.3,1.0,0.0
4-2021,savings,revolut,57,102,24662.96,0.0,1.0
4-2021,living,landi,34,44,1856.95,1.0,0.0
4-2021,transport,voi,6,19,84.07,0.0,1.0
4-2021,entertainment,microsoft,14,14,408.64,0.0,1.0
4-2021,entertainment,paypal,18,22,1006.61,0.0,1.0
4-2021,general,paypal,19,37,9974.24,0.0,1.0
4-2021,restaurants,tibits,8,14,237.6,1.0,0.0
5-2021,groceries,rewe,5,5,145.62,1.0,0.0
5-2021,shopping,jelmoli,9,12,365.4,1.0,0.0
7-2023,groceries,migros,803,3018,83473.92,0.94,0.06
7-2023,shopping,amazon,110,220,15397.03,0.0,1.0
7-2023,shopping,ikea,69,113,6321.97,0.82,0.18
7-2023,groceries,brezelkonig,62,87,699.2,0.94,0.06
7-2023,transport,other,1037,4852,145020.46,0.77,0.23
7-2023,general,paypal,40,66,7405.58,0.0,1.0
7-2023,shopping,sumup,83,123,8144.89,0.99,0.01
7-2023,entertainment,steam,36,83,2229.13,0.0,1.0
7-2023,groceries,stocker,16,29,178.0,1.0,0.0
7-2023,communication,tiktok,4,9,666.88,0.0,1.0
7-2023,Health,other,1,1,245.0,0.0,1.0
10-2022,transport,coop,245,524,12545.23,1.0,0.0
10-2022,groceries,volg,151,373,5885.25,1.0,0.0
10-2022,restaurants,starbucks,107,194,1965.41,1.0,0.0
10-2022,communication,post,100,135,1685.39,0.95,0.05
10-2022,transport,eni,67,97,3573.05,0.97,0.03
10-2022,transport,lime,33,125,555.88,0.02,0.98
10-2022,transport,fairtiq,36,83,1945.61,0.0,1.0
10-2022,transport,zvv,22,83,897.8,0.0,1.0
10-2022,restaurants,vicafe,24,28,318.8,0.71,0.29
10-2022,tax,other,175,248,9755.29,0.62,0.38
11-2023,communication,paypal,110,215,11447.91,0.0,1.0
2-2022,transport,shell,87,140,3871.6,1.0,0.0
2-2022,groceries,sprungli,40,50,1348.8,1.0,0.0
2-2022,groceries,other,814,3099,80663.3,0.83,0.17
2-2022,groceries,panetarium,4,25,246.9,1.0,0.0
2-2022,shopping,decathlon,16,20,1529.41,0.87,0.13
11-2023,general,other,395,735,61518.5,0.14,0.86
11-2023,shopping,migros,39,47,4205.45,0.97,0.03
11-2023,health,coop,22,26,736.55,1.0,0.0
12-2023,communication,other,589,1290,59809.88,0.05,0.95
12-2023,cash,other,302,901,247261.2,0.7,0.3
12-2023,transport,other,924,3289,92510.76,0.72,0.28
12-2023,general,other,364,658,45538.07,0.21,0.79
12-2023,groceries,lidl,195,452,19781.94,0.96,0.04
12-2023,groceries,spar,119,240,8763.55,0.97,0.03
12-2023,groceries,twint,6,12,264.25,0.0,1.0
12-2023,living,other,117,195,14405.91,0.78,0.22
3-2023,transport,coop,274,739,15178.08,1.0,0.0
3-2023,groceries,migrolino,105,262,2015.75,1.0,0.0
3-2023,shopping,amazon,108,203,12248.36,0.0,1.0
3-2023,shopping,ikea,63,98,7049.65,0.68,0.32
3-2023,transport,eni,72,116,4108.49,0.94,0.06
3-2023,transport,lime,18,80,363.11,0.0,1.0
3-2023,transport,fairtiq,36,88,1768.33,0.0,1.0
3-2023,shopping,sumup,48,65,2252.35,1.0,0.0
3-2023,transport,zvv,20,95,588.1,0.0,1.0
4-2023,groceries,denner,317,691,15016.9,0.97,0.03
4-2023,cash,twint,44,116,5109.78,0.0,1.0
4-2023,communication,amazon,72,97,1136.34,0.0,1.0
4-2023,shopping,muller,54,84,2610.2,1.0,0.0
4-2023,cash,binance,17,113,22267.22,0.0,1.0
4-2023,health,coop,35,41,1106.98,0.97,0.03
4-2023,transport,bolt,18,78,515.92,0.0,1.0
4-2023,communication,adobe,33,44,1052.63,0.0,1.0
4-2023,holidays,airbnb,26,50,20326.79,0.0,1.0
4-2023,education,other,1,1,89.42,1.0,0.0
4-2023,Groceries,other,3,3,112.95,1.0,0.0
4-2023,Shopping,other,1,1,24.9,1.0,0.0
6-2023,groceries,selecta,119,340,1058.92,1.0,0.0
6-2023,transport,voi,21,141,584.53,0.17,0.83
6-2023,communication,other,522,1025,42692.91,0.06,0.94
6-2023,cash,ubs,40,74,25780.0,1.0,0.0
6-2023,shopping,otto's,46,56,3351.9,0.93,0.07
6-2023,restaurants,spettacolo,28,41,381.2,1.0,0.0
6-2023,shopping,hornbach,23,44,4171.51,0.84,0.16
6-2023,tax,other,205,351,10041.0,0.65,0.35
6-2023,shopping,orell fussli,25,28,830.0,0.82,0.18
10-2021,shopping,globus,26,35,3197.77,0.89,0.11
11-2021,transport,avia,77,145,5781.3,1.0,0.0
11-2021,transport,socar,78,140,4130.0,1.0,0.0
11-2021,transport,agrola,59,116,4035.04,1.0,0.0
11-2021,savings,coinbase,33,99,21878.33,0.0,1.0
11-2021,transport,tamoil,25,30,869.37,1.0,0.0
11-2021,communication,sky,30,33,609.73,0.0,1.0
11-2021,groceries,twint,6,15,271.05,0.0,1.0
12-2021,cash,ubs,22,24,4070.0,0.99,0.01
12-2021,groceries,brezelkonig,40,50,400.8,1.0,0.0
12-2021,groceries,stocker,19,26,279.45,1.0,0.0
1-2022,groceries,avec,70,122,1461.3,0.95,0.05
1-2022,transport,shell,87,151,4268.87,1.0,0.0
1-2022,groceries,sumup,36,50,1309.77,1.0,0.0
1-2022,cash,ubs,18,20,4100.0,1.0,0.0
1-2022,shopping,muller,41,48,1587.67,1.0,0.0
1-2022,savings,revolut,48,108,26276.24,0.0,1.0
1-2022,holidays,other,295,712,124585.87,0.54,0.46
10-2021,holidays,booking.com,16,23,4132.89,0.0,1.0
10-2021,restaurants,spettacolo,25,39,315.9,1.0,0.0
11-2021,groceries,lidl,130,278,12135.68,1.0,0.0
11-2021,groceries,spar,89,227,5778.98,1.0,0.0
11-2021,communication,yallo,14,23,423.35,0.0,1.0
11-2021,Restaurant,other,1,2,15.6,1.0,0.0
12-2021,groceries,migros,671,2430,84145.85,0.93,0.07
1-2022,communication,google,112,321,4938.44,0.0,1.0
6-2021,education,other,2,3,942.65,0.0,1.0
6-2021,restaurants,migros,83,173,1839.25,1.0,0.0
6-2021,cash,postfinance,21,26,4871.01,1.0,0.0
6-2021,savings,revolut,41,133,30235.16,0.0,1.0
6-2021,living,landi,32,41,1014.45,1.0,0.0
6-2021,restaurants,subway,17,26,508.39,1.0,0.0
6-2021,shopping,decathlon,27,28,2331.96,0.83,0.17
7-2021,groceries,aldi,142,321,11173.97,1.0,0.0
7-2021,groceries,manor,25,52,1069.0,1.0,0.0
7-2021,shopping,otto's,29,41,1662.15,0.95,0.05
7-2021,transport,paypal,12,14,575.88,0.0,1.0
8-2021,groceries,lidl,130,289,9791.99,1.0,0.0
8-2021,groceries,spar,95,232,5955.55,1.0,0.0
8-2021,cash,revolut,1,1,53.91,0.0,1.0
8-2021,entertainment,interwetten,5,29,6580.0,0.0,1.0
8-2021,transport,tier,14,42,191.62,0.0,1.0
8-2021,communication,netflix.com,11,11,156.59,0.0,1.0
8-2021,groceries,twint,5,9,249.7,0.0,1.0
8-2021,holidays,airbnb,14,18,9956.29,0.0,1.0
7-2021,shopping,orell fussli,17,26,1022.25,1.0,0.0
7-2021,groceries,rewe,13,22,1088.98,1.0,0.0
7-2021,shopping,hornbach,11,16,1737.71,0.97,0.03
7-2021,wellness,other,11,12,1596.35,0.96,0.04
8-2021,transport,parkingpay,20,60,436.95,0.0,1.0
9-2021,transport,coop,221,439,10382.46,0.98,0.02
9-2021,groceries,selecta,108,354,1045.96,1.0,0.0
9-2021,communication,paypal,66,130,3258.09,0.0,1.0
9-2021,transport,fairtiq,28,76,1567.95,0.0,1.0
9-2021,transport,zvv,22,74,5315.6,0.0,1.0
9-2021,holidays,other,378,964,161106.67,0.65,0.35
9-2021,transport,eni,35,55,1854.1,1.0,0.0
9-2021,transport,lime,25,151,709.6,0.0,1.0
9-2021,entertainment,jackpots.ch,14,119,15084.29,0.0,1.0
1-2023,shopping,amazon,115,251,14208.4,0.0,1.0
1-2023,shopping,ikea,76,119,9590.03,0.81,0.19
1-2023,shopping,sumup,39,48,3060.36,0.38,0.62
1-2023,health,amavita,43,55,1355.05,0.97,0.03
1-2023,groceries,sprungli,41,47,1039.65,0.99,0.01
1-2023,groceries,panetarium,3,38,374.4,1.0,0.0
1-2023,holidays,airbnb,22,47,16883.82,0.0,1.0
1-2023,groceries,other,991,4264,106401.28,0.81,0.19
1-2023,entertainment,other,592,1850,120900.51,0.22,0.78
1-2023,transport,sbb,309,1503,25624.9,0.31,0.69
2-2023,groceries,lidl,191,441,13428.63,1.0,0.0
2-2023,communication,google,93,264,2573.48,0.0,1.0
2-2023,groceries,spar,120,280,6880.04,1.0,0.0
2-2023,groceries,twint,14,31,626.37,0.0,1.0
2-2023,health,coop,33,35,976.75,1.0,0.0
3-2023,communication,tiktok,9,27,221.12,0.0,1.0
11-2022,shopping,muller,53,62,1530.7,1.0,0.0
11-2022,groceries,sprungli,38,49,1289.35,0.93,0.07
11-2022,entertainment,youtube,40,41,625.89,0.0,1.0
11-2022,restaurants,tibits,36,59,1031.3,0.91,0.09
11-2022,groceries,panetarium,4,41,382.2,1.0,0.0
11-2022,communication,netflix.com,24,24,334.36,0.0,1.0
11-2022,groceries,other,1032,4318,109682.47,0.77,0.23
11-2022,transport,sbb,345,1710,25808.15,0.21,0.79
12-2022,transport,migrol,118,213,5542.54,1.0,0.0
12-2022,communication,post,128,164,4223.12,0.99,0.01
12-2022,groceries,steiner,45,102,1341.3,1.0,0.0
12-2022,shopping,migros,60,70,4250.15,0.92,0.08
12-2022,entertainment,steam,39,95,2183.47,0.0,1.0
12-2022,transport,landi,19,33,1100.05,1.0,0.0
12-2022,groceries,sbb,27,33,251.75,1.0,0.0
12-2022,Shopping,other,4,4,503.1,1.0,0.0
12-2022,education,other,3,5,802.52,0.12,0.88
3-2022,groceries,migrolino,89,286,2271.4,1.0,0.0
3-2022,entertainment,netflix,127,129,2625.13,0.0,1.0
3-2022,restaurants,mcdonald's,56,86,1434.26,1.0,0.0
3-2022,shopping,muller,47,58,1420.85,0.93,0.07
4-2022,groceries,volg,125,374,6822.9,1.0,0.0
4-2022,entertainment,mycasino.ch,7,34,1231.62,0.0,1.0
3-2022,holidays,booking.com,20,21,5958.39,0.0,1.0
4-2022,restaurants,spettacolo,27,40,256.5,1.0,0.0
4-2022,health,coop,39,43,1159.6,1.0,0.0
4-2022,shopping,ochsner,26,28,2048.85,0.88,0.12
5-2022,groceries,selecta,116,370,1057.08,0.99,0.01
5-2022,communication,paypal,99,186,5250.82,0.0,1.0
5-2022,transport,avia,110,170,8215.15,1.0,0.0
5-2022,cash,revolut,74,221,96082.14,0.0,1.0
5-2022,transport,socar,109,212,5068.62,1.0,0.0
5-2022,transport,agrola,75,152,4965.38,1.0,0.0
5-2022,restaurants,burger,117,155,3545.29,1.0,0.0
5-2022,entertainment,swisslos,37,76,3158.0,0.01,0.99
5-2022,transport,tamoil,36,67,1608.3,1.0,0.0
5-2022,health,coop,37,44,1316.6,1.0,0.0
5-2022,entertainment,playstationnetwork,15,18,550.23,0.0,1.0
5-2022,entertainment,swiss casinos,20,102,5942.0,0.0,1.0
4-2022,communication,tiktok,3,4,3.22,0.0,1.0
6-2022,transport,other,783,2627,70093.06,0.72,0.28
6-2022,restaurants,burger,110,148,3258.79,0.98,0.02
6-2022,living,other,95,151,13527.38,0.53,0.47
6-2022,shopping,decathlon,29,33,1886.59,0.94,0.06
8-2023,cash,other,280,673,151272.06,0.76,0.24
8-2023,Shopping,other,2,2,132.95,1.0,0.0
8-2023,groceries,denner,358,807,17734.65,0.99,0.01
8-2023,restaurants,mcdonald's,92,128,2276.22,0.98,0.02
8-2023,communication,amazon,64,118,1737.39,0.0,1.0
8-2023,shopping,amzn,25,43,3679.83,0.0,1.0
8-2023,communication,adobe,29,37,874.7,0.0,1.0
8-2023,health,dm-drogerie,29,36,1368.75,1.0,0.0
8-2023,savings,other,17,28,6464.55,0.0,1.0
9-2023,transport,sbb,365,1721,24597.65,0.12,0.88
9-2023,groceries,selecta,114,288,894.85,1.0,0.0
9-2023,shopping,amazon,103,201,12239.35,0.0,1.0
9-2023,shopping,ikea,86,150,10462.91,0.69,0.31
9-2023,shopping,sumup,61,83,11215.73,0.98,0.02
9-2023,restaurants,spettacolo,29,48,421.3,1.0,0.0
9-2023,health,other,505,860,46105.53,0.91,0.09
10-2023,shopping,paypal,87,175,16652.18,0.0,1.0
10-2023,restaurants,spettacolo,30,42,379.8,1.0,0.0
10-2023,entertainment,other,669,2367,175756.67,0.17,0.83
10-2023,groceries,aldi,229,495,16694.38,0.99,0.01
10-2023,shopping,aliexpress,58,225,6520.39,0.0,1.0
10-2023,living,landi,44,57,2218.05,1.0,0.0
10-2023,shopping,zalando,20,42,5067.41,0.01,0.99
10-2023,health,dm-drogerie,47,63,2496.27,1.0,0.0
10-2023,groceries,rewe,37,51,1778.55,1.0,0.0
10-2023,groceries,manor,37,69,2843.2,1.0,0.0
7-2022,transport,voi,30,99,451.32,0.34,0.66
7-2022,groceries,sbb,27,42,481.05,1.0,0.0
7-2022,groceries,steiner,58,112,1268.4,1.0,0.0
7-2022,shopping,amzn,18,28,1308.86,0.0,1.0
8-2022,groceries,volg,157,451,7477.7,1.0,0.0
8-2022,communication,other,496,996,47727.52,0.04,0.96
8-2022,entertainment,other,566,1637,106590.7,0.23,0.77
8-2022,transport,other,907,3287,95268.24,0.79,0.21
8-2022,cash,other,263,610,134930.39,0.88,0.12
8-2022,tax,other,202,294,11617.69,0.56,0.44
8-2022,restaurants,burger,137,177,3606.44,0.98,0.02
8-2022,shopping,otto's,29,36,2698.2,1.0,0.0
8-2022,shopping,orell fussli,39,46,2257.75,0.66,0.34
8-2022,shopping,hornbach,21,35,1958.6,0.87,0.13
9-2022,groceries,denner,279,629,14087.8,0.98,0.02
9-2022,transport,migrol,101,225,5972.43,1.0,0.0
9-2022,shopping,ikea,48,81,8291.48,0.69,0.31
9-2022,transport,landi,13,30,709.21,1.0,0.0
9-2022,living,other,99,165,15839.45,0.45,0.55
9-2022,shopping,amazon,104,199,10188.51,0.0,1.0
9-2022,shopping,sumup,47,53,6544.35,0.99,0.01
9-2022,entertainment,steam,30,62,1122.23,0.0,1.0
1-2021,groceries,migros,346,1250,53224.7,0.93,0.07
1-2021,transport,shell,30,47,1806.08,1.0,0.0
1-2021,shopping,amazon,36,75,4041.79,0.0,1.0
1-2021,shopping,ikea,24,39,8397.95,0.61,0.39
1-2021,groceries,brezelkonig,22,28,188.6,1.0,0.0
1-2021,shopping,sumup,7,8,428.43,0.27,0.73
1-2021,entertainment,microsoft,13,14,336.13,0.0,1.0
1-2021,entertainment,paypal,18,25,743.16,0.0,1.0
1-2021,groceries,stocker,9,15,96.1,1.0,0.0
2-2021,groceries,aldi,99,228,8801.58,1.0,0.0
2-2021,communication,post,58,68,1712.05,1.0,0.0
2-2021,shopping,muller,26,35,1274.9,1.0,0.0
2-2021,groceries,manor,13,37,1743.35,1.0,0.0
2-2021,groceries,rewe,1,2,38.47,1.0,0.0
2-2021,tax,other,45,62,3055.36,0.43,0.57
3-2021,transport,sbb,151,584,6797.0,0.13,0.87
3-2021,groceries,aldi,148,357,12480.85,1.0,0.0
3-2021,restaurants,starbucks,32,70,689.63,1.0,0.0
3-2021,shopping,muller,25,36,1148.1,1.0,0.0
3-2021,groceries,manor,27,45,2078.2,1.0,0.0
3-2021,cash,kantonalbank,9,12,1230.0,1.0,0.0
3-2021,restaurants,vicafe,15,28,298.9,1.0,0.0
5-2021,groceries,denner,186,388,13759.9,0.9,0.1
5-2021,transport,voi,2,10,35.4,0.0,1.0
5-2021,entertainment,microsoft,23,24,591.58,0.0,1.0
5-2021,entertainment,paypal,12,17,642.59,0.0,1.0
1-2021,health,sumup,6,8,521.18,1.0,0.0
2-2021,cash,revolut,1,1,15.0,0.0,1.0
2-2021,restaurants,tibits,2,2,45.3,1.0,0.0
3-2021,groceries,rewe,4,6,111.56,1.0,0.0
4-2021,groceries,aldi,139,322,12462.03,1.0,0.0
4-2021,transport,parkingpay,17,49,342.0,0.0,1.0
4-2021,restaurants,mcdonald's,30,40,633.7,0.95,0.05
4-2021,communication,post,76,100,1729.84,0.99,0.01
4-2021,cash,ubs,38,80,4434.01,0.51,0.49
4-2021,groceries,manor,23,39,2057.8,1.0,0.0
4-2021,transport,tier,7,29,75.84,0.0,1.0
4-2021,health,amavita,28,35,1868.55,1.0,0.0
4-2021,shopping,amzn,3,6,246.25,0.0,1.0
4-2021,groceries,rewe,3,5,92.58,1.0,0.0
4-2021,education,other,2,5,1915.9,0.61,0.39
6-2021,transport,voi,4,7,27.25,0.0,1.0
7-2023,groceries,selecta,123,282,938.03,1.0,0.0
7-2023,shopping,globus,35,51,3156.74,0.82,0.18
7-2023,holidays,swiss,43,82,13604.57,0.06,0.94
7-2023,restaurants,starbucks,93,169,1967.63,0.98,0.02
7-2023,restaurants,vicafe,17,37,373.5,0.92,0.08
10-2022,transport,shell,125,191,5795.4,1.0,0.0
10-2022,groceries,kkiosk,107,172,1640.8,1.0,0.0
10-2022,living,landi,38,51,1425.0,1.0,0.0
10-2022,groceries,brezelkönig,72,92,678.6,1.0,0.0
9-2022,communication,tiktok,4,44,496.04,0.0,1.0
10-2022,communication,google,162,473,8873.47,0.0,1.0
10-2022,Restaurant,other,2,3,59.0,1.0,0.0
3-2022,entertainment,google,36,39,335.28,0.0,1.0
3-2022,transport,bolt,2,6,39.57,0.0,1.0
11-2023,groceries,coop,905,4618,95891.33,0.96,0.04
11-2023,restaurants,mcdonalds,263,409,7169.56,0.93,0.07
11-2023,transport,uber,80,235,4600.14,0.05,0.95
11-2023,cash,postfinance,60,105,20323.24,1.0,0.0
2-2022,transport,coop,208,399,10594.96,0.97,0.03
2-2022,restaurants,migros,138,254,3446.3,1.0,0.0
2-2022,groceries,migrolino,77,189,1485.25,1.0,0.0
2-2022,shopping,aliexpress,62,174,4877.94,0.0,1.0
2-2022,shopping,paypal,89,157,13445.34,0.0,1.0
2-2022,communication,amazon,45,70,626.43,0.0,1.0
2-2022,transport,lime,15,55,248.73,0.0,1.0
2-2022,transport,fairtiq,32,77,1661.37,0.0,1.0
2-2022,transport,zvv,20,76,3466.7,0.0,1.0
2-2022,shopping,zalando,18,28,2889.3,0.0,1.0
2-2022,restaurants,subway,19,32,484.97,1.0,0.0
2-2022,health,other,368,584,37288.04,0.84,0.16
2-2022,transport,eni,35,51,1790.83,0.86,0.14
2-2022,communication,adobe,16,21,600.64,0.0,1.0
11-2023,transport,vbz,25,52,404.4,1.0,0.0
11-2023,health,dm-drogerie,42,49,1973.85,1.0,0.0
11-2023,Restaurant,other,4,4,161.9,1.0,0.0
12-2023,restaurants,mcdonalds,242,413,7407.44,0.94,0.06
12-2023,entertainment,microsoft,60,74,1185.87,0.0,1.0
12-2023,communication,netflix.com,78,78,1318.07,0.0,1.0
12-2023,cash,kantonalbank,47,87,28900.0,1.0,0.0
12-2023,entertainment,paypal,27,68,1990.67,0.0,1.0
12-2023,tax,other,212,372,14782.91,0.41,0.59
3-2023,groceries,coop,934,4953,105115.47,0.97,0.03
3-2023,restaurants,mcdonalds,226,405,6310.78,0.99,0.01
3-2023,savings,coinbase,11,62,14912.55,0.0,1.0
3-2023,shopping,otto's,43,63,3497.9,0.99,0.01
3-2023,cash,kantonalbank,48,72,14820.0,1.0,0.0
3-2023,shopping,orell fussli,31,34,1224.5,1.0,0.0
3-2023,general,other,326,619,57752.45,0.26,0.74
4-2023,shopping,aliexpress,63,295,5179.03,0.0,1.0
4-2023,groceries,avec,141,366,3984.17,0.99,0.01
4-2023,shopping,paypal,96,158,21818.25,0.0,1.0
4-2023,groceries,sumup,88,123,2666.61,1.0,0.0
4-2023,entertainment,youtube,49,52,721.24,0.0,1.0
4-2023,shopping,zalando,29,46,5098.9,0.01,0.99
3-2023,shopping,hornbach,18,36,2220.1,0.71,0.29
4-2023,living,other,121,189,19315.01,0.35,0.65
5-2023,restaurants,mcdonalds,240,423,5981.08,0.85,0.15
5-2023,groceries,selecta,127,290,1046.33,1.0,0.0
4-2023,transport,easypark,51,145,752.0,0.0,1.0
4-2023,cash,ubs,38,61,13590.0,1.0,0.0
4-2023,savings,coinbase,13,55,4977.07,0.0,1.0
4-2023,Holidays,other,1,1,27.9,1.0,0.0
5-2023,transport,voi,21,113,714.55,0.43,0.57
5-2023,communication,tiktok,5,23,231.83,0.0,1.0
6-2023,communication,apple,352,947,15009.36,0.0,1.0
6-2023,shopping,amazon,84,168,9940.35,0.0,1.0
6-2023,cash,twint,35,134,4926.63,0.0,1.0
6-2023,entertainment,netflix,109,110,2264.15,0.0,1.0
6-2023,shopping,ikea,63,111,4993.4,0.91,0.09
6-2023,savings,coinbase,11,45,2694.56,0.0,1.0
6-2023,cash,binance,13,62,25014.4,0.0,1.0
6-2023,living,other,113,203,13027.06,0.75,0.25
6-2023,entertainment,google,10,17,204.95,0.0,1.0
6-2023,shopping,sumup,55,66,3514.77,1.0,0.0
10-2021,groceries,other,806,3425,98888.97,0.83,0.17
10-2021,transport,coop,213,441,11167.99,0.98,0.02
10-2021,shopping,digitec galaxus,74,139,14993.6,0.02,0.98
10-2021,entertainment,netflix,122,122,2207.31,0.0,1.0
10-2021,shopping,manor,51,76,4251.4,0.84,0.16
10-2021,transport,eni,30,47,1642.75,0.95,0.05
10-2021,transport,lime,27,153,604.9,0.0,1.0
10-2021,transport,fairtiq,29,74,1674.85,0.0,1.0
10-2021,entertainment,google,9,9,47.29,0.0,1.0
10-2021,living,landi,29,34,909.6,1.0,0.0
10-2021,transport,zvv,18,55,627.7,0.0,1.0
10-2021,groceries,sprungli,41,64,1698.58,1.0,0.0
11-2021,communication,post,79,110,3180.85,1.0,0.0
11-2021,shopping,migros,52,65,7084.95,0.98,0.02
12-2021,transport,avia,83,136,6979.35,1.0,0.0
12-2021,transport,socar,69,130,3775.23,1.0,0.0
12-2021,transport,agrola,64,106,4087.15,1.0,0.0
12-2021,cash,twint,41,93,4714.75,0.0,1.0
12-2021,groceries,steiner,44,120,1347.95,1.0,0.0
12-2021,transport,tamoil,19,25,1562.93,1.0,0.0
12-2021,cash,binance,23,98,20691.34,0.0,1.0
12-2021,restaurants,spettacolo,18,25,191.1,1.0,0.0
12-2021,groceries,sbb,17,23,198.95,1.0,0.0
1-2022,shopping,aliexpress,64,216,5014.52,0.0,1.0
1-2022,shopping,paypal,108,222,21166.18,0.0,1.0
1-2022,communication,spotify,139,146,2351.02,0.0,1.0
1-2022,cash,twint,44,191,8671.0,0.0,1.0
1-2022,shopping,zalando,30,42,8231.32,0.0,1.0
1-2022,cash,binance,16,76,10640.69,0.0,1.0
1-2022,communication,audible,28,31,342.14,0.0,1.0
1-2022,transport,other,599,1761,51322.48,0.72,0.28
10-2021,groceries,panetarium,8,39,408.0,1.0,0.0
11-2021,groceries,volg,113,333,6459.2,1.0,0.0
11-2021,restaurants,mcdonalds,159,251,4265.41,1.0,0.0
12-2021,health,coop,40,50,1023.55,0.97,0.03
1-2022,groceries,denner,227,496,11869.3,0.98,0.02
1-2022,restaurants,mcdonalds,152,241,4435.99,1.0,0.0
1-2022,savings,other,32,67,27331.87,0.0,1.0
6-2021,savings,other,28,92,16797.18,0.0,1.0
6-2021,groceries,kkiosk,56,76,864.95,1.0,0.0
6-2021,restaurants,starbucks,42,67,805.3,0.88,0.12
6-2021,groceries,brezelkönig,20,29,197.1,1.0,0.0
6-2021,shopping,amzn,5,5,230.93,0.0,1.0
6-2021,restaurants,vicafe,22,29,341.2,1.0,0.0
7-2021,transport,migrol,88,157,3532.78,1.0,0.0
7-2021,shopping,amazon,46,78,3737.77,0.0,1.0
7-2021,shopping,ikea,59,101,7580.22,0.68,0.32
7-2021,shopping,sumup,25,33,3846.9,1.0,0.0
7-2021,holidays,swiss,29,41,4857.91,0.07,0.93
7-2021,transport,landi,15,25,819.7,1.0,0.0
7-2021,living,other,73,116,11667.08,0.38,0.62
8-2021,groceries,volg,123,335,5724.9,1.0,0.0
8-2021,transport,uber,42,162,2623.35,0.03,0.97
8-2021,shopping,migros,45,58,3114.25,0.9,0.1
8-2021,transport,vbz,26,40,309.3,1.0,0.0
8-2021,entertainment,jackpots.ch,13,108,1695.4,0.0,1.0
8-2021,cash,other,182,379,73514.52,0.77,0.23
9-2021,entertainment,interwetten,4,21,7198.0,0.0,1.0
1-2023,communication,amazon,68,114,1102.97,0.0,1.0
1-2023,general,paypal,49,95,11226.48,0.0,1.0
1-2023,shopping,otto's,44,55,3949.45,0.94,0.06
1-2023,health,sumup,35,46,3787.65,1.0,0.0
1-2023,restaurants,spettacolo,43,82,590.6,1.0,0.0
2-2023,groceries,volg,139,338,6662.1,1.0,0.0
2-2023,communication,spotify,149,156,2562.36,0.0,1.0
2-2023,communication,audible,33,35,365.33,0.0,1.0
2-2023,restaurants,other,1151,7032,220028.25,0.95,0.05
2-2023,tax,other,175,245,15668.85,0.62,0.38
1-2023,shopping,orell fussli,23,29,918.15,1.0,0.0
1-2023,communication,adobe,34,41,1305.67,0.0,1.0
1-2023,shopping,hornbach,13,25,1027.15,1.0,0.0
2-2023,transport,sbb,294,1288,19904.1,0.25,0.75
2-2023,wellness,other,10,11,1573.8,0.94,0.06
3-2023,education,other,2,3,302.34,0.89,0.11
11-2022,shopping,aliexpress,80,353,8427.04,0.0,1.0
11-2022,shopping,paypal,102,202,24821.79,0.0,1.0
11-2022,restaurants,burger,162,230,4968.39,0.96,0.04
11-2022,shopping,zalando,21,36,3829.88,0.03,0.97
11-2022,living,other,104,199,22585.12,0.38,0.62
12-2022,groceries,migros,776,2776,88915.63,0.94,0.06
12-2022,communication,sky,41,53,857.6,0.0,1.0
12-2022,entertainment,mycasino.ch,17,190,18966.85,0.0,1.0
12-2022,groceries,brezelkonig,65,89,714.5,0.98,0.02
12-2022,groceries,stocker,21,36,252.25,1.0,0.0
12-2022,communication,yallo,18,45,887.75,0.0,1.0
12-2022,transport,paypal,17,30,2807.55,0.0,1.0
12-2022,salary,other,1,1,14.0,1.0,0.0
3-2022,groceries,coop,821,4005,85613.26,0.98,0.02
3-2022,restaurants,sumup,128,211,5168.65,1.0,0.0
3-2022,shopping,aliexpress,60,205,3697.23,0.0,1.0
3-2022,shopping,paypal,88,184,16780.48,0.0,1.0
3-2022,restaurants,uber,55,149,5192.62,0.03,0.97
3-2022,transport,easypark,32,70,316.59,0.0,1.0
3-2022,restaurants,marche,33,48,706.35,1.0,0.0
3-2022,shopping,zalando,29,48,5474.53,0.0,1.0
3-2022,wellness,other,16,23,1910.66,0.55,0.45
4-2022,groceries,lidl,164,347,14415.49,1.0,0.0
4-2022,groceries,spar,122,234,6694.09,1.0,0.0
4-2022,transport,voi,15,45,179.7,0.0,1.0
4-2022,groceries,twint,16,34,701.0,0.0,1.0
4-2022,shopping,jelmoli,23,43,3233.0,1.0,0.0
5-2022,entertainment,microsoft,44,49,1116.73,0.0,1.0
5-2022,restaurants,tibits,28,54,1255.8,1.0,0.0
5-2022,entertainment,paypal,24,35,1383.21,0.0,1.0
5-2022,holidays,airbnb,14,26,8884.99,0.0,1.0
5-2022,cash,other,234,605,145225.83,0.82,0.18
4-2022,shopping,other,992,3255,257149.67,0.68,0.32
4-2022,entertainment,steam,26,41,1088.67,0.0,1.0
6-2022,transport,shell,114,184,4918.49,1.0,0.0
6-2022,communication,paypal,82,152,4289.68,0.0,1.0
6-2022,groceries,sprungli,32,45,789.2,1.0,0.0
6-2022,groceries,other,950,3878,96463.39,0.84,0.16
6-2022,restaurants,tibits,28,49,805.1,1.0,0.0
6-2022,shopping,amzn,27,36,2967.7,0.0,1.0
6-2022,groceries,panetarium,7,34,295.5,1.0,0.0
8-2023,health,other,492,833,49133.19,0.9,0.1
8-2023,transport,sbb,367,1599,26382.45,0.16,0.84
8-2023,restaurants,sumup,242,427,14217.99,1.0,0.0
8-2023,groceries,avec,183,356,3080.15,1.0,0.0
8-2023,restaurants,uber,51,124,5599.05,0.02,0.98
8-2023,cash,revolut,77,253,83066.96,0.0,1.0
8-2023,groceries,sumup,103,150,3562.14,1.0,0.0
8-2023,restaurants,marche,48,98,1286.5,1.0,0.0
9-2023,cash,postfinance,62,122,26891.59,1.0,0.0
9-2023,shopping,otto's,48,60,2703.8,0.93,0.07
9-2023,shopping,orell fussli,50,59,1859.75,0.64,0.36
9-2023,health,dm-drogerie,37,41,1146.03,1.0,0.0
9-2023,shopping,hornbach,19,29,2708.9,1.0,0.0
8-2023,shopping,decathlon,39,51,4132.99,0.75,0.25
8-2023,savings,revolut,8,11,1395.2,0.0,1.0
9-2023,education,other,3,5,1469.13,0.25,0.75
9-2023,living,landi,42,57,1570.15,1.0,0.0
9-2023,holidays,booking.com,52,73,32948.2,0.0,1.0
10-2023,transport,avia,118,211,7204.38,1.0,0.0
10-2023,transport,socar,92,140,3569.34,1.0,0.0
10-2023,health,other,530,947,56995.62,0.87,0.13
10-2023,transport,agrola,80,157,4277.88,1.0,0.0
10-2023,transport,tamoil,48,97,2665.75,1.0,0.0
10-2023,holidays,booking.com,46,68,19564.15,0.0,1.0
10-2023,savings,other,19,54,11670.16,0.0,1.0
10-2023,shopping,muller,55,66,1443.47,1.0,0.0
7-2022,groceries,migros,703,2441,64135.03,0.94,0.06
7-2022,entertainment,netflix,122,122,2461.15,0.0,1.0
7-2022,groceries,brezelkonig,43,66,530.9,1.0,0.0
7-2022,general,paypal,41,66,6834.89,0.0,1.0
7-2022,shopping,decathlon,52,63,4358.91,0.92,0.08
7-2022,groceries,stocker,20,30,272.2,1.0,0.0
7-2022,entertainment,google,8,8,18.31,0.0,1.0
7-2022,communication,netflix.com,24,24,348.77,0.0,1.0
7-2022,Restaurant,other,2,3,26.0,1.0,0.0
8-2022,communication,apple,341,1050,18633.29,0.0,1.0
8-2022,groceries,lidl,201,428,14628.46,1.0,0.0
8-2022,groceries,spar,142,305,6787.8,1.0,0.0
8-2022,transport,shell,134,196,6043.11,1.0,0.0
8-2022,shopping,amazon,89,165,9321.44,0.0,1.0
8-2022,cash,revolut,75,209,83882.03,0.0,1.0
8-2022,shopping,ikea,58,110,13997.86,0.84,0.16
8-2022,shopping,sumup,43,50,1958.06,1.0,0.0
8-2022,restaurants,tibits,28,61,916.6,1.0,0.0
8-2022,groceries,twint,24,67,867.6,0.0,1.0
9-2022,groceries,avec,148,277,2164.1,0.99,0.01
9-2022,entertainment,mycasino.ch,9,117,7814.38,0.0,1.0
9-2022,groceries,sumup,87,124,2492.61,1.0,0.0
9-2022,transport,paypal,13,40,481.74,0.0,1.0
9-2022,shopping,otto's,35,41,2502.35,1.0,0.0
9-2022,shopping,orell fussli,25,29,983.0,1.0,0.0
9-2022,shopping,hornbach,20,24,1224.14,0.94,0.06
1-2021,groceries,steiner,34,85,939.25,1.0,0.0
1-2021,cash,postfinance,6,6,1220.0,1.0,0.0
1-2021,entertainment,swisslos,16,20,1641.0,0.0,1.0
1-2021,health,amavita,20,23,606.65,1.0,0.0
1-2021,shopping,otto's,19,24,1605.4,1.0,0.0
1-2021,holidays,swiss,5,8,2052.15,0.01,0.99
1-2021,groceries,sbb,4,6,51.6,1.0,0.0
1-2021,entertainment,playstationnetwork,8,8,232.09,0.0,1.0
1-2021,shopping,hornbach,11,21,2092.5,0.86,0.14
1-2021,entertainment,swiss casinos,1,14,1400.0,0.0,1.0
1-2021,transport,other,268,600,17576.86,0.8,0.2
2-2021,shopping,aliexpress,29,114,2723.85,0.0,1.0
2-2021,shopping,paypal,70,127,9770.57,0.0,1.0
2-2021,restaurants,burger,28,37,926.77,0.97,0.03
2-2021,shopping,zalando,23,27,3102.36,0.0,1.0
2-2021,communication,sky,23,30,504.08,0.0,1.0
2-2021,entertainment,other,124,304,21797.51,0.16,0.84
2-2021,cash,other,58,89,23135.5,0.54,0.46
3-2021,restaurants,migros,64,115,1084.6,1.0,0.0
3-2021,shopping,aliexpress,61,174,2617.15,0.0,1.0
3-2021,shopping,paypal,81,129,11181.49,0.0,1.0
3-2021,shopping,zalando,25,37,2279.9,0.0,1.0
3-2021,restaurants,subway,16,22,392.6,1.0,0.0
5-2021,groceries,avec,54,95,834.95,1.0,0.0
5-2021,groceries,sumup,39,48,921.75,1.0,0.0
5-2021,savings,coinbase,30,82,17955.18,0.0,1.0
5-2021,entertainment,swisslos,14,20,1223.0,0.0,1.0
5-2021,communication,netflix.com,11,11,164.05,0.0,1.0
1-2021,shopping,orell fussli,2,2,34.4,1.0,0.0
2-2021,transport,voi,2,4,13.36,0.0,1.0
2-2021,communication,yallo,4,8,247.0,0.0,1.0
4-2021,transport,uber,30,91,1237.32,0.21,0.79
4-2021,restaurants,marche,19,22,299.0,1.0,0.0
4-2021,communication,sky,36,51,786.0,0.0,1.0
4-2021,restaurants,sumup,47,55,1235.36,1.0,0.0
4-2021,restaurants,uber,41,128,3927.39,0.0,1.0
4-2021,cash,twint,34,81,2295.51,0.0,1.0
4-2021,health,sumup,18,18,1221.48,1.0,0.0
4-2021,transport,vbz,26,38,364.4,1.0,0.0
4-2021,cash,binance,23,55,24542.39,0.0,1.0
4-2021,shopping,decathlon,19,24,1498.71,0.9,0.1
4-2021,holidays,airbnb,7,13,4189.38,0.0,1.0
4-2021,communication,yallo,11,16,351.4,0.0,1.0
5-2021,restaurants,spettacolo,14,30,192.7,1.0,0.0
5-2021,entertainment,playstationnetwork,10,13,198.38,0.0,1.0
5-2021,wellness,other,7,8,493.0,0.87,0.13
5-2021,entertainment,swiss casinos,4,10,412.0,0.0,1.0
7-2023,transport,coop,301,785,16054.92,1.0,0.0
7-2023,restaurants,migros,142,254,3390.45,1.0,0.0
7-2023,entertainment,netflix,102,102,2039.47,0.0,1.0
7-2023,living,landi,47,59,2174.5,1.0,0.0
7-2023,transport,zvv,25,87,915.0,0.0,1.0
7-2023,shopping,digitec galaxus,99,142,18269.89,0.16,0.84
7-2023,communication,amazon,69,114,1184.2,0.0,1.0
7-2023,shopping,manor,79,102,5432.45,0.95,0.05
7-2023,transport,eni,104,190,5965.57,0.85,0.15
7-2023,transport,lime,24,82,592.45,0.0,1.0
7-2023,communication,adobe,33,40,906.83,0.0,1.0
7-2023,transport,fairtiq,25,57,966.62,0.0,1.0
7-2023,entertainment,google,71,97,935.88,0.0,1.0
7-2023,restaurants,subway,33,36,633.39,1.0,0.0
10-2022,transport,other,886,3245,85535.75,0.75,0.25
10-2022,communication,spotify,142,148,2402.76,0.0,1.0
10-2022,communication,audible,26,30,360.26,0.0,1.0
10-2022,holidays,other,566,1725,274457.63,0.65,0.35
9-2022,salary,other,1,2,19.28,1.0,0.0
10-2022,general,paypal,44,80,7379.26,0.0,1.0
3-2022,communication,netflix.com,18,18,255.67,0.0,1.0
11-2023,groceries,migrolino,99,217,1532.85,1.0,0.0
11-2023,transport,parkingpay,41,122,1002.3,0.0,1.0
11-2023,transport,tier,11,22,70.7,0.1,0.9
2-2022,groceries,coop,746,3314,79314.45,0.97,0.03
2-2022,restaurants,starbucks,73,117,1107.27,1.0,0.0
2-2022,entertainment,youtube,48,52,700.94,0.0,1.0
2-2022,health,dm-drogerie,17,20,788.16,1.0,0.0
2-2022,shopping,muller,46,55,1454.89,1.0,0.0
2-2022,restaurants,vicafe,12,22,275.65,0.69,0.31
11-2023,entertainment,other,596,1950,143367.86,0.16,0.84
11-2023,holidays,other,454,1056,133193.54,0.53,0.47
11-2023,health,other,526,892,50028.34,0.88,0.12
12-2023,transport,coop,274,763,16884.2,1.0,0.0
12-2023,transport,eni,70,118,4355.24,0.84,0.16
12-2023,groceries,brezelkönig,36,54,370.4,1.0,0.0
12-2023,groceries,kkiosk,94,188,2840.2,1.0,0.0
12-2023,entertainment,swisslos,45,109,5121.0,0.0,1.0
12-2023,transport,zvv,25,66,598.04,0.0,1.0
12-2023,entertainment,swiss casinos,21,133,11972.6,0.0,1.0
12-2023,transport,fairtiq,28,54,1379.05,0.0,1.0
12-2023,entertainment,playstationnetwork,19,23,473.89,0.0,1.0
12-2023,transport,lime,18,40,200.74,0.0,1.0
12-2023,education,other,3,6,836.36,0.01,0.99
3-2023,groceries,aldi,230,583,16855.79,1.0,0.0
3-2023,entertainment,interwetten,15,191,16604.89,0.0,1.0
3-2023,groceries,manor,35,80,2042.2,1.0,0.0
3-2023,restaurants,tibits,28,36,602.1,1.0,0.0
3-2023,communication,netflix.com,74,74,1278.7,0.0,1.0
3-2023,shopping,ochsner,25,29,3182.7,0.99,0.01
4-2023,communication,apple,349,954,14305.56,0.0,1.0
4-2023,transport,avia,118,194,7039.38,1.0,0.0
4-2023,transport,socar,96,141,4425.7,1.0,0.0
4-2023,cash,postfinance,55,90,21031.84,1.0,0.0
4-2023,shopping,migros,53,64,3825.0,0.8,0.2
4-2023,transport,tamoil,40,81,2173.1,1.0,0.0
4-2023,groceries,other,1092,4464,117270.96,0.84,0.16
5-2023,transport,coop,327,887,17457.14,1.0,0.0
5-2023,groceries,volg,158,398,6374.1,1.0,0.0
5-2023,entertainment,interwetten,17,254,19361.48,0.0,1.0
5-2023,transport,eni,83,147,4606.14,0.89,0.11
5-2023,transport,lime,18,78,356.44,0.0,1.0
5-2023,transport,fairtiq,32,83,2017.32,0.0,1.0
5-2023,transport,zvv,23,87,786.9,0.0,1.0
5-2023,restaurants,tibits,46,63,1411.0,1.0,0.0
5-2023,health,coop,42,48,1527.5,1.0,0.0
5-2023,cash,other,304,774,176766.43,0.76,0.24
4-2023,transport,agrola,78,172,4373.8,1.0,0.0
4-2023,groceries,sprungli,40,53,1193.1,1.0,0.0
4-2023,groceries,panetarium,2,36,351.5,1.0,0.0
5-2023,shopping,decathlon,38,44,3340.34,0.8,0.2
6-2023,groceries,lidl,211,492,19084.6,1.0,0.0
6-2023,groceries,spar,124,294,7188.2,1.0,0.0
6-2023,entertainment,microsoft,40,45,1284.9,0.0,1.0
6-2023,entertainment,paypal,26,41,1788.51,0.0,1.0
6-2023,groceries,twint,16,68,972.15,0.0,1.0
6-2023,general,other,348,659,52996.79,0.25,0.75
6-2023,shopping,other,1190,4053,302208.36,0.66,0.34
6-2023,restaurants,starbucks,88,164,1787.39,0.98,0.02
6-2023,restaurants,vicafe,23,49,499.1,0.94,0.06
6-2023,shopping,jelmoli,11,19,1039.0,1.0,0.0
10-2021,groceries,avec,76,119,935.15,0.99,0.01
10-2021,restaurants,starbucks,82,127,1298.44,0.97,0.03
10-2021,groceries,sumup,55,74,1827.22,1.0,0.0
10-2021,transport,voi,8,38,142.91,0.03,0.97
11-2021,entertainment,mycasino.ch,8,31,3429.0,0.0,1.0
11-2021,restaurants,tibits,22,43,809.1,1.0,0.0
11-2021,shopping,zalando,29,48,7472.9,0.0,1.0
11-2021,tax,other,122,152,5330.71,0.4,0.6
12-2021,restaurants,migros,128,229,3052.85,1.0,0.0
12-2021,transport,easypark,30,73,256.31,0.0,1.0
12-2021,entertainment,mycasino.ch,8,37,4332.0,0.0,1.0
12-2021,communication,post,114,175,7749.59,1.0,0.0
12-2021,restaurants,subway,19,23,383.94,1.0,0.0
1-2022,transport,uber,57,189,2899.53,0.13,0.87
1-2022,shopping,migros,49,57,3091.6,0.93,0.07
1-2022,entertainment,steam,32,54,1231.51,0.0,1.0
10-2021,entertainment,microsoft,36,56,1387.7,0.0,1.0
10-2021,entertainment,paypal,18,21,916.81,0.0,1.0
10-2021,communication,netflix.com,12,13,165.36,0.0,1.0
10-2021,restaurants,vicafe,22,40,437.05,0.83,0.17
11-2021,groceries,selecta,77,294,797.83,1.0,0.0
11-2021,shopping,paypal,104,181,19178.96,0.0,1.0
11-2021,shopping,aliexpress,44,171,5002.67,0.0,1.0
11-2021,cash,kantonalbank,23,35,8160.0,1.0,0.0
11-2021,transport,bolt,5,10,46.48,0.0,1.0
12-2021,shopping,decathlon,14,23,2243.82,0.58,0.42
1-2022,transport,vbz,24,34,272.2,1.0,0.0
1-2022,restaurants,tibits,21,32,688.5,1.0,0.0
6-2021,groceries,migros,489,1743,58976.34,0.9,0.1
6-2021,entertainment,interwetten,4,30,8759.02,0.0,1.0
6-2021,cash,twint,46,129,3832.09,0.0,1.0
6-2021,communication,sky,31,38,606.57,0.0,1.0
6-2021,cash,binance,14,29,8735.01,0.0,1.0
6-2021,groceries,stocker,12,24,226.4,1.0,0.0
6-2021,communication,yallo,12,15,679.05,0.0,1.0
7-2021,shopping,other,784,2831,221437.23,0.64,0.36
7-2021,transport,sbb,206,899,19563.8,0.28,0.72
7-2021,groceries,migrolino,58,222,2159.35,0.92,0.08
7-2021,cash,kantonalbank,21,30,7470.0,1.0,0.0
7-2021,entertainment,jackpots.ch,11,136,2250.59,0.0,1.0
7-2021,shopping,jelmoli,20,23,1960.7,0.94,0.06
8-2021,groceries,selecta,91,313,909.18,1.0,0.0
8-2021,shopping,aliexpress,45,139,4424.24,0.0,1.0
8-2021,shopping,paypal,92,191,14355.51,0.0,1.0
8-2021,shopping,zalando,26,56,7073.45,0.0,1.0
6-2021,groceries,brezelkonig,30,39,268.5,1.0,0.0
8-2021,transport,other,610,2015,51203.15,0.78,0.22
8-2021,savings,other,34,97,35799.13,0.03,0.97
9-2021,groceries,lidl,128,290,11316.09,1.0,0.0
9-2021,groceries,spar,101,263,6645.74,1.0,0.0
9-2021,shopping,digitec galaxus,72,111,14657.26,0.08,0.92
9-2021,communication,spotify,126,130,2118.28,0.0,1.0
9-2021,shopping,manor,49,76,5721.5,0.85,0.15
9-2021,cash,kantonalbank,20,30,5380.0,1.0,0.0
9-2021,groceries,twint,8,16,744.3,0.0,1.0
9-2021,communication,audible,32,34,404.22,0.0,1.0
1-2023,groceries,denner,259,614,13833.65,0.99,0.01
1-2023,restaurants,migros,166,368,4997.5,1.0,0.0
1-2023,living,landi,29,35,1479.4,1.0,0.0
1-2023,entertainment,youtube,49,60,771.72,0.0,1.0
1-2023,restaurants,subway,28,45,714.87,1.0,0.0
1-2023,shopping,ochsner,39,48,3584.8,0.92,0.08
1-2023,health,other,492,904,45620.76,0.9,0.1
1-2023,communication,other,531,1031,45266.09,0.05,0.95
2-2023,groceries,selecta,96,266,866.49,1.0,0.0
2-2023,restaurants,sumup,175,345,8462.8,1.0,0.0
2-2023,transport,migrol,110,192,5683.94,1.0,0.0
2-2023,restaurants,uber,58,221,7607.34,0.0,1.0
2-2023,savings,coinbase,7,27,2320.72,0.0,1.0
2-2023,shopping,globus,36,46,2776.52,1.0,0.0
2-2023,holidays,swiss,28,36,6671.65,0.14,0.86
2-2023,entertainment,steam,25,37,1193.09,0.0,1.0
2-2023,restaurants,marche,56,77,1071.17,1.0,0.0
2-2023,transport,landi,17,39,567.25,1.0,0.0
1-2023,transport,paypal,11,22,2121.25,0.0,1.0
3-2023,groceries,rewe,17,28,1035.32,1.0,0.0
11-2022,shopping,migros,46,61,3663.7,0.97,0.03
11-2022,cash,other,275,670,150352.57,0.84,0.16
11-2022,entertainment,other,569,1711,104792.04,0.14,0.86
11-2022,groceries,denner,270,660,13205.3,0.99,0.01
11-2022,transport,paypal,12,12,1827.29,0.0,1.0
11-2022,communication,tiktok,4,43,769.94,0.0,1.0
12-2022,groceries,kkiosk,107,177,2313.65,0.99,0.01
12-2022,shopping,muller,63,84,2469.05,1.0,0.0
12-2022,groceries,brezelkönig,31,38,233.8,1.0,0.0
12-2022,wellness,other,7,8,1326.99,0.96,0.04
12-2022,Health,other,1,1,725.0,0.0,1.0
3-2022,cash,other,189,405,92705.97,0.82,0.18
3-2022,restaurants,other,1013,6209,226713.44,0.94,0.06
3-2022,groceries,aldi,175,448,15461.84,1.0,0.0
3-2022,transport,avia,85,154,6816.27,1.0,0.0
3-2022,transport,socar,99,169,5246.19,1.0,0.0
3-2022,transport,agrola,67,114,3564.87,1.0,0.0
3-2022,groceries,manor,34,74,1538.75,1.0,0.0
3-2022,entertainment,swisslos,30,60,3194.0,0.02,0.98
3-2022,shopping,migros,38,42,2605.3,0.95,0.05
3-2022,transport,tamoil,31,42,1124.83,1.0,0.0
3-2022,groceries,rewe,14,32,1029.23,1.0,0.0
3-2022,entertainment,playstationnetwork,17,36,718.57,0.0,1.0
3-2022,entertainment,swiss casinos,29,106,7988.0,0.0,1.0
4-2022,transport,coop,254,530,14426.76,1.0,0.0
4-2022,shopping,amazon,90,175,11655.51,0.0,1.0
4-2022,restaurants,starbucks,84,135,1418.09,0.99,0.01
4-2022,shopping,ikea,50,75,9974.18,0.79,0.21
4-2022,transport,eni,60,97,2381.53,0.96,0.04
4-2022,transport,lime,24,65,319.23,0.0,1.0
4-2022,transport,fairtiq,33,74,1827.88,0.0,1.0
4-2022,shopping,sumup,34,42,2882.34,0.96,0.04
4-2022,transport,zvv,29,83,1892.2,0.0,1.0
4-2022,cash,kantonalbank,29,36,8260.0,1.0,0.0
4-2022,communication,netflix.com,19,20,302.7,0.0,1.0
4-2022,restaurants,vicafe,18,26,361.15,0.72,0.28
5-2022,groceries,lidl,185,427,18905.45,1.0,0.0
5-2022,restaurants,mcdonalds,190,319,5771.39,1.0,0.0
5-2022,groceries,spar,100,279,6611.88,1.0,0.0
5-2022,communication,spotify,139,142,2333.06,0.0,1.0
5-2022,entertainment,netflix,113,113,2317.94,0.0,1.0
5-2022,entertainment,google,15,19,158.11,0.0,1.0
5-2022,shopping,amzn,14,24,2104.49,0.0,1.0
5-2022,groceries,twint,19,47,673.1,0.0,1.0
5-2022,communication,audible,31,33,351.01,0.0,1.0
5-2022,transport,bolt,7,27,176.27,0.0,1.0
5-2022,holidays,other,462,1193,172869.89,0.54,0.46
5-2022,savings,other,32,43,43721.32,0.0,1.0
6-2022,communication,google,125,406,3996.41,0.0,1.0
6-2022,groceries,avec,157,273,2442.95,0.98,0.02
6-2022,cash,revolut,65,179,85406.13,0.0,1.0
6-2022,restaurants,mcdonalds,188,311,5267.41,1.0,0.0
6-2022,transport,parkingpay,47,172,943.98,0.0,1.0
6-2022,groceries,sumup,76,104,1641.47,1.0,0.0
6-2022,transport,tier,32,103,535.67,0.07,0.93
6-2022,entertainment,steam,24,51,1136.68,0.0,1.0
8-2023,restaurants,other,1290,8779,276915.81,0.96,0.04
8-2023,groceries,other,1105,4750,112748.85,0.88,0.12
8-2023,living,other,115,214,9255.58,0.66,0.34
8-2023,communication,apple,346,968,19168.97,0.0,1.0
8-2023,transport,migrol,154,264,6642.42,1.0,0.0
8-2023,entertainment,steam,28,45,1142.69,0.0,1.0
8-2023,transport,landi,22,39,746.21,0.97,0.03
8-2023,groceries,panetarium,4,37,339.5,1.0,0.0
9-2023,groceries,lidl,197,437,15799.99,1.0,0.0
9-2023,groceries,spar,138,310,6888.23,1.0,0.0
9-2023,entertainment,interwetten,21,306,27400.79,0.0,1.0
9-2023,restaurants,starbucks,94,176,1630.23,0.94,0.06
9-2023,communication,post,116,136,4228.99,0.96,0.04
9-2023,health,amavita,43,56,1511.8,1.0,0.0
9-2023,groceries,twint,13,60,508.8,0.0,1.0
9-2023,restaurants,vicafe,21,46,369.2,0.89,0.11
9-2023,shopping,ochsner,31,36,3649.85,0.84,0.16
9-2023,transport,paypal,14,34,1288.76,0.0,1.0
8-2023,groceries,sprungli,35,47,1043.95,1.0,0.0
8-2023,health,sumup,47,56,5436.25,1.0,0.0
9-2023,savings,other,14,23,5990.3,0.0,1.0
9-2023,cash,ubs,31,60,8930.0,1.0,0.0
10-2023,entertainment,youtube,44,44,666.87,0.0,1.0
10-2023,restaurants,vicafe,21,41,374.4,0.79,0.21
10-2023,groceries,migrolino,108,257,1852.25,1.0,0.0
10-2023,restaurants,starbucks,107,172,1783.91,0.97,0.03
10-2023,transport,easypark,63,170,857.41,0.0,1.0
10-2023,health,sumup,53,59,4480.74,1.0,0.0
10-2023,communication,yallo,20,34,1098.05,0.0,1.0
10-2023,communication,sky,5,6,157.3,0.0,1.0
7-2022,groceries,kkiosk,108,162,2039.9,1.0,0.0
7-2022,entertainment,microsoft,40,43,676.71,0.0,1.0
7-2022,entertainment,paypal,28,37,1993.84,0.0,1.0
7-2022,cash,other,276,784,156345.1,0.9,0.1
7-2022,groceries,brezelkönig,25,30,205.7,1.0,0.0
8-2022,restaurants,mcdonalds,222,352,5836.57,1.0,0.0
8-2022,transport,parkingpay,48,124,932.29,0.0,1.0
8-2022,entertainment,youtube,46,47,714.12,0.0,1.0
8-2022,shopping,other,1113,3960,284276.57,0.66,0.34
8-2022,transport,tier,30,108,450.01,0.01,0.99
8-2022,holidays,booking.com,36,59,18440.86,0.0,1.0
8-2022,health,coop,30,36,1004.1,1.0,0.0
8-2022,shopping,jelmoli,13,20,853.8,0.93,0.07
8-2022,Restaurant,other,6,7,205.6,1.0,0.0
8-2022,wellness,other,16,19,2062.91,0.93,0.07
8-2022,Fitness,other,1,1,29.0,1.0,0.0
9-2022,groceries,other,1024,4409,102806.4,0.85,0.15
9-2022,general,other,299,529,44120.09,0.21,0.79
9-2022,groceries,sprungli,34,44,864.2,1.0,0.0
9-2022,holidays,booking.com,33,46,15021.23,0.0,1.0
9-2022,groceries,panetarium,4,30,298.5,1.0,0.0
9-2022,shopping,ochsner,31,34,2813.35,0.95,0.05
9-2022,communication,netflix.com,21,21,309.39,0.0,1.0
1-2021,transport,uber,17,59,727.58,0.04,0.96
1-2021,cash,ubs,31,76,3118.23,0.43,0.57
1-2021,transport,vbz,11,21,101.3,1.0,0.0
1-2021,communication,sky,20,28,378.24,0.0,1.0
1-2021,shopping,ochsner,11,11,968.25,0.82,0.18
1-2021,communication,yallo,7,14,430.15,0.0,1.0
1-2021,education,other,1,1,99.0,1.0,0.0
2-2021,transport,coop,118,248,7489.31,0.97,0.03
2-2021,groceries,migrolino,49,109,877.7,0.95,0.05
2-2021,transport,eni,11,19,621.38,1.0,0.0
2-2021,transport,lime,4,8,20.47,0.0,1.0
2-2021,transport,fairtiq,15,19,241.75,0.0,1.0
2-2021,shopping,migros,16,20,802.1,0.77,0.23
2-2021,savings,revolut,35,89,19861.94,0.0,1.0
3-2021,groceries,migrolino,59,162,1306.45,0.83,0.17
3-2021,entertainment,interwetten,4,44,8623.0,0.0,1.0
3-2021,communication,post,92,125,2664.6,1.0,0.0
3-2021,shopping,migros,42,52,1932.0,0.77,0.23
3-2021,general,other,142,248,27166.98,0.06,0.94
3-2021,living,other,82,127,10183.93,0.4,0.6
3-2021,savings,other,31,65,19354.03,0.0,1.0
5-2021,restaurants,migros,80,152,1640.15,0.99,0.01
5-2021,shopping,digitec galaxus,67,108,15503.03,0.12,0.88
5-2021,shopping,manor,35,48,2058.35,0.89,0.11
5-2021,groceries,sprungli,24,30,861.0,1.0,0.0
5-2021,cash,kantonalbank,9,9,820.0,1.0,0.0
5-2021,groceries,panetarium,5,31,361.0,1.0,0.0
5-2021,groceries,other,636,2404,79696.66,0.82,0.18
2-2021,transport,zvv,8,14,112.5,0.0,1.0
3-2021,restaurants,spettacolo,4,5,43.6,1.0,0.0
3-2021,transport,paypal,9,11,503.82,0.0,1.0
3-2021,Restaurant,other,1,1,32.0,1.0,0.0
4-2021,groceries,migrolino,74,174,1696.94,0.87,0.13
4-2021,restaurants,other,665,2481,77312.13,0.8,0.2
4-2021,health,other,289,443,29696.09,0.87,0.13
4-2021,transport,other,413,1004,28452.62,0.85,0.15
4-2021,holidays,other,151,276,35208.59,0.68,0.32
4-2021,entertainment,steam,15,22,456.96,0.0,1.0
5-2021,restaurants,subway,25,40,697.67,1.0,0.0
7-2023,groceries,lidl,221,488,19222.45,1.0,0.0
7-2023,groceries,spar,171,353,9220.82,0.98,0.02
7-2023,entertainment,microsoft,42,51,626.07,0.0,1.0
7-2023,entertainment,paypal,23,33,1474.72,0.0,1.0
7-2023,communication,other,524,1088,37967.07,0.1,0.9
7-2023,cash,other,334,792,176425.17,0.87,0.13
7-2023,transport,voi,23,100,368.86,0.0,1.0
7-2023,restaurants,spettacolo,29,31,296.7,1.0,0.0
7-2023,groceries,twint,14,44,511.45,0.0,1.0
10-2022,groceries,steiner,50,124,1543.9,1.0,0.0
10-2022,transport,vbz,21,37,226.3,1.0,0.0
10-2022,groceries,sbb,35,47,389.8,1.0,0.0
10-2022,shopping,decathlon,37,46,3295.31,0.98,0.02
10-2022,transport,uber,74,265,4179.47,0.05,0.95
10-2022,holidays,airbnb,18,29,13941.36,0.0,1.0
11-2022,Shopping,other,1,1,65.8,1.0,0.0
11-2023,transport,shell,124,192,4581.11,1.0,0.0
11-2023,restaurants,burger,120,165,4039.84,1.0,0.0
11-2023,health,sumup,41,46,3886.97,1.0,0.0
2-2022,communication,apple,312,953,19961.23,0.0,1.0
2-2022,groceries,aldi,164,375,12965.59,1.0,0.0
2-2022,health,amavita,49,56,1843.65,0.95,0.05
2-2022,groceries,manor,25,49,875.7,1.0,0.0
2-2022,cash,kantonalbank,27,33,9710.0,1.0,0.0
2-2022,holidays,swiss,27,44,7638.23,0.05,0.95
2-2022,groceries,rewe,12,26,783.78,1.0,0.0
11-2023,cash,twint,24,74,4050.65,0.0,1.0
11-2023,communication,sky,3,3,35.79,0.0,1.0
11-2023,shopping,amzn,27,45,3160.73,0.0,1.0
11-2023,communication,yallo,21,32,1182.2,0.0,1.0
11-2023,cash,binance,10,31,17845.85,0.0,1.0
11-2023,holidays,airbnb,21,29,13135.07,0.0,1.0
12-2023,groceries,migros,803,3147,92614.97,0.95,0.05
12-2023,restaurants,burger,136,190,4565.09,1.0,0.0
12-2023,groceries,brezelkonig,56,75,587.3,0.95,0.05
12-2023,transport,voi,13,69,229.93,0.0,1.0
12-2023,shopping,decathlon,35,40,3562.43,0.9,0.1
12-2023,groceries,stocker,25,54,346.9,1.0,0.0
12-2023,communication,tiktok,15,190,9341.41,0.0,1.0
3-2023,communication,paypal,109,193,6355.47,0.0,1.0
3-2023,restaurants,starbucks,106,177,1667.42,0.97,0.03
3-2023,groceries,steiner,57,120,1270.65,1.0,0.0
3-2023,shopping,amzn,37,76,3544.27,0.0,1.0
3-2023,groceries,sbb,27,38,315.6,1.0,0.0
3-2023,restaurants,vicafe,20,34,372.69,0.61,0.39
3-2023,living,other,98,201,15396.47,0.41,0.59
3-2023,savings,other,21,39,6609.28,0.0,1.0
4-2023,groceries,volg,128,279,5300.5,1.0,0.0
4-2023,transport,parkingpay,39,137,1170.29,0.0,1.0
4-2023,restaurants,mcdonald's,77,115,1802.2,1.0,0.0
4-2023,transport,tier,20,85,242.78,0.0,1.0
3-2023,entertainment,paypal,27,46,1284.33,0.0,1.0
5-2023,transport,migrol,144,250,6658.29,1.0,0.0
5-2023,restaurants,starbucks,91,180,1751.74,0.97,0.03
5-2023,cash,ubs,29,69,11330.0,1.0,0.0
5-2023,groceries,sprungli,36,51,923.7,1.0,0.0
5-2023,entertainment,microsoft,46,63,1465.87,0.0,1.0
5-2023,transport,landi,21,49,1020.7,1.0,0.0
5-2023,entertainment,paypal,17,34,2878.55,0.0,1.0
5-2023,groceries,panetarium,4,60,545.8,1.0,0.0
5-2023,shopping,other,1218,4000,309337.17,0.65,0.35
5-2023,groceries,other,1131,5044,123858.88,0.87,0.13
4-2023,savings,other,20,62,12024.11,0.0,1.0
4-2023,shopping,globus,23,39,2197.55,0.97,0.03
4-2023,Restaurant,other,3,4,32.7,1.0,0.0
5-2023,restaurants,vicafe,26,45,344.2,1.0,0.0
5-2023,shopping,jelmoli,15,28,918.55,1.0,0.0
5-2023,Restaurant,other,4,4,100.4,1.0,0.0
6-2023,entertainment,interwetten,17,222,13934.81,0.0,1.0
6-2023,holidays,booking.com,59,79,31113.2,0.0,1.0
6-2023,shopping,decathlon,41,52,3413.06,0.95,0.05
6-2023,communication,sky,36,43,731.32,0.0,1.0
6-2023,communication,yallo,17,46,1104.3,0.0,1.0
6-2023,savings,other,20,103,20421.37,0.0,1.0
6-2023,restaurants,tibits,28,48,934.4,1.0,0.0
6-2023,health,dm-drogerie,35,44,1764.78,1.0,0.0
6-2023,transport,paypal,13,21,2373.36,0.0,1.0
10-2021,wellness,other,9,11,993.35,0.94,0.06
10-2021,transport,sbb,236,1021,15660.8,0.21,0.79
10-2021,groceries,selecta,98,351,1027.3,1.0,0.0
10-2021,communication,paypal,67,114,3223.42,0.0,1.0
10-2021,entertainment,interwetten,8,48,5431.0,0.0,1.0
10-2021,cash,twint,58,212,7708.91,0.0,1.0
10-2021,shopping,muller,41,48,1240.62,1.0,0.0
11-2021,restaurants,starbucks,67,126,1180.06,0.89,0.11
11-2021,groceries,sumup,66,82,1846.61,1.0,0.0
11-2021,savings,revolut,63,178,61494.65,0.0,1.0
11-2021,restaurants,vicafe,13,19,155.9,1.0,0.0
11-2021,communication,other,441,859,36787.24,0.04,0.96
11-2021,transport,other,604,1917,42849.89,0.74,0.26
11-2021,living,other,82,148,14611.1,0.39,0.61
12-2021,transport,shell,77,132,3998.2,1.0,0.0
12-2021,restaurants,burger,107,141,3090.42,0.99,0.01
12-2021,communication,amazon,62,89,926.73,0.0,1.0
12-2021,communication,adobe,21,29,869.41,0.0,1.0
12-2021,shopping,jelmoli,27,44,3916.1,0.98,0.02
12-2021,general,other,242,375,69681.67,0.18,0.82
12-2021,shopping,other,986,3478,311482.73,0.58,0.42
12-2021,living,other,74,149,6258.11,0.61,0.39
1-2022,groceries,spar,91,214,6500.14,1.0,0.0
1-2022,restaurants,starbucks,46,85,992.71,1.0,0.0
1-2022,savings,coinbase,26,94,9892.89,0.0,1.0
1-2022,shopping,globus,36,59,4255.43,0.98,0.02
1-2022,holidays,swiss,14,24,3761.37,0.09,0.91
1-2022,entertainment,youtube,41,49,609.34,0.0,1.0
1-2022,restaurants,vicafe,12,21,264.3,0.78,0.22
1-2022,living,other,70,173,10903.5,0.64,0.36
10-2021,restaurants,tibits,22,41,773.3,1.0,0.0
10-2021,cash,binance,18,61,16048.23,0.0,1.0
10-2021,health,dm-drogerie,16,20,1652.89,1.0,0.0
11-2021,groceries,avec,67,114,894.8,1.0,0.0
11-2021,holidays,booking.com,8,15,6384.0,0.0,1.0
11-2021,Holidays,other,1,1,21.02,1.0,0.0
12-2021,groceries,coop,775,3140,93855.32,0.98,0.02
12-2021,wellness,other,19,25,3262.8,0.91,0.09
1-2022,groceries,lidl,134,313,13287.4,1.0,0.0
1-2022,groceries,twint,12,22,471.0,0.0,1.0
6-2021,health,other,309,487,33821.1,0.86,0.14
6-2021,restaurants,mcdonalds,137,226,3781.85,1.0,0.0
6-2021,savings,coinbase,12,33,3354.33,0.0,1.0
6-2021,shopping,otto's,26,33,1543.75,0.94,0.06
6-2021,entertainment,microsoft,23,25,817.57,0.0,1.0
6-2021,shopping,orell fussli,16,18,644.8,1.0,0.0
6-2021,transport,paypal,8,10,171.36,0.0,1.0
6-2021,shopping,hornbach,18,27,1470.24,0.46,0.54
7-2021,restaurants,sumup,102,148,4420.82,0.99,0.01
7-2021,restaurants,uber,40,130,4468.65,0.03,0.97
7-2021,groceries,kkiosk,57,87,986.95,1.0,0.0
7-2021,entertainment,swisslos,12,19,1082.0,0.0,1.0
7-2021,health,amavita,34,41,1213.25,1.0,0.0
7-2021,groceries,brezelkönig,26,35,259.0,1.0,0.0
7-2021,shopping,decathlon,30,37,2763.92,0.85,0.15
7-2021,entertainment,swiss casinos,9,66,5458.0,0.0,1.0
7-2021,general,other,195,289,24766.52,0.21,0.79
8-2021,groceries,avec,69,115,980.8,0.89,0.11
8-2021,communication,spotify,126,133,2161.77,0.0,1.0
8-2021,restaurants,mcdonald's,48,70,1230.2,1.0,0.0
8-2021,groceries,sumup,48,64,1198.22,0.97,0.03
8-2021,cash,postfinance,38,51,9946.68,1.0,0.0
8-2021,health,coop,28,32,794.35,0.99,0.01
8-2021,transport,bolt,2,7,36.49,0.0,1.0
6-2021,entertainment,paypal,12,17,624.5,0.0,1.0
7-2021,restaurants,marche,36,46,917.73,1.0,0.0
7-2021,entertainment,playstationnetwork,11,13,266.56,0.0,1.0
7-2021,transport,voi,6,9,61.94,0.53,0.47
8-2021,general,other,250,430,40457.61,0.28,0.72
8-2021,communication,audible,29,36,420.34,0.0,1.0
8-2021,Restaurant,other,1,1,47.2,1.0,0.0
9-2021,entertainment,netflix,109,109,2001.48,0.0,1.0
9-2021,restaurants,other,939,5766,214118.44,0.94,0.06
9-2021,holidays,swiss,30,68,6917.27,0.03,0.97
9-2021,health,coop,21,25,637.45,0.94,0.06
9-2021,entertainment,google,14,19,226.83,0.0,1.0
1-2023,restaurants,burger,138,191,4393.36,1.0,0.0
1-2023,entertainment,steam,37,68,1263.91,0.0,1.0
1-2023,shopping,amzn,41,81,4807.8,0.0,1.0
2-2023,transport,coop,266,593,14866.88,1.0,0.0
2-2023,groceries,avec,131,257,2193.85,1.0,0.0
2-2023,groceries,sumup,65,82,1596.29,1.0,0.0
2-2023,transport,eni,51,73,2684.79,0.99,0.01
2-2023,transport,lime,19,74,269.47,0.0,1.0
2-2023,transport,fairtiq,37,92,1798.02,0.0,1.0
2-2023,shopping,migros,38,51,2947.4,0.83,0.17
2-2023,transport,zvv,27,88,3424.2,0.0,1.0
2-2023,entertainment,youtube,44,44,652.54,0.0,1.0
3-2023,entertainment,microsoft,49,54,1236.0,0.0,1.0
11-2022,communication,spotify,142,150,2436.66,0.0,1.0
11-2022,cash,ubs,33,44,16540.0,1.0,0.0
11-2022,general,paypal,39,83,9399.8,0.0,1.0
11-2022,shopping,globus,46,60,3378.95,0.93,0.07
11-2022,restaurants,spettacolo,31,54,420.25,1.0,0.0
11-2022,communication,audible,25,28,299.18,0.0,1.0
11-2022,holidays,airbnb,24,44,12325.3,0.0,1.0
11-2022,salary,other,2,2,23.25,0.0,1.0
12-2022,communication,apple,354,1007,17089.8,0.01,0.99
12-2022,groceries,migrolino,92,239,1782.55,1.0,0.0
12-2022,entertainment,other,568,1832,147775.82,0.15,0.85
12-2022,restaurants,other,1129,7069,228375.89,0.94,0.06
12-2022,cash,kantonalbank,36,63,18110.0,1.0,0.0
12-2022,holidays,booking.com,32,47,10363.45,0.0,1.0
12-2022,health,dm-drogerie,34,50,1650.66,1.0,0.0
1-2023,Shopping,other,1,2,98.6,1.0,0.0
3-2022,communication,google,95,264,3246.93,0.0,1.0
3-2022,transport,parkingpay,48,134,928.0,0.0,1.0
3-2022,groceries,steiner,55,124,1331.55,1.0,0.0
3-2022,cash,ubs,20,23,4820.0,1.0,0.0
3-2022,transport,tier,16,60,257.79,0.02,0.98
3-2022,shopping,globus,35,58,4249.6,1.0,0.0
3-2022,entertainment,jackpots.ch,18,145,13313.7,0.0,1.0
3-2022,groceries,sbb,17,27,224.15,1.0,0.0
4-2022,groceries,denner,251,525,13277.95,0.97,0.03
4-2022,transport,migrol,125,218,6271.48,1.0,0.0
4-2022,communication,paypal,89,181,7528.21,0.0,1.0
4-2022,restaurants,tibits,25,48,1029.8,1.0,0.0
4-2022,transport,landi,18,34,492.5,1.0,0.0
5-2022,cash,postfinance,61,89,17343.05,1.0,0.0
5-2022,shopping,ochsner,28,31,3186.05,0.94,0.06
5-2022,transport,other,741,2603,82872.32,0.64,0.36
3-2022,education,other,4,4,843.14,0.08,0.92
4-2022,holidays,airbnb,16,35,10536.08,0.0,1.0
5-2022,communication,tiktok,3,28,826.61,0.0,1.0
6-2022,groceries,selecta,109,406,1086.84,0.99,0.01
6-2022,transport,avia,123,191,8681.68,1.0,0.0
6-2022,transport,socar,102,169,4183.57,1.0,0.0
6-2022,cash,twint,52,126,5254.01,0.0,1.0
6-2022,health,dm-drogerie,31,44,1563.71,1.0,0.0
6-2022,transport,agrola,92,182,4816.6,1.0,0.0
6-2022,transport,tamoil,31,55,1811.97,1.0,0.0
6-2022,shopping,otto's,45,59,2802.45,0.98,0.02
6-2022,entertainment,youtube,46,49,697.61,0.0,1.0
6-2022,shopping,hornbach,18,24,2067.9,0.51,0.49
6-2022,tax,other,162,245,9185.83,0.67,0.33
6-2022,shopping,orell fussli,22,23,1004.25,1.0,0.0
6-2022,cash,binance,15,89,41143.23,0.0,1.0
8-2023,transport,coop,318,895,17840.79,0.97,0.03
8-2023,groceries,volg,174,406,7850.1,1.0,0.0
8-2023,shopping,amazon,117,219,14489.77,0.0,1.0
8-2023,shopping,ikea,71,110,8723.9,0.84,0.16
8-2023,transport,eni,81,147,4870.45,0.88,0.12
8-2023,transport,lime,20,79,444.91,0.0,1.0
8-2023,transport,fairtiq,12,32,1191.3,0.0,1.0
8-2023,general,paypal,34,47,5168.23,0.0,1.0
8-2023,shopping,sumup,58,86,8648.22,0.99,0.01
8-2023,transport,zvv,19,70,1679.7,0.0,1.0
8-2023,entertainment,youtube,45,48,760.34,0.0,1.0
9-2023,communication,amazon,65,116,1388.46,0.0,1.0
9-2023,entertainment,microsoft,47,52,957.76,0.0,1.0
9-2023,restaurants,tibits,29,47,1109.3,1.0,0.0
9-2023,entertainment,paypal,23,33,1703.59,0.0,1.0
9-2023,communication,adobe,32,40,1164.4,0.0,1.0
9-2023,cash,other,302,649,156795.83,0.82,0.18
9-2023,shopping,amzn,33,51,2578.83,0.0,1.0
9-2023,Groceries,other,2,2,67.8,1.0,0.0
10-2023,transport,shell,153,268,5494.57,1.0,0.0
10-2023,groceries,kkiosk,111,223,3438.75,1.0,0.0
10-2023,entertainment,steam,34,65,2074.67,0.0,1.0
10-2023,shopping,digitec galaxus,88,147,22306.49,0.12,0.88
10-2023,savings,coinbase,11,41,2105.39,0.0,1.0
10-2023,restaurants,tibits,38,70,1466.3,1.0,0.0
10-2023,groceries,brezelkönig,35,40,296.0,1.0,0.0
10-2023,shopping,manor,55,73,3187.09,0.91,0.09
7-2022,communication,google,141,427,3806.19,0.0,1.0
7-2022,groceries,migrolino,103,233,2206.8,1.0,0.0
7-2022,entertainment,interwetten,13,143,13637.38,0.0,1.0
7-2022,shopping,ikea,61,97,6263.61,0.97,0.03
7-2022,restaurants,other,1190,8911,332418.31,0.95,0.05
7-2022,shopping,amazon,84,127,8402.23,0.0,1.0
7-2022,cash,ubs,22,31,9740.0,1.0,0.0
7-2022,shopping,sumup,42,46,1772.0,0.98,0.02
7-2022,transport,paypal,6,45,717.94,0.0,1.0
7-2022,salary,other,2,3,17.15,0.48,0.52
8-2022,transport,avia,110,198,8826.96,1.0,0.0
8-2022,transport,socar,114,186,5211.11,1.0,0.0
8-2022,transport,agrola,84,173,4251.46,1.0,0.0
8-2022,transport,tamoil,31,50,1260.93,1.0,0.0
8-2022,communication,sky,39,45,780.3,0.0,1.0
8-2022,shopping,decathlon,39,47,3536.01,0.98,0.02
8-2022,groceries,denner,255,567,12855.0,0.97,0.03
8-2022,entertainment,steam,23,36,637.85,0.0,1.0
8-2022,communication,yallo,15,29,760.0,0.0,1.0
8-2022,Health,other,1,3,315.0,0.0,1.0
9-2022,groceries,volg,154,426,6818.6,1.0,0.0
9-2022,communication,paypal,89,246,5367.33,0.0,1.0
9-2022,restaurants,other,1194,7692,260653.01,0.95,0.05
9-2022,entertainment,other,510,1508,122629.96,0.17,0.83
9-2022,shopping,amzn,23,44,2823.48,0.0,1.0
1-2021,groceries,coop,429,1881,59201.15,0.96,0.04
1-2021,cash,other,44,107,14682.91,0.66,0.34
1-2021,living,other,38,68,6927.58,0.45,0.55
2-2021,communication,apple,170,444,16723.13,0.0,1.0
2-2021,transport,migrol,56,81,1680.75,1.0,0.0
2-2021,groceries,kkiosk,25,40,370.4,1.0,0.0
2-2021,cash,postfinance,10,10,1740.0,1.0,0.0
2-2021,health,amavita,13,16,490.8,1.0,0.0
2-2021,living,landi,25,27,1132.0,1.0,0.0
2-2021,groceries,brezelkönig,14,20,145.9,1.0,0.0
2-2021,transport,landi,12,28,995.2,1.0,0.0
3-2021,groceries,kkiosk,37,50,488.5,1.0,0.0
3-2021,communication,amazon,28,55,1162.58,0.0,1.0
3-2021,entertainment,microsoft,21,22,940.47,0.0,1.0
3-2021,health,sumup,22,24,1369.28,1.0,0.0
3-2021,groceries,brezelkönig,18,32,209.5,1.0,0.0
3-2021,entertainment,paypal,12,13,305.58,0.0,1.0
5-2021,groceries,volg,115,311,5750.45,1.0,0.0
5-2021,communication,google,89,248,1665.83,0.0,1.0
5-2021,restaurants,burger,59,83,2250.18,0.99,0.01
5-2021,transport,paypal,9,14,4384.9,0.0,1.0
5-2021,savings,other,32,75,13592.92,0.0,1.0
1-2021,shopping,amzn,6,7,212.03,0.0,1.0
2-2021,entertainment,mycasino.ch,2,10,500.0,0.0,1.0
2-2021,shopping,globus,9,10,462.35,0.5,0.5
3-2021,shopping,globus,25,33,2064.15,0.8,0.2
3-2021,communication,adobe,16,21,530.48,0.0,1.0
4-2021,communication,apple,204,568,11209.74,0.0,1.0
4-2021,groceries,brezelkönig,24,41,265.9,1.0,0.0
4-2021,tax,other,63,80,3456.49,0.44,0.56
4-2021,shopping,amazon,62,140,6136.35,0.0,1.0
4-2021,groceries,kkiosk,32,47,481.6,1.0,0.0
4-2021,shopping,ikea,39,60,6814.07,0.71,0.29
4-2021,shopping,sumup,22,24,2508.3,1.0,0.0
4-2021,entertainment,youtube,32,34,473.49,0.0,1.0
6-2021,cash,revolut,1,2,261.23,0.0,1.0
6-2023,Groceries,other,1,1,75.6,1.0,0.0
7-2023,transport,sbb,349,1528,31726.0,0.12,0.88
7-2023,shopping,muller,59,76,2836.24,1.0,0.0
7-2023,holidays,other,719,2257,309558.31,0.63,0.37
7-2023,entertainment,interwetten,21,165,7566.33,0.0,1.0
7-2023,cash,ubs,40,85,21930.0,1.0,0.0
7-2023,Shopping,other,1,2,164.28,1.0,0.0
7-2023,Hotel,other,1,1,125.99,1.0,0.0
10-2022,shopping,other,1139,4046,310439.62,0.67,0.33
10-2022,restaurants,other,1234,8342,275851.98,0.94,0.06
10-2022,groceries,aldi,215,479,13352.88,1.0,0.0
10-2022,groceries,manor,33,70,2519.55,1.0,0.0
10-2022,entertainment,swisslos,37,71,3263.0,0.0,1.0
10-2022,groceries,rewe,23,61,1670.26,0.87,0.13
10-2022,health,coop,32,37,1241.05,1.0,0.0
10-2022,entertainment,playstationnetwork,21,31,717.16,0.0,1.0
9-2022,education,other,3,3,728.79,0.02,0.98
10-2022,entertainment,swiss casinos,27,201,14681.8,0.0,1.0
10-2022,shopping,jelmoli,18,28,1392.8,1.0,0.0
11-2023,groceries,migros,800,3337,81104.71,0.95,0.05
11-2023,restaurants,migros,174,351,4250.3,1.0,0.0
11-2023,cash,revolut,83,321,90433.59,0.0,1.0
11-2023,groceries,brezelkonig,67,93,720.4,0.97,0.03
11-2023,restaurants,subway,27,43,751.32,1.0,0.0
2-2022,restaurants,mcdonalds,154,219,3946.42,0.99,0.01
2-2022,shopping,digitec galaxus,90,151,21200.48,0.12,0.88
2-2022,groceries,steiner,53,113,1562.7,1.0,0.0
2-2022,shopping,manor,48,65,3752.65,0.82,0.18
2-2022,groceries,sbb,17,32,316.8,1.0,0.0
11-2023,entertainment,mycasino.ch,16,175,16257.75,0.0,1.0
11-2023,groceries,stocker,18,50,334.8,1.0,0.0
11-2023,wellness,other,14,19,1791.22,0.73,0.27
11-2023,transport,easypark,52,118,756.9,0.0,1.0
11-2023,shopping,ochsner,34,37,3267.5,0.84,0.16
12-2023,transport,sbb,361,1514,24404.8,0.08,0.92
12-2023,communication,audible,32,39,453.33,0.0,1.0
12-2023,shopping,other,1233,4406,339129.68,0.72,0.28
12-2023,restaurants,migros,159,343,4332.45,1.0,0.0
12-2023,communication,spotify,171,180,3147.0,0.0,1.0
12-2023,holidays,booking.com,28,41,9522.44,0.0,1.0
12-2023,restaurants,subway,17,26,454.63,1.0,0.0
12-2023,health,coop,30,40,1166.85,1.0,0.0
12-2023,shopping,jelmoli,23,34,1633.95,0.89,0.11
3-2023,shopping,digitec galaxus,96,147,17872.87,0.11,0.89
3-2023,communication,amazon,64,90,1197.44,0.0,1.0
3-2023,shopping,manor,66,79,3771.5,0.95,0.05
3-2023,health,sumup,48,64,5379.05,1.0,0.0
3-2023,communication,adobe,36,46,1476.87,0.0,1.0
3-2023,transport,other,874,3110,94867.23,0.75,0.25
3-2023,cash,other,263,643,155271.54,0.9,0.1
4-2023,transport,migrol,131,247,5295.12,1.0,0.0
4-2023,general,paypal,42,70,6625.44,0.0,1.0
4-2023,shopping,decathlon,30,33,1269.01,0.95,0.05
4-2023,health,other,505,832,43221.45,0.88,0.12
5-2023,groceries,migros,812,3072,87516.59,0.94,0.06
5-2023,transport,parkingpay,44,167,1303.44,0.0,1.0
5-2023,groceries,brezelkonig,70,107,812.5,0.97,0.03
5-2023,transport,tier,27,91,347.83,0.05,0.95
5-2023,shopping,migros,62,78,3887.6,0.87,0.13
5-2023,health,amavita,39,45,1053.15,1.0,0.0
5-2023,groceries,stocker,26,52,391.35,1.0,0.0
5-2023,general,other,371,647,50281.72,0.25,0.75
4-2023,transport,landi,21,58,1102.25,1.0,0.0
4-2023,communication,tiktok,7,20,42.51,0.0,1.0
5-2023,holidays,airbnb,26,40,20438.2,0.0,1.0
6-2023,groceries,steiner,39,92,1003.65,1.0,0.0
6-2023,entertainment,mycasino.ch,16,383,20179.86,0.0,1.0
6-2023,holidays,other,582,1626,208228.31,0.53,0.47
6-2023,transport,uber,66,186,3900.09,0.09,0.91
6-2023,shopping,globus,22,31,3348.34,0.88,0.12
6-2023,groceries,sbb,32,46,489.55,1.0,0.0
6-2023,wellness,other,9,15,1330.3,0.8,0.2
6-2023,transport,vbz,32,57,740.7,1.0,0.0
6-2023,Health,other,1,1,245.0,0.0,1.0
10-2021,education,other,1,2,134.95,0.0,1.0
10-2021,groceries,migrolino,75,247,2203.95,0.96,0.04
10-2021,transport,shell,97,140,4817.32,1.0,0.0
10-2021,entertainment,mycasino.ch,5,24,4613.0,0.0,1.0
10-2021,communication,amazon,41,77,879.25,0.0,1.0
10-2021,general,paypal,26,48,9544.65,0.0,1.0
10-2021,shopping,otto's,24,27,1866.0,0.74,0.26
11-2021,groceries,kkiosk,67,105,1358.4,1.0,0.0
11-2021,entertainment,microsoft,30,46,792.52,0.0,1.0
11-2021,groceries,brezelkönig,39,48,371.6,1.0,0.0
11-2021,entertainment,paypal,24,29,718.06,0.0,1.0
11-2021,holidays,other,280,522,82231.9,0.51,0.49
12-2021,communication,paypal,88,173,4719.0,0.0,1.0
12-2021,shopping,migros,72,95,6498.75,0.9,0.1
12-2021,entertainment,microsoft,41,59,1196.41,0.0,1.0
12-2021,entertainment,paypal,25,46,683.6,0.0,1.0
12-2021,health,dm-drogerie,20,26,1228.26,1.0,0.0
1-2022,entertainment,swisslos,22,49,2394.0,0.0,1.0
1-2022,communication,sky,42,54,1207.56,0.0,1.0
1-2022,entertainment,playstationnetwork,23,38,729.4,0.0,1.0
1-2022,entertainment,swiss casinos,18,171,11135.0,0.0,1.0
10-2021,holidays,swiss,31,49,7820.44,0.05,0.95
10-2021,shopping,orell fussli,24,30,1102.3,1.0,0.0
10-2021,communication,adobe,21,31,1109.44,0.0,1.0
9-2021,transport,other,582,1982,53643.0,0.68,0.32
10-2021,shopping,hornbach,12,15,1456.85,1.0,0.0
11-2021,communication,google,108,261,3659.53,0.0,1.0
12-2021,transport,sbb,237,1052,13616.8,0.12,0.88
12-2021,Restaurant,other,1,1,15.0,1.0,0.0
1-2022,groceries,aldi,148,363,12538.83,1.0,0.0
1-2022,groceries,manor,22,39,1675.0,1.0,0.0
1-2022,shopping,decathlon,20,21,1996.37,0.58,0.42
1-2022,groceries,rewe,9,18,642.32,1.0,0.0
1-2022,communication,yallo,15,27,694.35,0.0,1.0
6-2021,groceries,volg,133,408,6922.85,1.0,0.0
6-2021,transport,uber,27,96,1653.98,0.05,0.95
6-2021,shopping,muller,33,42,1179.0,1.0,0.0
6-2021,transport,vbz,22,31,256.2,1.0,0.0
7-2021,groceries,avec,78,163,1330.29,0.99,0.01
7-2021,transport,easypark,24,52,221.52,0.0,1.0
7-2021,groceries,sumup,47,60,1215.41,1.0,0.0
7-2021,shopping,globus,38,58,5960.95,0.92,0.08
7-2021,entertainment,youtube,34,36,493.24,0.0,1.0
7-2021,restaurants,spettacolo,13,21,140.8,1.0,0.0
8-2021,communication,apple,252,721,10286.34,0.0,1.0
8-2021,groceries,kkiosk,69,101,915.15,1.0,0.0
8-2021,groceries,brezelkönig,27,42,250.3,1.0,0.0
8-2021,living,other,76,141,6287.05,0.44,0.56
8-2021,cash,kantonalbank,18,30,6660.0,1.0,0.0
9-2021,restaurants,migros,126,239,2960.35,0.99,0.01
9-2021,entertainment,other,371,935,60652.88,0.26,0.74
9-2021,groceries,steiner,58,137,1455.85,1.0,0.0
9-2021,groceries,sbb,19,31,251.4,0.61,0.39
9-2021,shopping,ochsner,19,20,1716.2,0.99,0.01
9-2021,restaurants,subway,13,21,377.04,1.0,0.0
1-2023,groceries,coop,876,4321,93163.35,0.97,0.03
1-2023,shopping,digitec galaxus,102,166,19070.23,0.04,0.96
1-2023,shopping,manor,72,98,4821.35,0.93,0.07
2-2023,transport,avia,99,168,6633.11,1.0,0.0
2-2023,groceries,kkiosk,89,164,1946.7,1.0,0.0
2-2023,transport,socar,87,142,4428.38,1.0,0.0
2-2023,transport,agrola,58,122,3657.76,1.0,0.0
2-2023,cash,twint,50,103,4832.94,0.0,1.0
2-2023,entertainment,swisslos,26,46,1937.0,0.01,0.99
2-2023,transport,tamoil,22,42,1649.95,1.0,0.0
2-2023,groceries,brezelkönig,26,30,200.2,1.0,0.0
2-2023,communication,sky,50,60,1026.47,0.0,1.0
2-2023,cash,binance,14,42,16863.12,0.0,1.0
2-2023,shopping,jelmoli,16,28,1056.25,1.0,0.0
2-2023,entertainment,swiss casinos,29,99,5606.0,0.0,1.0
2-2023,shopping,other,1073,3470,260985.28,0.62,0.38
2-2023,health,other,479,868,47521.05,0.93,0.07
1-2023,cash,ubs,25,32,11070.0,1.0,0.0
2-2023,entertainment,playstationnetwork,27,44,1365.03,0.0,1.0
2-2023,communication,yallo,18,27,857.55,0.0,1.0
11-2022,restaurants,sumup,159,294,7222.52,1.0,0.0
11-2022,restaurants,uber,66,206,8081.62,0.08,0.92
11-2022,restaurants,marche,30,38,428.99,1.0,0.0
11-2022,shopping,decathlon,29,30,2197.0,0.7,0.3
11-2022,communication,apple,348,960,20325.26,0.0,1.0
11-2022,groceries,coop,880,4403,91353.56,0.97,0.03
12-2022,entertainment,netflix,141,143,2849.55,0.0,1.0
12-2022,cash,postfinance,63,89,20382.99,1.0,0.0
12-2022,restaurants,subway,34,49,949.79,0.98,0.02
12-2022,holidays,other,442,1013,111318.56,0.6,0.4
12-2022,groceries,selecta,95,248,934.62,1.0,0.0
12-2022,restaurants,migros,175,324,4067.9,1.0,0.0
12-2022,communication,spotify,141,147,2437.81,0.0,1.0
12-2022,savings,coinbase,8,95,10609.14,0.0,1.0
12-2022,entertainment,google,21,68,524.29,0.0,1.0
12-2022,communication,audible,27,29,278.17,0.0,1.0
12-2022,transport,bolt,12,78,357.71,0.0,1.0
3-2022,communication,other,454,928,42364.29,0.06,0.94
3-2022,transport,migrol,109,180,3988.24,1.0,0.0
3-2022,restaurants,burger,117,153,3990.33,0.97,0.03
3-2022,savings,revolut,46,72,23480.38,0.0,1.0
3-2022,holidays,swiss,25,44,12953.59,0.03,0.97
3-2022,entertainment,steam,31,48,1220.4,0.0,1.0
3-2022,transport,landi,17,51,1011.65,1.0,0.0
4-2022,transport,parkingpay,47,140,823.3,0.0,1.0
4-2022,communication,amazon,59,98,968.34,0.0,1.0
4-2022,communication,adobe,25,29,561.09,0.0,1.0
5-2022,groceries,steiner,50,119,1576.23,1.0,0.0
5-2022,restaurants,mcdonald's,62,99,1714.84,0.99,0.01
5-2022,cash,kantonalbank,34,41,8880.0,1.0,0.0
5-2022,groceries,sbb,28,41,335.95,1.0,0.0
5-2022,health,other,422,700,40032.54,0.87,0.13
4-2022,health,other,445,755,40337.23,0.89,0.11
4-2022,savings,revolut,43,82,24933.64,0.0,1.0
4-2022,transport,tier,19,39,185.53,0.02,0.98
6-2022,transport,coop,284,644,16188.89,1.0,0.0
6-2022,groceries,migrolino,109,261,2332.05,1.0,0.0
6-2022,transport,lime,21,109,567.32,0.0,1.0
6-2022,transport,fairtiq,34,83,2170.65,0.0,1.0
6-2022,holidays,airbnb,18,42,10693.39,0.0,1.0
6-2022,restaurants,mcdonald's,80,129,1784.64,0.97,0.03
6-2022,transport,eni,57,86,2971.36,0.94,0.06
6-2022,shopping,muller,43,53,1839.45,1.0,0.0
6-2022,transport,zvv,32,132,1635.9,0.0,1.0
6-2022,entertainment,playstationnetwork,19,29,781.68,0.0,1.0
6-2022,entertainment,swiss casinos,20,114,14019.78,0.0,1.0
6-2022,entertainment,swisslos,35,70,2854.0,0.0,1.0
6-2022,education,other,1,4,145.84,0.0,1.0
8-2023,shopping,aliexpress,77,320,5707.95,0.0,1.0
8-2023,shopping,paypal,96,193,16401.34,0.0,1.0
8-2023,transport,avia,134,238,6831.95,1.0,0.0
8-2023,transport,socar,99,156,4589.9,1.0,0.0
8-2023,transport,agrola,84,179,4454.16,1.0,0.0
8-2023,restaurants,burger,131,186,4337.93,0.99,0.01
8-2023,entertainment,swisslos,27,63,3785.0,0.0,1.0
8-2023,transport,tamoil,47,78,1829.22,1.0,0.0
8-2023,entertainment,playstationnetwork,14,27,468.99,0.0,1.0
8-2023,communication,tiktok,8,60,2020.03,0.0,1.0
8-2023,entertainment,swiss casinos,30,111,12290.5,0.0,1.0
9-2023,communication,paypal,93,156,5917.12,0.0,1.0
9-2023,groceries,steiner,56,91,1026.9,1.0,0.0
9-2023,shopping,manor,67,77,4566.5,1.0,0.0
9-2023,general,paypal,30,54,4723.16,0.0,1.0
9-2023,groceries,sbb,32,67,671.3,1.0,0.0
9-2023,health,coop,34,41,1072.4,1.0,0.0
8-2023,shopping,zalando,21,37,4651.06,0.02,0.98
9-2023,shopping,digitec galaxus,78,117,14610.76,0.07,0.93
9-2023,Holidays,other,1,1,500.0,1.0,0.0
10-2023,transport,sbb,340,1616,24325.0,0.12,0.88
10-2023,groceries,avec,146,368,3437.85,1.0,0.0
10-2023,groceries,sumup,97,128,2351.08,1.0,0.0
10-2023,shopping,amzn,36,62,2830.93,0.0,1.0
7-2022,groceries,selecta,121,353,1118.79,1.0,0.0
7-2022,restaurants,migros,141,257,3487.75,1.0,0.0
7-2022,shopping,aliexpress,48,186,3915.27,0.0,1.0
7-2022,transport,uber,77,273,3996.29,0.06,0.94
7-2022,shopping,paypal,90,161,16939.93,0.0,1.0
7-2022,entertainment,mycasino.ch,8,18,1554.0,0.0,1.0
7-2022,shopping,zalando,24,33,4514.57,0.02,0.98
7-2022,restaurants,subway,29,54,813.98,1.0,0.0
7-2022,communication,other,501,1007,62251.99,0.05,0.95
7-2022,transport,vbz,30,45,521.2,0.92,0.08
7-2022,holidays,airbnb,22,46,19782.49,0.0,1.0
7-2022,education,other,3,4,1051.06,0.74,0.26
8-2022,transport,coop,293,675,15801.49,1.0,0.0
8-2022,restaurants,mcdonald's,95,144,2035.34,0.99,0.01
8-2022,transport,lime,31,141,776.4,0.0,1.0
8-2022,transport,fairtiq,32,76,1955.69,0.0,1.0
8-2022,shopping,globus,30,46,1578.34,1.0,0.0
8-2022,transport,zvv,24,98,1765.5,0.0,1.0
8-2022,transport,eni,81,130,3823.72,0.85,0.15
8-2022,health,amavita,42,45,2329.1,1.0,0.0
9-2022,restaurants,migros,155,315,4118.85,1.0,0.0
9-2022,shopping,digitec galaxus,76,130,19897.15,0.07,0.93
9-2022,entertainment,netflix,125,126,2535.63,0.0,1.0
9-2022,transport,bolt,17,198,453.31,0.0,1.0
9-2022,communication,amazon,57,95,926.01,0.0,1.0
9-2022,shopping,manor,68,94,4644.95,0.84,0.16
9-2022,cash,ubs,27,33,9159.8,1.0,0.0
9-2022,entertainment,google,15,37,208.83,0.0,1.0
9-2022,restaurants,subway,32,55,908.71,1.0,0.0
9-2022,communication,adobe,32,40,1051.55,0.0,1.0
1-2021,shopping,digitec galaxus,61,103,13137.23,0.05,0.95
1-2021,restaurants,starbucks,24,58,524.96,1.0,0.0
1-2021,shopping,manor,21,29,2209.2,0.92,0.08
1-2021,restaurants,vicafe,17,22,231.3,1.0,0.0
1-2021,general,other,93,156,23854.73,0.08,0.92
2-2021,restaurants,sumup,21,30,762.14,1.0,0.0
2-2021,restaurants,uber,33,84,3325.33,0.05,0.95
2-2021,communication,spotify,90,90,1542.46,0.0,1.0
2-2021,entertainment,interwetten,1,16,3490.0,0.0,1.0
2-2021,general,paypal,22,30,1362.85,0.0,1.0
2-2021,communication,audible,21,24,274.16,0.0,1.0
3-2021,groceries,avec,43,71,681.9,1.0,0.0
3-2021,communication,paypal,51,82,2949.15,0.0,1.0
3-2021,cash,revolut,4,19,6047.0,0.0,1.0
3-2021,groceries,sumup,25,31,845.0,1.0,0.0
3-2021,shopping,decathlon,17,30,2650.4,0.6,0.4
5-2021,transport,uber,31,93,1519.89,0.09,0.91
5-2021,transport,vbz,16,26,331.6,1.0,0.0
5-2021,shopping,ochsner,26,29,8139.55,1.0,0.0
5-2021,communication,other,335,678,37803.41,0.06,0.94
5-2021,general,other,148,231,27453.52,0.11,0.89
12-2020,shopping,other,1,1,212.9,0.0,1.0
2-2021,groceries,avec,33,48,518.25,1.0,0.0
2-2021,transport,parkingpay,12,19,100.4,0.0,1.0
2-2021,groceries,sumup,16,18,850.8,1.0,0.0
2-2021,transport,tier,6,31,89.14,0.0,1.0
2-2021,cash,kantonalbank,4,5,1150.0,1.0,0.0
2-2021,restaurants,marche,9,12,251.85,1.0,0.0
3-2021,holidays,airbnb,5,9,3353.49,0.0,1.0
3-2021,Groceries,other,1,1,2.4,1.0,0.0
4-2021,shopping,aliexpress,45,133,2829.76,0.0,1.0
4-2021,groceries,avec,59,108,960.45,0.94,0.06
4-2021,shopping,paypal,88,178,12042.05,0.0,1.0
4-2021,groceries,sumup,32,39,699.17,1.0,0.0
4-2021,shopping,zalando,26,37,4288.31,0.0,1.0
4-2021,savings,other,27,53,17281.1,0.03,0.97
4-2021,communication,spotify,99,101,1658.11,0.0,1.0
4-2021,restaurants,burger,63,73,1756.2,0.99,0.01
4-2021,entertainment,swisslos,12,15,663.0,0.0,1.0
4-2021,entertainment,swiss casinos,6,36,1898.0,0.0,1.0
4-2021,communication,audible,21,24,285.05,0.0,1.0
4-2021,entertainment,playstationnetwork,8,10,172.6,0.0,1.0
7-2023,transport,shell,171,291,8012.15,1.0,0.0
7-2023,groceries,steiner,51,101,1177.35,1.0,0.0
7-2023,holidays,booking.com,63,102,30055.53,0.0,1.0
7-2023,entertainment,mycasino.ch,17,92,13541.0,0.0,1.0
7-2023,shopping,otto's,52,71,4835.45,0.96,0.04
7-2023,shopping,orell fussli,37,39,1225.15,0.78,0.22
7-2023,shopping,hornbach,21,31,3145.18,0.66,0.34
7-2023,groceries,sbb,20,30,244.15,1.0,0.0
10-2022,groceries,lidl,188,460,14432.73,1.0,0.0
10-2022,restaurants,migros,159,331,4487.25,1.0,0.0
10-2022,groceries,spar,131,284,7017.6,1.0,0.0
10-2022,shopping,migros,42,46,3813.75,0.95,0.05
10-2022,entertainment,youtube,44,44,700.56,0.0,1.0
10-2022,restaurants,subway,29,42,689.41,1.0,0.0
10-2022,groceries,twint,19,57,832.97,0.0,1.0
10-2022,communication,yallo,14,24,740.15,0.0,1.0
10-2022,communication,sky,52,68,1112.58,0.0,1.0
10-2022,savings,other,28,78,12495.03,0.04,0.96
11-2023,entertainment,interwetten,14,147,15135.27,0.0,1.0
11-2023,transport,voi,12,80,293.22,0.01,0.99
11-2023,groceries,sprungli,42,54,1765.07,0.71,0.29
2-2022,transport,other,649,1925,66020.57,0.75,0.25
2-2022,shopping,amzn,35,49,3682.55,0.0,1.0
2-2022,health,coop,25,36,1042.75,1.0,0.0
2-2022,communication,tiktok,1,11,73.2,0.0,1.0
3-2022,shopping,decathlon,19,24,2116.16,0.61,0.39
11-2023,restaurants,other,1172,7404,227577.24,0.94,0.06
11-2023,groceries,other,1027,4088,111917.4,0.77,0.23
11-2023,savings,other,18,43,10555.02,0.0,1.0
11-2023,groceries,panetarium,2,28,271.7,1.0,0.0
11-2023,Groceries,other,1,2,6.7,1.0,0.0
12-2023,communication,apple,366,1127,24124.63,0.01,0.99
12-2023,cash,revolut,76,286,118687.82,0.0,1.0
12-2023,restaurants,other,1149,7077,243551.42,0.94,0.06
12-2023,holidays,other,485,1104,155269.38,0.54,0.46
12-2023,groceries,volg,142,396,7533.45,1.0,0.0
12-2023,transport,shell,147,224,6007.03,1.0,0.0
12-2023,shopping,migros,43,54,2704.5,0.93,0.07
3-2023,groceries,selecta,103,349,1087.15,1.0,0.0
3-2023,shopping,aliexpress,76,286,7202.62,0.0,1.0
3-2023,shopping,paypal,99,176,17334.16,0.0,1.0
3-2023,transport,avia,104,198,7123.37,1.0,0.0
3-2023,transport,socar,101,179,5224.67,1.0,0.0
3-2023,transport,agrola,73,158,4425.34,1.0,0.0
3-2023,transport,tamoil,29,47,1250.56,1.0,0.0
3-2023,shopping,zalando,21,32,4155.85,0.01,0.99
3-2023,holidays,airbnb,20,23,8484.97,0.0,1.0
4-2023,restaurants,burger,148,202,4564.93,1.0,0.0
4-2023,shopping,otto's,53,74,3531.05,0.98,0.02
4-2023,entertainment,microsoft,50,61,1554.97,0.0,1.0
4-2023,entertainment,paypal,20,29,1312.68,0.0,1.0
5-2023,groceries,coop,945,4571,94523.94,0.97,0.03
5-2023,transport,bolt,18,78,336.66,0.0,1.0
4-2023,communication,paypal,120,218,6188.4,0.0,1.0
4-2023,shopping,hornbach,25,47,2636.83,0.92,0.08
4-2023,wellness,other,6,13,999.35,0.75,0.25
4-2023,shopping,orell fussli,21,28,1185.25,1.0,0.0
5-2023,wellness,other,11,56,4783.25,0.96,0.04
5-2023,salary,other,1,1,13.4,1.0,0.0
6-2023,communication,google,192,562,7321.11,0.0,1.0
6-2023,groceries,migrolino,131,332,2637.15,1.0,0.0
6-2023,restaurants,marche,46,78,923.85,1.0,0.0
6-2023,restaurants,sumup,251,448,11802.05,1.0,0.0
6-2023,restaurants,uber,61,147,6802.57,0.1,0.9
6-2023,transport,easypark,57,178,820.22,0.0,1.0
6-2023,shopping,muller,68,98,2413.35,1.0,0.0
6-2023,holidays,swiss,35,63,16148.44,0.09,0.91
10-2021,holidays,other,380,1041,177741.36,0.76,0.24
10-2021,tax,other,119,169,9301.28,0.31,0.69
10-2021,restaurants,sumup,95,148,4273.79,0.98,0.02
10-2021,restaurants,uber,53,143,5226.53,0.02,0.98
10-2021,groceries,steiner,55,115,1375.25,1.0,0.0
11-2021,cash,twint,56,219,8602.17,0.0,1.0
11-2021,transport,eni,30,51,1229.21,1.0,0.0
11-2021,transport,lime,27,111,579.05,0.08,0.92
11-2021,transport,fairtiq,32,85,1932.0,0.0,1.0
11-2021,general,paypal,43,46,5816.45,0.0,1.0
11-2021,transport,zvv,21,55,685.5,0.0,1.0
11-2021,health,sumup,47,56,3424.84,1.0,0.0
11-2021,cash,binance,27,101,41877.0,0.0,1.0
12-2021,restaurants,mcdonald's,62,96,1711.87,1.0,0.0
12-2021,groceries,sprungli,42,56,2355.0,0.89,0.11
12-2021,groceries,panetarium,5,21,260.2,1.0,0.0
12-2021,groceries,other,849,3332,111667.51,0.84,0.16
1-2022,groceries,kkiosk,50,68,703.2,1.0,0.0
1-2022,general,paypal,32,42,6688.81,0.0,1.0
1-2022,health,sumup,32,36,3048.4,1.0,0.0
1-2022,groceries,brezelkönig,24,33,243.3,1.0,0.0
1-2022,communication,other,427,900,39015.8,0.04,0.96
10-2021,restaurants,marche,21,24,438.37,1.0,0.0
10-2021,shopping,decathlon,22,29,3263.77,0.78,0.22
10-2021,groceries,sbb,27,43,321.35,1.0,0.0
11-2021,transport,coop,195,409,10914.51,1.0,0.0
11-2021,groceries,aldi,156,403,13209.65,1.0,0.0
11-2021,holidays,swiss,16,20,4320.95,0.08,0.92
11-2021,groceries,rewe,18,32,1322.12,1.0,0.0
11-2021,shopping,ochsner,41,54,6185.05,0.88,0.12
11-2021,groceries,manor,21,38,1099.25,1.0,0.0
11-2021,education,other,1,6,203.55,0.43,0.57
1-2022,transport,sbb,209,901,11968.4,0.08,0.92
1-2022,shopping,otto's,37,48,2277.05,0.82,0.18
1-2022,shopping,orell fussli,20,26,999.2,1.0,0.0
1-2022,holidays,booking.com,10,10,5019.59,0.0,1.0
1-2022,shopping,hornbach,6,6,459.25,1.0,0.0
6-2021,restaurants,other,765,4175,171909.64,0.93,0.07
6-2021,groceries,denner,180,353,10090.45,0.95,0.05
6-2021,transport,easypark,20,51,139.93,0.0,1.0
6-2021,shopping,globus,28,33,961.65,1.0,0.0
6-2021,cash,kantonalbank,22,28,7930.0,1.0,0.0
6-2021,health,coop,23,28,661.1,0.91,0.09
7-2021,groceries,lidl,117,240,9895.35,1.0,0.0
7-2021,groceries,spar,90,211,7372.67,1.0,0.0
7-2021,transport,uber,53,147,2382.42,0.07,0.93
7-2021,cash,twint,41,132,4883.31,0.0,1.0
7-2021,shopping,muller,34,39,1256.08,1.0,0.0
7-2021,transport,vbz,21,27,275.5,1.0,0.0
7-2021,restaurants,tibits,24,49,832.8,1.0,0.0
7-2021,cash,binance,10,26,5041.1,0.0,1.0
7-2021,savings,other,26,72,11980.54,0.0,1.0
8-2021,groceries,aldi,133,301,11433.81,1.0,0.0
8-2021,transport,migrol,97,162,4038.85,1.0,0.0
8-2021,restaurants,burger,89,107,2591.81,0.97,0.03
8-2021,entertainment,mycasino.ch,8,20,5391.0,0.0,1.0
8-2021,groceries,manor,30,54,1562.15,1.0,0.0
7-2021,groceries,twint,6,7,192.15,0.0,1.0
7-2021,education,other,2,2,265.9,0.9,0.1
8-2021,health,other,332,546,33875.17,0.78,0.22
8-2021,communication,post,58,79,3419.63,1.0,0.0
8-2021,transport,landi,13,36,590.7,1.0,0.0
8-2021,groceries,rewe,15,20,477.11,1.0,0.0
8-2021,shopping,ochsner,28,32,2324.15,0.89,0.11
9-2021,groceries,migrolino,68,246,2087.65,0.99,0.01
9-2021,transport,avia,87,150,6316.47,0.99,0.01
9-2021,transport,socar,82,149,3496.51,1.0,0.0
9-2021,transport,agrola,67,143,5242.03,1.0,0.0
9-2021,restaurants,mcdonalds,156,237,3979.24,1.0,0.0
9-2021,cash,twint,52,196,6695.62,0.0,1.0
9-2021,communication,amazon,44,82,863.07,0.0,1.0
9-2021,transport,tamoil,30,40,1069.32,1.0,0.0
9-2021,cash,binance,13,42,17788.23,0.0,1.0
9-2021,holidays,booking.com,20,24,4305.85,0.0,1.0
9-2021,communication,adobe,20,28,1027.15,0.0,1.0
9-2021,health,other,357,580,34657.61,0.86,0.14
9-2021,savings,other,32,111,38288.87,0.0,1.0
9-2021,entertainment,steam,17,28,937.77,0.0,1.0
1-2023,shopping,aliexpress,75,382,7235.9,0.0,1.0
1-2023,transport,shell,114,180,5439.95,1.0,0.0
1-2023,shopping,paypal,97,193,17295.28,0.0,1.0
1-2023,entertainment,netflix,141,143,2858.55,0.0,1.0
1-2023,restaurants,mcdonald's,87,131,2179.93,0.99,0.01
1-2023,groceries,brezelkonig,59,85,709.4,0.95,0.05
1-2023,entertainment,google,58,141,927.22,0.0,1.0
1-2023,shopping,zalando,31,67,6810.72,0.05,0.95
1-2023,living,other,95,206,15646.51,0.34,0.66
1-2023,groceries,migros,719,2818,73921.04,0.92,0.08
2-2023,groceries,aldi,208,490,15167.13,0.99,0.01
2-2023,restaurants,starbucks,108,174,1827.1,0.97,0.03
2-2023,general,paypal,44,120,13678.02,0.0,1.0
2-2023,restaurants,vicafe,14,23,202.0,0.8,0.2
2-2023,communication,other,521,925,46216.56,0.09,0.91
2-2023,transport,other,871,2949,96956.68,0.79,0.21
1-2023,savings,coinbase,16,97,7429.95,0.0,1.0
1-2023,groceries,stocker,17,43,330.4,1.0,0.0
2-2023,groceries,manor,30,54,2013.05,1.0,0.0
2-2023,groceries,rewe,20,30,985.17,1.0,0.0
11-2022,transport,shell,120,216,6320.92,0.88,0.12
11-2022,communication,post,92,118,2254.42,0.98,0.02
11-2022,groceries,brezelkonig,60,85,613.3,0.92,0.08
11-2022,entertainment,swisslos,40,105,5319.5,0.0,1.0
11-2022,shopping,otto's,46,55,3603.9,0.96,0.04
11-2022,groceries,stocker,24,54,347.45,1.0,0.0
11-2022,entertainment,playstationnetwork,17,29,466.36,0.0,1.0
11-2022,shopping,hornbach,18,26,1966.68,0.63,0.37
11-2022,entertainment,swiss casinos,28,172,15916.54,0.0,1.0
11-2022,groceries,migros,764,3035,78549.5,0.91,0.09
11-2022,shopping,orell fussli,21,22,793.7,1.0,0.0
11-2022,health,dm-drogerie,42,58,1951.38,1.0,0.0
12-2022,restaurants,mcdonalds,208,317,5351.65,0.99,0.01
12-2022,cash,revolut,65,183,90338.71,0.0,1.0
12-2022,shopping,other,1202,4420,352270.03,0.73,0.27
12-2022,transport,parkingpay,40,161,1840.32,0.0,1.0
12-2022,transport,tier,16,61,185.38,0.0,1.0
12-2022,holidays,swiss,15,21,3863.88,0.04,0.96
12-2022,communication,netflix.com,32,32,423.22,0.0,1.0
12-2022,shopping,jelmoli,32,50,3325.6,0.98,0.02
12-2022,savings,revolut,1,1,37.97,0.0,1.0
1-2023,Hotel,other,1,2,1175.8,1.0,0.0
3-2022,holidays,other,419,959,135215.24,0.6,0.4
3-2022,entertainment,other,480,1393,89293.93,0.27,0.73
3-2022,groceries,selecta,111,447,1259.8,1.0,0.0
3-2022,savings,coinbase,17,64,5946.76,0.0,1.0
3-2022,shopping,otto's,45,58,3587.7,0.83,0.17
3-2022,shopping,orell fussli,23,24,947.4,1.0,0.0
3-2022,communication,sky,44,50,892.77,0.0,1.0
3-2022,health,dm-drogerie,21,25,1257.77,1.0,0.0
3-2022,communication,yallo,15,19,986.0,0.0,1.0
3-2022,shopping,hornbach,22,36,2380.22,0.82,0.18
4-2022,restaurants,sumup,155,249,6260.48,1.0,0.0
4-2022,restaurants,uber,47,122,4376.11,0.02,0.98
4-2022,entertainment,interwetten,13,92,8554.78,0.0,1.0
4-2022,cash,twint,51,173,7468.74,0.0,1.0
4-2022,savings,coinbase,16,53,7761.86,0.0,1.0
4-2022,restaurants,marche,38,64,972.94,1.0,0.0
4-2022,cash,binance,20,80,27450.48,0.0,1.0
5-2022,transport,coop,288,648,16592.71,1.0,0.0
5-2022,groceries,migrolino,104,277,2256.0,1.0,0.0
5-2022,communication,amazon,49,85,846.81,0.0,1.0
5-2022,transport,eni,60,113,5194.18,0.65,0.35
5-2022,transport,lime,22,114,562.26,0.0,1.0
5-2022,transport,fairtiq,39,92,2191.05,0.0,1.0
5-2022,general,paypal,40,68,7288.53,0.0,1.0
5-2022,transport,zvv,24,106,1248.9,0.0,1.0
5-2022,entertainment,youtube,50,51,755.64,0.0,1.0
5-2022,communication,adobe,24,34,583.21,0.0,1.0
4-2022,transport,bolt,3,11,67.17,0.0,1.0
4-2022,Restaurant,other,3,3,45.0,1.0,0.0
6-2022,groceries,steiner,56,132,1520.95,1.0,0.0
6-2022,groceries,sbb,21,40,239.85,1.0,0.0
6-2022,shopping,globus,36,54,2672.57,1.0,0.0
6-2022,wellness,other,12,16,1054.05,0.87,0.13
8-2023,transport,other,986,3801,112412.88,0.74,0.26
8-2023,communication,paypal,106,177,5603.6,0.0,1.0
8-2023,shopping,digitec galaxus,77,109,14050.49,0.18,0.82
8-2023,shopping,manor,78,115,4191.1,0.97,0.03
8-2023,living,landi,42,64,2131.0,1.0,0.0
9-2023,restaurants,sumup,221,423,9484.58,1.0,0.0
9-2023,groceries,migrolino,115,313,2549.45,1.0,0.0
9-2023,shopping,aliexpress,67,368,6459.72,0.0,1.0
9-2023,transport,shell,154,252,5480.67,1.0,0.0
9-2023,shopping,paypal,81,148,14681.98,0.0,1.0
9-2023,restaurants,marche,55,99,1075.55,1.0,0.0
8-2023,wellness,other,7,11,1822.58,0.79,0.21
9-2023,restaurants,uber,61,152,6701.5,0.09,0.91
9-2023,shopping,zalando,18,25,3368.49,0.05,0.95
9-2023,communication,tiktok,8,79,567.77,0.0,1.0
10-2023,groceries,lidl,206,483,16922.39,1.0,0.0
10-2023,restaurants,sumup,213,380,10699.54,1.0,0.0
10-2023,shopping,amazon,110,190,10916.25,0.0,1.0
10-2023,entertainment,netflix,98,98,1950.37,0.0,1.0
10-2023,entertainment,google,108,150,1164.53,0.0,1.0
10-2023,restaurants,marche,61,79,1081.87,1.0,0.0
10-2023,groceries,spar,147,314,8471.16,0.99,0.01
10-2023,restaurants,uber,64,150,6605.48,0.1,0.9
10-2023,shopping,ikea,71,113,10779.16,0.88,0.12
10-2023,cash,ubs,37,58,13120.0,1.0,0.0
10-2023,shopping,sumup,59,68,4276.87,1.0,0.0
10-2023,groceries,twint,13,41,538.03,0.0,1.0
10-2023,wellness,other,11,16,2707.63,0.98,0.02
7-2022,restaurants,mcdonalds,190,304,5121.53,1.0,0.0
7-2022,shopping,digitec galaxus,92,148,17386.1,0.08,0.92
7-2022,shopping,manor,62,91,4053.9,0.93,0.07
7-2022,health,amavita,66,80,2264.6,0.98,0.02
7-2022,communication,sky,36,50,871.0,0.0,1.0
7-2022,transport,easypark,39,104,446.88,0.0,1.0
7-2022,communication,yallo,12,16,778.1,0.0,1.0
8-2022,communication,google,142,421,3471.52,0.0,1.0
8-2022,entertainment,netflix,128,128,2560.11,0.0,1.0
8-2022,shopping,muller,48,59,1638.1,1.0,0.0
8-2022,entertainment,google,15,27,255.26,0.0,1.0
8-2022,savings,other,15,30,8717.05,0.01,0.99
8-2022,Groceries,other,3,3,29.8,1.0,0.0
9-2022,shopping,aliexpress,67,206,4669.16,0.0,1.0
9-2022,transport,parkingpay,49,156,772.35,0.0,1.0
9-2022,transport,tier,26,95,342.5,0.03,0.97
9-2022,restaurants,mcdonalds,202,315,5045.61,1.0,0.0
9-2022,shopping,paypal,84,150,21565.78,0.0,1.0
9-2022,health,sumup,31,38,4126.03,1.0,0.0
9-2022,shopping,zalando,26,44,5246.33,0.04,0.96
1-2021,transport,sbb,92,331,4277.2,0.12,0.88
1-2021,shopping,aliexpress,36,141,4315.39,0.0,1.0
1-2021,shopping,paypal,89,178,15972.91,0.0,1.0
1-2021,groceries,sprungli,21,25,674.81,1.0,0.0
1-2021,shopping,zalando,15,20,2502.01,0.0,1.0
1-2021,groceries,other,437,1588,47394.89,0.69,0.31
2-2021,groceries,lidl,80,175,8538.04,1.0,0.0
2-2021,groceries,spar,61,151,4285.45,1.0,0.0
2-2021,shopping,otto's,17,18,670.1,1.0,0.0
2-2021,communication,netflix.com,11,11,150.78,0.0,1.0
2-2021,groceries,twint,3,4,83.5,0.0,1.0
3-2021,groceries,lidl,120,248,11901.34,1.0,0.0
3-2021,groceries,spar,78,232,4950.46,1.0,0.0
3-2021,transport,shell,55,99,2229.02,1.0,0.0
3-2021,cash,postfinance,8,9,885.47,1.0,0.0
3-2021,living,landi,34,48,1994.15,1.0,0.0
3-2021,shopping,orell fussli,9,11,607.5,1.0,0.0
3-2021,groceries,twint,5,11,115.7,0.0,1.0
3-2021,shopping,hornbach,12,14,807.8,0.8,0.2
5-2021,cash,twint,43,122,4318.46,0.0,1.0
5-2021,transport,easypark,20,34,98.92,0.0,1.0
5-2021,restaurants,mcdonald's,42,69,1085.24,0.99,0.01
5-2021,communication,sky,34,42,720.7,0.0,1.0
5-2021,cash,binance,26,79,28990.85,0.0,1.0
5-2021,holidays,airbnb,8,15,4152.45,0.0,1.0
5-2021,communication,yallo,15,26,623.4,0.0,1.0
1-2021,groceries,panetarium,4,12,189.6,1.0,0.0
2-2021,shopping,orell fussli,2,2,103.1,1.0,0.0
2-2021,holidays,airbnb,3,3,1857.96,0.0,1.0
2-2021,shopping,hornbach,9,15,686.4,0.68,0.32
3-2021,shopping,otto's,24,27,1092.6,1.0,0.0
4-2021,groceries,lidl,113,235,11795.23,1.0,0.0
4-2021,groceries,spar,79,212,5625.57,1.0,0.0
4-2021,communication,netflix.com,13,13,191.11,0.0,1.0
4-2021,groceries,twint,6,10,289.65,0.0,1.0
4-2021,transport,migrol,90,148,4013.89,0.95,0.05
4-2021,shopping,digitec galaxus,72,115,17344.14,0.18,0.82
4-2021,shopping,manor,44,60,3512.4,0.84,0.16
4-2021,transport,landi,14,18,519.1,1.0,0.0
4-2021,Restaurant,other,2,2,51.4,1.0,0.0
4-2021,salary,other,1,3,280.6,1.0,0.0
5-2021,health,dm-drogerie,10,11,726.51,1.0,0.0
7-2023,health,amavita,41,55,1810.1,1.0,0.0
7-2023,groceries,migrolino,101,254,1772.45,1.0,0.0
7-2023,shopping,decathlon,48,57,3905.87,0.94,0.06
10-2022,communication,other,511,991,43282.91,0.08,0.92
10-2022,transport,sbb,312,1376,21082.1,0.19,0.81
10-2022,restaurants,mcdonalds,202,338,5544.35,1.0,0.0
10-2022,groceries,avec,140,256,2338.75,0.99,0.01
10-2022,groceries,sumup,79,113,1956.04,1.0,0.0
10-2022,cash,ubs,31,46,15380.0,1.0,0.0
10-2022,health,other,506,871,42579.38,0.95,0.05
10-2022,salary,other,3,3,109.62,0.04,0.96
11-2023,cash,kantonalbank,40,72,18930.0,1.0,0.0
11-2023,transport,paypal,21,47,3049.08,0.0,1.0
2-2022,groceries,selecta,85,303,835.51,0.99,0.01
2-2022,communication,paypal,86,161,4000.08,0.0,1.0
2-2022,transport,avia,80,119,5715.33,1.0,0.0
2-2022,transport,socar,68,113,2563.16,1.0,0.0
2-2022,transport,agrola,68,110,4249.61,1.0,0.0
2-2022,entertainment,microsoft,35,44,849.68,0.0,1.0
2-2022,cash,binance,18,76,19574.64,0.0,1.0
2-2022,entertainment,paypal,24,38,1172.27,0.0,1.0
2-2022,general,other,231,398,35427.09,0.29,0.71
2-2022,restaurants,other,931,4999,193997.18,0.93,0.07
2-2022,shopping,amazon,76,141,9049.76,0.0,1.0
2-2022,cash,twint,52,124,8487.48,0.0,1.0
2-2022,shopping,ikea,65,112,8739.64,0.69,0.31
2-2022,shopping,sumup,24,29,1432.1,0.93,0.07
2-2022,transport,tamoil,24,38,1223.86,1.0,0.0
2-2022,education,other,5,6,869.35,0.41,0.59
3-2022,Lebensmittel,other,1,1,277.0,0.0,1.0
11-2023,Health,other,1,1,169.0,0.0,1.0
12-2023,health,other,515,954,52025.94,0.91,0.09
12-2023,groceries,denner,341,766,18359.9,1.0,0.0
12-2023,cash,postfinance,75,149,35553.18,1.0,0.0
12-2023,holidays,swiss,23,44,12835.8,0.01,0.99
12-2023,communication,post,101,142,3353.22,0.98,0.02
3-2023,transport,migrol,123,222,4972.46,1.0,0.0
3-2023,communication,spotify,154,165,2685.99,0.0,1.0
3-2023,groceries,kkiosk,116,204,1951.9,0.99,0.01
3-2023,groceries,brezelkönig,41,50,370.6,1.0,0.0
3-2023,transport,landi,16,67,1036.85,1.0,0.0
3-2023,restaurants,spettacolo,28,52,366.4,1.0,0.0
3-2023,communication,audible,37,42,465.67,0.0,1.0
4-2023,cash,revolut,82,264,88750.94,0.0,1.0
4-2023,entertainment,mycasino.ch,23,407,19409.07,0.0,1.0
4-2023,communication,post,76,96,8680.31,0.99,0.01
4-2023,restaurants,other,1243,8008,264628.59,0.95,0.05
4-2023,transport,other,929,3606,96418.07,0.72,0.28
5-2023,groceries,denner,309,762,16036.15,0.97,0.03
5-2023,communication,google,129,413,3332.03,0.0,1.0
5-2023,shopping,otto's,51,59,2639.9,1.0,0.0
5-2023,shopping,orell fussli,31,34,1349.2,0.97,0.03
5-2023,restaurants,spettacolo,36,50,368.25,1.0,0.0
5-2023,shopping,hornbach,31,57,5719.19,0.84,0.16
4-2023,Health,other,1,1,245.0,0.0,1.0
5-2023,Health,other,1,1,245.0,0.0,1.0
5-2023,education,other,2,2,497.09,0.0,1.0
6-2023,transport,sbb,342,1594,23633.7,0.18,0.82
6-2023,groceries,avec,187,386,3594.05,1.0,0.0
6-2023,groceries,sumup,103,156,2731.87,1.0,0.0
6-2023,cash,other,293,748,181531.19,0.88,0.12
6-2023,health,sumup,58,70,6448.19,1.0,0.0
10-2021,groceries,lidl,152,352,14059.77,1.0,0.0
10-2021,groceries,spar,114,253,7230.13,1.0,0.0
10-2021,communication,spotify,131,135,2211.03,0.0,1.0
10-2021,cash,postfinance,38,56,11430.02,1.0,0.0
10-2021,shopping,migros,56,65,2964.6,0.93,0.07
11-2021,shopping,digitec galaxus,105,182,27161.14,0.1,0.9
11-2021,transport,parkingpay,32,99,707.7,0.0,1.0
11-2021,shopping,manor,48,81,3638.0,0.89,0.11
11-2021,transport,tier,13,30,134.38,0.14,0.86
11-2021,restaurants,spettacolo,27,45,268.65,1.0,0.0
12-2021,restaurants,mcdonalds,169,254,4582.44,0.99,0.01
12-2021,transport,uber,59,157,2478.55,0.03,0.97
12-2021,shopping,otto's,42,54,3872.0,0.85,0.15
12-2021,transport,vbz,27,66,406.2,1.0,0.0
12-2021,shopping,orell fussli,49,61,2909.6,1.0,0.0
12-2021,shopping,hornbach,14,17,2359.58,0.83,0.17
12-2021,cash,other,175,500,115896.16,0.65,0.35
12-2021,tax,other,161,224,7253.71,0.42,0.58
1-2022,transport,easypark,27,77,262.85,0.0,1.0
1-2022,restaurants,spettacolo,15,20,170.25,1.0,0.0
1-2022,entertainment,other,388,965,74715.79,0.21,0.79
1-2022,cash,other,157,373,83689.71,0.6,0.4
1-2022,wellness,other,16,18,1893.09,0.79,0.21
10-2021,health,sumup,38,44,5285.07,1.0,0.0
10-2021,groceries,twint,8,8,429.55,0.0,1.0
10-2021,transport,paypal,17,39,1931.98,0.0,1.0
10-2021,communication,audible,32,37,407.74,0.0,1.0
12-2021,communication,apple,293,1015,25215.76,0.04,0.96
1-2022,groceries,selecta,83,218,670.97,0.99,0.01
6-2021,communication,other,333,667,35192.36,0.06,0.94
6-2021,shopping,other,710,2257,189517.28,0.55,0.45
6-2021,tax,other,110,183,8551.07,0.59,0.41
6-2021,transport,sbb,194,765,10698.5,0.24,0.76
6-2021,groceries,coop,639,3009,78380.35,0.97,0.03
6-2021,restaurants,burger,48,62,1461.86,1.0,0.0
6-2021,general,paypal,25,39,5188.67,0.0,1.0
6-2021,health,amavita,37,46,1480.9,1.0,0.0
6-2021,holidays,booking.com,14,18,3162.77,0.0,1.0
6-2021,shopping,jelmoli,11,16,1428.4,1.0,0.0
7-2021,communication,google,101,220,2362.24,0.0,1.0
7-2021,entertainment,netflix,97,98,1793.55,0.0,1.0
7-2021,groceries,steiner,51,113,1304.85,1.0,0.0
7-2021,groceries,sbb,17,31,285.95,1.0,0.0
7-2021,holidays,airbnb,12,42,15120.26,0.0,1.0
7-2021,health,other,350,583,39385.87,0.92,0.08
8-2021,communication,paypal,64,124,4071.27,0.0,1.0
8-2021,transport,avia,88,156,5488.83,1.0,0.0
8-2021,shopping,digitec galaxus,79,121,17273.36,0.0,1.0
8-2021,transport,socar,89,155,3740.75,1.0,0.0
8-2021,transport,agrola,71,159,4140.79,1.0,0.0
8-2021,cash,twint,49,153,4783.12,0.0,1.0
8-2021,shopping,manor,42,56,2909.45,0.97,0.03
8-2021,transport,tamoil,29,41,1315.38,1.0,0.0
8-2021,living,landi,29,39,1643.8,1.0,0.0
8-2021,entertainment,microsoft,24,29,266.14,0.0,1.0
8-2021,entertainment,paypal,16,22,327.51,0.0,1.0
7-2021,entertainment,google,4,4,41.4,0.0,1.0
8-2021,restaurants,other,905,5439,211703.05,0.93,0.07
8-2021,education,other,2,4,206.15,0.8,0.2
8-2021,cash,binance,11,21,4914.14,0.0,1.0
9-2021,groceries,avec,78,137,986.4,0.99,0.01
9-2021,transport,migrol,103,200,4491.27,1.0,0.0
9-2021,shopping,paypal,87,160,16314.07,0.0,1.0
9-2021,transport,landi,12,23,495.75,1.0,0.0
9-2021,communication,netflix.com,13,13,176.09,0.0,1.0
9-2021,shopping,aliexpress,45,136,3710.23,0.0,1.0
9-2021,restaurants,mcdonald's,44,65,1004.44,1.0,0.0
9-2021,groceries,sumup,59,80,1828.95,1.0,0.0
9-2021,entertainment,swisslos,18,40,2364.0,0.0,1.0
9-2021,shopping,zalando,19,32,9017.94,0.0,1.0
9-2021,entertainment,swiss casinos,9,68,8069.25,0.0,1.0
9-2021,entertainment,playstationnetwork,11,14,169.53,0.0,1.0
9-2021,Restaurant,other,3,4,38.6,1.0,0.0
1-2023,groceries,volg,132,353,7046.45,1.0,0.0
1-2023,restaurants,mcdonalds,195,312,5657.79,1.0,0.0
1-2023,communication,sky,49,56,1137.76,0.0,1.0
1-2023,communication,yallo,16,39,763.75,0.0,1.0
2-2023,cash,kantonalbank,37,61,19440.0,1.0,0.0
2-2023,holidays,other,502,1274,193026.72,0.52,0.48
2-2023,entertainment,other,572,1612,107790.41,0.24,0.76
1-2023,transport,voi,19,70,230.05,0.22,0.78
2-2023,shopping,muller,48,65,1732.8,1.0,0.0
2-2023,Restaurant,other,5,6,261.0,1.0,0.0
11-2022,groceries,volg,155,391,6511.05,1.0,0.0
11-2022,communication,paypal,110,215,7754.06,0.0,1.0
11-2022,restaurants,starbucks,108,183,2092.67,1.0,0.0
11-2022,transport,voi,26,123,399.59,0.02,0.98
11-2022,entertainment,steam,29,45,911.84,0.0,1.0
11-2022,restaurants,vicafe,21,32,298.1,0.96,0.04
11-2022,Holidays,other,1,1,130.63,1.0,0.0
12-2022,transport,coop,243,530,13949.88,1.0,0.0
12-2022,groceries,aldi,206,449,16041.92,1.0,0.0
12-2022,communication,amazon,61,102,1137.11,0.0,1.0
12-2022,transport,lime,24,75,307.02,0.0,1.0
12-2022,transport,fairtiq,23,67,1543.59,0.0,1.0
12-2022,transport,zvv,30,123,817.9,0.0,1.0
12-2022,restaurants,mcdonald's,104,145,2431.61,1.0,0.0
12-2022,transport,eni,46,78,2326.54,0.98,0.02
12-2022,groceries,manor,52,90,3519.75,1.0,0.0
12-2022,shopping,globus,74,123,10112.0,0.96,0.04
12-2022,entertainment,youtube,47,53,695.23,0.0,1.0
12-2022,health,sumup,43,58,7200.03,1.0,0.0
12-2022,communication,adobe,32,38,887.9,0.0,1.0
12-2022,groceries,rewe,24,54,1953.33,0.77,0.23
3-2022,transport,other,669,2064,62623.22,0.7,0.3
3-2022,groceries,kkiosk,106,173,1832.2,1.0,0.0
3-2022,groceries,brezelkönig,29,35,233.4,1.0,0.0
4-2022,communication,spotify,141,145,2345.45,0.0,1.0
4-2022,groceries,sprungli,49,66,2043.3,0.99,0.01
4-2022,groceries,panetarium,4,31,305.5,1.0,0.0
4-2022,communication,audible,31,40,413.14,0.0,1.0
5-2022,restaurants,migros,143,266,3712.5,1.0,0.0
5-2022,groceries,avec,149,276,2303.65,0.97,0.03
5-2022,shopping,amazon,84,183,8178.42,0.0,1.0
5-2022,cash,twint,52,165,7269.23,0.0,1.0
5-2022,transport,parkingpay,50,157,917.8,0.0,1.0
5-2022,shopping,ikea,52,94,8803.85,0.93,0.07
5-2022,groceries,sumup,75,94,1621.16,1.0,0.0
5-2022,transport,tier,25,82,410.96,0.06,0.94
5-2022,holidays,swiss,31,64,15304.81,0.01,0.99
5-2022,cash,binance,26,95,31256.1,0.0,1.0
5-2022,restaurants,subway,30,59,915.32,1.0,0.0
4-2022,groceries,other,904,3827,104301.28,0.88,0.12
4-2022,general,paypal,44,77,5635.0,0.0,1.0
4-2022,shopping,amzn,26,34,3723.06,0.0,1.0
5-2022,shopping,sumup,38,48,4652.13,0.96,0.04
5-2022,communication,netflix.com,20,20,296.8,0.0,1.0
6-2022,groceries,lidl,204,460,17749.96,1.0,0.0
6-2022,shopping,other,998,3254,272504.51,0.6,0.4
6-2022,entertainment,other,517,1471,98959.44,0.2,0.8
6-2022,restaurants,migros,143,290,3800.85,1.0,0.0
6-2022,groceries,spar,112,255,5335.64,1.0,0.0
6-2022,cash,postfinance,42,66,17867.68,1.0,0.0
6-2022,health,sumup,37,42,4911.2,1.0,0.0
6-2022,restaurants,subway,30,63,833.37,1.0,0.0
6-2022,groceries,twint,24,68,963.35,0.0,1.0
6-2022,shopping,jelmoli,10,14,697.3,1.0,0.0
6-2022,savings,other,20,41,38221.1,0.0,1.0
6-2022,transport,bolt,8,14,90.39,0.0,1.0
8-2023,entertainment,other,676,2262,144126.51,0.21,0.79
8-2023,communication,post,84,109,4874.91,0.91,0.09
8-2023,cash,ubs,25,55,12100.0,1.0,0.0
8-2023,holidays,booking.com,56,84,25968.3,0.0,1.0
8-2023,shopping,ochsner,28,30,1456.6,0.93,0.07
9-2023,communication,apple,359,1009,25107.55,0.0,1.0
9-2023,groceries,avec,172,429,3515.05,1.0,0.0
9-2023,groceries,sumup,99,131,2751.51,1.0,0.0
9-2023,transport,voi,20,112,433.62,0.08,0.92
8-2023,education,other,4,4,996.83,0.15,0.85
9-2023,Shopping,other,3,3,208.4,1.0,0.0
10-2023,transport,uber,79,255,4478.72,0.01,0.99
10-2023,communication,other,568,1193,47963.73,0.09,0.91
10-2023,general,other,379,711,47711.85,0.23,0.77
10-2023,groceries,steiner,45,86,1088.05,1.0,0.0
10-2023,groceries,sbb,23,46,359.2,1.0,0.0
10-2023,transport,vbz,18,28,155.0,1.0,0.0
7-2022,transport,sbb,305,1091,23401.1,0.35,0.65
7-2022,groceries,aldi,197,440,12706.02,1.0,0.0
7-2022,restaurants,mcdonald's,77,136,2600.9,0.99,0.01
7-2022,groceries,manor,36,78,1880.25,1.0,0.0
7-2022,groceries,rewe,26,65,1277.07,1.0,0.0
7-2022,health,coop,38,45,1308.8,1.0,0.0
7-2022,shopping,ochsner,31,31,2526.9,0.91,0.09
8-2022,groceries,sprungli,27,38,1344.7,1.0,0.0
8-2022,groceries,panetarium,6,34,310.1,1.0,0.0
8-2022,groceries,other,1024,4605,106084.96,0.88,0.12
8-2022,restaurants,migros,153,334,4275.6,1.0,0.0
8-2022,general,paypal,43,55,5033.13,0.0,1.0
8-2022,restaurants,subway,37,57,966.65,1.0,0.0
8-2022,transport,bolt,15,75,221.71,0.0,1.0
8-2022,cash,ubs,17,21,7560.0,1.0,0.0
9-2022,transport,coop,243,582,14385.2,1.0,0.0
9-2022,communication,spotify,146,152,2434.56,0.0,1.0
9-2022,transport,eni,63,119,2906.19,0.97,0.03
9-2022,transport,lime,29,129,611.04,0.0,1.0
9-2022,transport,fairtiq,37,83,2091.07,0.0,1.0
9-2022,transport,zvv,26,108,1700.2,0.0,1.0
9-2022,restaurants,mcdonald's,88,142,2198.18,1.0,0.0
9-2022,savings,coinbase,13,59,3675.77,0.0,1.0
9-2022,entertainment,youtube,47,48,746.34,0.0,1.0
9-2022,communication,audible,25,29,283.73,0.0,1.0
9-2022,Restaurant,other,3,4,142.8,1.0,0.0
1-2021,restaurants,sumup,13,18,505.7,1.0,0.0
1-2021,restaurants,uber,28,83,3325.84,0.0,1.0
1-2021,entertainment,interwetten,1,27,7730.0,0.0,1.0
1-2021,transport,easypark,3,6,12.61,0.0,1.0
1-2021,restaurants,marche,7,7,87.79,1.0,0.0
1-2021,holidays,airbnb,5,7,1481.55,0.0,1.0
1-2021,communication,other,259,516,21614.51,0.01,0.99
2-2021,restaurants,starbucks,19,54,561.85,1.0,0.0
2-2021,cash,twint,27,67,1902.41,0.0,1.0
2-2021,groceries,steiner,36,114,1313.85,1.0,0.0
2-2021,communication,amazon,21,44,425.05,0.0,1.0
2-2021,savings,coinbase,18,47,3083.88,0.0,1.0
2-2021,cash,binance,7,23,6561.8,0.0,1.0
2-2021,communication,adobe,14,19,610.85,0.0,1.0
2-2021,restaurants,vicafe,13,31,307.6,1.0,0.0
2-2021,health,other,235,348,27315.12,0.85,0.15
3-2021,communication,apple,185,496,16710.12,0.0,1.0
3-2021,groceries,steiner,44,116,1319.55,1.0,0.0
3-2021,transport,voi,5,7,21.21,0.0,1.0
3-2021,groceries,sbb,10,13,124.55,1.0,0.0
5-2021,transport,sbb,182,711,9319.4,0.17,0.83
5-2021,restaurants,mcdonalds,107,183,3158.82,1.0,0.0
5-2021,shopping,aliexpress,48,249,3921.35,0.0,1.0
5-2021,shopping,paypal,87,160,12761.41,0.0,1.0
5-2021,entertainment,interwetten,1,24,4770.0,0.0,1.0
5-2021,shopping,zalando,19,29,5656.01,0.0,1.0
5-2021,tax,other,82,122,5096.11,0.46,0.54
2-2021,groceries,sbb,5,6,25.55,1.0,0.0
3-2021,health,dm-drogerie,3,3,63.55,1.0,0.0
3-2021,restaurants,tibits,1,1,10.9,1.0,0.0
4-2021,transport,avia,72,124,5817.39,1.0,0.0
4-2021,transport,agrola,55,87,3284.82,1.0,0.0
4-2021,groceries,steiner,46,116,1237.1,1.0,0.0
4-2021,general,other,159,238,19533.1,0.15,0.85
4-2021,cash,other,109,209,61759.18,0.28,0.72
4-2021,entertainment,other,189,485,41599.52,0.1,0.9
4-2021,transport,socar,76,108,2529.7,1.0,0.0
4-2021,communication,amazon,27,44,459.09,0.0,1.0
4-2021,transport,tamoil,11,16,627.0,1.0,0.0
4-2021,holidays,swiss,8,10,2129.92,0.03,0.97
4-2021,groceries,sbb,15,24,217.55,1.0,0.0
4-2021,communication,adobe,17,22,463.45,0.0,1.0
4-2021,shopping,ochsner,31,36,3128.8,0.74,0.26
6-2023,Restaurant,other,2,2,24.5,1.0,0.0
7-2023,groceries,avec,191,371,3231.7,0.99,0.01
7-2023,groceries,sumup,130,203,3469.61,1.0,0.0
7-2023,communication,sky,35,42,831.87,0.0,1.0
7-2023,health,coop,38,48,1626.75,0.95,0.05
7-2023,communication,yallo,17,80,1091.65,0.0,1.0
7-2023,general,other,393,866,54876.52,0.3,0.7
7-2023,savings,other,22,101,25564.9,0.0,1.0
7-2023,shopping,migros,54,73,4246.95,1.0,0.0
7-2023,transport,paypal,23,41,1891.42,0.0,1.0
7-2023,restaurants,tibits,34,49,1019.7,1.0,0.0
10-2022,entertainment,netflix,128,130,2618.77,0.0,1.0
10-2022,transport,easypark,51,123,504.53,0.0,1.0
10-2022,entertainment,google,15,55,482.96,0.0,1.0
10-2022,shopping,otto's,33,39,2296.3,1.0,0.0
10-2022,groceries,migrolino,104,267,2142.6,1.0,0.0
10-2022,restaurants,mcdonald's,96,132,2000.44,0.97,0.03
10-2022,shopping,orell fussli,18,18,434.4,1.0,0.0
10-2022,shopping,hornbach,18,30,2097.2,0.96,0.04
10-2022,education,other,1,1,7.76,0.0,1.0
11-2023,shopping,amazon,143,280,21519.8,0.0,1.0
11-2023,shopping,ikea,78,137,9946.79,0.85,0.15
11-2023,general,paypal,48,108,6961.46,0.0,1.0
11-2023,shopping,sumup,60,86,4856.25,0.97,0.03
2-2022,transport,migrol,100,169,3951.09,0.98,0.02
2-2022,groceries,kkiosk,68,98,1250.35,1.0,0.0
2-2022,entertainment,mycasino.ch,15,58,5143.5,0.0,1.0
2-2022,transport,landi,13,53,812.6,1.0,0.0
2-2022,holidays,other,353,876,144815.71,0.48,0.52
2-2022,restaurants,burger,94,125,3121.3,0.97,0.03
2-2022,communication,post,78,106,6483.21,1.0,0.0
2-2022,groceries,brezelkönig,28,39,272.2,1.0,0.0
2-2022,savings,other,28,50,29382.29,0.0,1.0
11-2023,communication,other,566,1211,55914.17,0.08,0.92
12-2023,groceries,coop,924,4318,107735.33,0.96,0.04
12-2023,communication,paypal,100,213,8427.22,0.0,1.0
12-2023,entertainment,interwetten,15,109,10458.56,0.0,1.0
12-2023,general,paypal,55,112,16118.83,0.0,1.0
12-2023,shopping,otto's,57,69,4028.1,0.95,0.05
12-2023,shopping,orell fussli,65,78,4438.45,0.89,0.11
12-2023,transport,paypal,11,17,1300.03,0.0,1.0
12-2023,shopping,hornbach,22,34,2113.71,0.94,0.06
12-2023,Groceries,other,2,2,164.25,1.0,0.0
12-2023,wellness,other,9,14,1148.58,0.95,0.05
3-2023,groceries,lidl,199,466,17690.91,1.0,0.0
3-2023,groceries,spar,114,260,6624.82,1.0,0.0
3-2023,entertainment,mycasino.ch,16,192,9857.44,0.0,1.0
3-2023,communication,post,102,133,2613.85,0.9,0.1
3-2023,cash,ubs,33,56,15990.0,1.0,0.0
3-2023,general,paypal,48,68,3769.63,0.0,1.0
3-2023,transport,bolt,10,74,217.85,0.0,1.0
4-2023,groceries,migros,754,2843,77141.22,0.92,0.08
4-2023,transport,coop,289,734,15188.39,1.0,0.0
4-2023,restaurants,mcdonalds,214,351,5613.72,0.96,0.04
4-2023,communication,spotify,166,173,2820.05,0.0,1.0
4-2023,transport,eni,85,132,4355.08,0.87,0.13
4-2023,transport,lime,17,64,293.82,0.01,0.99
4-2023,transport,fairtiq,31,81,2145.8,0.0,1.0
4-2023,transport,zvv,28,89,841.7,0.0,1.0
4-2023,cash,kantonalbank,43,59,12930.0,1.0,0.0
3-2023,groceries,twint,16,51,956.0,0.0,1.0
4-2023,shopping,other,1181,3926,314812.77,0.63,0.37
5-2023,transport,avia,122,229,6422.76,1.0,0.0
5-2023,transport,socar,105,162,4529.69,1.0,0.0
5-2023,transport,agrola,91,220,6395.65,1.0,0.0
5-2023,entertainment,mycasino.ch,13,367,7946.05,0.0,1.0
5-2023,transport,tamoil,44,87,3125.04,1.0,0.0
5-2023,communication,yallo,18,29,994.15,0.0,1.0
4-2023,groceries,brezelkonig,52,69,523.5,0.96,0.04
4-2023,communication,audible,36,41,461.27,0.0,1.0
4-2023,groceries,stocker,22,55,432.0,1.0,0.0
4-2023,shopping,jelmoli,14,27,1272.85,1.0,0.0
5-2023,shopping,globus,24,36,2685.5,0.97,0.03
5-2023,communication,sky,39,51,860.83,0.0,1.0
6-2023,groceries,aldi,229,544,17900.08,0.98,0.02
6-2023,groceries,manor,40,70,2034.75,1.0,0.0
6-2023,shopping,migros,58,77,3400.2,0.9,0.1
6-2023,groceries,rewe,28,81,2360.14,1.0,0.0
10-2021,groceries,kkiosk,58,97,1063.55,1.0,0.0
10-2021,transport,easypark,33,100,401.58,0.0,1.0
10-2021,communication,post,77,103,2074.04,0.98,0.02
10-2021,savings,revolut,56,140,59839.84,0.0,1.0
11-2021,shopping,amazon,94,191,11345.72,0.0,1.0
11-2021,entertainment,interwetten,7,82,8445.77,0.0,1.0
11-2021,shopping,ikea,52,97,5932.38,0.81,0.19
11-2021,cash,postfinance,33,54,18447.51,1.0,0.0
11-2021,shopping,sumup,38,42,2437.11,1.0,0.0
12-2021,groceries,denner,230,494,16828.8,0.99,0.01
12-2021,entertainment,interwetten,7,33,3784.0,0.0,1.0
12-2021,transport,voi,15,27,90.94,0.03,0.97
12-2021,communication,netflix.com,14,14,189.34,0.0,1.0
12-2021,restaurants,other,898,4665,175280.6,0.91,0.09
1-2022,groceries,steiner,49,147,1616.8,1.0,0.0
1-2022,entertainment,jackpots.ch,18,132,20451.78,0.0,1.0
1-2022,groceries,sbb,24,32,281.65,1.0,0.0
1-2022,transport,paypal,10,20,650.15,0.0,1.0
1-2022,shopping,other,912,2870,219838.1,0.54,0.46
10-2021,groceries,brezelkönig,23,36,207.7,1.0,0.0
11-2021,groceries,migrolino,73,247,2075.5,1.0,0.0
11-2021,health,dm-drogerie,13,15,949.49,1.0,0.0
12-2021,shopping,globus,74,116,16617.25,0.92,0.08
12-2021,education,other,7,11,7501.96,0.36,0.64
1-2022,health,dm-drogerie,14,17,650.04,1.0,0.0
1-2022,shopping,jelmoli,12,44,1501.4,1.0,0.0
6-2021,groceries,other,668,2491,75044.54,0.8,0.2
6-2021,living,other,64,123,6390.91,0.52,0.48
6-2021,entertainment,mycasino.ch,6,26,2425.0,0.0,1.0
6-2021,restaurants,mcdonald's,34,58,801.36,1.0,0.0
6-2021,groceries,sprungli,26,40,1018.39,0.9,0.1
6-2021,holidays,swiss,14,22,2105.0,0.11,0.89
6-2021,groceries,panetarium,5,32,301.9,1.0,0.0
7-2021,groceries,selecta,77,216,651.59,1.0,0.0
7-2021,transport,shell,98,170,5424.88,0.98,0.02
7-2021,cash,postfinance,30,37,9271.53,1.0,0.0
7-2021,shopping,migros,37,48,1694.2,0.94,0.06
7-2021,entertainment,steam,20,36,893.92,0.0,1.0
7-2021,communication,sky,30,37,580.53,0.0,1.0
7-2021,health,coop,20,24,559.05,1.0,0.0
7-2021,communication,yallo,12,22,673.3,0.0,1.0
8-2021,restaurants,mcdonalds,147,224,3915.21,1.0,0.0
8-2021,groceries,migrolino,86,275,2538.85,0.9,0.1
8-2021,shopping,amazon,60,108,5733.42,0.0,1.0
8-2021,shopping,sumup,26,39,937.64,1.0,0.0
8-2021,health,amavita,41,49,1829.55,0.97,0.03
8-2021,shopping,ikea,57,91,10404.21,0.4,0.6
8-2021,salary,other,1,2,326.36,1.0,0.0
9-2021,communication,apple,272,818,34510.74,0.0,1.0
9-2021,groceries,aldi,133,327,9819.3,1.0,0.0
9-2021,restaurants,burger,105,141,3098.78,1.0,0.0
9-2021,cash,postfinance,22,29,5902.74,1.0,0.0
9-2021,groceries,manor,28,66,1843.35,1.0,0.0
9-2021,health,amavita,33,35,1126.55,1.0,0.0
9-2021,shopping,amzn,9,10,709.86,0.0,1.0
9-2021,groceries,rewe,10,10,404.51,1.0,0.0
9-2021,transport,bolt,4,18,69.43,0.0,1.0
1-2023,communication,google,165,429,5180.59,0.0,1.0
1-2023,transport,uber,65,209,3486.68,0.09,0.91
1-2023,entertainment,swisslos,27,61,2900.0,0.0,1.0
1-2023,transport,vbz,16,18,248.4,1.0,0.0
1-2023,entertainment,playstationnetwork,22,54,1429.33,0.0,1.0
1-2023,entertainment,swiss casinos,32,194,12431.1,0.0,1.0
1-2023,restaurants,other,1139,7152,221669.13,0.94,0.06
1-2023,Restaurant,other,4,6,280.67,1.0,0.0
1-2023,cash,other,247,663,156089.27,0.75,0.25
1-2023,general,other,332,563,40774.96,0.23,0.77
2-2023,groceries,migrolino,94,217,1945.25,1.0,0.0
2-2023,cash,revolut,61,163,76047.8,0.0,1.0
2-2023,transport,parkingpay,40,126,901.98,0.0,1.0
2-2023,transport,tier,20,95,301.81,0.08,0.92
2-2023,restaurants,spettacolo,27,46,329.5,1.0,0.0
1-2023,education,other,3,5,1336.41,0.0,1.0
2-2023,shopping,decathlon,19,20,2014.59,0.89,0.11
11-2022,transport,uber,64,237,3818.04,0.09,0.91
11-2022,entertainment,netflix,129,130,2599.99,0.0,1.0
11-2022,entertainment,google,16,33,202.86,0.0,1.0
11-2022,health,sumup,33,39,3650.09,1.0,0.0
11-2022,transport,vbz,23,35,327.2,1.0,0.0
11-2022,shopping,jelmoli,22,39,1645.8,1.0,0.0
11-2022,shopping,other,1148,3823,300179.47,0.57,0.43
11-2022,savings,other,24,54,17966.15,0.0,1.0
12-2022,groceries,avec,147,257,2250.65,1.0,0.0
12-2022,transport,other,823,2915,78414.39,0.75,0.25
12-2022,restaurants,burger,132,158,3705.46,1.0,0.0
12-2022,groceries,sumup,102,141,2987.93,1.0,0.0
12-2022,shopping,otto's,47,55,3262.55,0.93,0.07
12-2022,shopping,orell fussli,49,57,2809.1,1.0,0.0
12-2022,shopping,hornbach,20,35,2380.1,0.84,0.16
12-2022,communication,tiktok,8,85,389.17,0.0,1.0
3-2022,shopping,other,935,2864,219021.6,0.59,0.41
3-2022,tax,other,163,237,13419.68,0.44,0.56
3-2022,transport,coop,234,492,11849.97,1.0,0.0
3-2022,groceries,lidl,166,409,15541.03,1.0,0.0
3-2022,restaurants,migros,154,276,3651.25,0.99,0.01
3-2022,groceries,spar,130,278,6674.96,1.0,0.0
3-2022,transport,eni,47,82,2519.76,0.94,0.06
3-2022,transport,lime,22,74,444.85,0.0,1.0
3-2022,transport,fairtiq,34,83,1937.86,0.0,1.0
3-2022,transport,zvv,25,102,1531.2,0.01,0.99
3-2022,entertainment,youtube,48,52,712.91,0.0,1.0
3-2022,health,sumup,37,42,3966.6,1.0,0.0
3-2022,restaurants,subway,12,19,241.95,1.0,0.0
4-2022,groceries,coop,824,3684,85681.18,0.97,0.03
4-2022,shopping,aliexpress,58,283,4216.06,0.0,1.0
4-2022,shopping,paypal,84,172,15584.48,0.0,1.0
4-2022,transport,avia,108,164,7417.99,1.0,0.0
4-2022,transport,socar,93,152,4107.48,1.0,0.0
4-2022,transport,agrola,53,109,3467.1,1.0,0.0
4-2022,communication,post,83,109,4224.65,1.0,0.0
4-2022,cash,postfinance,38,57,10625.67,1.0,0.0
4-2022,transport,tamoil,28,39,1124.01,1.0,0.0
4-2022,shopping,zalando,29,40,3000.33,0.05,0.95
5-2022,communication,apple,325,924,14413.41,0.0,1.0
5-2022,groceries,aldi,169,381,11916.74,1.0,0.0
5-2022,shopping,digitec galaxus,84,135,23292.09,0.05,0.95
5-2022,shopping,manor,52,71,3689.45,0.93,0.07
5-2022,groceries,manor,34,80,2721.25,1.0,0.0
5-2022,groceries,rewe,20,40,1302.25,1.0,0.0
5-2022,entertainment,other,496,1393,95685.0,0.2,0.8
4-2022,wellness,other,15,17,879.06,0.61,0.39
4-2022,Holidays,other,1,1,9.78,1.0,0.0
5-2022,wellness,other,17,36,4464.49,0.79,0.21
5-2022,holidays,booking.com,30,46,12571.8,0.0,1.0
5-2022,Fitness,other,1,1,73.0,1.0,0.0
6-2022,groceries,kkiosk,119,175,1952.9,1.0,0.0
6-2022,groceries,brezelkönig,25,36,300.3,1.0,0.0
6-2022,communication,other,451,864,39871.3,0.12,0.88
6-2022,transport,migrol,140,260,5882.49,1.0,0.0
6-2022,living,landi,41,53,2308.35,1.0,0.0
6-2022,transport,landi,28,46,1212.4,1.0,0.0
8-2023,groceries,migros,789,2980,77141.66,0.96,0.04
8-2023,restaurants,migros,159,275,3602.75,1.0,0.0
8-2023,communication,spotify,152,157,2546.77,0.0,1.0
8-2023,transport,parkingpay,35,145,1418.46,0.0,1.0
8-2023,groceries,brezelkonig,54,75,658.4,0.98,0.02
8-2023,transport,tier,31,99,501.58,0.12,0.88
8-2023,restaurants,subway,27,33,602.54,1.0,0.0
8-2023,communication,audible,32,40,458.04,0.0,1.0
8-2023,groceries,stocker,14,25,170.5,1.0,0.0
9-2023,groceries,aldi,234,572,16359.46,0.99,0.01
9-2023,transport,uber,82,229,4330.62,0.06,0.94
9-2023,transport,vbz,24,44,476.6,1.0,0.0
9-2023,communication,netflix.com,69,69,1113.96,0.0,1.0
9-2023,holidays,airbnb,25,39,13668.23,0.0,1.0
8-2023,holidays,swiss,35,55,15749.47,0.03,0.97
9-2023,groceries,manor,29,52,1297.4,1.0,0.0
9-2023,groceries,rewe,29,43,1427.31,1.0,0.0
9-2023,entertainment,mycasino.ch,11,35,3324.58,0.0,1.0
10-2023,groceries,selecta,119,261,890.78,0.99,0.01
10-2023,entertainment,swisslos,29,64,3042.0,0.0,1.0
10-2023,transport,voi,21,82,360.21,0.29,0.71
10-2023,entertainment,playstationnetwork,26,52,1392.13,0.0,1.0
10-2023,entertainment,swiss casinos,24,99,5338.45,0.0,1.0
10-2023,living,other,123,207,24431.64,0.29,0.71
10-2023,holidays,airbnb,23,28,7898.38,0.0,1.0
10-2023,shopping,ochsner,22,25,2524.45,0.76,0.24
7-2022,groceries,avec,156,276,2245.3,1.0,0.0
7-2022,restaurants,burger,134,160,3827.86,0.98,0.02
7-2022,groceries,sumup,67,93,1801.77,1.0,0.0
7-2022,savings,coinbase,16,60,5692.28,0.0,1.0
7-2022,general,other,295,527,54583.56,0.22,0.78
7-2022,health,other,482,855,46428.67,0.9,0.1
8-2022,groceries,coop,860,4119,86372.59,0.96,0.04
8-2022,transport,migrol,128,232,5271.2,1.0,0.0
8-2022,entertainment,swiss casinos,18,92,20494.71,0.0,1.0
8-2022,holidays,other,579,1571,249944.64,0.55,0.45
8-2022,entertainment,swisslos,26,79,3679.0,0.0,1.0
8-2022,entertainment,playstationnetwork,14,20,499.49,0.0,1.0
8-2022,shopping,migros,44,62,3339.65,1.0,0.0
8-2022,transport,landi,20,38,666.95,1.0,0.0
9-2022,groceries,migros,704,2803,70840.17,0.93,0.07
9-2022,groceries,brezelkonig,81,123,926.3,1.0,0.0
9-2022,groceries,stocker,19,43,284.8,1.0,0.0
9-2022,transport,other,830,2865,70165.25,0.72,0.28
9-2022,holidays,other,535,1514,215716.36,0.61,0.39
9-2022,cash,other,272,673,154494.93,0.8,0.2
9-2022,restaurants,burger,146,208,4707.71,1.0,0.0
9-2022,communication,post,92,125,2393.32,0.99,0.01
9-2022,living,landi,31,43,1737.3,1.0,0.0
9-2022,health,dm-drogerie,34,52,1941.52,1.0,0.0
1-2021,groceries,denner,124,249,8239.6,0.98,0.02
1-2021,wellness,other,7,9,1132.95,0.99,0.01
2-2021,groceries,selecta,48,204,571.9,1.0,0.0
2-2021,transport,avia,52,86,4764.82,1.0,0.0
2-2021,transport,socar,42,56,1601.56,1.0,0.0
2-2021,transport,agrola,44,72,2073.48,1.0,0.0
2-2021,transport,tamoil,7,15,287.15,1.0,0.0
2-2021,entertainment,microsoft,14,15,334.26,0.0,1.0
2-2021,entertainment,paypal,14,18,661.68,0.0,1.0
2-2021,health,coop,22,27,733.55,1.0,0.0
2-2021,shopping,other,503,1248,96108.63,0.3,0.7
3-2021,groceries,selecta,69,282,724.83,1.0,0.0
3-2021,restaurants,sumup,21,31,653.14,1.0,0.0
3-2021,transport,uber,25,63,1244.2,0.0,1.0
3-2021,restaurants,uber,46,166,5312.14,0.0,1.0
3-2021,cash,twint,34,101,2833.34,0.0,1.0
3-2021,entertainment,mycasino.ch,10,30,924.9,0.0,1.0
3-2021,cash,binance,15,32,10238.01,0.0,1.0
3-2021,communication,netflix.com,14,15,222.26,0.0,1.0
3-2021,shopping,other,771,2238,173691.97,0.56,0.44
5-2021,groceries,migros,509,1830,68618.8,0.89,0.11
5-2021,groceries,brezelkonig,39,52,348.9,1.0,0.0
5-2021,groceries,stocker,17,28,248.7,1.0,0.0
5-2021,restaurants,other,678,2930,103282.59,0.84,0.16
1-2021,transport,paypal,1,7,101.81,0.0,1.0
2-2021,shopping,jelmoli,2,4,693.45,1.0,0.0
3-2021,restaurants,marche,7,9,139.75,1.0,0.0
3-2021,shopping,jelmoli,19,35,2796.3,1.0,0.0
3-2021,transport,vbz,19,23,398.7,1.0,0.0
4-2021,groceries,selecta,68,258,690.19,1.0,0.0
4-2021,restaurants,migros,67,115,1029.15,1.0,0.0
4-2021,restaurants,subway,25,41,684.96,1.0,0.0
4-2021,entertainment,jackpots.ch,4,13,560.65,0.0,1.0
5-2021,cash,postfinance,19,23,6520.92,1.0,0.0
5-2021,health,sumup,24,25,2685.9,1.0,0.0
5-2021,shopping,amzn,1,1,39.11,0.0,1.0
5-2021,Restaurant,other,1,1,27.2,1.0,0.0
8-2023,Health,other,1,2,255.0,0.0,1.0
7-2023,groceries,aldi,255,542,16688.78,0.97,0.03
7-2023,communication,google,148,419,7620.6,0.0,1.0
7-2023,restaurants,sumup,283,517,15307.87,1.0,0.0
7-2023,restaurants,marche,66,104,1519.67,1.0,0.0
7-2023,health,other,542,947,52662.22,0.9,0.1
7-2023,restaurants,uber,64,132,5602.35,0.13,0.87
7-2023,transport,easypark,65,185,1084.19,0.0,1.0
7-2023,groceries,manor,40,63,2029.55,1.0,0.0
7-2023,groceries,rewe,29,64,1640.83,1.0,0.0
10-2022,general,other,333,639,50322.57,0.3,0.7
10-2022,restaurants,burger,149,206,4735.18,1.0,0.0
10-2022,health,amavita,52,63,1716.75,1.0,0.0
10-2022,shopping,globus,38,47,2735.55,1.0,0.0
10-2022,living,other,104,206,13933.99,0.48,0.52
10-2022,entertainment,steam,33,57,1370.5,0.0,1.0
10-2022,transport,paypal,9,13,1199.59,0.0,1.0
3-2022,shopping,jelmoli,15,54,2666.25,0.95,0.05
11-2023,transport,sbb,326,1636,23540.6,0.13,0.87
11-2023,groceries,volg,127,397,6605.2,1.0,0.0
11-2023,shopping,digitec galaxus,124,206,29488.38,0.1,0.9
11-2023,entertainment,microsoft,52,56,1232.15,0.0,1.0
11-2023,entertainment,paypal,19,28,1021.19,0.0,1.0
2-2022,groceries,lidl,138,305,11121.92,1.0,0.0
2-2022,groceries,spar,94,236,6467.36,1.0,0.0
2-2022,communication,spotify,142,150,2437.28,0.0,1.0
2-2022,groceries,twint,9,16,283.7,0.0,1.0
2-2022,communication,audible,31,40,461.03,0.0,1.0
2-2022,restaurants,mcdonald's,66,88,1519.24,1.0,0.0
2-2022,cash,postfinance,33,58,9226.13,1.0,0.0
2-2022,shopping,ochsner,26,28,2950.8,0.99,0.01
2-2022,transport,bolt,7,22,293.54,0.0,1.0
3-2022,groceries,twint,13,25,405.05,0.0,1.0
11-2023,shopping,manor,58,79,5167.8,0.89,0.11
12-2023,groceries,other,1037,4321,129630.32,0.88,0.12
12-2023,cash,twint,18,55,2925.43,0.0,1.0
12-2023,transport,easypark,56,120,568.27,0.0,1.0
12-2023,health,amavita,49,59,1574.9,1.0,0.0
12-2023,shopping,globus,68,99,9470.8,0.92,0.08
12-2023,groceries,sprungli,38,49,1259.5,0.92,0.08
12-2023,cash,binance,9,32,12427.83,0.0,1.0
12-2023,groceries,panetarium,5,48,488.7,1.0,0.0
12-2023,savings,coinbase,17,89,10236.65,0.0,1.0
3-2023,restaurants,burger,139,200,4130.65,0.99,0.01
3-2023,transport,voi,16,88,404.46,0.25,0.75
3-2023,health,coop,36,47,1378.45,1.0,0.0
3-2023,shopping,jelmoli,20,33,1624.2,1.0,0.0
3-2023,shopping,other,1108,3686,259281.46,0.59,0.41
3-2023,holidays,booking.com,24,34,12187.38,0.0,1.0
4-2023,entertainment,other,683,2141,125639.33,0.21,0.79
4-2023,holidays,other,529,1414,229698.91,0.61,0.39
4-2023,communication,other,533,1024,35559.75,0.06,0.94
4-2023,tax,other,201,289,14820.75,0.69,0.31
5-2023,groceries,lidl,217,537,20310.6,1.0,0.0
5-2023,groceries,spar,136,251,5527.81,1.0,0.0
5-2023,cash,revolut,66,254,84999.57,0.0,1.0
5-2023,restaurants,burger,152,216,4410.68,1.0,0.0
5-2023,shopping,amzn,42,94,3556.67,0.0,1.0
5-2023,communication,netflix.com,57,60,924.27,0.0,1.0
5-2023,groceries,twint,18,48,776.85,0.0,1.0
6-2023,transport,coop,316,867,18119.06,1.0,0.0
6-2023,groceries,volg,165,453,7861.15,1.0,0.0
6-2023,communication,amazon,66,123,1784.72,0.0,1.0
6-2023,transport,eni,86,173,4745.48,0.9,0.1
6-2023,transport,lime,24,99,547.05,0.0,1.0
6-2023,transport,fairtiq,35,79,1807.75,0.0,1.0
6-2023,entertainment,swisslos,25,51,5504.0,0.0,1.0
6-2023,transport,zvv,20,67,743.3,0.0,1.0
6-2023,restaurants,migros,159,283,3665.4,1.0,0.0
6-2023,cash,postfinance,67,123,28997.3,1.0,0.0
6-2023,restaurants,subway,27,33,521.03,1.0,0.0
6-2023,communication,adobe,34,43,1962.12,0.0,1.0
6-2023,shopping,ochsner,35,40,2707.65,0.94,0.06
6-2023,entertainment,playstationnetwork,19,42,1128.48,0.0,1.0
6-2023,entertainment,swiss casinos,26,100,7815.0,0.0,1.0
10-2021,cash,other,189,392,82047.24,0.72,0.28
10-2021,Restaurant,other,3,5,188.3,1.0,0.0
10-2021,groceries,denner,201,450,10398.6,0.95,0.05
10-2021,restaurants,migros,115,238,3003.85,1.0,0.0
10-2021,entertainment,swisslos,34,52,2627.0,0.0,1.0
11-2021,restaurants,burger,117,146,3485.74,0.95,0.05
11-2021,transport,easypark,17,50,214.33,0.0,1.0
11-2021,shopping,muller,53,70,1968.79,1.0,0.0
11-2021,entertainment,steam,31,43,1058.29,0.0,1.0
11-2021,general,other,231,391,40447.88,0.14,0.86
12-2021,groceries,kkiosk,59,93,997.75,1.0,0.0
12-2021,restaurants,starbucks,80,111,1153.19,0.99,0.01
12-2021,cash,postfinance,33,45,10243.84,1.0,0.0
12-2021,entertainment,steam,40,67,1572.52,0.0,1.0
12-2021,groceries,brezelkönig,33,44,323.3,1.0,0.0
12-2021,communication,sky,43,52,972.91,0.0,1.0
12-2021,shopping,amzn,39,67,3426.65,0.0,1.0
1-2022,communication,paypal,85,162,7586.51,0.0,1.0
1-2022,restaurants,burger,86,106,2770.66,0.92,0.08
1-2022,transport,parkingpay,46,137,706.95,0.0,1.0
1-2022,entertainment,mycasino.ch,8,39,9120.71,0.0,1.0
1-2022,cash,postfinance,21,33,9329.86,1.0,0.0
1-2022,groceries,sprungli,36,46,1443.84,1.0,0.0
1-2022,groceries,panetarium,9,31,293.7,1.0,0.0
1-2022,general,other,236,344,32713.94,0.18,0.82
1-2022,groceries,other,800,3061,78821.95,0.81,0.19
1-2022,tax,other,117,163,5406.0,0.47,0.53
10-2021,restaurants,subway,23,25,413.31,1.0,0.0
10-2021,entertainment,playstationnetwork,23,31,1008.42,0.0,1.0
10-2021,entertainment,swiss casinos,9,61,7030.23,0.0,1.0
11-2021,wellness,other,10,13,979.64,0.94,0.06
12-2021,restaurants,vicafe,17,24,469.9,0.59,0.41
12-2021,communication,yallo,15,25,631.75,0.0,1.0
12-2021,transport,bolt,4,11,51.97,0.0,1.0
1-2022,transport,tier,13,30,192.61,0.42,0.58
1-2022,holidays,airbnb,11,21,5934.95,0.0,1.0
6-2021,transport,coop,202,382,10026.67,0.95,0.05
6-2021,groceries,steiner,46,115,1159.15,1.0,0.0
6-2021,communication,post,62,81,1685.19,0.99,0.01
6-2021,transport,eni,29,50,1871.61,0.81,0.19
6-2021,transport,lime,19,67,416.12,0.0,1.0
6-2021,cash,ubs,55,139,6422.09,0.4,0.6
6-2021,transport,fairtiq,23,45,870.75,0.0,1.0
6-2021,transport,zvv,14,68,536.3,0.0,1.0
6-2021,restaurants,spettacolo,18,27,200.0,1.0,0.0
6-2021,entertainment,jackpots.ch,5,47,357.36,0.0,1.0
6-2021,groceries,sbb,21,34,261.6,1.0,0.0
7-2021,groceries,coop,643,2937,75609.65,0.97,0.03
7-2021,entertainment,interwetten,5,45,9161.0,0.0,1.0
7-2021,communication,netflix.com,11,11,161.85,0.0,1.0
7-2021,shopping,ochsner,21,23,1825.95,1.0,0.0
8-2021,transport,shell,85,124,4053.22,1.0,0.0
8-2021,savings,revolut,47,142,37125.72,0.0,1.0
8-2021,wellness,other,7,9,632.6,0.91,0.09
8-2021,holidays,other,403,1016,147637.88,0.76,0.24
8-2021,shopping,muller,39,49,1166.25,1.0,0.0
9-2021,groceries,volg,134,379,5948.1,1.0,0.0
9-2021,communication,google,105,281,3486.1,0.0,1.0
9-2021,living,other,84,142,15070.92,0.65,0.35
9-2021,shopping,globus,36,48,3808.77,0.95,0.05
9-2021,holidays,airbnb,5,6,3577.95,0.0,1.0
9-2021,transport,voi,11,33,111.08,0.02,0.98
1-2023,groceries,avec,141,276,2435.55,0.99,0.01
1-2023,transport,migrol,97,154,3509.18,1.0,0.0
1-2023,restaurants,starbucks,95,150,1515.21,1.0,0.0
1-2023,groceries,sumup,57,86,1651.8,1.0,0.0
1-2023,transport,landi,16,37,451.1,1.0,0.0
1-2023,health,dm-drogerie,32,43,1447.51,1.0,0.0
1-2023,restaurants,vicafe,18,35,402.9,0.67,0.33
1-2023,shopping,jelmoli,21,35,3388.65,1.0,0.0
1-2023,holidays,other,495,1287,210420.71,0.43,0.57
1-2023,shopping,other,1105,3693,283383.15,0.62,0.38
1-2023,communication,apple,358,1020,22764.47,0.0,1.0
2-2023,communication,paypal,106,206,4986.99,0.0,1.0
2-2023,shopping,digitec galaxus,98,141,16656.93,0.01,0.99
2-2023,entertainment,mycasino.ch,13,149,12344.12,0.0,1.0
2-2023,restaurants,mcdonald's,79,113,1782.96,1.0,0.0
2-2023,shopping,manor,67,87,4495.7,0.89,0.11
2-2023,general,other,314,545,39883.38,0.21,0.79
2-2023,transport,paypal,12,18,1673.08,0.0,1.0
2-2023,Groceries,other,3,3,112.0,1.0,0.0
11-2022,restaurants,mcdonalds,212,358,5620.73,1.0,0.0
11-2022,groceries,avec,145,286,2629.75,0.87,0.13
11-2022,transport,migrol,126,227,4920.77,0.9,0.1
11-2022,cash,revolut,68,213,62905.68,0.0,1.0
11-2022,groceries,sumup,70,96,1338.91,1.0,0.0
11-2022,holidays,swiss,29,52,15842.14,0.04,0.96
11-2022,transport,landi,20,47,971.0,0.88,0.12
12-2022,transport,sbb,334,1628,24079.51,0.2,0.8
12-2022,shopping,paypal,83,160,15921.7,0.0,1.0
12-2022,shopping,aliexpress,76,310,5424.1,0.0,1.0
12-2022,shopping,zalando,29,43,5256.64,0.02,0.98
12-2022,Restaurant,other,3,3,257.1,1.0,0.0
3-2022,cash,revolut,49,92,26017.79,0.0,1.0
3-2022,entertainment,microsoft,40,45,1618.25,0.0,1.0
4-2022,groceries,selecta,93,330,935.53,1.0,0.0
4-2022,restaurants,migros,138,262,3484.7,1.0,0.0
4-2022,shopping,otto's,41,55,3092.75,0.92,0.08
4-2022,holidays,swiss,27,49,9480.69,0.07,0.93
4-2022,shopping,orell fussli,29,33,1027.95,1.0,0.0
4-2022,restaurants,subway,28,41,728.36,1.0,0.0
3-2022,entertainment,paypal,30,46,1179.84,0.0,1.0
4-2022,shopping,hornbach,28,47,4694.39,0.82,0.18
5-2022,groceries,volg,147,426,7404.6,1.0,0.0
5-2022,communication,google,121,329,3811.18,0.0,1.0
5-2022,transport,easypark,40,115,478.97,0.0,1.0
5-2022,general,other,281,501,37299.44,0.22,0.78
5-2022,savings,revolut,1,2,1090.73,0.0,1.0
5-2022,shopping,decathlon,25,25,1734.19,0.9,0.1
5-2022,education,other,1,3,2423.4,0.29,0.71
6-2022,groceries,denner,277,620,14593.9,0.99,0.01
6-2022,communication,spotify,145,153,2491.51,0.0,1.0
6-2022,cash,other,247,742,139951.76,0.83,0.17
6-2022,transport,uber,58,199,3296.8,0.0,1.0
6-2022,entertainment,mycasino.ch,8,39,2870.6,0.0,1.0
6-2022,savings,coinbase,19,68,12385.67,0.0,1.0
6-2022,transport,vbz,28,42,312.6,1.0,0.0
6-2022,communication,audible,29,32,351.21,0.0,1.0
8-2023,communication,other,508,1018,32955.27,0.06,0.94
8-2023,entertainment,mycasino.ch,16,147,12679.6,0.0,1.0
8-2023,health,amavita,45,48,1382.75,1.0,0.0
8-2023,transport,paypal,19,32,1064.72,0.0,1.0
9-2023,groceries,volg,181,432,7670.1,1.0,0.0
9-2023,restaurants,migros,140,276,3394.95,1.0,0.0
9-2023,transport,migrol,131,237,5952.06,1.0,0.0
9-2023,cash,twint,25,81,3337.6,0.0,1.0
9-2023,communication,sky,8,9,278.05,0.0,1.0
9-2023,cash,binance,8,51,8922.23,0.0,1.0
9-2023,restaurants,subway,22,37,529.11,1.0,0.0
9-2023,shopping,jelmoli,19,31,1945.05,1.0,0.0
9-2023,communication,yallo,17,55,867.5,0.0,1.0
8-2023,Restaurant,other,2,2,167.0,1.0,0.0
9-2023,shopping,other,1209,3938,276092.21,0.7,0.3
9-2023,wellness,other,10,18,1457.8,0.51,0.49
9-2023,transport,landi,24,38,796.95,1.0,0.0
9-2023,health,sumup,53,59,9835.39,1.0,0.0
10-2023,groceries,coop,938,4342,90578.87,0.97,0.03
10-2023,restaurants,migros,151,287,3833.0,1.0,0.0
10-2023,communication,post,97,123,2713.63,0.97,0.03
10-2023,shopping,migros,30,38,2940.8,0.59,0.41
10-2023,health,amavita,49,59,1807.75,1.0,0.0
10-2023,cash,kantonalbank,38,62,15860.0,1.0,0.0
10-2023,restaurants,subway,35,39,615.9,1.0,0.0
10-2023,transport,bolt,22,100,595.67,0.0,1.0
10-2023,education,other,2,7,3144.65,0.14,0.86
10-2023,Health,other,1,2,490.0,0.0,1.0
7-2022,transport,coop,282,673,17769.23,1.0,0.0
7-2022,cash,revolut,75,214,106883.37,0.0,1.0
7-2022,transport,eni,83,137,4491.91,0.96,0.04
7-2022,transport,lime,25,107,585.82,0.0,1.0
7-2022,transport,fairtiq,28,57,1484.1,0.0,1.0
7-2022,entertainment,swisslos,45,107,4577.0,0.0,1.0
7-2022,transport,zvv,28,95,2275.4,0.0,1.0
7-2022,wellness,other,9,14,1618.23,0.86,0.14
7-2022,entertainment,playstationnetwork,14,18,251.62,0.0,1.0
7-2022,communication,tiktok,1,21,79.12,0.0,1.0
7-2022,entertainment,swiss casinos,20,76,11378.0,0.0,1.0
8-2022,groceries,selecta,119,331,1010.64,1.0,0.0
8-2022,transport,uber,50,215,3534.17,0.0,1.0
8-2022,communication,amazon,62,94,967.41,0.0,1.0
8-2022,communication,adobe,31,40,965.06,0.0,1.0
8-2022,transport,vbz,23,32,2274.0,1.0,0.0
8-2022,shopping,ochsner,32,37,1966.6,0.85,0.15
8-2022,salary,other,2,3,84.09,0.7,0.3
9-2022,transport,sbb,321,1301,24595.0,0.16,0.84
9-2022,shopping,other,1070,3567,266910.79,0.66,0.34
9-2022,tax,other,159,215,7947.81,0.65,0.35
9-2022,savings,other,22,63,26154.84,0.0,1.0
9-2022,shopping,jelmoli,19,35,2540.4,1.0,0.0
1-2021,groceries,kkiosk,30,54,507.75,1.0,0.0
1-2021,cash,twint,28,77,2061.16,0.0,1.0
1-2021,transport,parkingpay,8,15,164.85,0.0,1.0
1-2021,entertainment,netflix,70,71,1299.9,0.0,1.0
1-2021,communication,post,21,25,403.35,1.0,0.0
1-2021,entertainment,google,9,15,85.35,0.0,1.0
1-2021,groceries,brezelkönig,23,31,207.9,1.0,0.0
1-2021,shopping,other,497,1343,114162.51,0.38,0.62
1-2021,health,other,219,331,20593.97,0.82,0.18
2-2021,groceries,coop,469,2048,65372.84,0.95,0.05
2-2021,restaurants,mcdonalds,79,130,2672.04,0.96,0.04
2-2021,entertainment,youtube,26,31,423.07,0.0,1.0
2-2021,savings,other,20,63,21202.51,0.0,1.0
3-2021,groceries,coop,761,3127,86188.94,0.97,0.03
3-2021,transport,migrol,79,127,3323.36,1.0,0.0
3-2021,savings,revolut,85,148,30151.18,0.0,1.0
3-2021,communication,sky,28,36,712.21,0.0,1.0
3-2021,communication,yallo,14,23,360.85,0.0,1.0
5-2021,transport,coop,201,404,11376.62,0.97,0.03
5-2021,restaurants,starbucks,37,64,689.34,1.0,0.0
5-2021,entertainment,netflix,92,93,1757.07,0.0,1.0
5-2021,transport,eni,28,54,1575.56,1.0,0.0
5-2021,transport,fairtiq,23,54,1079.35,0.0,1.0
5-2021,shopping,globus,19,30,1741.15,1.0,0.0
5-2021,transport,zvv,15,46,720.3,0.0,1.0
1-2021,shopping,jelmoli,5,6,374.25,0.94,0.06
1-2021,cash,binance,3,5,560.0,0.0,1.0
1-2021,transport,tier,2,2,5.7,0.0,1.0
2-2021,wellness,other,4,7,771.95,0.91,0.09
2-2021,holidays,booking.com,1,1,97.9,0.0,1.0
3-2021,entertainment,jackpots.ch,7,9,122.44,0.0,1.0
3-2021,education,other,2,2,945.69,0.04,0.96
3-2021,transport,landi,8,16,255.95,1.0,0.0
4-2021,groceries,coop,622,2733,80979.25,0.96,0.04
4-2021,transport,shell,73,126,3070.5,1.0,0.0
4-2021,cash,postfinance,11,18,2707.0,1.0,0.0
4-2021,entertainment,mycasino.ch,8,36,1490.0,0.0,1.0
4-2021,health,dm-drogerie,3,3,287.68,1.0,0.0
5-2021,transport,lime,15,35,111.68,0.0,1.0
5-2021,restaurants,vicafe,19,30,339.7,1.0,0.0
5-2021,entertainment,google,1,1,14.62,0.0,1.0
5-2021,holidays,booking.com,6,7,1161.16,0.0,1.0
5-2021,salary,other,1,3,9.95,0.0,1.0
7-2023,communication,apple,352,1072,20009.25,0.01,0.99
7-2023,groceries,volg,174,414,7319.85,1.0,0.0
7-2023,cash,revolut,96,291,132193.98,0.0,1.0
7-2023,entertainment,swisslos,20,42,2184.0,0.0,1.0
7-2023,entertainment,playstationnetwork,21,32,510.16,0.0,1.0
7-2023,entertainment,swiss casinos,35,184,15284.5,0.0,1.0
7-2023,Groceries,other,2,3,219.1,1.0,0.0
7-2023,savings,coinbase,8,48,1470.42,0.0,1.0
10-2022,groceries,migros,736,2660,68678.13,0.91,0.09
10-2022,communication,paypal,102,191,5841.12,0.0,1.0
10-2022,transport,parkingpay,52,152,793.4,0.0,1.0
10-2022,groceries,brezelkonig,37,48,323.1,1.0,0.0
10-2022,transport,tier,27,75,310.91,0.0,1.0
10-2022,cash,kantonalbank,34,50,11570.0,1.0,0.0
10-2022,shopping,amzn,22,35,2153.55,0.0,1.0
10-2022,groceries,stocker,14,29,201.9,1.0,0.0
10-2022,entertainment,interwetten,9,115,6382.6,0.0,1.0
3-2022,communication,tiktok,3,15,105.96,0.0,1.0
11-2023,groceries,aldi,233,528,18135.34,1.0,0.0
11-2023,communication,post,104,142,2779.32,0.98,0.02
11-2023,cash,ubs,36,62,14720.0,1.0,0.0
11-2023,groceries,manor,26,56,1183.6,1.0,0.0
11-2023,entertainment,youtube,44,45,689.87,0.0,1.0
11-2023,restaurants,tibits,30,44,962.7,1.0,0.0
11-2023,shopping,decathlon,32,37,2791.04,0.63,0.37
11-2023,groceries,rewe,24,33,765.55,1.0,0.0
2-2022,savings,coinbase,14,40,2470.7,0.0,1.0
2-2022,general,paypal,32,37,4184.69,0.0,1.0
2-2022,entertainment,other,451,1056,85635.76,0.25,0.75
2-2022,communication,other,415,806,36536.4,0.11,0.89
2-2022,shopping,migros,35,54,5718.8,0.98,0.02
2-2022,living,landi,21,22,661.15,1.0,0.0
2-2022,health,sumup,30,31,3217.7,1.0,0.0
2-2022,restaurants,spettacolo,18,21,152.9,1.0,0.0
2-2022,transport,voi,9,16,61.62,0.3,0.7
2-2022,Holidays,other,1,1,13.45,1.0,0.0
11-2023,transport,other,857,2844,86513.96,0.74,0.26
11-2023,tax,other,174,288,12892.48,0.61,0.39
11-2023,living,other,107,181,13494.16,0.59,0.41
11-2023,health,amavita,39,48,1197.9,1.0,0.0
12-2023,entertainment,netflix,88,88,1736.79,0.0,1.0
12-2023,groceries,steiner,46,80,986.2,1.0,0.0
12-2023,groceries,sbb,35,53,474.75,1.0,0.0
12-2023,entertainment,google,117,170,1523.0,0.0,1.0
12-2023,shopping,amzn,42,70,4037.12,0.0,1.0
12-2023,restaurants,tibits,28,39,923.5,1.0,0.0
3-2023,groceries,migros,786,3247,83837.15,0.94,0.06
3-2023,transport,sbb,305,1592,23115.6,0.19,0.81
3-2023,restaurants,migros,176,347,4425.05,1.0,0.0
3-2023,groceries,brezelkonig,63,93,654.8,1.0,0.0
3-2023,entertainment,swisslos,40,79,4162.0,0.0,1.0
3-2023,restaurants,subway,37,51,848.47,1.0,0.0
3-2023,entertainment,playstationnetwork,24,54,913.98,0.0,1.0
3-2023,entertainment,swiss casinos,32,107,11757.0,0.0,1.0
4-2023,groceries,lidl,200,409,15742.33,1.0,0.0
4-2023,restaurants,sumup,211,351,9843.59,1.0,0.0
4-2023,groceries,spar,115,210,5164.4,0.98,0.02
4-2023,transport,uber,85,265,4526.92,0.03,0.97
4-2023,restaurants,uber,69,211,9099.11,0.06,0.94
4-2023,shopping,digitec galaxus,78,112,12067.08,0.08,0.92
4-2023,shopping,manor,79,112,5453.0,0.96,0.04
4-2023,restaurants,marche,74,111,1458.55,1.0,0.0
4-2023,transport,vbz,21,37,503.5,1.0,0.0
5-2023,restaurants,migros,154,285,3699.55,0.99,0.01
5-2023,communication,paypal,100,190,4395.53,0.0,1.0
5-2023,cash,twint,34,104,4586.64,0.0,1.0
5-2023,cash,binance,14,58,17658.84,0.0,1.0
5-2023,shopping,ochsner,38,46,3481.65,0.81,0.19
5-2023,entertainment,playstationnetwork,28,109,2994.72,0.0,1.0
5-2023,entertainment,swiss casinos,33,152,15173.9,0.0,1.0
5-2023,living,other,137,205,11992.86,0.81,0.19
4-2023,groceries,twint,16,45,1052.7,0.0,1.0
4-2023,savings,revolut,1,1,148.0,0.0,1.0
5-2023,entertainment,swisslos,29,51,2465.0,0.01,0.99
5-2023,restaurants,subway,33,40,544.73,1.0,0.0
5-2023,transport,paypal,16,31,2199.95,0.0,1.0
6-2023,groceries,other,1099,4665,120747.95,0.88,0.12
6-2023,health,other,538,949,55829.92,0.9,0.1
6-2023,transport,migrol,155,289,6690.26,1.0,0.0
6-2023,restaurants,burger,132,201,4690.27,1.0,0.0
6-2023,communication,post,85,101,2125.38,0.99,0.01
6-2023,shopping,amzn,29,45,2432.76,0.0,1.0
6-2023,transport,landi,43,96,1925.79,1.0,0.0
6-2023,groceries,sprungli,34,41,878.3,1.0,0.0
6-2023,groceries,panetarium,6,43,426.05,1.0,0.0
10-2021,health,other,391,671,36078.93,0.89,0.11
10-2021,shopping,aliexpress,43,137,2868.98,0.0,1.0
10-2021,shopping,paypal,93,174,18306.59,0.0,1.0
10-2021,restaurants,burger,119,154,3869.06,1.0,0.0
10-2021,cash,ubs,70,230,12958.91,0.41,0.59
11-2021,entertainment,youtube,39,44,666.31,0.0,1.0
11-2021,restaurants,subway,21,34,551.77,1.0,0.0
11-2021,savings,other,43,92,36680.93,0.01,0.99
12-2021,groceries,migrolino,77,208,2056.85,0.88,0.12
12-2021,entertainment,youtube,40,48,644.28,0.0,1.0
12-2021,restaurants,tibits,19,37,658.9,1.0,0.0
12-2021,holidays,booking.com,14,15,3487.94,0.0,1.0
12-2021,transport,other,624,1796,49576.42,0.72,0.28
1-2022,transport,avia,92,138,6638.09,1.0,0.0
1-2022,shopping,digitec galaxus,111,179,23553.78,0.12,0.88
1-2022,transport,socar,77,146,3263.57,1.0,0.0
1-2022,transport,agrola,50,84,2871.88,1.0,0.0
1-2022,shopping,manor,63,87,4684.55,0.96,0.04
1-2022,transport,tamoil,18,23,842.41,1.0,0.0
1-2022,restaurants,subway,23,30,464.49,1.0,0.0
1-2022,communication,netflix.com,18,18,238.72,0.0,1.0
10-2021,shopping,zalando,28,46,5632.94,0.01,0.99
10-2021,entertainment,jackpots.ch,12,87,11972.05,0.0,1.0
10-2021,Holidays,other,1,1,149.05,1.0,0.0
11-2021,communication,apple,285,889,40536.13,0.0,1.0
11-2021,groceries,denner,209,487,12112.65,0.98,0.02
11-2021,restaurants,migros,135,256,3107.75,1.0,0.0
11-2021,transport,shell,77,125,3248.07,0.98,0.02
11-2021,Fitness,other,1,1,12.0,1.0,0.0
12-2021,shopping,ochsner,42,49,6484.15,0.98,0.02
1-2022,groceries,volg,135,388,8074.1,1.0,0.0
1-2022,restaurants,migros,111,203,2576.85,0.99,0.01
6-2021,cash,other,114,206,40448.63,0.72,0.28
6-2021,groceries,aldi,116,258,9959.39,1.0,0.0
6-2021,transport,migrol,90,163,4348.98,1.0,0.0
6-2021,shopping,amazon,56,101,5698.93,0.0,1.0
6-2021,shopping,ikea,35,48,5068.2,0.67,0.33
6-2021,communication,amazon,30,48,531.68,0.0,1.0
6-2021,groceries,manor,21,56,1508.55,1.0,0.0
6-2021,shopping,sumup,18,22,1342.59,0.98,0.02
6-2021,transport,landi,10,15,285.95,1.0,0.0
6-2021,health,dm-drogerie,13,13,1201.09,1.0,0.0
6-2021,entertainment,swiss casinos,8,42,5800.0,0.0,1.0
7-2021,communication,paypal,64,107,4454.94,0.0,1.0
7-2021,restaurants,mcdonald's,48,72,1143.45,1.0,0.0
7-2021,entertainment,microsoft,23,23,378.93,0.0,1.0
7-2021,health,sumup,28,30,3594.44,1.0,0.0
7-2021,entertainment,paypal,15,25,889.2,0.0,1.0
7-2021,holidays,other,400,1176,186138.44,0.72,0.28
8-2021,groceries,denner,195,421,11396.4,0.97,0.03
8-2021,communication,google,97,193,1967.56,0.0,1.0
8-2021,restaurants,sumup,113,148,3974.07,1.0,0.0
8-2021,restaurants,uber,37,139,4686.97,0.04,0.96
8-2021,entertainment,netflix,98,99,1826.06,0.0,1.0
8-2021,transport,easypark,42,93,399.02,0.0,1.0
8-2021,restaurants,marche,31,34,620.43,1.0,0.0
6-2021,entertainment,swisslos,13,16,1038.0,0.0,1.0
6-2021,communication,adobe,17,20,448.6,0.0,1.0
6-2021,entertainment,playstationnetwork,9,9,268.77,0.0,1.0
7-2021,shopping,amzn,3,5,268.58,0.0,1.0
8-2021,entertainment,google,14,30,300.59,0.0,1.0
9-2021,transport,sbb,243,938,16462.5,0.3,0.7
9-2021,groceries,sprungli,39,52,1234.15,1.0,0.0
9-2021,groceries,other,788,3308,84253.29,0.84,0.16
9-2021,general,paypal,21,32,9063.96,0.0,1.0
9-2021,shopping,migros,39,52,5847.55,0.55,0.45
9-2021,groceries,panetarium,6,31,323.2,1.0,0.0
1-2023,transport,coop,256,584,15043.73,0.99,0.01
1-2023,groceries,selecta,98,244,935.74,0.99,0.01
1-2023,entertainment,mycasino.ch,12,74,5311.4,0.0,1.0
1-2023,transport,eni,57,86,2644.1,0.95,0.05
1-2023,transport,lime,16,57,218.39,0.0,1.0
1-2023,transport,fairtiq,38,87,1684.77,0.0,1.0
1-2023,transport,zvv,28,128,1453.2,0.0,1.0
1-2023,restaurants,tibits,33,46,1001.2,1.0,0.0
1-2023,shopping,decathlon,30,35,3421.25,0.89,0.11
1-2023,tax,other,179,246,18250.91,0.38,0.62
2-2023,groceries,denner,276,581,12678.0,0.98,0.02
3-2023,shopping,decathlon,28,31,2677.34,0.87,0.13
3-2023,groceries,stocker,18,44,382.5,1.0,0.0
2-2023,communication,netflix.com,47,47,786.37,0.0,1.0
2-2023,holidays,airbnb,22,45,15354.82,0.0,1.0
11-2022,transport,coop,242,600,14184.36,0.93,0.07
11-2022,communication,google,164,528,5500.87,0.0,1.0
11-2022,groceries,selecta,108,286,934.68,0.92,0.08
11-2022,shopping,digitec galaxus,112,187,30312.29,0.08,0.92
11-2022,cash,twint,48,133,7180.52,0.0,1.0
11-2022,shopping,manor,78,112,5628.1,0.84,0.16
11-2022,transport,eni,58,89,2721.34,0.9,0.1
11-2022,transport,lime,33,138,571.07,0.0,1.0
11-2022,transport,fairtiq,35,100,2163.1,0.0,1.0
11-2022,transport,zvv,30,126,1217.0,0.0,1.0
11-2022,cash,binance,16,39,11909.33,0.0,1.0
11-2022,health,coop,27,35,1106.3,1.0,0.0
12-2022,groceries,coop,907,4151,102512.27,0.98,0.02
12-2022,transport,voi,21,80,334.85,0.0,1.0
12-2022,communication,other,529,987,41880.86,0.1,0.9
12-2022,health,other,516,980,49543.36,0.94,0.06
12-2022,tax,other,165,215,8724.66,0.46,0.54
12-2022,general,paypal,43,71,8206.99,0.0,1.0
12-2022,living,other,95,161,7667.43,0.52,0.48
3-2022,groceries,migros,685,2851,77984.39,0.91,0.09
3-2022,transport,uber,62,208,3315.41,0.07,0.93
3-2022,shopping,digitec galaxus,92,146,27726.72,0.02,0.98
3-2022,communication,spotify,136,142,2306.6,0.0,1.0
3-2022,entertainment,interwetten,12,85,8049.46,0.0,1.0
3-2022,cash,twint,49,116,7013.06,0.0,1.0
3-2022,shopping,manor,51,71,3021.85,0.86,0.14
3-2022,groceries,brezelkonig,59,83,632.75,1.0,0.0
3-2022,general,paypal,42,67,6177.33,0.0,1.0
3-2022,transport,vbz,20,36,204.9,1.0,0.0
3-2022,cash,binance,16,59,15643.3,0.0,1.0
3-2022,health,coop,38,49,1293.9,0.93,0.07
3-2022,groceries,stocker,19,28,200.3,1.0,0.0
4-2022,groceries,avec,132,220,2053.35,0.99,0.01
4-2022,restaurants,burger,128,178,4203.76,1.0,0.0
4-2022,groceries,sumup,73,93,2122.96,1.0,0.0
5-2022,transport,shell,132,201,6301.85,1.0,0.0
5-2022,groceries,sprungli,35,66,1499.22,0.9,0.1
5-2022,restaurants,spettacolo,33,57,404.7,1.0,0.0
5-2022,shopping,other,1011,3288,274368.47,0.64,0.36
5-2022,groceries,other,915,3827,91682.45,0.84,0.16
4-2022,entertainment,other,533,1583,97550.21,0.32,0.68
4-2022,transport,paypal,12,41,1559.73,0.0,1.0
4-2022,education,other,4,6,435.14,0.65,0.35
5-2022,groceries,panetarium,6,30,278.2,1.0,0.0
5-2022,shopping,jelmoli,14,31,1847.0,0.77,0.23
6-2022,shopping,amazon,90,183,11316.35,0.0,1.0
6-2022,health,other,417,668,40439.61,0.89,0.11
6-2022,shopping,ikea,45,94,5255.79,0.9,0.1
6-2022,cash,ubs,34,47,10110.0,1.0,0.0
6-2022,general,paypal,38,53,4943.43,0.0,1.0
6-2022,shopping,sumup,34,38,1630.2,0.96,0.04
6-2022,restaurants,spettacolo,24,38,281.8,1.0,0.0
6-2022,communication,tiktok,3,51,640.05,0.0,1.0
8-2023,groceries,lidl,214,453,16724.47,1.0,0.0
8-2023,groceries,spar,149,353,7301.22,0.98,0.02
8-2023,cash,postfinance,77,128,30926.88,1.0,0.0
8-2023,savings,coinbase,9,59,3388.2,0.0,1.0
8-2023,shopping,orell fussli,41,44,1298.2,0.79,0.21
8-2023,groceries,twint,15,55,1135.65,0.0,1.0
8-2023,shopping,hornbach,19,42,3457.5,0.94,0.06
9-2023,transport,coop,323,905,18747.38,0.99,0.01
9-2023,cash,revolut,74,251,77400.57,0.0,1.0
9-2023,restaurants,burger,137,191,4530.17,0.99,0.01
9-2023,transport,eni,89,156,5088.28,0.82,0.18
9-2023,transport,lime,19,59,385.66,0.0,1.0
9-2023,transport,fairtiq,23,37,741.8,0.0,1.0
9-2023,entertainment,swisslos,34,70,2933.0,0.02,0.98
9-2023,transport,zvv,24,73,2864.5,0.0,1.0
9-2023,groceries,sprungli,37,50,1148.7,1.0,0.0
9-2023,groceries,panetarium,4,34,336.8,1.0,0.0
9-2023,shopping,decathlon,28,30,1185.66,0.64,0.36
9-2023,entertainment,playstationnetwork,27,49,1407.33,0.0,1.0
9-2023,entertainment,swiss casinos,23,155,9917.65,0.0,1.0
8-2023,shopping,otto's,52,65,3791.2,0.96,0.04
9-2023,groceries,other,1123,4562,110255.29,0.88,0.12
10-2023,communication,amazon,64,111,1300.41,0.0,1.0
10-2023,transport,other,967,3835,117682.01,0.67,0.33
10-2023,restaurants,burger,133,188,4405.68,0.97,0.03
10-2023,entertainment,mycasino.ch,18,67,2159.67,0.0,1.0
10-2023,communication,adobe,46,57,1234.0,0.0,1.0
10-2023,shopping,globus,27,37,3676.61,1.0,0.0
7-2022,groceries,coop,877,3947,87939.77,0.98,0.02
7-2022,transport,migrol,134,261,6229.28,1.0,0.0
7-2022,communication,spotify,146,151,2459.15,0.0,1.0
7-2022,cash,twint,52,126,7156.94,0.0,1.0
7-2022,shopping,otto's,47,57,3924.15,0.95,0.05
7-2022,transport,landi,26,47,949.4,1.0,0.0
7-2022,communication,audible,25,25,248.44,0.0,1.0
7-2022,cash,binance,15,68,13678.75,0.0,1.0
7-2022,shopping,hornbach,25,42,4936.75,0.93,0.07
7-2022,shopping,orell fussli,27,31,900.15,1.0,0.0
8-2022,groceries,avec,160,288,2220.4,0.98,0.02
8-2022,shopping,amzn,27,42,3040.58,0.0,1.0
8-2022,entertainment,mycasino.ch,9,81,4059.0,0.0,1.0
8-2022,communication,post,87,110,3719.48,1.0,0.0
8-2022,groceries,sumup,78,100,1992.66,1.0,0.0
8-2022,cash,postfinance,49,66,16586.3,1.0,0.0
8-2022,restaurants,spettacolo,19,35,281.6,1.0,0.0
9-2022,groceries,lidl,190,431,14044.66,1.0,0.0
9-2022,groceries,spar,123,288,6064.83,1.0,0.0
9-2022,transport,voi,28,119,406.81,0.0,1.0
9-2022,shopping,decathlon,32,36,1940.24,0.72,0.28
9-2022,groceries,twint,24,82,798.0,0.0,1.0
1-2021,groceries,migrolino,31,70,439.15,1.0,0.0
1-2021,transport,avia,23,31,1024.72,1.0,0.0
1-2021,transport,socar,27,34,961.49,1.0,0.0
1-2021,transport,agrola,28,42,1825.73,1.0,0.0
1-2021,communication,amazon,23,44,905.22,0.0,1.0
1-2021,transport,tamoil,6,11,494.55,1.0,0.0
1-2021,communication,adobe,9,12,218.2,0.0,1.0
1-2021,shopping,decathlon,8,9,1531.0,0.26,0.74
1-2021,restaurants,other,381,1317,38408.6,0.65,0.35
1-2021,holidays,other,88,169,28173.48,0.71,0.29
1-2021,salary,other,1,1,3.0,0.0,1.0
2-2021,shopping,digitec galaxus,79,130,18092.53,0.04,0.96
2-2021,shopping,manor,6,7,849.0,0.09,0.91
2-2021,entertainment,steam,18,31,650.63,0.0,1.0
2-2021,communication,other,262,503,23647.74,0.01,0.99
3-2021,transport,coop,166,355,8746.37,0.98,0.02
3-2021,restaurants,mcdonalds,119,196,3485.52,0.94,0.06
3-2021,shopping,digitec galaxus,85,137,24969.67,0.12,0.88
3-2021,shopping,manor,37,58,3199.2,0.79,0.21
3-2021,transport,eni,24,34,1122.74,0.86,0.14
3-2021,transport,lime,7,14,53.87,0.0,1.0
3-2021,transport,fairtiq,16,22,284.85,0.0,1.0
3-2021,entertainment,swisslos,20,27,1815.0,0.0,1.0
3-2021,health,amavita,24,29,815.1,1.0,0.0
3-2021,transport,zvv,15,38,369.4,0.0,1.0
5-2021,groceries,lidl,104,226,10871.78,1.0,0.0
5-2021,groceries,spar,74,188,6406.06,1.0,0.0
5-2021,transport,migrol,92,173,4747.87,1.0,0.0
5-2021,communication,spotify,109,111,1803.61,0.0,1.0
5-2021,shopping,migros,41,52,4660.05,0.81,0.19
5-2021,savings,revolut,55,140,30750.08,0.0,1.0
5-2021,transport,landi,10,11,277.9,1.0,0.0
5-2021,groceries,twint,6,9,247.15,0.0,1.0
5-2021,communication,audible,19,22,259.58,0.0,1.0
5-2021,living,other,80,128,12892.28,0.73,0.27
1-2021,cash,revolut,1,1,200.0,0.0,1.0
2-2021,health,sumup,6,6,335.0,1.0,0.0
2-2021,transport,paypal,2,2,182.87,0.0,1.0
3-2021,entertainment,playstationnetwork,9,9,143.26,0.0,1.0
3-2021,entertainment,swiss casinos,8,17,945.0,0.0,1.0
4-2021,shopping,otto's,32,40,1809.1,1.0,0.0
4-2021,shopping,orell fussli,15,17,672.9,1.0,0.0
4-2021,communication,other,345,681,30984.66,0.03,0.97
4-2021,transport,easypark,14,26,85.11,0.0,1.0
4-2021,shopping,hornbach,19,27,2787.39,0.83,0.17
5-2021,health,coop,20,23,469.2,1.0,0.0
5-2021,restaurants,tibits,7,12,207.2,1.0,0.0
6-2021,groceries,rewe,3,3,82.99,1.0,0.0
6-2021,Groceries,other,1,1,10.8,1.0,0.0
7-2023,shopping,aliexpress,72,336,4707.95,0.0,1.0
7-2023,shopping,paypal,94,171,16796.08,0.0,1.0
7-2023,cash,twint,30,88,4066.9,0.0,1.0
7-2023,groceries,sprungli,38,56,1294.19,1.0,0.0
7-2023,shopping,zalando,28,49,5690.93,0.02,0.98
7-2023,cash,binance,9,70,25189.49,0.0,1.0
7-2023,groceries,other,1173,5585,145390.97,0.89,0.11
7-2023,restaurants,mcdonalds,237,411,6603.87,0.93,0.07
7-2023,groceries,panetarium,3,52,521.7,1.0,0.0
10-2022,transport,avia,121,201,9118.35,1.0,0.0
10-2022,transport,socar,88,128,2945.74,1.0,0.0
10-2022,transport,agrola,68,182,5084.38,1.0,0.0
10-2022,transport,tamoil,40,72,2263.38,1.0,0.0
10-2022,entertainment,microsoft,53,59,1375.29,0.0,1.0
10-2022,entertainment,paypal,31,64,1865.75,0.0,1.0
10-2022,shopping,ochsner,32,35,4055.6,0.89,0.11
10-2022,holidays,swiss,27,66,18058.27,0.05,0.95
10-2022,communication,netflix.com,22,22,324.41,0.0,1.0
3-2022,communication,audible,31,36,394.82,0.0,1.0
11-2023,restaurants,starbucks,87,147,1602.05,0.94,0.06
11-2023,groceries,steiner,54,82,875.6,1.0,0.0
11-2023,communication,amazon,68,113,1508.51,0.0,1.0
11-2023,entertainment,steam,43,78,1949.04,0.0,1.0
11-2023,groceries,sbb,30,54,360.85,1.0,0.0
11-2023,communication,adobe,38,50,1174.63,0.0,1.0
11-2023,restaurants,vicafe,20,37,385.2,0.8,0.2
11-2023,transport,bolt,15,72,320.81,0.0,1.0
2-2022,groceries,migros,646,2246,65190.75,0.9,0.1
2-2022,transport,sbb,253,1009,19953.1,0.19,0.81
2-2022,groceries,brezelkonig,50,76,616.6,1.0,0.0
2-2022,shopping,globus,39,52,3833.08,1.0,0.0
2-2022,groceries,stocker,10,11,120.4,1.0,0.0
2-2022,holidays,airbnb,17,33,18376.25,0.0,1.0
2-2022,tax,other,121,178,13332.88,0.62,0.38
2-2022,Restaurant,other,3,3,53.6,1.0,0.0
11-2023,shopping,other,1188,4185,328240.75,0.58,0.42
11-2023,cash,other,261,777,180234.23,0.64,0.36
11-2023,holidays,swiss,22,31,4579.53,0.06,0.94
11-2023,shopping,jelmoli,19,34,3554.72,0.83,0.17
11-2023,education,other,7,13,5123.36,0.04,0.96
12-2023,communication,google,128,371,3465.51,0.0,1.0
12-2023,groceries,aldi,209,475,17730.36,0.98,0.02
12-2023,restaurants,starbucks,88,145,1763.27,0.99,0.01
12-2023,groceries,manor,36,98,4062.65,1.0,0.0
12-2023,groceries,rewe,23,45,1707.94,0.87,0.13
12-2023,restaurants,vicafe,18,39,360.7,0.76,0.24
12-2023,shopping,ochsner,33,34,3887.95,1.0,0.0
3-2023,cash,postfinance,72,127,36295.67,1.0,0.0
3-2023,shopping,muller,55,86,1909.65,1.0,0.0
4-2023,shopping,amazon,105,194,11262.05,0.0,1.0
4-2023,groceries,kkiosk,95,163,1616.8,1.0,0.0
4-2023,shopping,ikea,63,106,7926.79,0.91,0.09
4-2023,entertainment,swisslos,31,55,2744.0,0.01,0.99
4-2023,shopping,sumup,69,80,4090.18,0.96,0.04
4-2023,restaurants,tibits,34,46,980.7,0.9,0.1
4-2023,groceries,brezelkönig,27,34,226.2,1.0,0.0
4-2023,entertainment,swiss casinos,33,152,10683.46,0.0,1.0
5-2023,groceries,migrolino,116,306,2289.1,1.0,0.0
4-2023,transport,voi,18,93,470.27,0.29,0.71
4-2023,entertainment,playstationnetwork,26,50,1438.34,0.0,1.0
5-2023,transport,easypark,55,167,742.77,0.0,1.0
6-2023,groceries,coop,974,5002,100723.93,0.96,0.04
6-2023,shopping,aliexpress,66,456,7703.63,0.0,1.0
6-2023,shopping,paypal,83,165,14444.66,0.0,1.0
6-2023,general,paypal,38,62,6187.76,0.0,1.0
6-2023,shopping,zalando,30,50,9210.53,0.01,0.99
6-2023,entertainment,other,579,2033,144321.71,0.17,0.83
6-2023,communication,spotify,155,158,2563.34,0.0,1.0
6-2023,restaurants,mcdonald's,74,110,1783.68,0.99,0.01
6-2023,health,coop,35,44,1328.76,1.0,0.0
6-2023,transport,bolt,22,97,411.64,0.0,1.0
6-2023,communication,audible,33,38,412.19,0.0,1.0
10-2021,entertainment,other,430,1100,86592.84,0.25,0.75
10-2021,groceries,migros,587,2249,74384.86,0.92,0.08
10-2021,transport,avia,92,142,6204.1,0.99,0.01
10-2021,transport,socar,76,134,3423.41,1.0,0.0
10-2021,transport,agrola,60,117,3694.25,1.0,0.0
10-2021,restaurants,mcdonald's,52,74,1398.88,1.0,0.0
10-2021,groceries,brezelkonig,51,79,559.6,1.0,0.0
10-2021,transport,tamoil,23,35,913.68,1.0,0.0
11-2021,cash,ubs,61,228,10552.17,0.18,0.82
11-2021,health,amavita,40,45,1305.8,1.0,0.0
11-2021,communication,netflix.com,13,13,177.02,0.0,1.0
11-2021,shopping,jelmoli,21,24,896.4,1.0,0.0
11-2021,shopping,other,922,3200,279150.88,0.55,0.45
12-2021,transport,coop,207,429,13774.51,0.98,0.02
12-2021,restaurants,sumup,103,138,4156.45,1.0,0.0
12-2021,restaurants,uber,60,172,6221.31,0.1,0.9
12-2021,transport,eni,34,50,1457.73,0.97,0.03
12-2021,transport,lime,17,101,422.92,0.0,1.0
12-2021,transport,fairtiq,20,49,1046.05,0.0,1.0
12-2021,transport,zvv,23,55,752.4,0.0,1.0
12-2021,holidays,swiss,21,35,3833.32,0.2,0.8
12-2021,restaurants,marche,25,34,613.8,1.0,0.0
1-2022,shopping,amazon,85,178,10710.54,0.0,1.0
1-2022,shopping,ikea,51,79,4378.39,0.95,0.05
1-2022,shopping,sumup,20,27,1137.03,0.91,0.09
1-2022,health,amavita,45,57,1780.7,1.0,0.0
10-2021,shopping,amzn,24,29,1540.42,0.0,1.0
10-2021,health,coop,29,34,954.85,1.0,0.0
10-2021,groceries,stocker,14,16,110.9,1.0,0.0
12-2021,salary,other,3,13,1332.05,0.0,1.0
1-2022,communication,apple,310,1050,16221.6,0.0,1.0
1-2022,Restaurant,other,2,2,85.0,1.0,0.0
6-2021,groceries,avec,66,111,1090.35,1.0,0.0
6-2021,shopping,digitec galaxus,82,144,15339.55,0.05,0.95
6-2021,groceries,sumup,33,41,987.65,1.0,0.0
6-2021,shopping,manor,48,75,4845.0,0.98,0.02
7-2021,groceries,volg,123,332,6726.4,1.0,0.0
7-2021,shopping,aliexpress,40,121,1560.12,0.0,1.0
7-2021,shopping,paypal,81,166,15098.42,0.0,1.0
7-2021,restaurants,burger,83,118,2687.73,1.0,0.0
7-2021,transport,parkingpay,24,62,329.5,0.0,1.0
7-2021,cash,ubs,56,156,11533.31,0.58,0.42
7-2021,transport,tier,17,68,276.31,0.0,1.0
7-2021,savings,revolut,50,155,44135.05,0.0,1.0
7-2021,shopping,zalando,29,41,5016.39,0.0,1.0
7-2021,tax,other,110,163,3808.13,0.62,0.38
8-2021,entertainment,steam,22,31,687.71,0.0,1.0
8-2021,communication,sky,32,42,608.4,0.0,1.0
8-2021,communication,yallo,12,44,453.55,0.0,1.0
7-2021,salary,other,5,11,354.84,0.71,0.29
7-2021,Restaurant,other,1,1,85.0,1.0,0.0
8-2021,shopping,other,839,2809,214257.28,0.65,0.35
8-2021,tax,other,132,209,6662.97,0.58,0.42
8-2021,restaurants,tibits,17,39,1116.5,0.68,0.32
8-2021,shopping,jelmoli,11,25,1151.95,0.94,0.06
8-2021,health,dm-drogerie,22,26,1232.9,1.0,0.0
8-2021,transport,paypal,9,16,529.24,0.0,1.0
9-2021,groceries,coop,700,3365,73322.18,0.97,0.03
9-2021,cash,ubs,63,215,11555.62,0.42,0.58
9-2021,savings,revolut,54,103,49284.55,0.0,1.0
9-2021,living,landi,34,42,1669.9,1.0,0.0
9-2021,wellness,other,11,13,1110.3,0.9,0.1
9-2021,entertainment,mycasino.ch,6,26,1812.0,0.0,1.0
9-2021,health,dm-drogerie,15,16,1073.61,1.0,0.0
1-2023,restaurants,sumup,158,306,8868.49,1.0,0.0
1-2023,communication,paypal,104,213,6677.59,0.0,1.0
1-2023,restaurants,uber,61,186,6559.0,0.04,0.96
1-2023,groceries,steiner,54,139,1371.25,1.0,0.0
1-2023,shopping,muller,62,87,2038.85,1.0,0.0
1-2023,restaurants,marche,34,53,762.85,1.0,0.0
1-2023,transport,other,836,3132,103670.35,0.73,0.27
2-2023,restaurants,migros,168,321,4614.0,1.0,0.0
2-2023,transport,shell,99,160,5040.01,1.0,0.0
2-2023,restaurants,subway,34,45,640.45,1.0,0.0
1-2023,groceries,sbb,16,22,178.25,1.0,0.0
2-2023,communication,apple,349,954,20658.55,0.0,1.0
3-2023,salary,other,1,1,355.58,1.0,0.0
11-2022,shopping,amazon,123,235,16533.97,0.0,1.0
11-2022,groceries,steiner,54,139,1777.67,0.72,0.28
11-2022,shopping,sumup,51,65,4879.73,0.58,0.42
11-2022,entertainment,microsoft,44,46,585.62,0.0,1.0
11-2022,communication,sky,49,64,1106.17,0.0,1.0
11-2022,entertainment,paypal,26,58,1810.1,0.0,1.0
11-2022,groceries,sbb,27,35,242.0,0.83,0.17
11-2022,communication,yallo,18,49,1460.7,0.0,1.0
11-2022,transport,other,812,2884,69564.43,0.75,0.25
11-2022,health,other,484,866,48115.24,0.91,0.09
11-2022,shopping,ikea,64,107,13065.71,0.41,0.59
12-2022,groceries,other,1021,4229,122566.73,0.84,0.16
12-2022,cash,other,293,736,169755.39,0.82,0.18
12-2022,transport,uber,85,276,5513.68,0.0,1.0
12-2022,entertainment,interwetten,14,319,25496.79,0.0,1.0
12-2022,groceries,sprungli,39,53,2017.83,1.0,0.0
12-2022,groceries,panetarium,1,30,286.8,1.0,0.0
12-2022,health,coop,46,57,1476.0,1.0,0.0
12-2022,shopping,ochsner,40,50,5294.6,0.98,0.02
12-2022,savings,other,19,45,11686.25,0.0,1.0
12-2022,transport,vbz,25,31,254.8,1.0,0.0
3-2022,health,other,387,699,39634.57,0.87,0.13
3-2022,shopping,amazon,92,163,8635.84,0.0,1.0
3-2022,shopping,ikea,59,90,8219.95,0.74,0.26
3-2022,communication,post,85,111,4947.62,1.0,0.0
3-2022,transport,voi,7,25,92.51,0.0,1.0
3-2022,shopping,sumup,40,54,4553.78,0.99,0.01
3-2022,restaurants,spettacolo,18,30,179.85,1.0,0.0
4-2022,groceries,aldi,180,420,14162.7,1.0,0.0
4-2022,restaurants,mcdonald's,69,107,1748.24,0.98,0.02
4-2022,groceries,manor,32,55,2858.15,1.0,0.0
4-2022,shopping,migros,65,84,8984.45,0.95,0.05
4-2022,groceries,rewe,21,37,1306.4,1.0,0.0
5-2022,groceries,coop,859,4151,85764.61,0.97,0.03
4-2022,transport,easypark,33,63,314.27,0.0,1.0
4-2022,cash,ubs,17,27,8230.0,1.0,0.0
6-2022,groceries,migros,711,2683,71805.67,0.91,0.09
6-2022,transport,sbb,320,1428,27986.9,0.41,0.59
6-2022,shopping,digitec galaxus,88,158,27597.04,0.02,0.98
6-2022,communication,amazon,58,92,1124.78,0.0,1.0
6-2022,shopping,manor,64,97,5506.35,0.96,0.04
6-2022,groceries,brezelkonig,49,74,560.95,1.0,0.0
6-2022,communication,adobe,28,40,1411.54,0.0,1.0
6-2022,health,coop,33,39,806.85,1.0,0.0
6-2022,groceries,stocker,16,34,220.5,1.0,0.0
8-2023,transport,shell,136,225,6326.08,1.0,0.0
8-2023,groceries,kkiosk,94,161,1668.25,1.0,0.0
8-2023,shopping,globus,26,32,2873.9,0.88,0.12
8-2023,groceries,brezelkönig,30,44,365.6,1.0,0.0
8-2023,restaurants,spettacolo,30,33,269.1,1.0,0.0
9-2023,groceries,coop,966,4653,98102.36,0.97,0.03
9-2023,shopping,muller,69,91,2778.4,1.0,0.0
9-2023,cash,kantonalbank,41,76,16520.0,1.0,0.0
9-2023,holidays,other,623,1678,224648.83,0.61,0.39
9-2023,transport,other,974,3567,105780.4,0.71,0.29
9-2023,restaurants,mcdonald's,63,89,1692.36,1.0,0.0
10-2023,transport,coop,318,868,17332.07,1.0,0.0
10-2023,groceries,volg,154,400,6511.55,1.0,0.0
10-2023,cash,twint,19,56,2421.05,0.0,1.0
10-2023,transport,fairtiq,26,49,1280.9,0.0,1.0
10-2023,transport,zvv,30,72,1028.0,0.0,1.0
10-2023,cash,binance,7,37,10553.06,0.0,1.0
10-2023,holidays,other,600,1653,258495.64,0.65,0.35
10-2023,restaurants,mcdonald's,55,84,1592.76,0.99,0.01
10-2023,transport,eni,99,174,5343.46,0.88,0.12
10-2023,transport,lime,16,31,428.8,0.55,0.45
10-2023,communication,tiktok,8,85,650.91,0.0,1.0
10-2023,shopping,otto's,62,87,4412.8,1.0,0.0
10-2023,shopping,orell fussli,47,55,1949.0,0.68,0.32
10-2023,Groceries,other,2,3,64.5,1.0,0.0
10-2023,shopping,hornbach,24,34,1786.6,0.96,0.04
10-2023,Restaurant,other,4,4,149.3,0.68,0.32
7-2022,communication,post,70,85,1951.51,1.0,0.0
7-2022,groceries,sprungli,34,52,1661.93,0.96,0.04
7-2022,health,sumup,38,44,3527.42,1.0,0.0
7-2022,groceries,other,1054,4897,128471.3,0.9,0.1
7-2022,entertainment,other,544,1650,106318.21,0.31,0.69
7-2022,shopping,globus,41,58,2727.08,1.0,0.0
7-2022,groceries,panetarium,6,32,304.8,1.0,0.0
7-2022,transport,bolt,8,18,177.06,0.0,1.0
8-2022,transport,sbb,311,1307,30335.0,0.35,0.65
8-2022,shopping,aliexpress,49,249,5033.13,0.0,1.0
8-2022,communication,spotify,144,149,2399.71,0.0,1.0
8-2022,shopping,zalando,24,39,5506.17,0.01,0.99
8-2022,communication,audible,23,24,256.47,0.0,1.0
8-2022,groceries,aldi,211,472,14715.89,1.0,0.0
8-2022,shopping,paypal,82,144,19184.5,0.0,1.0
8-2022,groceries,manor,36,72,1541.65,1.0,0.0
8-2022,groceries,rewe,22,45,1045.52,1.0,0.0
8-2022,holidays,airbnb,20,38,17205.73,0.0,1.0
9-2022,transport,uber,74,261,4560.13,0.07,0.93
9-2022,groceries,kkiosk,128,192,1563.55,1.0,0.0
9-2022,health,amavita,52,57,1651.05,1.0,0.0
9-2022,transport,vbz,31,54,506.7,1.0,0.0
9-2022,groceries,brezelkönig,34,47,327.1,1.0,0.0
9-2022,general,paypal,45,86,10383.74,0.0,1.0
9-2022,wellness,other,8,10,1171.5,0.96,0.04
9-2022,entertainment,interwetten,11,157,9697.72,0.0,1.0
9-2022,shopping,muller,44,54,1863.45,1.0,0.0
9-2022,holidays,airbnb,21,36,9233.24,0.0,1.0
1-2021,restaurants,mcdonalds,71,125,2463.96,1.0,0.0
1-2021,shopping,muller,21,27,1026.35,1.0,0.0
1-2021,entertainment,youtube,26,30,439.5,0.0,1.0
2-2021,groceries,volg,98,317,6132.45,1.0,0.0
2-2021,shopping,amazon,35,85,4317.56,0.0,1.0
2-2021,entertainment,netflix,74,74,1350.6,0.0,1.0
2-2021,transport,easypark,9,15,76.32,0.0,1.0
2-2021,shopping,ikea,17,23,3070.14,0.01,0.99
3-2021,groceries,volg,125,370,6709.3,1.0,0.0
3-2021,shopping,amazon,54,93,4547.4,0.0,1.0
3-2021,shopping,ikea,55,81,9341.86,0.83,0.17
3-2021,general,paypal,29,43,1424.56,0.0,1.0
3-2021,transport,other,386,904,28624.12,0.78,0.22
3-2021,restaurants,other,600,2155,55418.42,0.71,0.29
3-2021,tax,other,66,81,4026.52,0.46,0.54
5-2021,restaurants,sumup,60,78,1637.52,1.0,0.0
5-2021,restaurants,uber,52,152,5421.05,0.06,0.94
5-2021,groceries,kkiosk,39,72,667.25,1.0,0.0
5-2021,communication,post,64,80,1336.57,1.0,0.0
5-2021,cash,ubs,47,127,9738.16,0.58,0.42
5-2021,entertainment,youtube,28,30,439.65,0.0,1.0
5-2021,restaurants,marche,26,29,618.45,1.0,0.0
5-2021,groceries,brezelkönig,23,34,236.1,1.0,0.0
5-2021,health,other,305,473,31252.2,0.85,0.15
12-2020,communication,other,1,1,4.0,0.0,1.0
1-2021,cash,kantonalbank,7,7,680.0,1.0,0.0
2-2021,shopping,sumup,6,9,253.2,0.81,0.19
2-2021,entertainment,google,5,5,75.12,0.0,1.0
3-2021,shopping,sumup,12,14,700.52,1.0,0.0
4-2021,groceries,volg,114,358,5741.2,1.0,0.0
4-2021,restaurants,spettacolo,11,13,89.6,1.0,0.0
4-2021,savings,coinbase,27,83,10593.81,0.0,1.0
4-2021,shopping,globus,32,42,2802.7,0.94,0.06
4-2021,transport,paypal,8,13,732.44,0.0,1.0
5-2021,transport,bolt,3,7,2.16,0.0,1.0
6-2021,transport,bolt,1,1,0.25,0.0,1.0
7-2023,groceries,coop,939,4439,99824.96,0.97,0.03
7-2023,communication,paypal,102,198,5041.87,0.0,1.0
7-2023,transport,avia,132,257,7694.53,1.0,0.0
7-2023,transport,socar,125,191,4608.88,1.0,0.0
7-2023,transport,agrola,95,171,4973.03,1.0,0.0
7-2023,health,sumup,54,75,5364.62,1.0,0.0
7-2023,entertainment,other,730,2594,146368.19,0.23,0.77
7-2023,restaurants,other,1359,10261,365804.27,0.96,0.04
7-2023,transport,tamoil,54,95,2077.76,1.0,0.0
7-2023,shopping,amzn,37,66,3438.67,0.0,1.0
10-2022,groceries,denner,284,646,14374.95,0.98,0.02
10-2022,cash,twint,51,136,5878.25,0.0,1.0
10-2022,holidays,booking.com,30,37,8937.04,0.0,1.0
10-2022,health,dm-drogerie,36,47,1945.44,1.0,0.0
10-2022,communication,apple,360,1034,21165.25,0.0,1.0
10-2022,savings,coinbase,12,62,5280.74,0.0,1.0
10-2022,cash,binance,21,51,24333.69,0.0,1.0
11-2023,groceries,selecta,102,267,1045.62,1.0,0.0
11-2023,transport,migrol,120,223,5310.05,1.0,0.0
11-2023,entertainment,netflix,110,111,2221.64,0.0,1.0
11-2023,savings,coinbase,10,19,1859.65,0.0,1.0
11-2023,entertainment,google,120,158,1202.04,0.0,1.0
11-2023,living,landi,39,57,3844.5,1.0,0.0
11-2023,transport,landi,26,55,1377.8,1.0,0.0
11-2023,holidays,booking.com,35,46,15240.8,0.0,1.0
11-2023,communication,tiktok,13,42,690.19,0.0,1.0
2-2022,cash,ubs,14,19,3390.0,1.0,0.0
2-2022,entertainment,playstationnetwork,23,28,614.77,0.0,1.0
2-2022,living,other,72,124,9743.72,0.4,0.6
2-2022,entertainment,swisslos,28,49,2708.0,0.0,1.0
2-2022,shopping,otto's,32,39,2248.55,0.88,0.12
2-2022,shopping,orell fussli,32,34,1262.8,1.0,0.0
2-2022,shopping,hornbach,10,10,867.43,1.0,0.0
2-2022,entertainment,swiss casinos,21,96,9153.0,0.0,1.0
12-2023,groceries,avec,163,359,3938.95,1.0,0.0
12-2023,transport,socar,79,142,3460.07,1.0,0.0
12-2023,transport,tamoil,40,74,2218.52,1.0,0.0
12-2023,transport,avia,100,187,6149.96,0.98,0.02
12-2023,transport,agrola,73,121,3958.33,1.0,0.0
12-2023,groceries,sumup,92,142,3485.44,1.0,0.0
12-2023,entertainment,youtube,37,38,607.8,0.0,1.0
12-2023,health,dm-drogerie,47,55,1855.01,1.0,0.0
12-2023,communication,yallo,17,33,1080.55,0.0,1.0
12-2023,communication,sky,2,2,24.68,0.0,1.0
12-2023,Health,other,1,1,169.0,0.0,1.0
12-2023,Restaurant,other,1,2,200.0,1.0,0.0
3-2023,communication,google,122,329,3215.68,0.0,1.0
3-2023,entertainment,netflix,111,115,2335.04,0.0,1.0
3-2023,entertainment,google,102,182,1651.61,0.0,1.0
3-2023,transport,paypal,17,34,3340.69,0.0,1.0
4-2023,groceries,selecta,118,333,1256.55,1.0,0.0
4-2023,transport,shell,132,209,6059.24,1.0,0.0
4-2023,cash,other,309,664,154230.02,0.88,0.12
4-2023,general,other,352,711,53301.15,0.29,0.71
4-2023,salary,other,1,1,79.7,0.0,1.0
5-2023,transport,sbb,336,1562,24641.0,0.14,0.86
5-2023,groceries,avec,166,343,3235.45,0.99,0.01
5-2023,shopping,amazon,118,214,12797.66,0.0,1.0
5-2023,communication,spotify,160,166,2719.86,0.0,1.0
5-2023,entertainment,netflix,112,112,2289.11,0.0,1.0
5-2023,shopping,ikea,61,97,7073.4,0.71,0.29
5-2023,groceries,sumup,92,128,2544.7,0.97,0.03
5-2023,cash,postfinance,61,113,29384.13,1.0,0.0
5-2023,general,paypal,52,83,7864.7,0.0,1.0
5-2023,entertainment,google,93,131,1289.3,0.0,1.0
5-2023,shopping,sumup,50,64,5660.77,1.0,0.0
5-2023,holidays,booking.com,44,59,20816.21,0.0,1.0
4-2023,communication,sky,48,60,985.83,0.0,1.0
4-2023,communication,yallo,17,65,1060.6,0.0,1.0
4-2023,holidays,swiss,32,69,12832.46,0.02,0.98
4-2023,entertainment,steam,20,30,919.04,0.0,1.0
5-2023,communication,audible,32,39,535.52,0.0,1.0
5-2023,Groceries,other,3,4,136.9,1.0,0.0
6-2023,groceries,denner,350,881,19757.3,0.98,0.02
6-2023,cash,revolut,77,218,98184.73,0.0,1.0
6-2023,restaurants,mcdonalds,222,393,6437.93,0.87,0.13
6-2023,health,amavita,56,60,1826.0,1.0,0.0
10-2021,general,other,237,432,55166.85,0.14,0.86
10-2021,groceries,volg,140,380,6672.75,1.0,0.0
10-2021,communication,google,108,276,5222.5,0.0,1.0
10-2021,restaurants,mcdonalds,177,269,4306.6,1.0,0.0
10-2021,transport,migrol,112,207,5509.74,1.0,0.0
10-2021,health,amavita,40,47,1053.35,1.0,0.0
11-2021,communication,amazon,44,64,682.61,0.0,1.0
11-2021,groceries,sprungli,35,57,1450.6,1.0,0.0
11-2021,transport,vbz,35,89,494.0,1.0,0.0
11-2021,communication,adobe,20,25,616.84,0.0,1.0
11-2021,groceries,panetarium,4,18,186.9,1.0,0.0
11-2021,health,coop,40,52,1629.95,0.89,0.11
11-2021,entertainment,other,367,967,65143.6,0.26,0.74
11-2021,groceries,other,809,3334,93771.44,0.8,0.2
12-2021,groceries,aldi,157,339,12027.69,1.0,0.0
12-2021,shopping,amazon,99,202,10370.27,0.0,1.0
12-2021,transport,parkingpay,49,137,1273.93,0.0,1.0
12-2021,shopping,ikea,80,140,10533.8,0.74,0.26
12-2021,groceries,manor,36,57,2463.95,1.0,0.0
12-2021,transport,tier,9,17,63.54,0.05,0.95
12-2021,shopping,sumup,55,67,3349.3,0.98,0.02
12-2021,groceries,rewe,12,24,1087.1,1.0,0.0
12-2021,communication,other,445,929,44220.13,0.06,0.94
12-2021,entertainment,other,420,1046,74440.36,0.25,0.75
1-2022,cash,revolut,20,58,19541.3,0.0,1.0
1-2022,health,coop,35,41,1024.7,0.91,0.09
1-2022,transport,bolt,7,32,194.57,0.0,1.0
10-2021,transport,landi,14,27,774.6,1.0,0.0
11-2021,transport,uber,52,211,2511.32,0.08,0.92
11-2021,shopping,globus,40,58,2597.64,0.98,0.02
12-2021,cash,revolut,17,31,12890.28,0.0,1.0
6-2021,communication,apple,220,620,13823.8,0.0,1.0
6-2021,groceries,migrolino,68,268,2309.25,0.91,0.09
6-2021,entertainment,netflix,94,95,1748.69,0.0,1.0
6-2021,entertainment,google,2,3,71.74,0.0,1.0
6-2021,health,sumup,19,19,1178.76,1.0,0.0
6-2021,restaurants,tibits,26,46,845.2,1.0,0.0
6-2021,shopping,ochsner,28,30,2375.25,0.92,0.08
7-2021,groceries,migros,516,1784,60997.29,0.91,0.09
7-2021,transport,coop,195,366,9666.11,0.98,0.02
7-2021,communication,spotify,121,123,2016.55,0.0,1.0
7-2021,transport,eni,42,71,3399.6,0.77,0.23
7-2021,transport,lime,20,49,320.88,0.0,1.0
7-2021,groceries,brezelkonig,38,50,365.8,1.0,0.0
7-2021,transport,fairtiq,23,46,1200.35,0.0,1.0
7-2021,transport,zvv,20,79,710.9,0.0,1.0
7-2021,health,dm-drogerie,17,19,1244.55,1.0,0.0
7-2021,groceries,stocker,16,35,321.4,1.0,0.0
7-2021,restaurants,other,871,5618,252055.78,0.94,0.06
8-2021,cash,ubs,64,175,9833.12,0.51,0.49
8-2021,savings,coinbase,16,55,12428.29,0.0,1.0
8-2021,groceries,sprungli,31,44,959.8,1.0,0.0
8-2021,groceries,panetarium,7,32,256.6,1.0,0.0
8-2021,entertainment,playstationnetwork,15,18,659.13,0.0,1.0
8-2021,entertainment,swiss casinos,14,71,4784.26,0.0,1.0
7-2021,communication,audible,26,31,337.56,0.0,1.0
8-2021,groceries,other,768,3199,88812.12,0.84,0.16
8-2021,entertainment,swisslos,16,28,1604.0,0.0,1.0
8-2021,shopping,globus,31,46,3486.25,1.0,0.0
8-2021,holidays,swiss,32,66,13812.1,0.08,0.92
9-2021,groceries,denner,206,466,11494.1,0.97,0.03
9-2021,restaurants,marche,33,37,538.59,1.0,0.0
9-2021,restaurants,sumup,105,144,3484.09,0.97,0.03
9-2021,restaurants,uber,45,126,4601.84,0.01,0.99
9-2021,shopping,muller,42,52,2022.55,1.0,0.0
9-2021,entertainment,microsoft,28,29,695.18,0.0,1.0
9-2021,entertainment,paypal,17,27,811.72,0.0,1.0
9-2021,transport,paypal,13,22,1631.18,0.0,1.0
1-2023,groceries,lidl,187,438,15369.89,1.0,0.0
1-2023,groceries,spar,116,285,6224.62,1.0,0.0
1-2023,communication,post,81,102,1992.73,1.0,0.0
1-2023,cash,kantonalbank,33,45,8850.0,1.0,0.0
1-2023,holidays,swiss,43,66,13359.86,0.06,0.94
1-2023,groceries,twint,14,41,406.1,0.0,1.0
2-2023,shopping,aliexpress,66,203,4798.44,0.0,1.0
2-2023,shopping,paypal,91,149,14343.66,0.0,1.0
2-2023,transport,voi,17,92,308.2,0.01,0.99
2-2023,groceries,sprungli,53,73,1550.16,0.98,0.02
2-2023,groceries,panetarium,6,36,340.9,1.0,0.0
2-2023,communication,tiktok,7,24,281.15,0.0,1.0
2-2023,groceries,other,996,4056,91863.77,0.83,0.17
2-2023,savings,other,20,67,13161.94,0.0,1.0
2-2023,living,other,93,187,9596.59,0.69,0.31
2-2023,shopping,zalando,20,40,4415.6,0.03,0.97
3-2023,Groceries,other,2,2,59.65,1.0,0.0
11-2022,groceries,lidl,175,459,15341.04,1.0,0.0
11-2022,restaurants,migros,173,343,4111.95,1.0,0.0
11-2022,groceries,spar,122,314,6283.79,0.99,0.01
11-2022,entertainment,mycasino.ch,22,150,6406.3,0.0,1.0
11-2022,cash,postfinance,53,83,19916.56,1.0,0.0
11-2022,restaurants,subway,32,56,861.05,0.89,0.11
11-2022,groceries,twint,16,54,854.93,0.0,1.0
11-2022,holidays,other,431,1083,155668.63,0.47,0.53
11-2022,wellness,other,11,12,1291.84,0.94,0.06
12-2022,restaurants,sumup,171,297,7776.01,1.0,0.0
12-2022,restaurants,uber,78,247,8195.85,0.02,0.98
12-2022,shopping,digitec galaxus,119,205,29404.27,0.07,0.93
12-2022,restaurants,marche,47,64,1102.04,1.0,0.0
12-2022,shopping,manor,114,162,8806.45,0.95,0.05
12-2022,health,amavita,49,60,2204.2,1.0,0.0
1-2023,Groceries,other,1,1,104.1,1.0,0.0
3-2022,transport,shell,93,181,4196.85,1.0,0.0
3-2022,communication,paypal,103,207,11994.43,0.0,1.0
3-2022,cash,postfinance,42,61,14407.33,1.0,0.0
3-2022,living,landi,41,52,2135.6,1.0,0.0
4-2022,transport,sbb,293,1327,22675.7,0.18,0.82
4-2022,communication,google,123,349,5788.65,0.0,1.0
4-2022,restaurants,mcdonalds,193,304,4959.22,1.0,0.0
4-2022,living,landi,47,70,2772.4,1.0,0.0
4-2022,entertainment,youtube,55,57,815.35,0.0,1.0
5-2022,groceries,denner,273,636,15203.45,0.96,0.04
5-2022,transport,uber,52,206,3476.41,0.06,0.94
5-2022,entertainment,interwetten,8,80,6839.63,0.0,1.0
5-2022,restaurants,starbucks,76,113,1116.56,1.0,0.0
5-2022,cash,ubs,29,45,15720.0,1.0,0.0
5-2022,savings,coinbase,19,85,17002.08,0.0,1.0
5-2022,shopping,otto's,52,64,3933.4,0.86,0.14
5-2022,transport,vbz,24,42,682.9,1.0,0.0
5-2022,shopping,orell fussli,20,22,666.05,1.0,0.0
5-2022,restaurants,vicafe,21,30,338.15,0.7,0.3
5-2022,living,other,84,135,8911.34,0.61,0.39
4-2022,holidays,other,438,1153,200431.55,0.59,0.41
4-2022,shopping,decathlon,28,38,2168.2,0.82,0.18
5-2022,shopping,hornbach,16,21,1832.0,1.0,0.0
6-2022,groceries,volg,160,477,8440.8,1.0,0.0
6-2022,restaurants,starbucks,67,110,1063.92,1.0,0.0
6-2022,health,amavita,43,56,1930.5,1.0,0.0
6-2022,restaurants,vicafe,21,31,277.4,0.89,0.11
6-2022,shopping,ochsner,32,35,1918.0,0.96,0.04
6-2022,transport,easypark,43,110,401.63,0.0,1.0
6-2022,communication,netflix.com,22,22,322.33,0.0,1.0
6-2022,holidays,booking.com,30,44,8601.87,0.0,1.0
8-2023,shopping,other,1215,4268,277950.94,0.64,0.36
8-2023,groceries,selecta,122,295,973.67,1.0,0.0
8-2023,transport,voi,20,119,531.89,0.11,0.89
8-2023,communication,sky,30,34,538.35,0.0,1.0
8-2023,cash,binance,9,58,6924.07,0.0,1.0
9-2023,groceries,denner,357,922,18400.8,0.99,0.01
9-2023,restaurants,mcdonalds,222,409,6446.56,0.9,0.1
9-2023,entertainment,netflix,97,97,1911.19,0.0,1.0
9-2023,entertainment,google,111,140,1446.01,0.0,1.0
8-2023,cash,twint,25,57,2991.37,0.0,1.0
8-2023,shopping,jelmoli,25,40,2571.7,0.97,0.03
8-2023,communication,yallo,20,33,1438.85,0.0,1.0
9-2023,communication,other,515,996,40157.65,0.13,0.87
9-2023,general,other,374,693,43158.68,0.29,0.71
9-2023,savings,coinbase,5,45,3122.11,0.0,1.0
10-2023,communication,apple,361,980,15726.35,0.0,1.0
10-2023,groceries,brezelkonig,68,103,783.2,1.0,0.0
10-2023,groceries,migros,769,3164,82887.63,0.95,0.05
10-2023,restaurants,mcdonalds,240,432,7825.85,0.91,0.09
10-2023,transport,parkingpay,36,147,1057.55,0.0,1.0
10-2023,groceries,stocker,22,42,293.8,1.0,0.0
10-2023,tax,other,210,328,9980.42,0.59,0.41
10-2023,transport,tier,16,30,250.12,0.65,0.35
7-2022,restaurants,sumup,184,370,8645.83,1.0,0.0
7-2022,communication,paypal,91,207,5575.73,0.0,1.0
7-2022,restaurants,uber,49,137,5271.0,0.01,0.99
7-2022,cash,postfinance,59,77,20182.8,1.0,0.0
7-2022,living,landi,51,65,3181.4,1.0,0.0
7-2022,restaurants,marche,49,79,912.13,1.0,0.0
7-2022,holidays,booking.com,46,64,21284.63,0.0,1.0
7-2022,shopping,jelmoli,17,29,2315.8,1.0,0.0
7-2022,shopping,other,1138,4252,295849.35,0.68,0.32
8-2022,restaurants,starbucks,92,165,1913.62,1.0,0.0
8-2022,cash,twint,57,152,7313.95,0.0,1.0
8-2022,cash,binance,20,100,26213.82,0.0,1.0
8-2022,living,other,124,234,24335.2,0.63,0.37
8-2022,transport,easypark,47,99,414.71,0.0,1.0
8-2022,restaurants,vicafe,24,38,521.2,0.74,0.26
9-2022,communication,google,140,376,3601.73,0.0,1.0
9-2022,groceries,selecta,133,371,1129.19,1.0,0.0
9-2022,restaurants,sumup,163,306,6704.02,1.0,0.0
9-2022,restaurants,uber,65,195,7420.62,0.06,0.94
9-2022,cash,kantonalbank,32,51,17230.0,1.0,0.0
9-2022,restaurants,marche,35,44,658.6,1.0,0.0
9-2022,health,coop,33,40,1405.1,0.89,0.11
1-2021,communication,apple,160,421,17630.31,0.0,1.0
1-2021,groceries,aldi,95,243,9413.11,1.0,0.0
1-2021,restaurants,mcdonald's,26,33,930.5,1.0,0.0
1-2021,general,paypal,21,30,1079.33,0.0,1.0
1-2021,groceries,manor,16,32,2151.4,1.0,0.0
1-2021,entertainment,jackpots.ch,4,18,2715.0,0.0,1.0
1-2021,tax,other,58,75,3771.3,0.3,0.7
2-2021,groceries,migros,383,1361,53822.74,0.91,0.09
2-2021,transport,sbb,102,330,5310.6,0.11,0.89
2-2021,restaurants,migros,45,90,921.75,1.0,0.0
2-2021,cash,ubs,32,76,4805.91,0.63,0.37
2-2021,groceries,brezelkonig,16,20,171.4,1.0,0.0
2-2021,groceries,stocker,8,20,239.6,1.0,0.0
2-2021,general,other,110,185,18915.76,0.09,0.91
3-2021,groceries,migros,616,2034,70171.23,0.9,0.1
3-2021,restaurants,burger,51,59,1373.7,0.94,0.06
3-2021,entertainment,netflix,84,86,1571.1,0.0,1.0
3-2021,groceries,brezelkonig,34,42,335.1,1.0,0.0
3-2021,savings,coinbase,17,31,1250.1,0.0,1.0
3-2021,groceries,stocker,13,25,192.8,1.0,0.0
3-2021,communication,other,360,696,35653.12,0.12,0.88
3-2021,health,other,273,416,24424.67,0.85,0.15
5-2021,groceries,selecta,64,268,760.02,1.0,0.0
5-2021,communication,paypal,61,102,4996.73,0.0,1.0
5-2021,shopping,muller,33,48,1530.15,1.0,0.0
1-2021,Fitness,other,1,1,2.0,1.0,0.0
2-2021,restaurants,subway,7,8,168.44,1.0,0.0
2-2021,salary,other,2,2,29.7,0.0,1.0
2-2021,health,dm-drogerie,1,1,10.62,1.0,0.0
3-2021,entertainment,google,3,5,196.87,0.0,1.0
3-2021,holidays,booking.com,2,6,822.13,0.0,1.0
4-2021,groceries,migros,531,1933,69682.6,0.91,0.09
4-2021,groceries,brezelkonig,33,39,273.1,1.0,0.0
4-2021,groceries,stocker,15,27,273.65,1.0,0.0
4-2021,shopping,other,729,2078,159711.95,0.57,0.43
4-2021,living,other,77,122,12793.36,0.31,0.69
4-2021,cash,revolut,7,27,4948.32,0.0,1.0
4-2021,shopping,jelmoli,7,11,452.0,0.8,0.2
5-2021,general,paypal,24,59,2856.5,0.0,1.0
5-2021,entertainment,jackpots.ch,6,39,2918.26,0.0,1.0
7-2023,groceries,denner,322,795,18558.05,0.99,0.01
7-2023,cash,postfinance,60,98,22265.09,1.0,0.0
7-2023,transport,migrol,139,256,6335.92,1.0,0.0
7-2023,restaurants,burger,136,188,5193.91,1.0,0.0
7-2023,communication,post,94,117,2856.53,0.96,0.04
7-2023,transport,landi,19,53,1086.0,1.0,0.0
7-2023,holidays,airbnb,32,50,29113.25,0.0,1.0
7-2023,savings,revolut,1,1,216.1,0.0,1.0
10-2022,groceries,coop,843,3853,85635.2,0.98,0.02
10-2022,restaurants,sumup,163,322,7446.22,1.0,0.0
10-2022,shopping,amazon,92,164,9022.83,0.0,1.0
10-2022,restaurants,uber,64,187,6233.75,0.04,0.96
10-2022,shopping,ikea,76,125,13817.37,0.46,0.54
10-2022,shopping,sumup,58,75,4221.97,1.0,0.0
10-2022,restaurants,marche,30,40,713.36,1.0,0.0
10-2022,communication,tiktok,4,24,625.84,0.0,1.0
10-2022,transport,bolt,23,109,349.7,0.0,1.0
11-2022,Lebensmittel,other,1,1,820.37,0.0,1.0
11-2023,communication,apple,357,963,20964.84,0.0,1.0
11-2023,transport,avia,116,199,6201.01,1.0,0.0
11-2023,groceries,kkiosk,94,219,2699.9,1.0,0.0
11-2023,transport,socar,90,129,3592.15,1.0,0.0
11-2023,transport,agrola,85,176,4396.98,1.0,0.0
11-2023,transport,tamoil,32,73,1201.98,1.0,0.0
11-2023,shopping,otto's,41,56,3222.1,0.98,0.02
2-2022,savings,revolut,50,99,29793.59,0.0,1.0
2-2022,entertainment,steam,24,43,1475.06,0.0,1.0
2-2022,communication,yallo,15,32,449.4,0.0,1.0
2-2022,transport,paypal,13,42,6114.8,0.0,1.0
2-2022,communication,sky,41,47,899.89,0.0,1.0
2-2022,restaurants,tibits,21,29,655.6,1.0,0.0
11-2023,shopping,orell fussli,53,62,2432.4,0.73,0.27
11-2023,restaurants,spettacolo,28,39,331.8,1.0,0.0
11-2023,groceries,brezelkönig,35,38,282.3,1.0,0.0
11-2023,shopping,hornbach,20,36,5447.85,0.98,0.02
12-2023,shopping,sumup,106,148,8458.9,1.0,0.0
12-2023,groceries,migrolino,99,196,1718.8,1.0,0.0
12-2023,transport,migrol,111,223,5104.61,0.88,0.12
12-2023,shopping,amazon,144,263,14860.3,0.0,1.0
12-2023,shopping,ikea,90,141,9268.65,0.94,0.06
12-2023,living,landi,52,63,2615.65,1.0,0.0
12-2023,restaurants,spettacolo,31,48,354.7,1.0,0.0
12-2023,transport,landi,19,36,864.83,1.0,0.0
