customer_id,n_country,n_transactions,total_amount,n_counterparts,days_active,pos_perc,ecom_perc,cat_cash,cat_communication,cat_education,cat_entertainment,cat_fitness,cat_general,cat_groceries,cat_health,cat_holidays,cat_hotel,cat_living,cat_restaurant,cat_salary,cat_savings,cat_shopping,cat_tax,cat_transport,cat_wellness,cur_aud,cur_chf,cur_eur,cur_gbp,cur_mxn,cur_thb,cur_usd,country_ch,country_de,country_fr,country_gb,country_ie,country_it,country_us,churned,segment
0,11,197,21843.61,92,514,0.75,0.25,12620.0,1638.0,0.0,243.0,0.0,0.0,2021.0,0.0,619.0,0.0,0.0,392.0,0.0,3045.0,698.0,100.0,470.0,0.0,0.0,16147.62,5227.26,31.23,0.0,0.0,19.25,86.0,0.0,0.0,16.0,28.0,42.0,0.0,False,Active
1,14,1736,104203.28,468,964,0.54,0.46,11233.0,2231.0,0.0,1956.0,0.0,1326.0,15503.0,3832.0,12673.0,0.0,1053.0,10935.0,0.0,19390.0,13468.0,267.0,10336.0,0.0,0.0,79513.95,23286.78,0.0,0.0,0.0,786.15,1325.0,9.0,1.0,5.0,146.0,96.0,4.0,False,Active
2,31,3087,197449.56,629,964,0.21,0.79,15395.0,8950.0,0.0,105050.0,0.0,8964.0,16016.0,2072.0,3894.0,0.0,1510.0,10816.0,0.0,1421.0,18298.0,1003.0,4063.0,0.0,0.0,141381.46,28780.87,0.0,0.0,0.0,27091.0,1632.0,106.0,3.0,93.0,11.0,0.0,59.0,False,Active
6,1,227,11991.94,15,213,1.0,0.0,11090.0,0.0,0.0,0.0,0.0,0.0,702.0,7.0,0.0,0.0,0.0,0.0,13.0,0.0,55.0,0.0,125.0,0.0,0.0,11991.94,0.0,0.0,0.0,0.0,0.0,227.0,0.0,0.0,0.0,0.0,0.0,0.0,False,Active
7,2,20,1041.55,9,8,0.19,0.81,836.0,0.0,0.0,0.0,0.0,0.0,32.0,0.0,0.0,0.0,0.0,40.0,0.0,0.0,106.0,0.0,28.0,0.0,0.0,1041.55,0.0,0.0,0.0,0.0,0.0,12.0,0.0,0.0,8.0,0.0,0.0,0.0,False,Active
8,7,72,2289.74,48,357,0.96,0.04,0.0,0.0,0.0,276.0,0.0,0.0,169.0,14.0,81.0,0.0,0.0,938.0,0.0,0.0,714.0,0.0,97.0,0.0,0.0,953.15,789.79,0.0,0.0,0.0,546.8,45.0,1.0,0.0,0.0,0.0,1.0,15.0,False,Active
9,7,426,113307.78,133,579,0.33,0.67,17899.0,274.0,0.0,72373.0,0.0,0.0,6065.0,160.0,3192.0,0.0,351.0,2085.0,0.0,0.0,9190.0,137.0,1582.0,0.0,0.0,110023.43,2542.6,0.0,0.0,0.0,0.0,370.0,15.0,1.0,9.0,0.0,0.0,5.0,False,Active
10,10,165,4876.48,23,320,0.54,0.46,0.0,279.0,0.0,699.0,0.0,134.0,1686.0,0.0,0.0,0.0,0.0,0.0,0.0,270.0,1102.0,10.0,696.0,0.0,0.0,4719.18,157.3,0.0,0.0,0.0,0.0,48.0,6.0,1.0,11.0,13.0,0.0,2.0,False,Active
14,11,853,23086.84,305,633,0.64,0.36,224.0,57.0,0.0,1033.0,0.0,1568.0,3381.0,273.0,7077.0,0.0,46.0,6044.0,0.0,0.0,2313.0,19.0,1053.0,0.0,0.0,2950.14,4352.22,463.86,0.0,0.0,1226.05,42.0,4.0,0.0,28.0,1.0,9.0,30.0,False,Active
15,8,54,5588.58,41,151,0.32,0.68,0.0,229.0,0.0,50.0,0.0,393.0,365.0,1052.0,1350.0,0.0,0.0,929.0,0.0,0.0,977.0,2.0,240.0,0.0,0.0,2435.18,2974.85,0.0,0.0,0.0,178.55,9.0,0.0,26.0,3.0,3.0,9.0,2.0,False,Active
16,9,199,7733.22,147,822,0.59,0.41,0.0,122.0,0.0,299.0,0.0,108.0,920.0,0.0,1533.0,0.0,16.0,1669.0,0.0,0.0,2273.0,98.0,698.0,0.0,0.0,2140.69,3203.26,2352.41,0.0,0.0,3.0,60.0,3.0,34.0,74.0,0.0,0.0,2.0,False,Active
20,19,1622,43364.65,554,796,0.69,0.31,0.0,771.0,0.0,4501.0,0.0,2544.0,10023.0,3965.0,5669.0,0.0,192.0,5367.0,0.0,0.0,8215.0,161.0,1954.0,0.0,0.0,27978.01,5355.72,0.0,0.0,0.0,6600.17,1269.0,30.0,0.0,19.0,25.0,56.0,114.0,False,Active
22,12,350,6022.87,65,817,0.14,0.86,0.0,3644.0,0.0,148.0,0.0,86.0,474.0,23.0,0.0,0.0,0.0,88.0,0.0,0.0,647.0,34.0,879.0,0.0,0.0,5591.56,275.98,0.0,0.0,0.0,155.33,153.0,3.0,2.0,1.0,33.0,0.0,109.0,False,Active
25,5,759,65203.15,123,963,0.13,0.87,14560.0,294.0,0.0,492.0,0.0,0.0,5857.0,225.0,570.0,0.0,0.0,1890.0,0.0,35721.0,738.0,34.0,4823.0,0.0,0.0,65152.3,50.85,0.0,0.0,0.0,0.0,733.0,1.0,0.0,8.0,2.0,0.0,0.0,False,Active
27,15,1423,54025.38,555,780,0.63,0.37,4930.0,4235.0,47.0,2484.0,0.0,2024.0,6732.0,3807.0,4650.0,0.0,270.0,7953.0,0.0,54.0,12040.0,426.0,4306.0,68.0,0.0,36992.4,12564.14,0.0,0.0,0.0,1885.86,872.0,68.0,37.0,25.0,99.0,180.0,41.0,False,Active
31,10,119,8057.45,84,879,0.53,0.47,825.0,276.0,0.0,6.0,0.0,0.0,1644.0,0.0,3788.0,0.0,0.0,419.0,0.0,0.0,567.0,0.0,533.0,0.0,0.0,4250.81,1924.16,0.0,0.0,0.0,0.0,53.0,25.0,2.0,0.0,0.0,0.0,0.0,False,Active
35,6,64,1150.52,12,616,0.0,1.0,0.0,21.0,0.0,75.0,0.0,0.0,0.0,0.0,0.0,0.0,0.0,0.0,0.0,0.0,1055.0,0.0,0.0,0.0,0.0,981.12,151.77,0.0,0.0,0.0,17.63,0.0,0.0,0.0,8.0,0.0,0.0,4.0,False,Active
36,6,595,18365.02,282,511,1.0,0.0,0.0,34.0,0.0,226.0,0.0,206.0,8850.0,696.0,1112.0,0.0,0.0,920.0,0.0,0.0,3712.0,65.0,2544.0,0.0,0.0,8991.99,2612.23,0.0,0.0,0.0,0.0,352.0,54.0,0.0,0.0,0.0,0.0,1.0,False,Active
39,3,26,293.46,12,636,0.51,0.49,0.0,5.0,0.0,73.0,0.0,11.0,25.0,0.0,0.0,0.0,0.0,124.0,0.0,0.0,55.0,0.0,0.0,0.0,0.0,262.65,0.0,1.35,0.0,0.0,0.0,12.0,0.0,0.0,13.0,0.0,0.0,0.0,False,Active
41,13,1130,44777.11,194,952,0.42,0.58,5596.0,4106.0,0.0,988.0,0.0,2354.0,11147.0,446.0,619.0,0.0,14.0,2593.0,0.0,9971.0,3905.0,92.0,2948.0,0.0,0.0,38401.02,1756.95,799.08,0.0,0.0,3820.06,765.0,18.0,0.0,33.0,143.0,0.0,50.0,False,Active
43,2,62,2901.18,30,536,0.58,0.42,200.0,0.0,0.0,98.0,0.0,0.0,367.0,113.0,651.0,0.0,0.0,484.0,0.0,0.0,387.0,0.0,601.0,0.0,0.0,2901.18,0.0,0.0,0.0,0.0,0.0,61.0,0.0,0.0,1.0,0.0,0.0,0.0,False,Active
46,13,58,23764.01,39,316,0.71,0.29,12994.0,10.0,0.0,63.0,0.0,36.0,98.0,790.0,6108.0,0.0,0.0,3024.0,0.0,0.0,119.0,0.0,523.0,0.0,0.0,14859.25,2950.45,0.0,0.0,0.0,1647.75,13.0,1.0,1.0,2.0,0.0,0.0,11.0,False,Active
49,6,107,5478.14,24,330,0.03,0.97,0.0,456.0,0.0,123.0,0.0,0.0,1880.0,0.0,124.0,0.0,0.0,52.0,0.0,0.0,2808.0,0.0,36.0,0.0,0.0,4125.6,72.03,0.0,0.0,0.0,1280.51,13.0,0.0,0.0,7.0,27.0,0.0,6.0,False,Active
50,2,69,331.04,14,367,1.0,0.0,0.0,0.0,0.0,0.0,0.0,0.0,231.0,0.0,0.0,0.0,0.0,21.0,0.0,0.0,73.0,0.0,6.0,0.0,0.0,311.45,19.59,0.0,0.0,0.0,0.0,68.0,0.0,0.0,0.0,0.0,0.0,0.0,False,Active
51,3,55,311.5,16,279,0.91,0.09,0.0,16.0,0.0,0.0,0.0,0.0,126.0,0.0,0.0,0.0,0.0,45.0,0.0,0.0,11.0,0.0,114.0,0.0,0.0,284.5,15.89,0.0,0.0,0.0,11.11,53.0,0.0,0.0,1.0,1.0,0.0,0.0,False,Active
52,13,831,37580.32,201,963,0.65,0.35,1222.0,569.0,0.0,1284.0,0.0,144.0,17929.0,1605.0,461.0,0.0,524.0,1215.0,0.0,0.0,10686.0,616.0,1326.0,0.0,0.0,36355.74,1224.58,0.0,0.0,0.0,0.0,771.0,21.0,0.0,3.0,5.0,0.0,5.0,False,Active
53,6,145,8912.84,91,904,0.95,0.05,1800.0,10.0,0.0,298.0,0.0,7.0,1671.0,154.0,860.0,0.0,66.0,1947.0,0.0,0.0,1045.0,0.0,1055.0,0.0,0.0,7659.54,1253.3,0.0,0.0,0.0,0.0,109.0,2.0,2.0,0.0,0.0,0.0,0.0,False,Active
56,8,59,3522.44,33,776,0.42,0.58,670.0,257.0,0.0,26.0,0.0,0.0,302.0,0.0,596.0,0.0,0.0,170.0,0.0,0.0,1186.0,0.0,314.0,0.0,0.0,1219.88,1562.12,55.93,0.0,0.0,14.04,35.0,2.0,0.0,1.0,13.0,0.0,1.0,False,Active
59,13,979,26848.44,186,954,0.76,0.24,0.0,189.0,0.0,3842.0,0.0,705.0,6713.0,479.0,2204.0,0.0,2225.0,4329.0,0.0,0.0,4447.0,320.0,1396.0,0.0,0.0,21705.92,4787.27,0.0,0.0,0.0,104.17,936.0,8.0,7.0,2.0,1.0,0.0,2.0,False,Active
66,5,306,6600.12,82,962,0.98,0.02,0.0,0.0,0.0,35.0,0.0,0.0,2615.0,279.0,196.0,0.0,63.0,1476.0,0.0,0.0,1737.0,0.0,199.0,0.0,0.0,5469.41,712.27,205.14,0.0,0.0,0.0,258.0,1.0,0.0,19.0,0.0,0.0,0.0,False,Active
76,9,295,3890.37,33,954,0.0,1.0,65.0,1407.0,0.0,1314.0,0.0,65.0,0.0,25.0,0.0,0.0,0.0,0.0,0.0,0.0,1014.0,0.0,0.0,0.0,0.0,1927.85,748.87,0.0,0.0,0.0,1213.65,67.0,0.0,3.0,26.0,27.0,0.0,135.0,False,Active
77,4,228,5424.4,65,912,0.94,0.06,0.0,22.0,0.0,195.0,0.0,7.0,674.0,88.0,1730.0,0.0,8.0,1951.0,0.0,0.0,294.0,0.0,455.0,0.0,0.0,4143.38,1281.02,0.0,0.0,0.0,0.0,199.0,26.0,0.0,0.0,1.0,0.0,0.0,False,Active
78,10,167,6368.44,92,277,0.43,0.57,2950.0,80.0,0.0,863.0,0.0,0.0,799.0,41.0,237.0,0.0,0.0,428.0,0.0,0.0,508.0,0.0,462.0,0.0,0.0,4307.88,405.42,0.0,0.0,0.0,1615.77,120.0,7.0,0.0,4.0,18.0,0.0,2.0,False,Active
91,8,73,2112.85,47,102,0.98,0.02,129.0,47.0,0.0,0.0,0.0,0.0,647.0,42.0,99.0,0.0,0.0,607.0,0.0,0.0,36.0,0.0,506.0,0.0,0.0,1182.32,662.96,0.0,0.0,0.0,142.22,43.0,2.0,0.0,0.0,0.0,7.0,0.0,False,Active
92,6,34,1161.77,27,744,0.66,0.34,0.0,0.0,0.0,107.0,0.0,52.0,80.0,0.0,361.0,0.0,0.0,260.0,0.0,0.0,150.0,98.0,54.0,0.0,0.0,933.48,188.28,0.0,0.0,0.0,0.0,23.0,1.0,0.0,3.0,1.0,5.0,0.0,False,Active
93,9,419,4099.97,93,390,0.68,0.32,0.0,110.0,0.0,176.0,0.0,0.0,841.0,79.0,62.0,0.0,0.0,2333.0,0.0,0.0,306.0,0.0,193.0,0.0,0.0,4014.48,47.03,0.0,0.0,0.0,38.46,383.0,2.0,1.0,0.0,17.0,0.0,3.0,False,Active
95,15,1326,32220.84,265,964,0.7,0.3,951.0,2124.0,0.0,2403.0,0.0,178.0,12639.0,486.0,2083.0,0.0,159.0,2717.0,0.0,0.0,5227.0,210.0,3045.0,0.0,0.0,31460.22,528.36,0.0,0.0,0.0,232.26,1205.0,23.0,2.0,46.0,13.0,1.0,16.0,False,Active
96,5,1345,32833.0,419,962,1.0,0.0,108.0,95.0,0.0,1115.0,0.0,731.0,12363.0,1501.0,1952.0,0.0,390.0,7790.0,0.0,0.0,3047.0,238.0,3504.0,0.0,0.0,22436.65,10396.35,0.0,0.0,0.0,0.0,1082.0,215.0,0.0,0.0,0.0,0.0,0.0,False,Active
97,6,272,9779.98,73,108,0.91,0.09,685.0,576.0,0.0,0.0,0.0,552.0,3169.0,143.0,98.0,0.0,0.0,455.0,0.0,0.0,1543.0,0.0,2559.0,0.0,0.0,8747.3,1032.68,0.0,0.0,0.0,0.0,248.0,7.0,0.0,1.0,5.0,8.0,0.0,False,Active
101,13,684,37267.7,418,754,0.55,0.45,0.0,266.0,0.0,342.0,0.0,477.0,2716.0,861.0,19413.0,0.0,38.0,5020.0,0.0,0.0,7250.0,0.0,885.0,0.0,0.0,8762.61,18045.33,0.0,0.0,0.0,3470.77,121.0,290.0,1.0,3.0,11.0,20.0,88.0,False,Active
103,5,33,2591.49,15,161,0.07,0.93,30.0,0.0,0.0,0.0,0.0,2111.0,109.0,0.0,106.0,0.0,0.0,51.0,0.0,0.0,0.0,40.0,145.0,0.0,0.0,2484.2,0.97,0.0,0.0,0.0,0.0,23.0,1.0,0.0,7.0,0.0,0.0,0.0,False,Active
105,7,223,5042.95,93,344,0.57,0.43,100.0,736.0,0.0,641.0,0.0,0.0,569.0,65.0,43.0,0.0,0.0,1029.0,0.0,0.0,709.0,157.0,994.0,0.0,0.0,4668.23,353.66,0.0,0.0,0.0,21.06,163.0,3.0,8.0,0.0,28.0,0.0,0.0,False,Active
106,9,100,3038.2,26,933,0.0,1.0,0.0,683.0,0.0,1020.0,0.0,68.0,0.0,0.0,0.0,0.0,180.0,0.0,0.0,0.0,813.0,178.0,96.0,0.0,0.0,2611.59,216.48,0.0,0.0,0.0,16.22,20.0,2.0,0.0,1.0,37.0,0.0,1.0,False,Active
109,9,256,8425.47,105,580,0.49,0.51,45.0,271.0,0.0,70.0,0.0,253.0,2507.0,184.0,14.0,0.0,62.0,486.0,0.0,2234.0,1620.0,0.0,681.0,0.0,0.0,4458.73,1280.68,114.88,0.0,0.0,2374.63,198.0,3.0,0.0,8.0,1.0,0.0,27.0,False,Active
113,13,1021,52060.85,382,964,0.75,0.25,0.0,2187.0,0.0,2933.0,0.0,270.0,4150.0,835.0,13689.0,0.0,62.0,19156.0,0.0,0.0,6531.0,34.0,2214.0,0.0,0.0,44653.46,6680.13,711.63,0.0,0.0,15.63,819.0,72.0,2.0,11.0,46.0,0.0,7.0,False,Active
114,15,284,30301.43,154,909,0.68,0.32,6451.0,465.0,0.0,49.0,0.0,398.0,423.0,345.0,14425.0,0.0,0.0,1128.0,0.0,0.0,4947.0,34.0,1637.0,0.0,0.0,389.88,14421.03,2319.17,0.0,0.0,3661.28,4.0,35.0,16.0,49.0,15.0,19.0,14.0,False,Active
117,12,977,24010.53,137,945,0.36,0.64,670.0,7898.0,0.0,774.0,0.0,108.0,6403.0,36.0,343.0,0.0,0.0,1066.0,0.0,953.0,1708.0,60.0,3991.0,0.0,0.0,22806.96,951.99,0.0,0.0,0.0,251.58,710.0,14.0,0.0,23.0,46.0,1.0,7.0,False,Active
118,8,164,1778.42,61,957,0.84,0.16,0.0,19.0,0.0,151.0,0.0,0.0,571.0,26.0,30.0,0.0,0.0,209.0,0.0,0.0,264.0,12.0,496.0,0.0,0.0,1321.41,457.01,0.0,0.0,0.0,0.0,133.0,0.0,0.0,4.0,1.0,0.0,0.0,False,Active
122,2,186,3701.54,60,894,0.5,0.5,0.0,71.0,0.0,0.0,0.0,0.0,287.0,0.0,892.0,0.0,0.0,1069.0,0.0,0.0,72.0,0.0,1312.0,0.0,0.0,3121.8,579.74,0.0,0.0,0.0,0.0,183.0,0.0,0.0,0.0,3.0,0.0,0.0,False,Active
124,14,370,13161.37,196,704,0.51,0.49,514.0,800.0,0.0,590.0,0.0,916.0,1521.0,103.0,2808.0,0.0,5.0,1972.0,0.0,0.0,3406.0,0.0,527.0,0.0,0.0,4264.03,6952.38,563.29,0.0,0.0,1252.98,133.0,20.0,0.0,23.0,6.0,82.0,29.0,False,Active
127,9,111,2323.27,71,432,0.8,0.2,661.0,8.0,0.0,0.0,0.0,0.0,225.0,61.0,457.0,0.0,0.0,604.0,0.0,0.0,186.0,0.0,123.0,0.0,0.0,1718.89,182.04,0.0,0.0,0.0,90.63,70.0,6.0,0.0,0.0,0.0,0.0,8.0,False,Active
130,3,106,892.36,49,754,0.98,0.02,0.0,0.0,0.0,5.0,0.0,0.0,344.0,29.0,6.0,0.0,0.0,174.0,0.0,0.0,332.0,3.0,0.0,0.0,0.0,834.9,57.46,0.0,0.0,0.0,0.0,96.0,3.0,7.0,0.0,0.0,0.0,0.0,False,Active
132,10,163,2575.26,83,912,0.32,0.68,0.0,556.0,0.0,337.0,0.0,121.0,226.0,0.0,0.0,0.0,69.0,144.0,0.0,0.0,869.0,40.0,214.0,0.0,0.0,2383.24,136.57,0.0,0.0,0.0,55.45,99.0,3.0,0.0,9.0,2.0,9.0,26.0,False,Active
137,7,245,19104.44,67,296,0.51,0.49,159.0,408.0,0.0,195.0,0.0,9.0,3498.0,0.0,4139.0,0.0,0.0,1896.0,0.0,0.0,1882.0,158.0,6761.0,0.0,0.0,11534.97,7256.44,0.0,0.0,0.0,0.0,194.0,34.0,0.0,0.0,0.0,3.0,1.0,False,Active
138,8,1582,71316.07,469,946,0.99,0.01,100.0,479.0,0.0,1309.0,0.0,803.0,22964.0,3115.0,2858.0,0.0,3417.0,10980.0,0.0,0.0,18416.0,163.0,6713.0,0.0,0.0,66884.15,2126.65,0.0,0.0,0.0,19.35,1404.0,65.0,0.0,0.0,0.0,1.0,1.0,False,Active
139,18,233,28287.69,174,639,0.72,0.28,204.0,228.0,0.0,289.0,0.0,87.0,981.0,186.0,8186.0,0.0,0.0,3251.0,0.0,0.0,14505.0,21.0,349.0,0.0,0.0,408.55,16003.26,7630.95,0.0,0.0,2837.89,2.0,5.0,3.0,85.0,1.0,24.0,24.0,False,Active
140,4,383,6914.69,78,935,0.72,0.28,0.0,7.0,0.0,267.0,0.0,11.0,3490.0,22.0,567.0,0.0,0.0,539.0,0.0,0.0,1598.0,0.0,414.0,0.0,0.0,6860.73,53.96,0.0,0.0,0.0,0.0,375.0,6.0,0.0,0.0,0.0,1.0,0.0,False,Active
142,2,6,201.81,2,273,0.0,1.0,0.0,0.0,0.0,100.0,0.0,0.0,0.0,0.0,0.0,0.0,0.0,0.0,0.0,102.0,0.0,0.0,0.0,0.0,0.0,100.0,101.81,0.0,0.0,0.0,0.0,2.0,0.0,0.0,4.0,0.0,0.0,0.0,False,Active
153,13,522,5247.4,222,687,0.79,0.21,1009.0,394.0,0.0,197.0,0.0,212.0,1083.0,474.0,327.0,0.0,38.0,735.0,0.0,0.0,270.0,0.0,508.0,0.0,0.0,1751.21,238.39,0.0,0.0,0.0,95.19,130.0,8.0,4.0,1.0,1.0,1.0,18.0,False,Active
158,14,260,30170.48,215,876,0.84,0.16,887.0,412.0,0.0,401.0,0.0,214.0,879.0,1337.0,9028.0,0.0,100.0,8196.0,0.0,0.0,6296.0,81.0,2340.0,0.0,0.0,5590.68,24086.69,0.0,11.82,0.0,80.74,40.0,1.0,10.0,3.0,1.0,86.0,1.0,False,Active
162,10,219,10652.06,48,940,0.27,0.73,2733.0,1255.0,0.0,5174.0,0.0,119.0,15.0,0.0,0.0,0.0,0.0,34.0,0.0,611.0,692.0,0.0,19.0,0.0,0.0,2449.45,5545.92,0.0,0.0,0.0,203.03,15.0,4.0,1.0,39.0,26.0,0.0,1.0,False,Active
172,8,415,9675.79,191,453,0.71,0.29,70.0,65.0,0.0,261.0,0.0,88.0,1027.0,313.0,1413.0,0.0,0.0,2278.0,0.0,25.0,1409.0,164.0,2562.0,0.0,5.1,6587.78,43.5,0.0,0.0,0.0,7.71,284.0,2.0,0.0,3.0,0.0,0.0,1.0,False,Active
174,4,379,4286.43,56,560,0.67,0.33,0.0,1248.0,0.0,37.0,0.0,0.0,1707.0,3.0,110.0,0.0,0.0,1038.0,0.0,0.0,13.0,0.0,131.0,0.0,0.0,3997.11,289.32,0.0,0.0,0.0,0.0,366.0,6.0,0.0,0.0,2.0,0.0,0.0,False,Active
176,5,152,9790.55,103,238,0.58,0.42,0.0,72.0,0.0,195.0,0.0,1065.0,562.0,2465.0,3185.0,0.0,0.0,1452.0,0.0,0.0,597.0,0.0,198.0,0.0,0.0,2541.56,3377.4,0.0,0.0,0.0,0.0,37.0,6.0,0.0,1.0,8.0,0.0,0.0,False,Active
177,4,38,2503.16,34,161,1.0,0.0,0.0,59.0,0.0,0.0,0.0,0.0,955.0,404.0,98.0,0.0,0.0,29.0,0.0,0.0,958.0,0.0,0.0,0.0,0.0,2227.35,265.58,0.0,0.0,0.0,0.0,29.0,1.0,0.0,0.0,0.0,0.0,0.0,False,Active
178,8,1196,51152.99,339,964,0.76,0.24,5426.0,1405.0,0.0,3009.0,0.0,0.0,7178.0,218.0,13020.0,0.0,193.0,9622.0,0.0,0.0,6514.0,154.0,4416.0,0.0,0.0,43072.97,8080.02,0.0,0.0,0.0,0.0,1049.0,17.0,0.0,0.0,54.0,45.0,0.0,False,Active
184,4,23,4567.93,16,714,0.58,0.42,896.0,0.0,0.0,0.0,0.0,0.0,0.0,0.0,61.0,0.0,1924.0,769.0,0.0,0.0,773.0,145.0,0.0,0.0,0.0,1154.66,3413.27,0.0,0.0,0.0,0.0,2.0,0.0,16.0,0.0,0.0,3.0,0.0,False,Active
189,3,220,2390.95,48,674,0.65,0.35,0.0,164.0,0.0,202.0,0.0,0.0,530.0,0.0,0.0,0.0,0.0,236.0,0.0,0.0,900.0,0.0,359.0,0.0,0.0,2327.9,63.05,0.0,0.0,0.0,0.0,210.0,9.0,0.0,0.0,1.0,0.0,0.0,False,Active
195,4,122,3567.18,59,552,0.96,0.04,290.0,1329.0,0.0,149.0,0.0,0.0,463.0,0.0,19.0,0.0,0.0,1003.0,0.0,0.0,256.0,9.0,50.0,0.0,0.0,2855.04,151.98,0.0,0.0,0.0,0.0,101.0,0.0,2.0,0.0,0.0,0.0,0.0,False,Active
199,8,411,18970.51,117,500,0.81,0.19,8221.0,2004.0,0.0,1262.0,0.0,26.0,2696.0,0.0,0.0,0.0,0.0,947.0,0.0,0.0,2507.0,70.0,1237.0,0.0,0.0,16502.59,2393.45,0.0,0.0,0.0,48.22,187.0,2.0,0.0,3.0,208.0,0.0,0.0,False,Active
201,9,296,5352.44,71,545,0.41,0.59,601.0,734.0,0.0,183.0,0.0,0.0,690.0,558.0,347.0,0.0,0.0,115.0,0.0,250.0,1871.0,0.0,3.0,0.0,0.0,3689.15,808.84,0.0,0.0,0.0,3.9,77.0,6.0,0.0,1.0,6.0,0.0,142.0,False,Active
202,3,38,2691.98,18,486,0.15,0.85,1952.0,0.0,0.0,25.0,0.0,347.0,144.0,16.0,55.0,0.0,0.0,63.0,0.0,0.0,1.0,0.0,90.0,0.0,0.0,2661.06,30.92,0.0,0.0,0.0,0.0,20.0,3.0,0.0,15.0,0.0,0.0,0.0,False,Active
204,5,58,847.68,29,223,0.58,0.42,0.0,160.0,0.0,146.0,0.0,0.0,192.0,0.0,0.0,0.0,0.0,215.0,0.0,0.0,68.0,0.0,68.0,0.0,0.0,701.78,131.45,0.0,0.0,0.0,14.45,41.0,2.0,0.0,0.0,5.0,0.0,2.0,False,Active
207,5,84,3412.53,40,434,0.6,0.4,1165.0,0.0,0.0,196.0,0.0,0.0,1252.0,0.0,76.0,0.0,0.0,441.0,0.0,0.0,152.0,0.0,130.0,0.0,0.0,2633.94,778.59,0.0,0.0,0.0,0.0,62.0,0.0,0.0,7.0,1.0,12.0,0.0,False,Active
209,8,275,3221.92,34,636,0.39,0.61,0.0,1097.0,0.0,693.0,0.0,0.0,809.0,0.0,0.0,0.0,0.0,0.0,0.0,0.0,623.0,0.0,0.0,0.0,0.0,3014.31,0.0,0.0,0.0,0.0,207.61,49.0,24.0,0.0,21.0,5.0,0.0,173.0,False,Active
223,14,129,15475.08,89,876,0.63,0.37,0.0,368.0,0.0,569.0,0.0,16.0,256.0,15.0,5031.0,0.0,0.0,3181.0,0.0,0.0,5031.0,136.0,872.0,0.0,0.0,1618.18,2976.24,0.0,0.0,0.0,1506.87,8.0,17.0,0.0,6.0,1.0,1.0,4.0,False,Active
229,3,17,1261.11,16,74,0.98,0.02,0.0,0.0,0.0,27.0,0.0,0.0,100.0,135.0,351.0,0.0,0.0,243.0,0.0,0.0,397.0,0.0,8.0,0.0,0.0,0.0,1261.11,0.0,0.0,0.0,0.0,1.0,8.0,0.0,0.0,0.0,8.0,0.0,False,Active
245,6,125,13286.03,70,959,0.46,0.54,0.0,1101.0,0.0,1374.0,0.0,396.0,121.0,39.0,4593.0,0.0,0.0,938.0,0.0,0.0,3844.0,0.0,879.0,0.0,0.0,11178.82,1803.28,0.0,0.0,0.0,303.93,103.0,3.0,0.0,0.0,0.0,0.0,9.0,False,Active
247,3,523,16720.53,169,477,1.0,0.0,0.0,63.0,0.0,683.0,0.0,0.0,4208.0,596.0,104.0,0.0,0.0,3888.0,0.0,0.0,3410.0,8.0,3762.0,0.0,0.0,16090.0,630.53,0.0,0.0,0.0,0.0,514.0,0.0,0.0,0.0,0.0,1.0,0.0,False,Active
249,6,523,5660.41,92,887,0.87,0.13,0.0,0.0,0.0,1121.0,0.0,207.0,1711.0,30.0,842.0,0.0,39.0,1216.0,0.0,0.0,310.0,0.0,184.0,0.0,0.0,5473.15,187.26,0.0,0.0,0.0,0.0,510.0,2.0,3.0,0.0,0.0,0.0,0.0,False,Active
251,3,10,594.98,8,366,1.0,0.0,0.0,0.0,0.0,0.0,0.0,0.0,567.0,16.0,0.0,0.0,0.0,12.0,0.0,0.0,0.0,0.0,0.0,0.0,0.0,21.8,212.17,0.0,0.0,0.0,0.0,2.0,3.0,0.0,0.0,0.0,0.0,0.0,False,Active
253,1,17,383.45,12,422,0.96,0.04,0.0,0.0,0.0,17.0,0.0,0.0,17.0,234.0,0.0,0.0,0.0,39.0,0.0,0.0,61.0,0.0,16.0,0.0,0.0,383.45,0.0,0.0,0.0,0.0,0.0,17.0,0.0,0.0,0.0,0.0,0.0,0.0,False,Active
257,10,67,3373.38,51,955,0.37,0.63,813.0,155.0,0.0,77.0,0.0,216.0,91.0,0.0,217.0,0.0,0.0,391.0,0.0,0.0,772.0,0.0,643.0,0.0,0.0,1761.04,1277.51,0.0,0.0,0.0,258.24,17.0,7.0,9.0,0.0,0.0,0.0,2.0,False,Active
258,2,106,25415.7,42,170,0.23,0.77,19295.0,0.0,0.0,106.0,0.0,0.0,187.0,0.0,296.0,0.0,0.0,564.0,0.0,0.0,4121.0,0.0,846.0,0.0,0.0,25415.7,0.0,0.0,0.0,0.0,0.0,85.0,0.0,0.0,21.0,0.0,0.0,0.0,False,Active
271,1,14,249.05,11,291,0.96,0.04,0.0,0.0,0.0,10.0,0.0,0.0,161.0,8.0,0.0,0.0,0.0,71.0,0.0,0.0,0.0,0.0,0.0,0.0,0.0,249.05,0.0,0.0,0.0,0.0,0.0,14.0,0.0,0.0,0.0,0.0,0.0,0.0,False,Active
272,2,18,517.2,13,241,0.94,0.06,16.0,0.0,0.0,0.0,0.0,0.0,223.0,0.0,0.0,0.0,0.0,224.0,0.0,0.0,0.0,35.0,19.0,0.0,0.0,517.2,0.0,0.0,0.0,0.0,0.0,17.0,0.0,0.0,1.0,0.0,0.0,0.0,False,Active
290,1,195,3408.75,55,702,0.99,0.01,0.0,0.0,0.0,0.0,0.0,0.0,385.0,4.0,248.0,0.0,0.0,2695.0,0.0,0.0,77.0,0.0,0.0,0.0,0.0,3408.75,0.0,0.0,0.0,0.0,0.0,195.0,0.0,0.0,0.0,0.0,0.0,0.0,False,Active
293,2,241,2801.65,3,368,0.0,1.0,0.0,0.0,0.0,2802.0,0.0,0.0,0.0,0.0,0.0,0.0,0.0,0.0,0.0,0.0,0.0,0.0,0.0,0.0,0.0,2610.0,191.65,0.0,0.0,0.0,0.0,230.0,0.0,0.0,0.0,0.0,0.0,0.0,False,Active
294,3,437,17517.14,92,596,1.0,0.0,0.0,0.0,0.0,0.0,0.0,0.0,13420.0,0.0,2049.0,0.0,4.0,80.0,0.0,0.0,1610.0,0.0,354.0,0.0,0.0,14857.2,2659.94,0.0,0.0,0.0,0.0,429.0,1.0,0.0,0.0,0.0,7.0,0.0,False,Active
310,5,26,3930.46,23,175,0.23,0.77,0.0,104.0,0.0,0.0,0.0,419.0,19.0,2.0,2517.0,0.0,0.0,395.0,0.0,0.0,465.0,0.0,9.0,0.0,0.0,280.74,1239.62,154.09,0.0,0.0,241.38,6.0,0.0,0.0,5.0,0.0,9.0,2.0,False,Active
321,1,6,109.15,5,34,1.0,0.0,0.0,0.0,0.0,0.0,0.0,0.0,88.0,0.0,0.0,0.0,0.0,0.0,0.0,0.0,21.0,0.0,0.0,0.0,0.0,109.15,0.0,0.0,0.0,0.0,0.0,6.0,0.0,0.0,0.0,0.0,0.0,0.0,False,Active
336,1,4,532.63,4,14,0.84,0.16,0.0,0.0,0.0,0.0,0.0,0.0,94.0,0.0,0.0,0.0,0.0,0.0,0.0,0.0,438.0,0.0,0.0,0.0,0.0,0.0,532.63,0.0,0.0,0.0,0.0,0.0,4.0,0.0,0.0,0.0,0.0,0.0,False,Active
339,1,4,1870.0,3,574,1.0,0.0,1870.0,0.0,0.0,0.0,0.0,0.0,0.0,0.0,0.0,0.0,0.0,0.0,0.0,0.0,0.0,0.0,0.0,0.0,0.0,1870.0,0.0,0.0,0.0,0.0,0.0,4.0,0.0,0.0,0.0,0.0,0.0,0.0,False,Active
342,1,1,25.0,1,1,1.0,0.0,0.0,0.0,0.0,0.0,0.0,0.0,0.0,0.0,0.0,0.0,0.0,0.0,0.0,0.0,0.0,0.0,25.0,0.0,0.0,25.0,0.0,0.0,0.0,0.0,0.0,1.0,0.0,0.0,0.0,0.0,0.0,0.0,False,Active
350,1,7,1481.35,5,105,1.0,0.0,1450.0,0.0,0.0,0.0,0.0,0.0,31.0,0.0,0.0,0.0,0.0,0.0,0.0,0.0,0.0,0.0,0.0,0.0,0.0,1481.35,0.0,0.0,0.0,0.0,0.0,7.0,0.0,0.0,0.0,0.0,0.0,0.0,False,Active
363,8,165,7355.79,56,697,0.63,0.37,4681.0,58.0,0.0,343.0,0.0,190.0,734.0,18.0,0.0,0.0,0.0,543.0,0.0,0.0,527.0,22.0,239.0,0.0,0.0,7157.72,25.83,0.0,0.0,0.0,11.96,131.0,5.0,1.0,2.0,8.0,0.0,2.0,False,Active
365,14,673,31166.77,286,750,0.8,0.2,905.0,94.0,0.0,743.0,0.0,126.0,10029.0,1234.0,5073.0,0.0,13.0,1785.0,0.0,0.0,8480.0,131.0,2553.0,0.0,0.0,25185.48,4098.35,1735.76,0.0,0.0,136.13,497.0,15.0,2.0,62.0,1.0,13.0,9.0,False,Active
369,5,623,12716.63,68,956,0.99,0.01,0.0,0.0,0.0,0.0,0.0,369.0,11602.0,136.0,0.0,0.0,45.0,129.0,0.0,0.0,162.0,0.0,274.0,0.0,0.0,11663.78,1052.85,0.0,0.0,0.0,0.0,563.0,0.0,28.0,0.0,0.0,1.0,0.0,False,Active
370,6,617,17122.37,140,962,0.43,0.57,0.0,1190.0,0.0,225.0,0.0,180.0,1359.0,957.0,25.0,0.0,0.0,2542.0,0.0,0.0,8814.0,135.0,1695.0,0.0,0.0,16724.56,282.77,0.0,0.0,0.0,115.04,395.0,29.0,0.0,1.0,1.0,0.0,0.0,False,Active
371,2,562,31653.84,86,690,1.0,0.0,0.0,183.0,0.0,131.0,0.0,0.0,25785.0,409.0,12.0,0.0,568.0,818.0,0.0,0.0,2491.0,0.0,1256.0,0.0,0.0,31602.92,50.92,0.0,0.0,0.0,0.0,561.0,1.0,0.0,0.0,0.0,0.0,0.0,False,Active
373,12,730,34157.29,198,963,0.63,0.37,0.0,166.0,0.0,139.0,0.0,0.0,9972.0,2393.0,9466.0,0.0,55.0,5384.0,0.0,0.0,5350.0,744.0,489.0,0.0,2.63,28504.98,4668.06,1.48,0.0,0.0,0.97,679.0,4.0,1.0,6.0,1.0,1.0,8.0,False,Active
374,11,1467,106111.81,336,676,0.23,0.77,55378.0,1249.0,0.0,3086.0,0.0,154.0,10339.0,943.0,2061.0,0.0,690.0,10688.0,0.0,734.0,16690.0,230.0,3869.0,0.0,0.0,101482.91,4295.67,0.0,0.0,0.0,333.23,1162.0,103.0,0.0,32.0,29.0,0.0,28.0,False,Active
376,25,966,193208.11,436,963,0.51,0.49,41631.0,3160.0,0.0,1364.0,0.0,13743.0,16890.0,7186.0,33779.0,0.0,143.0,8240.0,0.0,17989.0,44834.0,372.0,3876.0,0.0,0.0,123264.63,44306.99,1470.2,371.59,0.0,19488.3,483.0,15.0,1.0,40.0,25.0,149.0,29.0,False,Active
377,14,1038,23651.83,260,522,0.55,0.45,333.0,1449.0,0.0,315.0,0.0,758.0,1600.0,773.0,3239.0,0.0,0.0,7599.0,0.0,0.0,3468.0,351.0,3767.0,0.0,0.0,19955.42,2813.05,0.0,0.0,101.09,586.81,848.0,48.0,0.0,4.0,32.0,0.0,46.0,False,Active
378,2,28,1508.65,22,56,1.0,0.0,0.0,0.0,0.0,196.0,0.0,0.0,492.0,0.0,65.0,0.0,0.0,667.0,0.0,0.0,81.0,0.0,8.0,0.0,0.0,648.15,860.5,0.0,0.0,0.0,0.0,15.0,0.0,0.0,0.0,0.0,0.0,0.0,False,Active
379,13,348,14102.26,261,901,0.85,0.15,473.0,226.0,0.0,517.0,0.0,575.0,2639.0,231.0,2410.0,0.0,0.0,2609.0,0.0,0.0,2435.0,10.0,1977.0,0.0,0.0,3475.97,10575.22,0.0,0.0,0.0,51.07,73.0,50.0,14.0,0.0,1.0,30.0,0.0,False,Active
381,10,589,35967.1,182,576,0.8,0.2,6785.0,423.0,0.0,305.0,0.0,924.0,9076.0,318.0,840.0,0.0,87.0,6156.0,0.0,0.0,5028.0,594.0,5431.0,0.0,0.0,33949.06,2018.04,0.0,0.0,0.0,0.0,546.0,5.0,16.0,1.0,6.0,0.0,0.0,False,Active
384,11,232,18919.48,35,890,0.66,0.34,5045.0,998.0,0.0,1260.0,0.0,48.0,296.0,0.0,0.0,0.0,0.0,0.0,0.0,2508.0,1925.0,0.0,6838.0,0.0,0.0,15945.11,2900.74,0.0,0.0,0.0,25.34,101.0,5.0,0.0,20.0,8.0,0.0,40.0,False,Active
385,9,295,4264.1,66,945,0.57,0.43,0.0,956.0,0.0,624.0,0.0,23.0,446.0,0.0,1062.0,0.0,0.0,464.0,0.0,0.0,463.0,0.0,227.0,0.0,0.0,2525.04,1739.06,0.0,0.0,0.0,0.0,127.0,2.0,0.0,0.0,88.0,0.0,28.0,False,Active
388,10,111,3590.42,54,617,0.67,0.33,376.0,307.0,0.0,514.0,0.0,12.0,479.0,0.0,501.0,0.0,46.0,456.0,0.0,0.0,745.0,0.0,153.0,0.0,0.0,1330.11,2217.58,41.94,0.0,0.0,0.79,45.0,4.0,21.0,2.0,5.0,11.0,1.0,False,Active
389,2,8,1131.92,6,445,0.0,1.0,0.0,65.0,0.0,200.0,0.0,0.0,0.0,0.0,357.0,0.0,0.0,0.0,0.0,0.0,511.0,0.0,0.0,0.0,0.0,775.23,356.69,0.0,0.0,0.0,0.0,7.0,0.0,0.0,0.0,0.0,0.0,0.0,False,Active
391,5,135,21126.35,42,952,0.43,0.57,15147.0,5.0,0.0,0.0,0.0,123.0,863.0,121.0,315.0,0.0,0.0,118.0,0.0,2302.0,2047.0,0.0,85.0,0.0,0.0,18145.57,2970.08,0.0,0.0,0.0,0.0,96.0,2.0,2.0,33.0,0.0,0.0,0.0,False,Active
392,8,478,7299.7,91,957,0.69,0.31,0.0,716.0,0.0,1047.0,0.0,0.0,3943.0,13.0,0.0,0.0,142.0,296.0,0.0,0.0,819.0,90.0,234.0,0.0,0.0,7299.7,0.0,0.0,0.0,0.0,0.0,311.0,2.0,0.0,9.0,123.0,0.0,0.0,False,Active
396,14,508,7315.72,246,388,0.8,0.2,0.0,55.0,0.0,16.0,0.0,54.0,937.0,289.0,730.0,0.0,0.0,1631.0,0.0,0.0,2241.0,0.0,1363.0,0.0,0.0,890.5,1627.21,4.68,0.0,0.0,0.0,68.0,5.0,6.0,1.0,0.0,0.0,0.0,False,Active
398,6,89,6925.98,58,660,0.65,0.35,1061.0,0.0,0.0,434.0,0.0,76.0,203.0,140.0,2469.0,0.0,0.0,886.0,0.0,0.0,1399.0,73.0,185.0,0.0,0.0,825.54,4949.66,0.0,0.0,0.0,1104.82,38.0,25.0,0.0,2.0,0.0,0.0,17.0,False,Active
401,5,426,18897.23,177,298,0.83,0.17,10352.0,548.0,0.0,593.0,0.0,727.0,1232.0,21.0,52.0,0.0,27.0,1461.0,0.0,0.0,2205.0,174.0,1504.0,0.0,0.0,1655.71,15433.34,0.0,0.0,0.0,1808.18,8.0,0.0,0.0,0.0,20.0,0.0,4.0,False,Active
402,8,600,27678.39,252,718,0.72,0.28,209.0,506.0,0.0,227.0,0.0,156.0,3249.0,1455.0,9330.0,0.0,749.0,3984.0,0.0,0.0,6496.0,100.0,1217.0,0.0,0.0,20662.76,6978.62,0.0,0.0,0.0,0.0,571.0,3.0,0.0,0.0,4.0,4.0,0.0,False,Active
403,3,143,9725.95,44,350,0.28,0.72,5991.0,0.0,0.0,1047.0,0.0,0.0,1030.0,132.0,155.0,0.0,0.0,1113.0,0.0,0.0,89.0,0.0,170.0,0.0,0.0,7876.39,1849.56,0.0,0.0,0.0,0.0,85.0,18.0,0.0,40.0,0.0,0.0,0.0,False,Active
404,8,208,6240.85,81,257,0.35,0.65,0.0,222.0,0.0,3441.0,0.0,3.0,721.0,33.0,335.0,0.0,0.0,782.0,0.0,0.0,239.0,0.0,465.0,0.0,0.0,4436.23,1669.92,0.0,0.0,0.0,0.0,117.0,28.0,6.0,0.0,13.0,5.0,0.0,False,Active
405,7,449,3820.15,170,331,0.73,0.27,0.0,287.0,0.0,236.0,0.0,264.0,762.0,90.0,1.0,0.0,0.0,1142.0,0.0,0.0,657.0,38.0,343.0,0.0,2894.34,881.62,36.02,0.0,0.0,0.0,0.0,64.0,8.0,0.0,0.0,1.0,0.0,2.0,False,Active
408,10,97,3692.05,87,922,0.55,0.45,0.0,34.0,0.0,108.0,0.0,17.0,373.0,42.0,1358.0,0.0,39.0,1268.0,0.0,0.0,151.0,24.0,279.0,0.0,0.0,2508.0,963.81,0.0,0.0,0.0,18.15,35.0,5.0,14.0,1.0,0.0,6.0,6.0,False,Active
410,10,542,134296.1,29,956,0.02,0.98,2135.0,2017.0,0.0,128700.0,0.0,30.0,229.0,60.0,307.0,0.0,20.0,147.0,0.0,0.0,128.0,0.0,523.0,0.0,0.0,133613.75,682.35,0.0,0.0,0.0,0.0,45.0,0.0,0.0,8.0,1.0,5.0,2.0,False,Active
413,8,37,333.06,9,898,0.03,0.97,0.0,157.0,0.0,40.0,0.0,0.0,2.0,0.0,0.0,0.0,0.0,8.0,0.0,0.0,114.0,0.0,12.0,0.0,0.0,318.56,0.0,0.0,0.0,0.0,14.5,2.0,0.0,0.0,14.0,1.0,0.0,1.0,False,Active
417,11,558,21065.41,230,917,0.71,0.29,2244.0,313.0,0.0,340.0,0.0,66.0,5994.0,479.0,2604.0,0.0,181.0,2808.0,0.0,0.0,5426.0,75.0,536.0,0.0,0.0,15797.37,4889.31,0.0,0.0,0.0,338.59,433.0,56.0,12.0,4.0,0.0,1.0,11.0,False,Active
421,7,1456,39588.35,287,943,0.85,0.15,317.0,423.0,0.0,899.0,0.0,142.0,19877.0,828.0,2651.0,0.0,40.0,10360.0,0.0,0.0,2727.0,3.0,1323.0,0.0,0.0,39420.72,153.77,0.0,0.0,0.0,13.86,1394.0,2.0,2.0,29.0,0.0,0.0,6.0,False,Active
422,13,610,12695.13,281,848,0.45,0.55,222.0,427.0,17.0,211.0,0.0,862.0,2055.0,241.0,366.0,0.0,0.0,1773.0,0.0,0.0,5628.0,10.0,545.0,339.0,0.0,7993.41,4554.87,0.0,0.0,0.0,146.85,205.0,170.0,3.0,30.0,3.0,55.0,18.0,False,Active
424,11,418,9361.44,101,964,0.29,0.71,927.0,1132.0,0.0,407.0,0.0,13.0,1588.0,375.0,0.0,0.0,83.0,1155.0,0.0,0.0,1867.0,3.0,1813.0,0.0,0.0,7255.63,1941.32,0.0,0.0,0.0,164.49,313.0,18.0,1.0,0.0,40.0,0.0,3.0,False,Active
426,1,112,2434.75,19,740,0.79,0.21,0.0,0.0,0.0,0.0,0.0,0.0,273.0,84.0,38.0,0.0,0.0,535.0,0.0,0.0,999.0,0.0,506.0,0.0,0.0,2434.75,0.0,0.0,0.0,0.0,0.0,112.0,0.0,0.0,0.0,0.0,0.0,0.0,False,Active
445,8,385,15397.43,215,962,0.9,0.1,0.0,458.0,0.0,130.0,0.0,92.0,3238.0,224.0,3520.0,0.0,58.0,4738.0,0.0,0.0,1973.0,0.0,968.0,0.0,0.0,12188.42,3002.23,0.0,0.0,0.0,0.0,328.0,23.0,0.0,0.0,0.0,1.0,0.0,False,Active
446,5,59,2758.24,35,352,0.89,0.11,0.0,195.0,0.0,19.0,0.0,26.0,517.0,44.0,0.0,0.0,0.0,1523.0,0.0,0.0,203.0,25.0,205.0,0.0,0.0,1442.49,105.79,0.0,0.0,0.0,1163.28,20.0,0.0,8.0,0.0,0.0,0.0,27.0,False,Active
449,8,229,12778.91,142,365,0.84,0.16,0.0,36.0,0.0,507.0,0.0,0.0,1128.0,414.0,367.0,0.0,290.0,2939.0,0.0,966.0,2132.0,2.0,3998.0,0.0,0.0,9307.85,3471.06,0.0,0.0,0.0,0.0,167.0,35.0,1.0,0.0,2.0,8.0,2.0,False,Active
450,10,1048,36838.26,249,964,0.88,0.12,92.0,476.0,0.0,3806.0,0.0,0.0,10808.0,611.0,2411.0,0.0,0.0,14595.0,0.0,700.0,2015.0,0.0,1325.0,0.0,0.0,35774.07,240.21,0.0,0.0,0.0,734.77,959.0,4.0,2.0,1.0,39.0,0.0,0.0,False,Active
451,2,54,1195.83,28,116,0.83,0.17,0.0,0.0,0.0,75.0,0.0,0.0,599.0,87.0,0.0,0.0,0.0,263.0,0.0,0.0,124.0,0.0,47.0,0.0,0.0,1108.7,87.13,0.0,0.0,0.0,0.0,53.0,1.0,0.0,0.0,0.0,0.0,0.0,False,Active
454,2,62,8466.24,41,54,1.0,0.0,1200.0,0.0,0.0,106.0,0.0,0.0,332.0,1807.0,0.0,0.0,0.0,736.0,0.0,0.0,3460.0,5.0,820.0,0.0,0.0,7626.42,839.82,0.0,0.0,0.0,0.0,58.0,0.0,0.0,0.0,0.0,0.0,0.0,False,Active
455,3,96,3080.51,58,623,0.93,0.07,220.0,40.0,0.0,128.0,0.0,11.0,218.0,0.0,0.0,0.0,68.0,1746.0,0.0,0.0,562.0,0.0,87.0,0.0,0.0,2849.4,231.11,0.0,0.0,0.0,0.0,83.0,4.0,0.0,0.0,0.0,9.0,0.0,False,Active
456,2,5,224.5,5,345,1.0,0.0,50.0,0.0,0.0,0.0,0.0,0.0,65.0,0.0,0.0,0.0,0.0,0.0,0.0,0.0,103.0,0.0,7.0,0.0,0.0,224.5,0.0,0.0,0.0,0.0,0.0,2.0,0.0,0.0,0.0,0.0,0.0,0.0,False,Active
459,2,37,141.87,10,322,1.0,0.0,0.0,5.0,0.0,0.0,0.0,5.0,119.0,9.0,0.0,0.0,0.0,4.0,0.0,0.0,0.0,0.0,0.0,0.0,0.0,136.95,0.0,0.0,0.0,0.0,0.0,36.0,0.0,0.0,0.0,0.0,0.0,0.0,False,Active
463,3,10,1172.35,7,822,0.03,0.97,0.0,0.0,0.0,30.0,0.0,0.0,38.0,0.0,585.0,0.0,0.0,0.0,0.0,0.0,37.0,0.0,482.0,0.0,0.0,105.35,1067.0,0.0,0.0,0.0,0.0,3.0,2.0,0.0,0.0,0.0,5.0,0.0,False,Active
464,10,315,6863.12,114,784,0.59,0.41,278.0,506.0,0.0,142.0,0.0,173.0,951.0,703.0,25.0,0.0,0.0,927.0,0.0,0.0,2606.0,0.0,551.0,0.0,0.0,4402.39,2327.88,22.13,0.0,0.0,110.72,196.0,2.0,0.0,3.0,27.0,56.0,2.0,False,Active
466,4,133,10832.46,55,952,0.37,0.63,4447.0,10.0,0.0,1634.0,0.0,0.0,968.0,263.0,412.0,0.0,12.0,1123.0,0.0,0.0,1963.0,0.0,0.0,0.0,0.0,9395.18,1047.43,126.47,0.0,0.0,263.38,128.0,3.0,0.0,1.0,0.0,0.0,1.0,False,Active
468,1,20,141.85,11,199,1.0,0.0,0.0,0.0,0.0,7.0,0.0,0.0,91.0,0.0,0.0,0.0,0.0,39.0,0.0,0.0,5.0,0.0,0.0,0.0,0.0,141.85,0.0,0.0,0.0,0.0,0.0,20.0,0.0,0.0,0.0,0.0,0.0,0.0,False,Active
470,16,955,59560.3,362,290,0.64,0.36,9983.0,2239.0,0.0,729.0,0.0,1242.0,6609.0,524.0,7218.0,0.0,508.0,8160.0,0.0,0.0,11191.0,422.0,10735.0,0.0,0.0,30921.84,28293.89,76.6,0.0,0.0,267.97,399.0,17.0,369.0,6.0,53.0,10.0,12.0,False,Active
472,7,584,17458.62,83,236,0.57,0.43,864.0,188.0,0.0,277.0,0.0,72.0,1754.0,562.0,681.0,0.0,116.0,637.0,0.0,0.0,7781.0,0.0,4526.0,0.0,0.0,14313.39,3145.23,0.0,0.0,0.0,0.0,420.0,2.0,0.0,4.0,18.0,66.0,0.0,False,Active
474,11,578,87932.69,331,962,0.69,0.31,0.0,3375.0,0.0,6665.0,0.0,476.0,7892.0,2073.0,21495.0,0.0,2899.0,11324.0,0.0,0.0,26343.0,29.0,5360.0,0.0,0.0,57550.0,29571.63,0.0,0.0,0.0,811.06,430.0,49.0,7.0,3.0,0.0,39.0,2.0,False,Active
475,10,946,24634.82,355,667,0.74,0.26,452.0,77.0,0.0,983.0,0.0,98.0,3959.0,544.0,1633.0,0.0,140.0,4596.0,0.0,0.0,11206.0,0.0,946.0,0.0,0.0,7020.93,17613.89,0.0,0.0,0.0,0.0,324.0,6.0,0.0,2.0,2.0,516.0,0.0,False,Active
476,4,55,2156.82,48,153,0.82,0.18,0.0,0.0,0.0,0.0,0.0,0.0,72.0,0.0,959.0,0.0,0.0,401.0,0.0,0.0,566.0,7.0,152.0,0.0,1767.28,214.35,175.19,0.0,0.0,0.0,0.0,6.0,4.0,0.0,0.0,0.0,0.0,0.0,False,Active
477,7,60,8300.24,54,131,0.71,0.29,0.0,152.0,0.0,0.0,0.0,0.0,970.0,708.0,3051.0,0.0,0.0,2693.0,0.0,0.0,497.0,22.0,208.0,0.0,0.0,1841.15,6459.09,0.0,0.0,0.0,0.0,8.0,1.0,0.0,0.0,1.0,10.0,0.0,False,Active
478,8,1932,51512.76,477,957,0.87,0.13,600.0,2209.0,0.0,2022.0,0.0,71.0,7802.0,3665.0,3497.0,0.0,108.0,15957.0,0.0,0.0,12537.0,0.0,3044.0,0.0,0.0,49876.84,1629.69,6.23,0.0,0.0,0.0,1666.0,21.0,41.0,9.0,175.0,0.0,4.0,False,Active
479,9,1161,32729.78,372,925,0.93,0.07,0.0,307.0,0.0,213.0,0.0,647.0,8509.0,389.0,2724.0,0.0,206.0,10636.0,0.0,0.0,3626.0,45.0,5428.0,0.0,0.0,28917.84,2381.26,0.0,0.0,0.0,0.0,1075.0,17.0,6.0,0.0,0.0,0.0,0.0,False,Active
481,6,733,61385.71,299,786,0.61,0.39,15858.0,886.0,0.0,708.0,0.0,142.0,4532.0,341.0,2450.0,0.0,368.0,2641.0,0.0,6250.0,11821.0,86.0,15303.0,0.0,0.0,56380.46,4980.25,0.0,0.0,0.0,25.0,601.0,64.0,0.0,38.0,8.0,0.0,0.0,False,Active
482,17,490,8711.39,329,682,0.68,0.32,99.0,66.0,0.0,430.0,0.0,245.0,997.0,91.0,2323.0,0.0,0.0,2000.0,0.0,0.0,1191.0,20.0,1250.0,0.0,0.0,2784.58,1739.96,1351.79,0.0,0.0,0.0,92.0,14.0,0.0,129.0,0.0,21.0,0.0,False,Active
483,4,13,147.05,9,42,0.33,0.67,0.0,49.0,0.0,49.0,0.0,0.0,44.0,0.0,0.0,0.0,0.0,4.0,0.0,0.0,0.0,0.0,1.0,0.0,0.0,134.3,12.75,0.0,0.0,0.0,0.0,2.0,1.0,0.0,0.0,0.0,0.0,1.0,False,Active
485,2,24,4867.7,11,28,0.98,0.02,4640.0,59.0,0.0,10.0,0.0,0.0,84.0,0.0,0.0,0.0,0.0,35.0,0.0,0.0,0.0,0.0,40.0,0.0,0.0,4867.7,0.0,0.0,0.0,0.0,0.0,16.0,0.0,0.0,0.0,8.0,0.0,0.0,False,Active
487,20,1813,53621.75,507,963,0.8,0.2,3174.0,589.0,0.0,2371.0,0.0,454.0,8413.0,1895.0,6996.0,0.0,57.0,10856.0,0.0,0.0,15179.0,25.0,3613.0,0.0,0.0,33487.43,6914.69,1435.23,0.0,46.29,4332.04,1445.0,15.0,30.0,30.0,0.0,39.0,32.0,False,Active
488,9,153,7446.98,98,430,0.8,0.2,0.0,289.0,0.0,358.0,0.0,28.0,639.0,236.0,805.0,0.0,0.0,905.0,0.0,0.0,3648.0,52.0,488.0,0.0,0.0,3085.94,403.45,0.0,0.0,0.0,3957.59,34.0,5.0,0.0,1.0,0.0,1.0,106.0,False,Active
490,8,134,4352.46,104,895,0.86,0.14,0.0,53.0,0.0,71.0,0.0,5.0,286.0,62.0,1330.0,0.0,0.0,971.0,0.0,0.0,844.0,0.0,731.0,0.0,0.0,193.34,909.4,0.0,0.0,0.0,1267.45,6.0,14.0,11.0,0.0,0.0,0.0,35.0,False,Active
491,9,627,9809.26,198,964,0.41,0.59,0.0,62.0,0.0,222.0,0.0,3989.0,1878.0,8.0,950.0,0.0,5.0,1522.0,0.0,0.0,133.0,38.0,1002.0,0.0,0.0,9164.5,269.29,0.0,0.0,0.0,138.26,585.0,5.0,3.0,0.0,0.0,8.0,7.0,False,Active
493,11,1044,41147.6,291,964,0.69,0.31,1648.0,1629.0,0.0,1937.0,0.0,977.0,5791.0,2910.0,1424.0,0.0,0.0,11106.0,0.0,0.0,10564.0,192.0,2972.0,0.0,0.0,37598.57,1022.08,0.0,0.0,2526.95,0.0,956.0,3.0,2.0,1.0,67.0,3.0,0.0,False,Active
495,7,807,23400.64,253,960,0.97,0.03,0.0,1.0,0.0,576.0,0.0,73.0,16627.0,150.0,1002.0,0.0,132.0,2823.0,0.0,0.0,481.0,82.0,1453.0,0.0,0.0,18102.2,1653.28,88.12,0.0,0.0,0.0,628.0,0.0,0.0,2.0,1.0,1.0,0.0,False,Active
498,17,574,89673.1,220,949,0.47,0.53,5287.0,2382.0,0.0,681.0,0.0,447.0,4631.0,11020.0,18998.0,0.0,0.0,7327.0,0.0,3000.0,34455.0,370.0,1075.0,0.0,0.0,69365.48,19199.98,0.0,0.0,471.1,0.0,362.0,17.0,5.0,5.0,60.0,6.0,0.0,False,Active
499,12,463,5745.67,102,847,0.03,0.97,0.0,1774.0,0.0,1032.0,0.0,288.0,142.0,0.0,758.0,0.0,0.0,106.0,0.0,0.0,1646.0,0.0,0.0,0.0,0.0,3679.23,949.59,299.37,0.0,0.0,296.31,74.0,2.0,2.0,69.0,17.0,0.0,165.0,False,Active
500,6,158,18871.16,38,484,0.17,0.83,6455.0,75.0,0.0,11768.0,0.0,0.0,310.0,0.0,0.0,0.0,0.0,122.0,0.0,0.0,0.0,0.0,142.0,0.0,0.0,16999.34,15.03,0.0,0.0,0.0,1856.79,36.0,0.0,0.0,71.0,0.0,1.0,27.0,False,Active
502,5,47,1968.7,35,376,0.57,0.43,0.0,84.0,0.0,0.0,0.0,110.0,328.0,137.0,0.0,0.0,0.0,237.0,0.0,0.0,631.0,40.0,401.0,0.0,0.0,1103.18,277.78,0.0,0.0,0.0,501.14,32.0,5.0,0.0,2.0,0.0,0.0,1.0,False,Active
505,8,1427,46833.1,186,964,0.9,0.1,850.0,1407.0,0.0,240.0,0.0,543.0,33052.0,2343.0,67.0,0.0,0.0,658.0,0.0,0.0,1733.0,34.0,5906.0,0.0,0.0,45426.65,1038.29,0.0,0.0,0.0,368.16,1362.0,24.0,0.0,4.0,1.0,0.0,2.0,False,Active
506,4,53,3469.08,20,535,0.37,0.63,450.0,0.0,0.0,0.0,0.0,313.0,20.0,0.0,0.0,0.0,0.0,340.0,0.0,0.0,1664.0,280.0,402.0,0.0,0.0,3400.81,68.27,0.0,0.0,0.0,0.0,50.0,1.0,0.0,1.0,0.0,0.0,0.0,False,Active
510,8,396,6166.19,110,954,0.42,0.58,0.0,426.0,0.0,515.0,0.0,0.0,1534.0,36.0,204.0,0.0,0.0,878.0,0.0,0.0,2177.0,150.0,246.0,0.0,0.0,5068.03,813.03,0.0,0.0,0.0,6.25,357.0,13.0,0.0,0.0,2.0,0.0,1.0,False,Active
512,9,142,8820.52,80,426,0.89,0.11,600.0,141.0,0.0,0.0,0.0,0.0,230.0,1069.0,70.0,0.0,0.0,380.0,0.0,0.0,6261.0,70.0,0.0,0.0,0.0,8234.98,297.43,0.0,0.0,0.0,0.0,128.0,1.0,1.0,1.0,0.0,0.0,0.0,False,Active
514,9,129,9042.86,56,750,0.19,0.81,1840.0,1826.0,0.0,89.0,0.0,131.0,1064.0,11.0,837.0,0.0,0.0,570.0,0.0,950.0,1345.0,0.0,381.0,0.0,0.0,6844.76,1942.52,0.0,0.0,0.0,255.58,53.0,3.0,16.0,28.0,1.0,0.0,22.0,False,Active
515,16,857,54733.41,383,932,0.74,0.26,690.0,396.0,0.0,707.0,0.0,2102.0,9850.0,1177.0,7635.0,0.0,245.0,5145.0,0.0,0.0,12931.0,433.0,13423.0,0.0,0.0,40382.29,11813.28,0.0,0.0,0.0,140.13,684.0,54.0,1.0,5.0,1.0,1.0,0.0,False,Active
519,4,102,4436.58,71,313,0.64,0.36,0.0,15.0,0.0,311.0,0.0,0.0,284.0,82.0,730.0,0.0,61.0,1016.0,0.0,0.0,948.0,1.0,989.0,0.0,0.0,2999.77,1436.81,0.0,0.0,0.0,0.0,74.0,2.0,0.0,0.0,0.0,13.0,0.0,False,Active
521,3,162,2087.57,11,690,0.05,0.95,20.0,0.0,0.0,1970.0,0.0,0.0,55.0,0.0,0.0,0.0,0.0,12.0,0.0,0.0,0.0,0.0,31.0,0.0,0.0,2087.57,0.0,0.0,0.0,0.0,0.0,38.0,0.0,0.0,6.0,0.0,0.0,0.0,False,Active
523,3,43,1300.65,32,119,1.0,0.0,0.0,0.0,0.0,0.0,0.0,0.0,46.0,0.0,0.0,0.0,0.0,510.0,0.0,0.0,566.0,4.0,175.0,0.0,0.0,13.73,0.0,633.11,0.0,0.0,498.72,0.0,0.0,0.0,27.0,0.0,0.0,11.0,False,Active
527,1,565,1799.45,41,919,1.0,0.0,0.0,0.0,0.0,16.0,0.0,0.0,297.0,0.0,24.0,0.0,1308.0,115.0,0.0,0.0,30.0,5.0,5.0,0.0,0.0,1799.45,0.0,0.0,0.0,0.0,0.0,565.0,0.0,0.0,0.0,0.0,0.0,0.0,False,Active
530,3,15,9041.63,8,580,0.01,0.99,0.0,8820.0,0.0,0.0,0.0,0.0,45.0,0.0,0.0,0.0,0.0,0.0,0.0,0.0,109.0,0.0,68.0,0.0,0.0,9041.63,0.0,0.0,0.0,0.0,0.0,7.0,0.0,0.0,0.0,7.0,0.0,0.0,False,Active
532,14,318,35933.92,171,919,0.5,0.5,1286.0,16480.0,0.0,371.0,0.0,115.0,1171.0,195.0,2954.0,0.0,67.0,7594.0,0.0,0.0,1829.0,0.0,3872.0,0.0,0.0,26699.43,6426.57,0.0,0.0,0.0,2696.21,166.0,9.0,4.0,1.0,5.0,67.0,46.0,False,Active
535,18,354,37828.83,115,959,0.01,0.99,47.0,18470.0,0.0,1545.0,0.0,867.0,1349.0,0.0,5203.0,0.0,0.0,391.0,0.0,48.0,9247.0,0.0,663.0,0.0,10.3,8693.83,13316.97,460.56,0.0,0.0,14817.38,49.0,18.0,1.0,13.0,47.0,0.0,125.0,False,Active
550,3,15,457.61,13,305,0.41,0.59,0.0,56.0,0.0,22.0,0.0,0.0,15.0,0.0,0.0,0.0,0.0,143.0,0.0,0.0,208.0,0.0,13.0,0.0,0.0,323.59,134.02,0.0,0.0,0.0,0.0,7.0,5.0,0.0,0.0,0.0,0.0,0.0,False,Active
565,15,460,18422.54,106,679,0.55,0.45,7139.0,2048.0,0.0,2490.0,0.0,3750.0,749.0,138.0,0.0,0.0,0.0,461.0,0.0,0.0,474.0,0.0,1174.0,0.0,0.0,14666.72,3219.68,0.0,0.0,0.0,62.1,142.0,14.0,0.0,1.0,19.0,0.0,175.0,False,Active
567,10,981,14989.11,141,627,0.65,0.35,349.0,1941.0,0.0,653.0,0.0,8.0,2442.0,1178.0,157.0,0.0,0.0,1486.0,0.0,0.0,5438.0,10.0,1328.0,0.0,0.0,14439.12,281.06,10.62,0.0,0.0,244.55,853.0,6.0,0.0,20.0,89.0,1.0,2.0,False,Active
568,1,2,138.9,2,21,0.0,1.0,0.0,0.0,0.0,0.0,0.0,0.0,0.0,0.0,0.0,0.0,0.0,0.0,0.0,0.0,139.0,0.0,0.0,0.0,0.0,138.9,0.0,0.0,0.0,0.0,0.0,0.0,2.0,0.0,0.0,0.0,0.0,0.0,False,Active
570,16,1430,93196.62,363,964,0.86,0.14,1821.0,573.0,0.0,1416.0,0.0,720.0,17272.0,3539.0,2990.0,0.0,0.0,47501.0,0.0,0.0,10060.0,224.0,7080.0,0.0,0.0,84292.53,6326.59,339.88,0.0,0.0,76.95,1301.0,34.0,0.0,10.0,1.0,0.0,2.0,False,Active
572,14,550,23194.23,118,897,0.2,0.8,4760.0,393.0,0.0,11847.0,0.0,36.0,1504.0,26.0,4.0,0.0,0.0,453.0,0.0,3254.0,761.0,0.0,156.0,0.0,0.0,18079.12,5047.39,0.0,0.0,0.0,67.72,274.0,0.0,25.0,47.0,10.0,0.0,2.0,False,Active
598,3,241,18132.16,101,329,0.85,0.15,4547.0,152.0,0.0,31.0,0.0,883.0,5415.0,404.0,5.0,0.0,161.0,370.0,0.0,0.0,4902.0,24.0,1239.0,0.0,0.0,15075.04,3057.12,0.0,0.0,0.0,0.0,211.0,7.0,0.0,0.0,0.0,0.0,0.0,False,Active
601,5,45,3693.25,32,216,0.1,0.9,0.0,129.0,0.0,4.0,0.0,0.0,323.0,0.0,887.0,0.0,0.0,0.0,0.0,0.0,2283.0,0.0,68.0,0.0,0.0,2739.34,953.91,0.0,0.0,0.0,0.0,33.0,8.0,1.0,0.0,0.0,0.0,0.0,False,Active
603,5,106,6604.8,70,155,0.69,0.31,380.0,110.0,0.0,140.0,0.0,229.0,1800.0,0.0,572.0,0.0,89.0,345.0,0.0,0.0,1927.0,0.0,1013.0,0.0,0.0,6165.06,220.1,0.0,0.0,0.0,219.64,94.0,4.0,0.0,0.0,0.0,3.0,4.0,False,Active
604,8,54,9284.88,37,490,0.26,0.74,11.0,0.0,0.0,691.0,0.0,0.0,68.0,0.0,6171.0,0.0,0.0,1522.0,0.0,0.0,588.0,0.0,235.0,0.0,0.0,18.46,3764.73,97.39,0.0,0.0,4529.67,1.0,0.0,0.0,3.0,0.0,1.0,5.0,False,Active
609,3,339,13939.38,238,156,0.59,0.41,0.0,58.0,0.0,1722.0,0.0,58.0,2174.0,28.0,5814.0,0.0,0.0,1619.0,0.0,0.0,545.0,214.0,1708.0,0.0,11417.98,2403.1,118.3,0.0,0.0,0.0,0.0,43.0,5.0,0.0,0.0,0.0,0.0,0.0,False,Active
611,1,262,9237.25,160,549,1.0,0.0,0.0,0.0,0.0,0.0,0.0,0.0,4.0,0.0,1644.0,0.0,47.0,7491.0,0.0,0.0,0.0,0.0,52.0,0.0,0.0,9237.25,0.0,0.0,0.0,0.0,0.0,262.0,0.0,0.0,0.0,0.0,0.0,0.0,False,Active
612,2,10,566.16,1,676,0.0,1.0,251.0,0.0,0.0,0.0,0.0,0.0,0.0,0.0,0.0,0.0,0.0,0.0,0.0,315.0,0.0,0.0,0.0,0.0,0.0,566.16,0.0,0.0,0.0,0.0,0.0,3.0,0.0,0.0,7.0,0.0,0.0,0.0,False,Active
613,14,460,12654.3,223,772,0.52,0.48,0.0,418.0,0.0,905.0,0.0,2363.0,1755.0,962.0,47.0,0.0,0.0,1684.0,0.0,0.0,3423.0,52.0,1047.0,0.0,0.0,7415.72,3284.26,0.0,0.0,0.0,277.04,180.0,125.0,8.0,7.0,6.0,0.0,4.0,False,Active
614,12,183,6758.77,127,383,0.99,0.01,0.0,39.0,0.0,312.0,0.0,3.0,964.0,140.0,847.0,0.0,90.0,635.0,0.0,0.0,1991.0,16.0,1722.0,0.0,0.0,3510.42,2347.25,0.0,0.0,0.0,0.0,82.0,14.0,4.0,0.0,0.0,53.0,0.0,False,Active
615,9,906,34718.72,356,962,0.86,0.14,0.0,450.0,0.0,1266.0,0.0,341.0,6531.0,1189.0,8194.0,0.0,47.0,8861.0,0.0,0.0,6036.0,101.0,1703.0,0.0,0.0,20469.58,9895.55,4324.29,0.0,0.0,29.3,666.0,7.0,79.0,72.0,13.0,51.0,3.0,False,Active
617,3,233,114537.8,50,533,0.05,0.95,108786.0,0.0,0.0,226.0,0.0,30.0,320.0,15.0,1354.0,0.0,0.0,3060.0,0.0,300.0,416.0,0.0,30.0,0.0,0.0,112548.15,1989.65,0.0,0.0,0.0,0.0,170.0,0.0,0.0,3.0,60.0,0.0,0.0,False,Active
618,9,570,27878.89,274,951,0.91,0.09,1192.0,527.0,0.0,596.0,0.0,459.0,6444.0,2172.0,358.0,0.0,0.0,3505.0,0.0,0.0,9801.0,60.0,2767.0,0.0,0.0,15706.42,11378.61,49.53,0.0,0.0,709.65,350.0,0.0,160.0,1.0,26.0,14.0,15.0,False,Active
625,15,185,2303.18,27,869,0.02,0.98,61.0,1262.0,0.0,635.0,0.0,17.0,31.0,0.0,0.0,0.0,0.0,50.0,0.0,0.0,228.0,20.0,0.0,0.0,0.0,1711.16,239.79,0.0,0.0,0.0,17.46,19.0,21.0,2.0,12.0,35.0,0.0,29.0,False,Active
631,5,100,2269.2,55,341,0.93,0.07,0.0,0.0,0.0,51.0,0.0,0.0,359.0,203.0,240.0,0.0,0.0,294.0,0.0,0.0,929.0,0.0,194.0,0.0,0.0,1631.86,637.34,0.0,0.0,0.0,0.0,94.0,1.0,0.0,0.0,0.0,3.0,0.0,False,Active
632,9,59,6964.29,31,483,0.23,0.77,5454.0,0.0,0.0,0.0,0.0,0.0,355.0,0.0,569.0,0.0,0.0,126.0,0.0,0.0,293.0,0.0,167.0,0.0,0.0,6208.81,755.48,0.0,0.0,0.0,0.0,24.0,1.0,1.0,14.0,0.0,3.0,0.0,False,Active
635,5,77,947.75,59,128,1.0,0.0,0.0,0.0,0.0,3.0,0.0,0.0,135.0,0.0,17.0,0.0,0.0,263.0,0.0,0.0,520.0,4.0,6.0,0.0,0.0,119.3,105.37,378.88,0.0,0.0,344.2,6.0,0.0,0.0,45.0,0.0,13.0,12.0,False,Active
637,4,16,3682.54,15,643,0.98,0.02,0.0,0.0,0.0,0.0,0.0,0.0,0.0,700.0,0.0,0.0,0.0,596.0,0.0,0.0,2386.0,0.0,0.0,0.0,0.0,2672.48,116.59,0.0,0.0,893.47,0.0,10.0,1.0,0.0,0.0,0.0,1.0,0.0,False,Active
638,5,106,1462.78,38,497,0.87,0.13,0.0,29.0,0.0,0.0,0.0,0.0,846.0,0.0,98.0,0.0,0.0,49.0,0.0,0.0,202.0,0.0,239.0,0.0,0.0,956.27,506.51,0.0,0.0,0.0,0.0,81.0,0.0,1.0,1.0,0.0,22.0,0.0,False,Active
647,3,166,2583.34,24,779,0.96,0.04,0.0,42.0,0.0,0.0,0.0,0.0,1590.0,24.0,91.0,0.0,79.0,671.0,0.0,0.0,20.0,0.0,66.0,0.0,0.0,2469.89,113.45,0.0,0.0,0.0,0.0,162.0,3.0,0.0,0.0,0.0,0.0,0.0,False,Active
648,2,29,542.64,6,151,0.14,0.86,81.0,0.0,0.0,0.0,0.0,0.0,0.0,0.0,0.0,0.0,0.0,76.0,0.0,0.0,386.0,0.0,0.0,0.0,0.0,156.49,0.0,0.0,0.0,0.0,386.15,8.0,0.0,0.0,21.0,0.0,0.0,0.0,False,Active
652,1,14,6998.0,13,736,1.0,0.0,0.0,0.0,0.0,0.0,0.0,0.0,0.0,0.0,1230.0,0.0,0.0,5768.0,0.0,0.0,0.0,0.0,0.0,0.0,0.0,6998.0,0.0,0.0,0.0,0.0,0.0,14.0,0.0,0.0,0.0,0.0,0.0,0.0,False,Active
660,5,81,547.12,8,83,0.05,0.95,20.0,2.0,0.0,0.0,0.0,0.0,0.0,0.0,0.0,0.0,0.0,0.0,0.0,0.0,516.0,0.0,9.0,0.0,0.0,545.21,1.91,0.0,0.0,0.0,0.0,2.0,0.0,0.0,0.0,20.0,0.0,0.0,False,Active
686,1,1,6.72,1,1,1.0,0.0,0.0,0.0,0.0,7.0,0.0,0.0,0.0,0.0,0.0,0.0,0.0,0.0,0.0,0.0,0.0,0.0,0.0,0.0,0.0,0.0,6.72,0.0,0.0,0.0,0.0,0.0,1.0,0.0,0.0,0.0,0.0,0.0,False,Active
722,17,1131,32794.56,302,575,0.59,0.41,3406.0,897.0,0.0,869.0,0.0,638.0,3426.0,2086.0,3128.0,0.0,1244.0,4995.0,0.0,0.0,5530.0,115.0,6461.0,0.0,0.0,20004.91,11471.42,0.0,946.22,0.0,0.0,549.0,10.0,3.0,7.0,10.0,484.0,8.0,False,Active
723,17,759,19759.48,204,912,0.64,0.36,1565.0,2827.0,0.0,1589.0,0.0,469.0,3747.0,54.0,29.0,0.0,21.0,1163.0,0.0,105.0,4247.0,4.0,3940.0,0.0,0.0,14602.14,4744.3,0.0,0.0,0.0,413.04,448.0,56.0,37.0,17.0,15.0,0.0,123.0,False,Active
725,10,540,9636.93,166,959,0.76,0.24,60.0,533.0,0.0,119.0,0.0,136.0,1130.0,16.0,518.0,0.0,0.0,5132.0,0.0,0.0,1055.0,43.0,895.0,0.0,33.49,6991.64,216.32,140.29,0.0,0.0,102.12,392.0,30.0,13.0,14.0,0.0,0.0,27.0,False,Active
727,15,1207,23410.89,464,964,0.91,0.09,38.0,207.0,0.0,605.0,0.0,438.0,5372.0,816.0,2366.0,0.0,268.0,8747.0,0.0,0.0,1904.0,296.0,2354.0,0.0,0.0,19848.15,2869.11,289.31,0.0,0.0,180.25,1080.0,29.0,6.0,17.0,0.0,15.0,3.0,False,Active
728,19,1863,69809.43,635,920,0.69,0.31,0.0,1935.0,0.0,2220.0,0.0,2429.0,20126.0,3466.0,5296.0,0.0,269.0,15078.0,0.0,0.0,17598.0,205.0,1188.0,0.0,0.0,59887.4,7770.55,0.0,0.0,0.0,847.54,1423.0,36.0,16.0,57.0,41.0,0.0,88.0,False,Active
730,9,484,10235.82,89,910,0.85,0.15,1310.0,930.0,0.0,333.0,0.0,0.0,5144.0,408.0,156.0,0.0,0.0,473.0,0.0,0.0,546.0,0.0,938.0,0.0,0.0,9195.61,1008.59,0.0,0.0,0.0,4.02,420.0,0.0,0.0,3.0,2.0,0.0,0.0,False,Active
731,13,2017,94803.01,608,963,0.83,0.17,0.0,1677.0,0.0,1201.0,0.0,1183.0,16816.0,6122.0,16497.0,0.0,4050.0,18784.0,0.0,0.0,14693.0,240.0,13541.0,0.0,0.0,73915.93,12996.71,1513.92,0.0,0.0,0.0,1707.0,2.0,30.0,39.0,0.0,0.0,0.0,False,Active
732,2,477,13782.04,88,768,0.87,0.13,2070.0,211.0,0.0,55.0,0.0,0.0,8509.0,209.0,0.0,0.0,81.0,777.0,0.0,0.0,893.0,0.0,977.0,0.0,0.0,13761.3,20.74,0.0,0.0,0.0,0.0,474.0,3.0,0.0,0.0,0.0,0.0,0.0,False,Active
733,6,792,20782.62,130,922,0.79,0.21,1953.0,662.0,0.0,507.0,0.0,50.0,3433.0,432.0,81.0,0.0,24.0,4852.0,0.0,0.0,5955.0,217.0,2617.0,0.0,0.0,19903.95,430.19,0.0,0.0,0.0,448.48,774.0,1.0,0.0,7.0,1.0,0.0,0.0,False,Active
734,22,569,34758.89,236,531,0.56,0.44,3496.0,103.0,0.0,131.0,0.0,871.0,3550.0,1909.0,9002.0,0.0,384.0,2680.0,0.0,0.0,8571.0,12.0,4052.0,0.0,0.0,18046.27,14437.26,101.67,0.0,0.0,970.61,99.0,381.0,0.0,8.0,1.0,5.0,1.0,False,Active
735,12,1626,54551.98,212,964,0.56,0.44,923.0,4147.0,0.0,0.0,0.0,635.0,17481.0,438.0,0.0,0.0,290.0,19191.0,0.0,1059.0,7223.0,199.0,2918.0,47.0,0.0,52567.82,602.51,0.0,0.0,0.0,1381.65,1491.0,12.0,1.0,0.0,42.0,0.0,15.0,False,Active
736,9,256,13014.99,200,383,0.72,0.28,591.0,0.0,0.0,169.0,0.0,343.0,888.0,516.0,3009.0,0.0,0.0,1853.0,0.0,0.0,4327.0,199.0,1120.0,0.0,0.0,4855.16,5656.25,1053.91,859.78,0.0,364.82,64.0,36.0,31.0,33.0,3.0,16.0,0.0,False,Active
737,7,413,6587.91,92,963,0.44,0.56,0.0,160.0,0.0,370.0,0.0,35.0,829.0,0.0,143.0,0.0,0.0,1590.0,0.0,0.0,848.0,0.0,2615.0,0.0,0.0,6342.37,227.93,0.0,0.0,0.0,17.61,376.0,24.0,5.0,1.0,0.0,0.0,1.0,False,Active
738,13,1341,54095.84,463,778,0.7,0.3,1400.0,734.0,0.0,1222.0,0.0,13.0,5667.0,831.0,4134.0,0.0,0.0,11260.0,0.0,0.0,23865.0,145.0,4825.0,0.0,0.0,44739.11,8721.04,0.0,0.0,0.0,580.79,1044.0,60.0,2.0,11.0,23.0,0.0,4.0,False,Active
739,9,421,7428.17,278,583,0.96,0.04,1444.0,20.0,0.0,298.0,0.0,102.0,1121.0,50.0,142.0,0.0,31.0,3188.0,0.0,0.0,787.0,53.0,193.0,0.0,2222.49,2093.99,884.94,0.0,0.0,0.0,0.0,108.0,9.0,24.0,0.0,0.0,0.0,0.0,False,Active
740,7,654,9956.16,202,959,0.66,0.34,0.0,48.0,0.0,1352.0,0.0,431.0,2651.0,12.0,411.0,0.0,0.0,2844.0,0.0,0.0,1405.0,0.0,802.0,0.0,0.0,8844.27,500.19,611.7,0.0,0.0,0.0,587.0,2.0,0.0,29.0,1.0,3.0,1.0,False,Active
741,4,385,27221.35,18,561,0.0,1.0,640.0,32.0,0.0,0.0,0.0,0.0,17.0,0.0,0.0,0.0,0.0,85.0,0.0,26446.0,1.0,0.0,0.0,0.0,0.0,579.9,26641.45,0.0,0.0,0.0,0.0,12.0,0.0,0.0,358.0,7.0,0.0,0.0,False,Active
742,2,183,3300.55,47,416,0.99,0.01,440.0,106.0,0.0,35.0,0.0,123.0,850.0,460.0,0.0,0.0,0.0,875.0,0.0,0.0,272.0,3.0,137.0,0.0,0.0,3300.55,0.0,0.0,0.0,0.0,0.0,182.0,0.0,1.0,0.0,0.0,0.0,0.0,False,Active
743,6,46,2699.97,32,469,0.3,0.7,100.0,342.0,0.0,0.0,0.0,266.0,118.0,85.0,7.0,0.0,0.0,49.0,0.0,0.0,1716.0,0.0,18.0,0.0,0.0,2337.85,96.04,0.0,0.0,0.0,0.0,32.0,2.0,0.0,2.0,0.0,0.0,0.0,False,Active
746,13,1110,17454.16,283,960,0.11,0.89,260.0,8362.0,0.0,970.0,0.0,1911.0,925.0,76.0,13.0,0.0,0.0,657.0,0.0,0.0,3322.0,0.0,959.0,0.0,0.0,15180.24,281.73,0.0,0.0,0.0,1964.49,527.0,6.0,2.0,139.0,232.0,0.0,61.0,False,Active
747,13,927,47590.09,328,960,0.47,0.53,946.0,3117.0,0.0,986.0,0.0,459.0,6544.0,1838.0,3391.0,0.0,169.0,7273.0,0.0,0.0,18514.0,349.0,4004.0,0.0,0.0,43455.08,3905.15,0.0,0.0,0.0,229.86,676.0,19.0,3.0,6.0,5.0,114.0,11.0,False,Active
750,10,1679,41628.87,468,961,0.85,0.15,50.0,27.0,0.0,390.0,0.0,116.0,8846.0,576.0,2789.0,0.0,98.0,9801.0,0.0,0.0,7311.0,836.0,10790.0,0.0,0.0,33558.58,7963.46,0.0,0.0,0.0,0.0,1453.0,40.0,0.0,0.0,13.0,0.0,0.0,False,Active
752,4,211,26355.57,64,567,0.8,0.2,7240.0,878.0,0.0,1506.0,0.0,1470.0,4614.0,550.0,0.0,0.0,1305.0,1272.0,0.0,0.0,5801.0,0.0,1719.0,0.0,0.0,26204.4,151.17,0.0,0.0,0.0,0.0,172.0,5.0,0.0,0.0,0.0,0.0,0.0,False,Active
753,10,138,1938.72,25,666,0.0,1.0,0.0,387.0,0.0,34.0,0.0,128.0,123.0,0.0,89.0,0.0,0.0,0.0,0.0,0.0,1150.0,0.0,29.0,0.0,0.0,1383.29,546.4,0.0,0.0,0.0,0.0,6.0,13.0,0.0,4.0,1.0,0.0,7.0,False,Active
754,10,101,13426.7,28,904,0.02,0.98,0.0,378.0,0.0,0.0,0.0,535.0,28.0,0.0,0.0,0.0,0.0,61.0,0.0,0.0,11870.0,0.0,556.0,0.0,0.0,8492.66,391.64,0.0,0.0,0.0,4542.4,25.0,2.0,0.0,5.0,8.0,0.0,2.0,False,Active
760,3,459,10186.73,130,390,1.0,0.0,0.0,1.0,0.0,702.0,0.0,110.0,5235.0,609.0,317.0,0.0,121.0,1048.0,0.0,0.0,1551.0,0.0,492.0,0.0,0.0,7172.46,3014.27,0.0,0.0,0.0,0.0,339.0,102.0,0.0,0.0,0.0,0.0,0.0,False,Active
762,8,1068,58112.51,301,959,0.87,0.13,0.0,641.0,0.0,273.0,0.0,1070.0,11609.0,2775.0,6142.0,0.0,439.0,16884.0,0.0,0.0,10855.0,344.0,7079.0,0.0,0.0,54039.58,3760.94,136.37,0.0,0.0,171.3,839.0,3.0,3.0,14.0,0.0,18.0,19.0,False,Active
764,8,264,36757.32,150,421,0.78,0.22,0.0,730.0,0.0,187.0,0.0,48.0,2346.0,561.0,13534.0,0.0,0.0,10895.0,0.0,0.0,5470.0,316.0,2673.0,0.0,0.0,20328.75,9578.15,0.0,0.0,0.0,118.43,167.0,12.0,2.0,0.0,37.0,23.0,0.0,False,Active
766,10,928,8966.72,271,508,0.93,0.07,0.0,108.0,0.0,329.0,0.0,234.0,2656.0,370.0,27.0,0.0,91.0,1823.0,0.0,0.0,2457.0,35.0,837.0,0.0,3257.66,807.04,4895.29,0.0,0.0,0.0,0.0,85.0,1.0,510.0,1.0,0.0,1.0,0.0,False,Active
768,7,257,3728.65,103,454,0.72,0.28,272.0,45.0,0.0,694.0,0.0,10.0,665.0,151.0,5.0,0.0,2.0,486.0,0.0,0.0,689.0,0.0,710.0,0.0,0.0,1481.6,2247.05,0.0,0.0,0.0,0.0,70.0,0.0,0.0,0.0,4.0,162.0,0.0,False,Active
769,10,77,9473.41,23,886,0.1,0.9,800.0,0.0,0.0,0.0,0.0,0.0,201.0,537.0,0.0,0.0,0.0,80.0,0.0,0.0,3714.0,50.0,4092.0,0.0,0.0,8724.75,142.49,0.0,0.0,0.0,606.17,50.0,1.0,1.0,3.0,0.0,0.0,7.0,False,Active
773,4,106,1020.84,51,909,0.97,0.03,0.0,55.0,0.0,0.0,0.0,3.0,262.0,45.0,477.0,0.0,0.0,35.0,0.0,0.0,138.0,0.0,6.0,0.0,0.0,315.84,0.0,0.0,0.0,0.0,0.0,84.0,0.0,0.0,0.0,0.0,0.0,0.0,False,Active
774,3,15,331.69,7,723,0.0,1.0,0.0,56.0,0.0,49.0,0.0,170.0,0.0,1.0,0.0,0.0,0.0,0.0,0.0,0.0,55.0,0.0,0.0,0.0,0.0,331.69,0.0,0.0,0.0,0.0,0.0,12.0,1.0,0.0,0.0,0.0,0.0,2.0,False,Active
776,20,356,21359.5,267,917,0.66,0.34,4370.0,423.0,0.0,126.0,0.0,1245.0,2696.0,925.0,1780.0,0.0,276.0,2531.0,0.0,0.0,5303.0,7.0,1678.0,0.0,756.66,5586.45,10526.73,0.0,456.96,0.0,1215.27,74.0,29.0,13.0,2.0,1.0,31.0,24.0,False,Active
777,5,172,5466.61,61,239,0.45,0.55,450.0,42.0,0.0,2544.0,0.0,0.0,957.0,31.0,0.0,0.0,0.0,87.0,0.0,0.0,1263.0,0.0,92.0,0.0,0.0,5466.16,0.0,0.0,0.0,0.0,0.45,148.0,0.0,0.0,1.0,0.0,0.0,20.0,False,Active
780,11,410,59533.27,37,570,0.05,0.95,107.0,107.0,0.0,54944.0,0.0,150.0,493.0,0.0,52.0,0.0,277.0,18.0,0.0,0.0,1506.0,0.0,1880.0,0.0,0.0,2448.89,55377.01,0.0,0.0,0.0,1557.04,36.0,5.0,0.0,1.0,0.0,0.0,0.0,False,Active
787,6,62,8572.92,36,534,0.46,0.54,200.0,208.0,0.0,201.0,0.0,0.0,81.0,0.0,5661.0,0.0,0.0,1693.0,0.0,0.0,293.0,11.0,224.0,0.0,0.0,7199.9,401.04,0.0,0.0,0.0,0.0,32.0,0.0,1.0,22.0,0.0,0.0,0.0,False,Active
793,13,1222,37391.37,344,961,0.81,0.19,402.0,1090.0,0.0,921.0,0.0,55.0,8063.0,1416.0,2263.0,0.0,617.0,10483.0,0.0,0.0,8377.0,8.0,3698.0,0.0,0.0,31330.8,5918.2,0.0,0.0,0.0,142.37,1045.0,16.0,54.0,6.0,35.0,19.0,14.0,False,Active
809,11,572,25992.92,243,289,0.72,0.28,2723.0,97.0,0.0,769.0,0.0,40.0,5676.0,583.0,1063.0,0.0,100.0,6767.0,0.0,5016.0,2736.0,67.0,356.0,0.0,0.0,21296.02,3640.32,40.66,0.0,0.0,1015.92,492.0,25.0,7.0,1.0,0.0,1.0,0.0,False,Active
810,6,50,3194.79,40,218,0.34,0.66,0.0,5.0,0.0,29.0,0.0,55.0,92.0,10.0,2069.0,0.0,0.0,493.0,0.0,0.0,152.0,0.0,290.0,0.0,0.0,569.06,1269.71,0.0,0.0,0.0,307.65,8.0,1.0,0.0,1.0,26.0,0.0,13.0,False,Active
811,2,29,1028.62,23,25,0.98,0.02,0.0,0.0,0.0,0.0,0.0,0.0,72.0,0.0,488.0,0.0,0.0,356.0,0.0,0.0,16.0,0.0,95.0,0.0,0.0,179.15,849.47,0.0,0.0,0.0,0.0,11.0,0.0,0.0,0.0,0.0,0.0,0.0,False,Active
812,2,14,474.15,14,961,1.0,0.0,0.0,0.0,0.0,0.0,0.0,0.0,20.0,0.0,0.0,0.0,0.0,273.0,0.0,0.0,107.0,0.0,75.0,0.0,0.0,361.8,112.35,0.0,0.0,0.0,0.0,11.0,3.0,0.0,0.0,0.0,0.0,0.0,False,Active
815,14,77,807.75,28,575,0.12,0.88,98.0,348.0,0.0,16.0,0.0,0.0,0.0,0.0,67.0,0.0,140.0,0.0,0.0,0.0,24.0,0.0,114.0,0.0,0.0,535.36,107.68,0.0,0.0,0.0,0.0,3.0,1.0,0.0,20.0,3.0,0.0,3.0,False,Active
824,5,15,714.85,13,737,0.0,1.0,97.0,385.0,0.0,0.0,0.0,40.0,91.0,14.0,0.0,0.0,0.0,0.0,0.0,0.0,87.0,0.0,0.0,0.0,0.0,259.55,420.18,0.0,0.0,0.0,35.12,8.0,0.0,0.0,1.0,0.0,0.0,1.0,False,Active
825,4,32,1346.13,31,79,1.0,0.0,0.0,0.0,0.0,17.0,0.0,0.0,315.0,0.0,193.0,0.0,47.0,176.0,0.0,0.0,236.0,0.0,362.0,0.0,0.0,717.66,628.47,0.0,0.0,0.0,0.0,5.0,1.0,0.0,0.0,0.0,7.0,0.0,False,Active
828,7,241,5583.94,98,386,0.45,0.55,0.0,476.0,0.0,958.0,0.0,112.0,1537.0,218.0,88.0,0.0,0.0,686.0,0.0,0.0,1280.0,180.0,50.0,0.0,0.0,5062.67,321.28,88.42,0.0,0.0,111.57,190.0,17.0,0.0,7.0,1.0,0.0,11.0,False,Active
829,6,1218,52840.31,237,962,0.92,0.08,0.0,141.0,0.0,293.0,0.0,200.0,27870.0,1821.0,1849.0,0.0,1107.0,1815.0,0.0,0.0,10367.0,253.0,7124.0,0.0,0.0,47087.44,5752.87,0.0,0.0,0.0,0.0,1081.0,99.0,0.0,0.0,0.0,0.0,0.0,False,Active
830,15,324,8185.89,136,958,0.85,0.15,1072.0,60.0,0.0,45.0,0.0,159.0,1322.0,0.0,2799.0,0.0,0.0,1378.0,0.0,0.0,344.0,0.0,1007.0,0.0,0.0,1801.82,1539.13,0.0,0.0,0.0,7.16,197.0,3.0,0.0,0.0,1.0,0.0,1.0,False,Active
831,23,298,37823.4,179,321,0.16,0.84,1622.0,257.0,0.0,2071.0,0.0,9771.0,404.0,262.0,8675.0,0.0,1597.0,3331.0,0.0,0.0,8014.0,414.0,1407.0,0.0,0.0,22033.59,6838.11,2715.27,0.0,0.0,2064.63,33.0,19.0,17.0,69.0,3.0,24.0,16.0,False,Active
832,3,627,29729.27,93,962,1.0,0.0,0.0,0.0,0.0,6.0,0.0,0.0,24953.0,2134.0,79.0,0.0,0.0,733.0,0.0,0.0,1676.0,0.0,148.0,0.0,0.0,29602.35,3.63,0.0,0.0,0.0,0.0,617.0,1.0,0.0,0.0,0.0,0.0,0.0,False,Active
833,15,744,42987.48,273,961,0.82,0.18,14754.0,2545.0,0.0,95.0,0.0,1706.0,9554.0,324.0,1208.0,0.0,0.0,4288.0,0.0,0.0,6410.0,137.0,1966.0,0.0,0.0,33542.65,5620.3,20.86,0.0,0.0,2880.32,565.0,18.0,0.0,0.0,14.0,60.0,7.0,False,Active
835,3,77,1979.44,42,412,0.79,0.21,150.0,15.0,0.0,189.0,0.0,0.0,887.0,20.0,34.0,0.0,0.0,57.0,0.0,0.0,427.0,0.0,201.0,0.0,0.0,1945.34,0.0,0.0,0.0,0.0,0.0,71.0,1.0,0.0,5.0,0.0,0.0,0.0,False,Active
837,8,653,23847.75,225,541,0.94,0.06,49.0,220.0,0.0,253.0,0.0,107.0,10793.0,2250.0,1581.0,0.0,0.0,6243.0,0.0,0.0,861.0,0.0,1490.0,0.0,0.0,20627.44,3220.31,0.0,0.0,0.0,0.0,577.0,5.0,1.0,0.0,0.0,1.0,0.0,False,Active
838,11,598,49658.56,270,817,0.93,0.07,24073.0,104.0,0.0,1564.0,0.0,417.0,4179.0,834.0,2629.0,0.0,578.0,8717.0,0.0,990.0,3815.0,63.0,1695.0,0.0,0.0,34775.78,9587.32,0.0,0.0,0.0,33.7,370.0,41.0,1.0,1.0,0.0,1.0,1.0,False,Active
841,9,2192,185824.38,452,632,0.59,0.41,80271.0,3144.0,0.0,4092.0,0.0,8437.0,44376.0,312.0,1399.0,0.0,864.0,7377.0,0.0,98.0,16030.0,4141.0,15284.0,0.0,0.0,163212.37,22554.16,0.0,0.0,0.0,47.96,1452.0,4.0,363.0,257.0,30.0,0.0,0.0,False,Active
842,13,822,25831.31,425,932,0.88,0.12,2592.0,472.0,0.0,632.0,0.0,627.0,6558.0,234.0,3040.0,0.0,924.0,2865.0,0.0,0.0,5794.0,66.0,2027.0,0.0,0.0,10977.77,14819.88,0.0,0.0,0.0,33.66,336.0,49.0,223.0,1.0,3.0,2.0,2.0,False,Active
843,3,271,26511.43,58,959,0.51,0.49,0.0,2019.0,0.0,689.0,0.0,0.0,17881.0,1716.0,350.0,0.0,0.0,1776.0,0.0,0.0,1932.0,0.0,149.0,0.0,0.0,26320.4,191.03,0.0,0.0,0.0,0.0,239.0,1.0,0.0,0.0,0.0,0.0,0.0,False,Active
844,8,326,8055.15,85,149,0.61,0.39,256.0,255.0,0.0,419.0,0.0,171.0,738.0,28.0,17.0,0.0,0.0,1500.0,0.0,0.0,4009.0,0.0,663.0,0.0,0.0,7439.15,26.23,30.37,0.0,0.0,559.4,251.0,0.0,1.0,3.0,0.0,2.0,4.0,False,Active
845,19,585,24740.38,331,910,0.74,0.26,5159.0,45.0,0.0,395.0,0.0,1677.0,4736.0,287.0,3532.0,0.0,0.0,2960.0,0.0,132.0,1053.0,34.0,4730.0,0.0,0.0,16663.33,756.87,0.0,1248.41,0.0,294.06,437.0,3.0,0.0,19.0,2.0,0.0,4.0,False,Active
848,8,951,44310.46,280,946,0.92,0.08,3122.0,1071.0,0.0,1403.0,0.0,0.0,3186.0,691.0,7476.0,0.0,59.0,23008.0,0.0,0.0,3123.0,0.0,1170.0,0.0,0.0,38033.78,5796.26,0.0,0.0,0.0,3.45,886.0,8.0,0.0,0.0,0.0,3.0,0.0,False,Active
849,10,1232,70388.02,322,958,0.36,0.64,33405.0,1920.0,0.0,344.0,0.0,21.0,5478.0,434.0,3569.0,0.0,0.0,8364.0,0.0,8016.0,7294.0,328.0,1160.0,55.0,0.0,63515.64,5605.07,0.0,0.0,0.0,1.81,955.0,41.0,0.0,91.0,58.0,26.0,1.0,False,Active
851,13,1762,38939.95,507,963,0.68,0.32,1087.0,5527.0,0.0,967.0,0.0,688.0,13078.0,1717.0,2132.0,0.0,0.0,5992.0,0.0,0.0,4102.0,88.0,3563.0,0.0,0.0,35736.93,1493.4,0.0,0.0,0.0,122.33,1527.0,23.0,7.0,12.0,1.0,78.0,2.0,False,Active
852,8,64,2031.04,54,449,0.89,0.11,219.0,36.0,0.0,127.0,0.0,1.0,197.0,10.0,43.0,0.0,0.0,503.0,0.0,0.0,813.0,0.0,82.0,0.0,0.0,186.4,661.41,0.0,0.0,0.0,544.4,5.0,9.0,3.0,0.0,0.0,14.0,20.0,False,Active
853,15,761,56986.27,297,959,0.74,0.26,3776.0,1037.0,0.0,1825.0,0.0,330.0,15364.0,2133.0,9288.0,0.0,267.0,7446.0,0.0,0.0,11257.0,304.0,3959.0,0.0,0.0,43006.26,13790.54,0.0,0.0,0.0,0.0,533.0,27.0,40.0,4.0,3.0,52.0,4.0,False,Active
856,2,119,4728.72,66,755,0.95,0.05,0.0,185.0,0.0,300.0,0.0,0.0,1058.0,0.0,887.0,0.0,0.0,1394.0,0.0,0.0,688.0,0.0,217.0,0.0,0.0,4728.72,0.0,0.0,0.0,0.0,0.0,115.0,0.0,0.0,0.0,4.0,0.0,0.0,False,Active
857,10,709,25660.72,264,962,0.88,0.12,0.0,979.0,0.0,389.0,0.0,540.0,8926.0,686.0,827.0,0.0,248.0,8823.0,0.0,0.0,3124.0,136.0,984.0,0.0,0.0,20544.91,4243.69,0.0,0.0,0.0,0.0,569.0,5.0,15.0,0.0,5.0,1.0,0.0,False,Active
859,18,1013,102590.97,696,730,0.63,0.37,23249.0,598.0,0.0,6635.0,0.0,606.0,3439.0,225.0,35400.0,0.0,6383.0,12441.0,0.0,0.0,5767.0,92.0,7756.0,0.0,12081.83,12582.58,55956.36,0.0,0.0,467.26,17123.68,32.0,11.0,16.0,2.0,31.0,120.0,149.0,False,Active
862,13,2028,216679.6,470,962,0.85,0.15,0.0,1805.0,0.0,2060.0,0.0,2867.0,86636.0,4867.0,8643.0,0.0,221.0,29186.0,0.0,0.0,75581.0,364.0,4449.0,0.0,0.0,198531.25,16531.44,427.92,0.0,0.0,1188.99,1759.0,18.0,9.0,7.0,42.0,5.0,13.0,False,Active
865,5,106,1569.25,35,584,0.47,0.53,0.0,27.0,0.0,40.0,0.0,0.0,59.0,0.0,0.0,0.0,58.0,76.0,0.0,0.0,243.0,0.0,1066.0,0.0,0.0,1478.24,91.01,0.0,0.0,0.0,0.0,95.0,2.0,3.0,0.0,4.0,0.0,2.0,False,Active
868,15,1349,45668.19,147,819,0.32,0.68,19474.0,2809.0,0.0,6192.0,0.0,1489.0,3220.0,0.0,0.0,0.0,0.0,533.0,0.0,7343.0,515.0,0.0,4094.0,0.0,0.0,34617.45,10251.4,0.0,0.0,0.0,681.71,915.0,7.0,2.0,206.0,42.0,0.0,41.0,False,Active
869,4,27,203.45,15,364,0.64,0.36,0.0,0.0,0.0,0.0,0.0,4.0,25.0,0.0,0.0,0.0,0.0,26.0,0.0,0.0,45.0,0.0,105.0,0.0,0.0,163.49,7.82,0.0,0.0,0.0,32.14,19.0,0.0,0.0,5.0,0.0,1.0,0.0,False,Active
873,5,90,2147.28,53,958,0.66,0.34,260.0,0.0,0.0,0.0,0.0,1.0,66.0,0.0,50.0,0.0,0.0,1026.0,0.0,0.0,521.0,0.0,223.0,0.0,0.0,1654.63,376.02,96.24,0.0,0.0,20.39,70.0,8.0,0.0,1.0,0.0,10.0,1.0,False,Active
876,14,772,32367.07,596,682,0.89,0.11,899.0,118.0,0.0,452.0,0.0,217.0,7321.0,492.0,8199.0,0.0,221.0,4270.0,0.0,0.0,5350.0,284.0,4543.0,0.0,0.0,5790.35,25358.99,0.0,0.0,0.0,0.0,39.0,11.0,34.0,2.0,0.0,203.0,0.0,False,Active
878,2,172,1011.56,51,632,1.0,0.0,0.0,0.0,0.0,91.0,0.0,5.0,306.0,0.0,15.0,0.0,0.0,259.0,0.0,0.0,313.0,3.0,20.0,0.0,0.0,1005.5,6.06,0.0,0.0,0.0,0.0,171.0,1.0,0.0,0.0,0.0,0.0,0.0,False,Active
879,12,1053,19785.73,53,924,0.05,0.95,5036.0,656.0,0.0,6999.0,0.0,388.0,1791.0,92.0,164.0,0.0,0.0,1587.0,0.0,2472.0,405.0,0.0,197.0,0.0,0.0,16004.67,2904.47,0.0,0.0,0.0,876.59,279.0,6.0,0.0,170.0,3.0,0.0,13.0,False,Active
883,9,145,3186.89,121,626,0.94,0.06,484.0,12.0,0.0,277.0,0.0,0.0,397.0,56.0,261.0,0.0,6.0,1171.0,0.0,0.0,243.0,27.0,254.0,0.0,0.0,482.01,1311.79,370.14,0.0,688.45,0.0,24.0,11.0,0.0,15.0,2.0,12.0,0.0,False,Active
889,7,116,5664.91,72,642,0.83,0.17,0.0,8.0,0.0,289.0,0.0,0.0,748.0,0.0,1002.0,0.0,0.0,1620.0,0.0,0.0,1516.0,105.0,377.0,0.0,0.0,2519.1,3145.81,0.0,0.0,0.0,0.0,29.0,5.0,46.0,1.0,8.0,13.0,0.0,False,Active
893,9,36,3976.66,22,757,0.03,0.97,0.0,5.0,0.0,1534.0,0.0,422.0,252.0,13.0,449.0,0.0,0.0,0.0,0.0,0.0,1302.0,0.0,0.0,0.0,0.0,3504.41,175.93,0.0,0.0,0.0,296.32,20.0,1.0,2.0,4.0,0.0,0.0,3.0,False,Active
907,11,459,10895.9,233,412,0.73,0.27,0.0,623.0,0.0,654.0,0.0,70.0,3110.0,478.0,703.0,0.0,3.0,1058.0,0.0,0.0,2419.0,6.0,1773.0,0.0,0.0,9868.11,1018.46,0.0,0.0,0.0,9.33,386.0,8.0,35.0,1.0,3.0,1.0,3.0,False,Active
908,15,1150,64857.37,282,963,0.42,0.58,0.0,7803.0,0.0,1016.0,0.0,0.0,15128.0,1636.0,3340.0,0.0,64.0,6107.0,0.0,0.0,22690.0,910.0,6164.0,0.0,0.0,60097.5,4209.58,184.81,0.0,0.0,0.0,910.0,46.0,0.0,7.0,94.0,0.0,1.0,False,Active
911,12,2195,45968.54,290,964,0.78,0.22,0.0,2668.0,0.0,1272.0,0.0,98.0,26267.0,485.0,817.0,0.0,67.0,2180.0,0.0,0.0,8659.0,591.0,2866.0,0.0,0.0,45552.59,371.87,0.0,0.0,0.0,44.08,2002.0,38.0,11.0,8.0,44.0,0.0,4.0,False,Active
912,9,142,7938.32,64,962,0.14,0.86,0.0,601.0,0.0,198.0,0.0,0.0,207.0,85.0,3064.0,0.0,0.0,351.0,0.0,0.0,2623.0,0.0,809.0,0.0,0.0,5586.03,2352.29,0.0,0.0,0.0,0.0,67.0,16.0,1.0,0.0,0.0,9.0,2.0,False,Active
913,4,46,4370.01,26,288,0.61,0.39,1385.0,87.0,0.0,1.0,0.0,544.0,316.0,281.0,0.0,0.0,65.0,254.0,0.0,0.0,1438.0,0.0,0.0,0.0,0.0,3145.75,1224.26,0.0,0.0,0.0,0.0,30.0,11.0,0.0,0.0,0.0,0.0,0.0,False,Active
914,9,469,20266.69,217,465,0.68,0.32,0.0,341.0,0.0,756.0,0.0,253.0,5138.0,366.0,7079.0,0.0,1.0,3173.0,0.0,0.0,1489.0,7.0,1664.0,0.0,0.0,12106.24,3243.82,0.0,0.0,0.0,4682.29,332.0,14.0,26.0,1.0,0.0,10.0,72.0,False,Active
915,5,40,6382.98,28,50,0.67,0.33,3200.0,0.0,0.0,0.0,0.0,0.0,100.0,161.0,2492.0,0.0,253.0,78.0,0.0,0.0,48.0,51.0,0.0,0.0,0.0,639.45,27.05,0.0,0.0,5716.48,0.0,9.0,1.0,0.0,0.0,0.0,0.0,0.0,False,Active
916,3,34,17748.42,20,126,0.8,0.2,13424.0,0.0,0.0,0.0,0.0,0.0,141.0,17.0,3466.0,0.0,0.0,73.0,0.0,0.0,520.0,0.0,107.0,0.0,0.0,5781.15,11954.87,0.0,0.0,0.0,0.0,26.0,7.0,0.0,0.0,0.0,0.0,0.0,False,Active
917,7,404,15442.51,184,879,0.92,0.08,0.0,118.0,89.0,622.0,0.0,0.0,1503.0,714.0,3781.0,0.0,447.0,5375.0,0.0,0.0,1756.0,13.0,1025.0,0.0,0.0,11779.17,3282.17,381.17,0.0,0.0,0.0,335.0,7.0,24.0,12.0,0.0,22.0,0.0,False,Active
924,1,204,7152.65,140,550,1.0,0.0,0.0,0.0,0.0,27.0,0.0,62.0,0.0,0.0,1152.0,0.0,0.0,5816.0,0.0,0.0,19.0,0.0,77.0,0.0,0.0,7152.65,0.0,0.0,0.0,0.0,0.0,204.0,0.0,0.0,0.0,0.0,0.0,0.0,False,Active
925,11,158,7031.01,94,956,0.55,0.45,0.0,83.0,0.0,140.0,0.0,18.0,1271.0,909.0,117.0,0.0,0.0,606.0,0.0,0.0,3736.0,92.0,59.0,0.0,0.0,5101.12,1845.41,0.0,0.0,0.0,84.48,59.0,32.0,9.0,0.0,17.0,0.0,1.0,False,Active
926,8,85,6022.23,74,148,0.79,0.21,0.0,16.0,0.0,102.0,0.0,22.0,942.0,117.0,1129.0,0.0,0.0,2711.0,0.0,0.0,479.0,97.0,408.0,0.0,0.0,330.15,5684.05,0.0,0.0,0.0,8.03,9.0,38.0,12.0,0.0,0.0,9.0,1.0,False,Active
928,2,84,9636.34,47,100,1.0,0.0,3230.0,0.0,0.0,0.0,0.0,152.0,784.0,2221.0,80.0,0.0,0.0,1060.0,0.0,0.0,1892.0,0.0,218.0,0.0,0.0,9636.34,0.0,0.0,0.0,0.0,0.0,81.0,0.0,0.0,0.0,0.0,0.0,0.0,False,Active
930,10,345,17291.1,51,263,0.58,0.42,9813.0,3450.0,0.0,950.0,0.0,21.0,513.0,0.0,0.0,0.0,31.0,0.0,0.0,0.0,2360.0,0.0,152.0,0.0,0.0,17076.14,35.11,0.0,0.0,0.0,148.45,132.0,15.0,1.0,4.0,136.0,0.0,47.0,False,Active
934,5,231,3251.3,33,826,0.15,0.85,410.0,156.0,0.0,2460.0,0.0,0.0,98.0,0.0,0.0,0.0,0.0,0.0,0.0,0.0,128.0,0.0,0.0,0.0,0.0,2049.17,1202.13,0.0,0.0,0.0,0.0,139.0,0.0,0.0,67.0,0.0,0.0,10.0,False,Active
937,8,213,34587.25,42,460,0.45,0.55,24579.0,72.0,0.0,6622.0,0.0,0.0,136.0,0.0,33.0,0.0,1000.0,158.0,0.0,0.0,1761.0,0.0,201.0,25.0,0.0,30853.12,3734.13,0.0,0.0,0.0,0.0,130.0,0.0,0.0,2.0,5.0,1.0,0.0,False,Active
938,8,1082,41999.43,281,964,0.8,0.2,0.0,2669.0,0.0,1144.0,0.0,65.0,14537.0,2072.0,1384.0,0.0,1182.0,10925.0,0.0,0.0,5235.0,113.0,2675.0,0.0,0.0,41651.08,199.01,0.0,0.0,0.0,149.34,880.0,6.0,0.0,1.0,113.0,0.0,0.0,False,Active
939,13,1475,30738.19,370,779,0.71,0.29,379.0,1228.0,0.0,824.0,0.0,435.0,10567.0,852.0,1825.0,0.0,21.0,5015.0,0.0,0.0,8203.0,135.0,1056.0,199.0,32.98,27995.04,1975.54,0.0,0.0,0.0,34.85,1289.0,29.0,0.0,5.0,79.0,4.0,7.0,False,Active
942,3,37,2204.52,25,374,1.0,0.0,0.0,0.0,0.0,41.0,0.0,417.0,83.0,29.0,42.0,0.0,61.0,294.0,0.0,0.0,810.0,0.0,427.0,0.0,0.0,143.6,2060.92,0.0,0.0,0.0,0.0,3.0,25.0,0.0,0.0,0.0,9.0,0.0,False,Active
944,4,519,3840.92,150,374,0.8,0.2,0.0,0.0,0.0,401.0,0.0,23.0,938.0,138.0,41.0,0.0,5.0,1063.0,0.0,0.0,719.0,15.0,499.0,0.0,0.0,322.24,60.58,3260.87,0.0,0.0,0.0,21.0,0.0,4.0,481.0,0.0,0.0,0.0,False,Active
949,7,307,25542.74,103,897,0.36,0.64,8157.0,126.0,0.0,107.0,0.0,104.0,1669.0,265.0,1189.0,0.0,170.0,561.0,0.0,8955.0,2810.0,12.0,1417.0,0.0,0.0,23873.74,1669.0,0.0,0.0,0.0,0.0,279.0,6.0,2.0,15.0,0.0,0.0,1.0,False,Active
950,9,68,2134.85,37,521,0.58,0.42,0.0,178.0,0.0,335.0,0.0,81.0,376.0,20.0,0.0,0.0,0.0,38.0,0.0,0.0,888.0,82.0,136.0,0.0,0.0,1092.54,984.66,0.0,0.0,0.0,0.0,42.0,11.0,0.0,3.0,2.0,0.0,0.0,False,Active
960,2,4,1298.45,4,215,0.77,0.23,1000.0,9.0,0.0,0.0,0.0,0.0,179.0,0.0,0.0,0.0,0.0,0.0,0.0,0.0,110.0,0.0,0.0,0.0,0.0,1179.1,0.0,0.0,0.0,0.0,119.35,2.0,0.0,0.0,0.0,0.0,0.0,2.0,False,Active
961,13,229,7393.14,64,628,0.41,0.59,1202.0,481.0,0.0,247.0,0.0,109.0,554.0,26.0,9.0,0.0,0.0,1184.0,0.0,0.0,3323.0,0.0,258.0,0.0,0.0,6015.5,111.18,0.0,0.0,0.0,1266.46,106.0,6.0,1.0,41.0,62.0,0.0,0.0,False,Active
962,1,34,192.5,10,204,1.0,0.0,20.0,0.0,0.0,0.0,0.0,0.0,106.0,0.0,0.0,0.0,0.0,0.0,0.0,0.0,51.0,0.0,16.0,0.0,0.0,192.5,0.0,0.0,0.0,0.0,0.0,34.0,0.0,0.0,0.0,0.0,0.0,0.0,False,Active
964,6,45,423.8,22,459,0.52,0.48,0.0,6.0,0.0,0.0,0.0,0.0,54.0,0.0,0.0,0.0,0.0,182.0,0.0,0.0,110.0,0.0,73.0,0.0,0.0,368.65,41.91,0.0,0.0,0.0,0.0,19.0,0.0,0.0,0.0,0.0,0.0,1.0,False,Active
966,12,313,19482.99,213,737,0.62,0.38,671.0,751.0,0.0,1201.0,0.0,31.0,4745.0,212.0,6165.0,0.0,0.0,3513.0,0.0,0.0,1341.0,186.0,668.0,0.0,0.0,7418.02,5776.76,93.15,0.0,0.0,3771.61,81.0,40.0,0.0,13.0,2.0,4.0,15.0,False,Active
967,5,23,2648.41,10,370,0.0,1.0,0.0,987.0,0.0,0.0,0.0,382.0,0.0,0.0,809.0,0.0,0.0,0.0,0.0,0.0,0.0,0.0,471.0,0.0,0.0,110.0,1285.21,1090.27,0.0,0.0,162.93,2.0,0.0,0.0,4.0,0.0,0.0,13.0,False,Active
969,4,333,5935.86,99,828,0.89,0.11,80.0,0.0,0.0,179.0,0.0,0.0,2621.0,83.0,571.0,0.0,0.0,1710.0,0.0,0.0,216.0,0.0,476.0,0.0,0.0,5389.76,368.82,0.0,0.0,0.0,0.0,300.0,23.0,0.0,0.0,0.0,0.0,0.0,False,Active
970,15,933,39703.02,147,494,0.52,0.48,3044.0,2507.0,0.0,2930.0,0.0,9276.0,7232.0,1127.0,2341.0,0.0,0.0,4140.0,0.0,0.0,4346.0,58.0,2703.0,0.0,0.0,34811.29,2494.57,154.06,0.0,0.0,2007.92,790.0,24.0,0.0,16.0,24.0,0.0,26.0,False,Active
971,3,9,347.59,8,7,0.81,0.19,50.0,0.0,0.0,0.0,0.0,0.0,56.0,0.0,0.0,0.0,0.0,93.0,0.0,0.0,0.0,0.0,149.0,0.0,0.0,169.85,177.74,0.0,0.0,0.0,0.0,6.0,1.0,0.0,0.0,0.0,0.0,0.0,False,Active
972,6,131,25611.94,89,373,0.32,0.68,14315.0,0.0,0.0,0.0,0.0,90.0,526.0,84.0,5810.0,0.0,0.0,3408.0,0.0,0.0,737.0,150.0,492.0,0.0,0.0,6468.65,18552.29,591.0,0.0,0.0,0.0,59.0,19.0,0.0,12.0,0.0,11.0,0.0,False,Active
973,8,532,20726.69,316,355,0.98,0.02,0.0,0.0,0.0,1169.0,0.0,0.0,4808.0,344.0,2555.0,0.0,279.0,8089.0,0.0,0.0,2958.0,34.0,491.0,0.0,0.0,15334.35,4061.17,1070.09,0.0,0.0,0.0,372.0,32.0,2.0,50.0,0.0,11.0,0.0,False,Active
974,5,216,7215.53,118,503,0.76,0.24,673.0,344.0,0.0,734.0,0.0,0.0,811.0,271.0,313.0,0.0,0.0,619.0,0.0,0.0,3335.0,34.0,82.0,0.0,0.0,1161.99,37.98,0.0,0.0,0.0,6015.56,27.0,0.0,0.0,2.0,0.0,2.0,184.0,False,Active
975,5,25,1356.14,16,121,0.97,0.03,921.0,0.0,0.0,0.0,0.0,0.0,76.0,0.0,0.0,0.0,0.0,128.0,0.0,0.0,139.0,0.0,92.0,0.0,0.0,307.15,545.81,0.0,0.0,0.0,503.18,15.0,1.0,0.0,0.0,0.0,0.0,0.0,False,Active
979,16,517,99195.35,111,960,0.32,0.68,0.0,7415.0,0.0,1310.0,0.0,1244.0,23073.0,1446.0,5665.0,0.0,2505.0,9176.0,0.0,0.0,44037.0,3000.0,324.0,0.0,0.0,78996.87,20091.38,18.29,0.0,0.0,88.81,314.0,31.0,108.0,4.0,1.0,29.0,5.0,False,Active
980,1,47,1572.0,31,275,1.0,0.0,0.0,0.0,0.0,0.0,0.0,0.0,473.0,52.0,136.0,0.0,0.0,154.0,0.0,0.0,537.0,0.0,220.0,0.0,0.0,1572.0,0.0,0.0,0.0,0.0,0.0,47.0,0.0,0.0,0.0,0.0,0.0,0.0,False,Active
989,2,9,1509.78,9,96,0.99,0.01,1000.0,12.0,0.0,0.0,0.0,0.0,48.0,0.0,0.0,0.0,0.0,0.0,0.0,0.0,450.0,0.0,1.0,0.0,0.0,1072.15,437.63,0.0,0.0,0.0,0.0,5.0,0.0,0.0,0.0,0.0,0.0,0.0,False,Active
990,5,36,1930.07,23,142,0.62,0.38,397.0,0.0,0.0,200.0,0.0,0.0,504.0,143.0,0.0,0.0,0.0,57.0,0.0,0.0,629.0,0.0,0.0,0.0,0.0,1466.06,464.01,0.0,0.0,0.0,0.0,21.0,3.0,0.0,0.0,0.0,0.0,0.0,False,Active
991,3,16,472.6,15,189,0.62,0.38,0.0,0.0,0.0,87.0,0.0,0.0,83.0,30.0,0.0,0.0,0.0,226.0,0.0,0.0,6.0,0.0,41.0,0.0,0.0,379.05,93.55,0.0,0.0,0.0,0.0,13.0,2.0,0.0,0.0,0.0,0.0,0.0,False,Active
997,2,38,336.26,13,490,0.95,0.05,0.0,0.0,0.0,0.0,0.0,17.0,66.0,0.0,0.0,0.0,0.0,0.0,0.0,0.0,145.0,0.0,108.0,0.0,0.0,321.34,14.92,0.0,0.0,0.0,0.0,37.0,1.0,0.0,0.0,0.0,0.0,0.0,False,Active
999,1,60,560.3,12,681,1.0,0.0,0.0,0.0,0.0,0.0,0.0,0.0,107.0,0.0,271.0,0.0,0.0,128.0,0.0,0.0,36.0,0.0,18.0,0.0,0.0,560.3,0.0,0.0,0.0,0.0,0.0,60.0,0.0,0.0,0.0,0.0,0.0,0.0,False,Active
1000,3,123,2827.49,86,679,0.66,0.34,0.0,36.0,0.0,0.0,0.0,1.0,122.0,0.0,14.0,0.0,0.0,1595.0,0.0,0.0,875.0,0.0,185.0,0.0,0.0,2788.49,39.0,0.0,0.0,0.0,0.0,115.0,0.0,0.0,1.0,0.0,7.0,0.0,False,Active
1001,5,416,23852.06,141,918,1.0,0.0,0.0,0.0,0.0,0.0,0.0,0.0,9736.0,894.0,2546.0,0.0,89.0,2168.0,0.0,0.0,7711.0,49.0,658.0,0.0,0.0,19647.6,4012.06,0.0,0.0,0.0,0.0,374.0,9.0,0.0,0.0,0.0,20.0,0.0,False,Active
1008,5,25,2395.3,20,340,0.12,0.88,0.0,0.0,0.0,36.0,0.0,0.0,41.0,0.0,462.0,0.0,0.0,254.0,0.0,0.0,1603.0,0.0,0.0,0.0,0.0,1697.8,697.5,0.0,0.0,0.0,0.0,5.0,8.0,0.0,2.0,0.0,9.0,0.0,False,Active
1015,1,258,3897.0,102,738,1.0,0.0,0.0,0.0,0.0,0.0,0.0,56.0,869.0,39.0,422.0,0.0,23.0,1580.0,0.0,0.0,514.0,0.0,394.0,0.0,0.0,3897.0,0.0,0.0,0.0,0.0,0.0,258.0,0.0,0.0,0.0,0.0,0.0,0.0,False,Active
1017,3,6,1036.98,3,18,0.0,1.0,0.0,0.0,0.0,200.0,0.0,0.0,0.0,0.0,0.0,0.0,0.0,0.0,0.0,0.0,837.0,0.0,0.0,0.0,0.0,200.0,836.98,0.0,0.0,0.0,0.0,1.0,2.0,0.0,0.0,0.0,0.0,0.0,False,Active
1040,1,45,348.1,7,56,1.0,0.0,0.0,0.0,0.0,0.0,0.0,0.0,270.0,74.0,0.0,0.0,0.0,0.0,0.0,0.0,0.0,0.0,4.0,0.0,0.0,348.1,0.0,0.0,0.0,0.0,0.0,45.0,0.0,0.0,0.0,0.0,0.0,0.0,False,Active
1053,1,12,1957.77,1,232,0.0,1.0,0.0,0.0,0.0,1958.0,0.0,0.0,0.0,0.0,0.0,0.0,0.0,0.0,0.0,0.0,0.0,0.0,0.0,0.0,0.0,1957.77,0.0,0.0,0.0,0.0,0.0,0.0,0.0,0.0,12.0,0.0,0.0,0.0,False,Active
1072,1,31,480.48,1,297,0.0,1.0,0.0,480.0,0.0,0.0,0.0,0.0,0.0,0.0,0.0,0.0,0.0,0.0,0.0,0.0,0.0,0.0,0.0,0.0,0.0,480.48,0.0,0.0,0.0,0.0,0.0,0.0,0.0,0.0,0.0,31.0,0.0,0.0,False,Active
1076,10,420,15257.76,215,255,0.93,0.07,0.0,164.0,0.0,183.0,0.0,89.0,2930.0,209.0,365.0,0.0,262.0,5367.0,0.0,0.0,4113.0,630.0,946.0,0.0,0.0,8731.32,3113.05,0.0,0.0,0.0,37.0,231.0,25.0,26.0,0.0,11.0,0.0,0.0,False,Active
1077,4,655,16527.51,292,896,0.99,0.01,0.0,22.0,0.0,426.0,0.0,51.0,3799.0,227.0,1693.0,0.0,0.0,7972.0,0.0,0.0,1129.0,13.0,1148.0,50.0,0.0,15795.26,732.25,0.0,0.0,0.0,0.0,615.0,2.0,26.0,0.0,0.0,12.0,0.0,False,Active
1080,9,53,3142.19,20,921,0.05,0.95,0.0,228.0,0.0,243.0,0.0,0.0,114.0,0.0,656.0,0.0,0.0,53.0,0.0,0.0,1833.0,0.0,16.0,0.0,0.0,2751.95,377.27,0.0,0.0,0.0,12.97,7.0,6.0,2.0,1.0,26.0,0.0,0.0,False,Active
1082,5,354,9914.11,56,933,0.65,0.35,940.0,368.0,0.0,116.0,0.0,75.0,845.0,227.0,475.0,0.0,0.0,4351.0,0.0,0.0,201.0,0.0,2317.0,0.0,0.0,9909.0,0.0,0.0,0.0,0.0,5.11,347.0,1.0,0.0,0.0,2.0,0.0,1.0,False,Active
1083,21,2847,93982.74,543,962,0.38,0.62,16352.0,5814.0,0.0,4923.0,0.0,1932.0,13668.0,2106.0,7216.0,0.0,499.0,10297.0,0.0,6567.0,15134.0,609.0,8865.0,0.0,0.0,81322.1,9660.05,27.36,4.16,0.0,2791.0,2220.0,65.0,24.0,156.0,137.0,15.0,133.0,False,Active
1084,9,1188,43742.96,288,835,0.81,0.19,1479.0,687.0,0.0,1023.0,0.0,1971.0,17528.0,2431.0,5393.0,0.0,72.0,2257.0,0.0,0.0,8567.0,57.0,2280.0,0.0,0.0,28349.0,15033.45,360.51,0.0,0.0,0.0,1010.0,127.0,10.0,1.0,0.0,16.0,0.0,False,Active
1085,10,1008,84567.69,368,959,0.58,0.42,239.0,6399.0,0.0,3904.0,0.0,1411.0,13074.0,56.0,25775.0,0.0,2907.0,9453.0,0.0,0.0,13628.0,99.0,7623.0,0.0,0.0,69203.91,12561.57,0.0,0.0,0.0,22.37,698.0,33.0,0.0,4.0,65.0,0.0,1.0,False,Active
1086,14,157,10922.51,89,961,0.29,0.71,0.0,140.0,0.0,132.0,0.0,0.0,608.0,575.0,388.0,0.0,0.0,1800.0,0.0,0.0,7136.0,0.0,143.0,0.0,0.0,7377.36,3422.55,0.0,0.0,0.0,0.0,20.0,67.0,0.0,2.0,1.0,0.0,0.0,False,Active
1088,11,1978,90620.87,748,963,0.99,0.01,7.0,151.0,0.0,1038.0,0.0,392.0,25304.0,7063.0,4071.0,0.0,890.0,17477.0,0.0,0.0,28878.0,158.0,5192.0,0.0,0.0,82978.72,7453.28,0.0,0.0,0.0,0.0,1738.0,27.0,48.0,2.0,0.0,99.0,0.0,False,Active
1089,5,52,4266.95,39,301,0.99,0.01,51.0,0.0,0.0,0.0,0.0,0.0,809.0,0.0,258.0,0.0,0.0,867.0,0.0,0.0,2200.0,0.0,82.0,0.0,0.0,4013.4,245.68,0.0,0.0,0.0,0.0,42.0,2.0,0.0,1.0,0.0,0.0,0.0,False,Active
1090,9,276,8441.97,137,962,0.52,0.48,0.0,0.0,0.0,424.0,0.0,468.0,895.0,737.0,1332.0,0.0,0.0,946.0,0.0,0.0,3457.0,0.0,182.0,0.0,0.0,2120.51,3503.12,0.0,0.0,0.0,31.96,37.0,22.0,25.0,9.0,0.0,0.0,1.0,False,Active
1091,7,175,6225.36,100,904,0.7,0.3,0.0,149.0,0.0,56.0,0.0,0.0,1237.0,432.0,93.0,0.0,88.0,872.0,0.0,0.0,3165.0,55.0,77.0,0.0,0.0,5323.58,844.45,0.0,0.0,0.0,57.33,144.0,8.0,12.0,0.0,0.0,6.0,3.0,False,Active
1092,14,598,24899.38,297,962,0.66,0.34,1093.0,585.0,0.0,528.0,0.0,146.0,2977.0,1463.0,3501.0,0.0,191.0,3002.0,0.0,0.0,4815.0,73.0,6528.0,0.0,0.0,11028.65,13095.73,0.0,0.0,0.0,0.0,330.0,151.0,12.0,3.0,6.0,1.0,3.0,False,Active
1093,6,141,5413.87,67,203,0.92,0.08,2378.0,67.0,0.0,0.0,0.0,0.0,1159.0,70.0,108.0,0.0,0.0,356.0,0.0,0.0,364.0,0.0,912.0,0.0,0.0,3279.97,2059.48,0.0,0.0,0.0,0.0,102.0,30.0,0.0,0.0,0.0,0.0,0.0,False,Active
1095,8,1956,36508.88,420,808,0.91,0.09,0.0,964.0,0.0,1212.0,0.0,66.0,9217.0,211.0,4431.0,0.0,212.0,6903.0,0.0,0.0,2372.0,430.0,10491.0,0.0,0.0,34031.95,1817.86,431.41,0.0,0.0,101.54,1865.0,6.0,1.0,22.0,0.0,29.0,0.0,False,Active
1096,1,9,370.35,6,3,1.0,0.0,0.0,0.0,0.0,0.0,0.0,0.0,0.0,0.0,0.0,0.0,0.0,107.0,0.0,0.0,233.0,0.0,31.0,0.0,0.0,370.35,0.0,0.0,0.0,0.0,0.0,9.0,0.0,0.0,0.0,0.0,0.0,0.0,False,Active
1097,14,1611,80345.55,539,964,0.7,0.3,550.0,2376.0,0.0,2225.0,0.0,3657.0,19342.0,3380.0,16294.0,0.0,602.0,7634.0,0.0,123.0,20357.0,662.0,3008.0,137.0,0.0,36903.6,43347.85,0.0,0.0,0.0,94.1,627.0,91.0,16.0,1.0,117.0,112.0,1.0,False,Active
1099,7,224,3840.69,93,407,0.91,0.09,0.0,92.0,0.0,0.0,0.0,0.0,525.0,28.0,31.0,0.0,0.0,982.0,0.0,0.0,787.0,0.0,1397.0,0.0,0.0,3736.51,104.18,0.0,0.0,0.0,0.0,215.0,0.0,3.0,1.0,1.0,0.0,0.0,False,Active
1100,5,35,1539.34,32,419,1.0,0.0,0.0,0.0,0.0,21.0,0.0,3.0,274.0,12.0,166.0,0.0,0.0,330.0,0.0,0.0,704.0,0.0,29.0,0.0,0.0,475.75,1035.7,0.0,0.0,0.0,0.0,8.0,6.0,4.0,0.0,0.0,15.0,0.0,False,Active
1101,10,394,4481.72,100,903,0.33,0.67,92.0,1068.0,0.0,124.0,0.0,78.0,340.0,164.0,4.0,0.0,0.0,615.0,0.0,18.0,683.0,41.0,1256.0,0.0,0.0,1558.97,2379.18,0.0,0.0,0.0,543.57,33.0,191.0,0.0,9.0,55.0,0.0,59.0,False,Active
1103,10,2187,52451.11,537,963,0.9,0.1,0.0,593.0,0.0,2398.0,0.0,921.0,13379.0,226.0,10922.0,0.0,28.0,14439.0,0.0,0.0,3839.0,291.0,5414.0,0.0,0.0,30729.93,16540.36,4725.98,0.0,0.0,454.84,1749.0,67.0,101.0,125.0,0.0,31.0,24.0,False,Active
1105,8,965,29406.2,326,964,0.98,0.02,0.0,467.0,0.0,195.0,0.0,36.0,10610.0,592.0,838.0,0.0,44.0,10635.0,0.0,0.0,3362.0,16.0,2611.0,0.0,0.0,29334.9,21.46,0.0,0.0,0.0,44.44,940.0,1.0,0.0,1.0,10.0,0.0,1.0,False,Active
1106,9,470,23043.74,235,643,0.74,0.26,1530.0,44.0,0.0,482.0,0.0,24.0,3054.0,728.0,2141.0,0.0,641.0,1596.0,0.0,0.0,10469.0,3.0,2332.0,0.0,0.0,8658.46,14385.28,0.0,0.0,0.0,0.0,274.0,3.0,9.0,2.0,4.0,1.0,0.0,False,Active
1108,8,627,17562.16,172,734,0.98,0.02,972.0,0.0,0.0,65.0,0.0,24.0,6802.0,246.0,561.0,0.0,19.0,1890.0,0.0,0.0,3331.0,0.0,3654.0,0.0,0.0,14819.3,2713.48,0.0,0.0,0.0,0.0,584.0,10.0,0.0,0.0,0.0,0.0,0.0,False,Active
1109,15,1936,58158.86,437,962,0.6,0.4,649.0,821.0,0.0,2694.0,0.0,0.0,22893.0,1462.0,8973.0,0.0,0.0,6888.0,0.0,2714.0,4637.0,126.0,6293.0,10.0,0.0,44026.47,12586.11,0.0,0.0,0.0,538.51,1537.0,50.0,62.0,3.0,5.0,98.0,13.0,False,Active
1111,12,1218,217011.81,359,957,0.87,0.13,99488.0,1346.0,0.0,44709.0,0.0,32.0,2467.0,10118.0,18797.0,0.0,0.0,16365.0,0.0,0.0,18602.0,0.0,5089.0,0.0,0.0,196246.69,5519.52,352.2,0.0,0.0,13336.41,727.0,1.0,0.0,30.0,4.0,0.0,130.0,False,Active
1114,10,516,72094.64,234,936,0.8,0.2,2081.0,1774.0,0.0,934.0,0.0,489.0,3335.0,231.0,28239.0,0.0,825.0,14511.0,0.0,0.0,17330.0,0.0,2346.0,0.0,0.0,24046.47,41994.43,660.8,0.0,0.0,0.0,183.0,91.0,0.0,1.0,86.0,30.0,0.0,False,Active
1115,6,323,10052.09,149,865,0.62,0.38,0.0,20.0,0.0,252.0,0.0,10.0,869.0,62.0,1044.0,0.0,25.0,2513.0,0.0,0.0,467.0,93.0,4696.0,0.0,0.0,8794.43,1257.66,0.0,0.0,0.0,0.0,272.0,7.0,0.0,1.0,0.0,0.0,0.0,False,Active
1116,13,232,8093.73,69,795,0.83,0.17,0.0,79.0,0.0,173.0,0.0,0.0,1954.0,0.0,2689.0,0.0,0.0,946.0,0.0,0.0,1139.0,76.0,1038.0,0.0,0.0,4716.54,3289.14,0.0,0.0,3.26,34.29,140.0,2.0,1.0,0.0,7.0,52.0,0.0,False,Active
1118,15,931,37985.61,299,900,0.77,0.23,133.0,297.0,0.0,385.0,0.0,1236.0,12648.0,1500.0,9233.0,0.0,60.0,3950.0,0.0,0.0,7775.0,314.0,455.0,0.0,0.0,26672.34,9654.31,0.0,0.0,0.0,373.85,737.0,22.0,5.0,3.0,0.0,0.0,0.0,False,Active
1120,12,463,18118.08,180,963,0.61,0.39,1207.0,153.0,0.0,241.0,0.0,26.0,2579.0,188.0,907.0,0.0,728.0,2526.0,0.0,0.0,1420.0,267.0,7876.0,0.0,0.0,9721.82,8279.02,0.0,0.0,0.0,112.4,379.0,8.0,2.0,0.0,2.0,29.0,0.0,False,Active
1124,4,15,291.94,9,486,0.15,0.85,0.0,72.0,0.0,36.0,0.0,74.0,34.0,0.0,0.0,0.0,0.0,9.0,0.0,0.0,66.0,0.0,0.0,0.0,0.0,249.82,42.12,0.0,0.0,0.0,0.0,10.0,2.0,0.0,2.0,0.0,0.0,0.0,False,Active
1130,1,3,22.5,2,269,0.11,0.89,0.0,0.0,0.0,20.0,0.0,0.0,3.0,0.0,0.0,0.0,0.0,0.0,0.0,0.0,0.0,0.0,0.0,0.0,0.0,22.5,0.0,0.0,0.0,0.0,0.0,3.0,0.0,0.0,0.0,0.0,0.0,0.0,False,Active
1136,13,73,1391.15,40,531,0.47,0.53,0.0,65.0,0.0,141.0,0.0,0.0,60.0,8.0,161.0,0.0,0.0,109.0,0.0,251.0,572.0,0.0,23.0,0.0,0.0,148.9,701.53,0.0,0.0,0.0,48.64,10.0,14.0,0.0,9.0,3.0,4.0,5.0,False,Active
1143,7,183,6571.74,23,829,0.44,0.56,0.0,1627.0,0.0,324.0,0.0,106.0,543.0,206.0,45.0,0.0,0.0,1821.0,0.0,0.0,1842.0,0.0,57.0,0.0,0.0,6438.35,133.39,0.0,0.0,0.0,0.0,35.0,2.0,1.0,1.0,137.0,0.0,0.0,False,Active
1146,7,838,39661.34,170,964,0.96,0.04,341.0,89.0,0.0,153.0,0.0,577.0,28709.0,1494.0,629.0,0.0,40.0,1702.0,0.0,0.0,5462.0,71.0,395.0,0.0,0.0,38608.07,361.95,691.32,0.0,0.0,0.0,790.0,10.0,5.0,26.0,0.0,0.0,4.0,False,Active
1152,14,569,30812.38,331,960,0.79,0.21,0.0,461.0,0.0,904.0,0.0,149.0,4870.0,366.0,5510.0,0.0,100.0,7387.0,0.0,0.0,4723.0,443.0,5899.0,0.0,0.0,16891.89,7674.25,1314.76,0.0,19.92,236.28,303.0,14.0,45.0,33.0,25.0,5.0,5.0,False,Active
1157,7,44,1158.14,18,149,0.38,0.62,0.0,96.0,0.0,67.0,0.0,0.0,125.0,0.0,0.0,0.0,0.0,63.0,0.0,0.0,577.0,0.0,229.0,0.0,0.0,594.62,563.52,0.0,0.0,0.0,0.0,26.0,0.0,0.0,1.0,1.0,5.0,0.0,False,Active
1158,7,445,13256.66,147,380,0.65,0.35,52.0,120.0,0.0,0.0,0.0,28.0,3508.0,659.0,1040.0,0.0,14.0,1990.0,0.0,0.0,3502.0,116.0,2227.0,0.0,0.0,8273.19,1582.28,0.0,0.0,0.0,0.0,336.0,25.0,0.0,1.0,1.0,0.0,0.0,False,Active
1161,13,166,7167.9,129,401,0.87,0.13,96.0,0.0,0.0,148.0,0.0,0.0,406.0,200.0,2081.0,0.0,0.0,1440.0,0.0,0.0,2193.0,41.0,562.0,0.0,0.0,730.2,2749.82,0.0,0.0,0.0,1878.83,15.0,19.0,4.0,1.0,0.0,33.0,47.0,False,Active
1166,2,162,7332.1,76,929,0.97,0.03,0.0,36.0,0.0,100.0,0.0,0.0,995.0,568.0,1614.0,0.0,29.0,3190.0,0.0,0.0,565.0,135.0,100.0,0.0,0.0,7332.1,0.0,0.0,0.0,0.0,0.0,161.0,0.0,1.0,0.0,0.0,0.0,0.0,False,Active
1168,5,689,22343.68,187,640,0.83,0.17,0.0,125.0,0.0,42.0,0.0,0.0,3059.0,779.0,3152.0,0.0,99.0,5017.0,0.0,0.0,6981.0,201.0,2890.0,0.0,0.0,21234.94,1108.74,0.0,0.0,0.0,0.0,676.0,0.0,8.0,1.0,0.0,0.0,0.0,False,Active
1173,14,389,12999.92,289,317,0.95,0.05,426.0,0.0,0.0,137.0,0.0,93.0,1119.0,1056.0,363.0,0.0,21.0,2037.0,0.0,0.0,1324.0,648.0,5775.0,0.0,24.05,3675.81,5717.56,3418.1,0.0,0.0,0.0,51.0,3.0,15.0,119.0,0.0,12.0,0.0,False,Active
1174,11,260,17370.51,94,174,0.44,0.56,0.0,3208.0,0.0,404.0,0.0,562.0,2943.0,161.0,2893.0,0.0,132.0,1970.0,0.0,0.0,4147.0,94.0,857.0,0.0,0.0,13426.15,1097.99,1940.1,0.0,0.0,906.27,93.0,9.0,0.0,30.0,10.0,0.0,7.0,False,Active
1175,12,1146,51674.68,224,963,0.61,0.39,0.0,2889.0,0.0,33.0,0.0,2657.0,11194.0,3697.0,151.0,0.0,1742.0,1156.0,0.0,0.0,23702.0,53.0,4400.0,0.0,0.0,48708.55,2966.13,0.0,0.0,0.0,0.0,890.0,135.0,1.0,1.0,4.0,0.0,6.0,False,Active
1176,6,246,9163.34,60,321,0.97,0.03,0.0,1.0,0.0,39.0,0.0,0.0,5612.0,527.0,0.0,0.0,0.0,58.0,0.0,0.0,2783.0,24.0,119.0,0.0,0.0,9076.85,86.49,0.0,0.0,0.0,0.0,241.0,1.0,0.0,0.0,0.0,0.0,0.0,False,Active
1178,12,144,2953.94,110,413,0.83,0.17,0.0,0.0,0.0,161.0,0.0,16.0,318.0,172.0,660.0,0.0,0.0,1380.0,0.0,0.0,192.0,0.0,54.0,0.0,0.0,463.11,895.06,0.0,0.0,0.0,0.0,32.0,15.0,0.0,1.0,0.0,0.0,0.0,False,Active
1180,5,49,1511.37,37,166,0.87,0.13,0.0,58.0,0.0,0.0,0.0,50.0,302.0,0.0,93.0,0.0,0.0,361.0,0.0,0.0,286.0,0.0,360.0,0.0,0.0,103.2,490.51,0.0,917.66,0.0,0.0,3.0,4.0,17.0,0.0,0.0,0.0,0.0,False,Active
1181,8,860,28512.23,399,546,0.86,0.14,6380.0,705.0,0.0,333.0,0.0,625.0,4243.0,389.0,1199.0,0.0,211.0,2979.0,0.0,0.0,4579.0,186.0,6681.0,0.0,0.0,14487.95,13997.36,0.0,0.0,0.0,26.92,395.0,0.0,342.0,3.0,0.0,46.0,2.0,False,Active
1182,16,731,30880.51,228,925,0.57,0.43,897.0,296.0,0.0,1140.0,0.0,344.0,5653.0,530.0,8181.0,0.0,0.0,6045.0,0.0,0.0,3615.0,34.0,4146.0,0.0,0.0,26987.96,1103.69,0.0,0.0,0.0,1991.57,627.0,23.0,5.0,3.0,3.0,1.0,3.0,False,Active
1183,8,126,12964.99,94,434,0.93,0.07,295.0,0.0,0.0,575.0,0.0,0.0,650.0,33.0,6314.0,0.0,48.0,3233.0,0.0,0.0,259.0,137.0,1421.0,0.0,0.0,2662.44,7604.64,223.96,0.0,0.0,2473.95,21.0,8.0,0.0,2.0,0.0,75.0,0.0,False,Active
1184,3,43,758.64,13,510,0.31,0.69,546.0,0.0,0.0,0.0,0.0,0.0,127.0,0.0,26.0,0.0,0.0,60.0,0.0,0.0,0.0,0.0,0.0,0.0,0.0,677.05,81.59,0.0,0.0,0.0,0.0,9.0,0.0,0.0,0.0,2.0,0.0,0.0,False,Active
1186,10,117,5971.86,78,915,0.33,0.67,0.0,41.0,0.0,74.0,0.0,0.0,321.0,81.0,3227.0,0.0,8.0,445.0,0.0,0.0,1664.0,10.0,101.0,0.0,0.0,1213.85,253.25,0.0,0.0,0.0,910.94,6.0,0.0,0.0,0.0,0.0,1.0,7.0,False,Active
1187,13,184,15883.18,146,421,0.98,0.02,927.0,0.0,0.0,192.0,0.0,23.0,1018.0,623.0,2578.0,0.0,0.0,5394.0,0.0,0.0,2107.0,318.0,2703.0,0.0,0.0,6413.48,3647.02,0.0,2475.39,0.0,233.49,66.0,0.0,0.0,1.0,0.0,10.0,3.0,False,Active
1188,12,2313,232533.89,575,964,0.97,0.03,1300.0,362.0,0.0,4110.0,0.0,169.0,25933.0,8123.0,37780.0,0.0,88.0,71365.0,0.0,0.0,65616.0,1947.0,15742.0,0.0,0.0,160669.1,55661.07,7456.99,0.0,0.0,4385.78,1914.0,89.0,0.0,34.0,34.0,24.0,40.0,False,Active
1189,11,78,47742.39,57,958,0.93,0.07,0.0,97.0,0.0,0.0,0.0,0.0,397.0,76.0,35271.0,0.0,116.0,7256.0,0.0,0.0,3782.0,258.0,489.0,0.0,0.0,1184.57,46511.57,0.0,0.0,0.0,46.25,4.0,12.0,2.0,0.0,0.0,3.0,2.0,False,Active
1190,4,271,6528.46,93,532,0.98,0.02,129.0,12.0,0.0,55.0,0.0,0.0,3390.0,163.0,71.0,0.0,0.0,1115.0,0.0,0.0,561.0,75.0,957.0,0.0,0.0,6236.54,291.92,0.0,0.0,0.0,0.0,266.0,2.0,0.0,0.0,0.0,0.0,0.0,False,Active
1191,8,249,23124.94,104,210,0.75,0.25,8196.0,0.0,0.0,3733.0,0.0,0.0,637.0,95.0,3244.0,0.0,112.0,2200.0,0.0,0.0,3077.0,8.0,1823.0,0.0,0.0,2331.34,20793.6,0.0,0.0,0.0,0.0,59.0,105.0,24.0,0.0,0.0,3.0,0.0,False,Active
1193,16,484,55604.82,87,960,0.0,1.0,1107.0,8207.0,0.0,524.0,0.0,1367.0,21706.0,293.0,0.0,0.0,25.0,1933.0,0.0,0.0,19889.0,250.0,305.0,0.0,0.0,39960.75,13128.36,4.57,0.0,0.0,2456.75,293.0,11.0,1.0,10.0,22.0,0.0,6.0,False,Active
1195,10,519,44191.32,243,476,0.55,0.45,0.0,90.0,0.0,10690.0,0.0,0.0,1191.0,67.0,14637.0,0.0,112.0,7839.0,0.0,0.0,6877.0,161.0,2528.0,0.0,0.0,688.34,13094.47,0.0,0.0,0.0,18032.07,18.0,94.0,1.0,0.0,0.0,0.0,254.0,False,Active
1196,3,500,27454.38,113,961,0.82,0.18,0.0,422.0,0.0,61.0,0.0,0.0,5280.0,16.0,1382.0,0.0,0.0,16705.0,0.0,0.0,413.0,411.0,2765.0,0.0,0.0,26951.47,502.91,0.0,0.0,0.0,0.0,494.0,5.0,0.0,0.0,0.0,0.0,0.0,False,Active
1199,3,197,21421.75,25,915,0.09,0.91,502.0,0.0,0.0,18766.0,0.0,26.0,160.0,0.0,146.0,0.0,0.0,140.0,0.0,0.0,35.0,10.0,1637.0,0.0,0.0,21421.75,0.0,0.0,0.0,0.0,0.0,195.0,0.0,0.0,1.0,1.0,0.0,0.0,False,Active
1200,2,3,202.7,3,170,0.0,1.0,0.0,0.0,0.0,0.0,0.0,0.0,0.0,0.0,0.0,0.0,0.0,0.0,0.0,0.0,203.0,0.0,0.0,0.0,0.0,202.7,0.0,0.0,0.0,0.0,0.0,2.0,1.0,0.0,0.0,0.0,0.0,0.0,False,Active
1201,21,1700,24888.94,269,809,0.97,0.03,40.0,0.0,0.0,273.0,0.0,20.0,3981.0,347.0,2136.0,0.0,32.0,12977.0,0.0,0.0,1863.0,9.0,3212.0,0.0,0.0,20285.0,1935.08,1484.89,0.0,0.0,16.49,1502.0,25.0,12.0,63.0,1.0,2.0,0.0,False,Active
1203,16,212,14088.31,104,676,0.18,0.82,2011.0,560.0,0.0,859.0,0.0,5946.0,295.0,11.0,1853.0,0.0,216.0,455.0,0.0,1056.0,359.0,142.0,325.0,0.0,0.0,8597.02,4787.14,0.0,0.0,0.0,589.24,96.0,10.0,3.0,24.0,1.0,3.0,2.0,False,Active
1204,2,33,338.79,3,884,0.03,0.97,0.0,0.0,0.0,0.0,0.0,58.0,11.0,0.0,0.0,0.0,0.0,0.0,0.0,0.0,0.0,0.0,270.0,0.0,0.0,280.8,0.0,0.0,0.0,0.0,57.99,30.0,0.0,0.0,0.0,0.0,0.0,3.0,False,Active
1205,1,38,1920.91,31,792,0.98,0.02,0.0,0.0,0.0,7.0,0.0,0.0,897.0,145.0,0.0,0.0,113.0,198.0,0.0,0.0,226.0,0.0,333.0,0.0,0.0,1920.91,0.0,0.0,0.0,0.0,0.0,38.0,0.0,0.0,0.0,0.0,0.0,0.0,False,Active
1208,2,7,54.29,5,446,0.78,0.22,0.0,6.0,0.0,7.0,0.0,0.0,30.0,0.0,0.0,0.0,0.0,0.0,0.0,0.0,0.0,0.0,12.0,0.0,0.0,5.5,48.79,0.0,0.0,0.0,0.0,0.0,4.0,0.0,0.0,0.0,0.0,0.0,False,Active
1210,7,233,20967.92,33,376,0.88,0.12,17388.0,380.0,0.0,1728.0,0.0,0.0,373.0,85.0,7.0,0.0,2.0,400.0,0.0,0.0,337.0,0.0,268.0,0.0,0.0,20417.34,473.52,0.0,0.0,0.0,70.02,178.0,0.0,0.0,8.0,39.0,0.0,2.0,False,Active
1211,4,63,1194.77,39,220,1.0,0.0,0.0,0.0,0.0,0.0,0.0,0.0,478.0,18.0,143.0,0.0,0.0,57.0,0.0,0.0,290.0,142.0,66.0,0.0,0.0,870.92,231.62,0.0,0.0,0.0,0.0,38.0,3.0,0.0,0.0,0.0,0.0,0.0,False,Active
1212,11,320,24494.25,224,698,0.88,0.12,0.0,258.0,0.0,46.0,0.0,128.0,2015.0,439.0,3805.0,0.0,144.0,7456.0,0.0,0.0,5439.0,24.0,4739.0,0.0,0.0,4080.53,15230.98,0.0,0.0,0.0,3608.61,98.0,7.0,32.0,0.0,0.0,13.0,48.0,False,Active
1214,8,80,1978.73,33,229,0.12,0.88,0.0,317.0,0.0,89.0,0.0,99.0,1188.0,0.0,0.0,0.0,0.0,63.0,0.0,0.0,201.0,0.0,21.0,0.0,0.0,951.71,450.3,0.0,0.0,0.0,576.72,34.0,9.0,0.0,0.0,16.0,0.0,9.0,False,Active
1218,3,40,3772.19,27,603,0.59,0.41,41.0,1000.0,0.0,0.0,0.0,0.0,699.0,10.0,638.0,0.0,183.0,543.0,0.0,0.0,263.0,0.0,397.0,0.0,0.0,3411.33,360.86,0.0,0.0,0.0,0.0,34.0,0.0,5.0,0.0,0.0,0.0,0.0,False,Active
1220,8,416,25907.09,160,963,0.66,0.34,1500.0,501.0,0.0,2959.0,0.0,51.0,6124.0,268.0,1.0,0.0,2891.0,2165.0,0.0,1765.0,3205.0,259.0,4218.0,0.0,0.0,24648.2,1240.33,0.0,0.0,0.0,16.27,399.0,3.0,1.0,4.0,0.0,0.0,2.0,False,Active
1223,1,72,1208.55,20,575,1.0,0.0,100.0,0.0,0.0,0.0,0.0,0.0,408.0,0.0,0.0,0.0,215.0,455.0,0.0,0.0,5.0,0.0,26.0,0.0,0.0,1208.55,0.0,0.0,0.0,0.0,0.0,72.0,0.0,0.0,0.0,0.0,0.0,0.0,False,Active
1228,1,13,192.95,5,596,1.0,0.0,0.0,0.0,0.0,0.0,0.0,0.0,60.0,0.0,0.0,0.0,0.0,6.0,0.0,0.0,0.0,0.0,127.0,0.0,0.0,192.95,0.0,0.0,0.0,0.0,0.0,13.0,0.0,0.0,0.0,0.0,0.0,0.0,False,Active
1229,5,59,1693.81,24,710,0.08,0.92,0.0,51.0,0.0,108.0,0.0,0.0,5.0,0.0,324.0,0.0,0.0,73.0,0.0,0.0,783.0,0.0,350.0,0.0,0.0,1418.85,274.96,0.0,0.0,0.0,0.0,12.0,29.0,4.0,0.0,0.0,0.0,13.0,False,Active
1231,13,834,21129.13,257,961,0.78,0.22,0.0,85.0,0.0,727.0,0.0,36.0,4673.0,977.0,4623.0,0.0,0.0,7064.0,0.0,0.0,1948.0,0.0,996.0,0.0,0.0,15881.12,3259.01,0.0,0.0,0.0,0.0,731.0,36.0,1.0,0.0,0.0,7.0,0.0,False,Active
1234,2,4,72.83,3,912,0.0,1.0,0.0,12.0,0.0,0.0,0.0,15.0,0.0,0.0,0.0,0.0,0.0,0.0,0.0,0.0,46.0,0.0,0.0,0.0,0.0,72.83,0.0,0.0,0.0,0.0,0.0,2.0,0.0,0.0,2.0,0.0,0.0,0.0,False,Active
1244,2,53,1709.16,30,116,0.87,0.13,50.0,34.0,0.0,0.0,0.0,0.0,582.0,187.0,70.0,0.0,0.0,547.0,0.0,0.0,226.0,0.0,13.0,0.0,0.0,1186.26,522.9,0.0,0.0,0.0,0.0,35.0,0.0,0.0,0.0,0.0,18.0,0.0,False,Active
1245,1,30,1278.63,21,17,0.92,0.08,0.0,0.0,0.0,0.0,0.0,0.0,27.0,0.0,0.0,0.0,0.0,109.0,0.0,0.0,523.0,40.0,580.0,0.0,0.0,1278.63,0.0,0.0,0.0,0.0,0.0,30.0,0.0,0.0,0.0,0.0,0.0,0.0,False,Active
1254,8,370,10492.9,166,439,0.54,0.46,296.0,149.0,0.0,207.0,0.0,503.0,1641.0,761.0,297.0,0.0,0.0,1153.0,0.0,0.0,5012.0,21.0,452.0,0.0,0.0,1911.88,82.83,12.51,0.0,0.0,8485.68,25.0,3.0,0.0,3.0,15.0,0.0,318.0,False,Active
1255,6,328,9680.93,93,568,0.53,0.47,1861.0,426.0,0.0,121.0,0.0,35.0,2843.0,51.0,0.0,0.0,0.0,654.0,0.0,0.0,3129.0,0.0,562.0,0.0,0.0,9089.0,47.1,0.0,0.0,0.0,544.83,211.0,1.0,0.0,3.0,39.0,0.0,28.0,False,Active
1257,1,31,105.5,1,233,0.0,1.0,0.0,106.0,0.0,0.0,0.0,0.0,0.0,0.0,0.0,0.0,0.0,0.0,0.0,0.0,0.0,0.0,0.0,0.0,0.0,105.5,0.0,0.0,0.0,0.0,0.0,0.0,0.0,0.0,0.0,31.0,0.0,0.0,False,Active
1258,5,440,5048.94,82,478,0.89,0.11,0.0,0.0,0.0,28.0,0.0,12.0,2150.0,275.0,176.0,0.0,0.0,981.0,0.0,0.0,933.0,11.0,483.0,0.0,0.0,4781.05,267.89,0.0,0.0,0.0,0.0,436.0,0.0,1.0,1.0,0.0,1.0,0.0,False,Active
1259,13,200,5923.59,141,416,0.86,0.14,2819.0,33.0,0.0,566.0,0.0,11.0,401.0,3.0,315.0,0.0,0.0,687.0,0.0,0.0,340.0,98.0,650.0,0.0,0.0,96.72,258.17,27.96,0.0,843.5,3394.32,0.0,1.0,0.0,3.0,36.0,0.0,77.0,False,Active
1261,14,738,78247.93,499,964,0.58,0.42,5670.0,1662.0,0.0,1293.0,0.0,3530.0,7259.0,1493.0,27085.0,0.0,11.0,16031.0,0.0,0.0,8277.0,221.0,5716.0,0.0,0.0,19413.5,57759.84,0.0,0.0,0.0,1074.59,156.0,23.0,234.0,5.0,1.0,117.0,8.0,False,Active
1265,19,1233,32214.74,360,959,0.67,0.33,275.0,472.0,0.0,2431.0,0.0,69.0,8969.0,408.0,1092.0,0.0,70.0,9776.0,0.0,0.0,797.0,89.0,7768.0,0.0,0.0,28808.1,1664.07,0.0,0.0,0.0,1416.9,1091.0,47.0,0.0,17.0,0.0,10.0,1.0,False,Active
1266,4,108,1005.68,36,945,0.72,0.28,0.0,0.0,0.0,0.0,0.0,0.0,549.0,40.0,11.0,0.0,0.0,301.0,0.0,0.0,102.0,0.0,2.0,0.0,0.0,795.8,28.45,181.43,0.0,0.0,0.0,72.0,4.0,0.0,31.0,0.0,0.0,0.0,False,Active
1267,2,38,3770.9,18,502,1.0,0.0,2850.0,0.0,0.0,0.0,0.0,36.0,25.0,0.0,26.0,0.0,26.0,764.0,0.0,0.0,0.0,0.0,44.0,0.0,0.0,3770.9,0.0,0.0,0.0,0.0,0.0,16.0,0.0,0.0,0.0,0.0,0.0,0.0,False,Active
1268,3,761,15724.94,134,845,1.0,0.0,0.0,0.0,0.0,15.0,0.0,17.0,14599.0,511.0,0.0,0.0,0.0,405.0,0.0,0.0,67.0,0.0,111.0,0.0,0.0,15502.5,222.44,0.0,0.0,0.0,0.0,755.0,4.0,0.0,0.0,0.0,0.0,0.0,False,Active
1270,9,302,6344.18,107,924,0.48,0.52,124.0,1379.0,0.0,362.0,0.0,0.0,454.0,155.0,34.0,0.0,0.0,1404.0,0.0,0.0,1874.0,3.0,555.0,0.0,0.0,6079.49,240.16,0.0,0.0,0.0,24.53,191.0,8.0,0.0,3.0,46.0,0.0,0.0,False,Active
1274,9,381,28250.48,146,445,0.35,0.65,16373.0,880.0,0.0,219.0,0.0,1159.0,2236.0,356.0,1086.0,0.0,105.0,2199.0,0.0,0.0,2856.0,0.0,782.0,0.0,0.0,27165.37,1085.11,0.0,0.0,0.0,0.0,264.0,15.0,0.0,64.0,12.0,17.0,1.0,False,Active
1275,6,104,5375.35,54,272,0.89,0.11,331.0,60.0,0.0,1283.0,0.0,0.0,709.0,274.0,21.0,0.0,0.0,2331.0,0.0,0.0,244.0,30.0,92.0,0.0,0.0,3400.2,1438.0,0.0,0.0,0.0,0.0,74.0,3.0,0.0,0.0,6.0,0.0,0.0,False,Active
1279,11,281,14048.69,56,947,0.0,1.0,0.0,2070.0,0.0,152.0,0.0,170.0,0.0,307.0,4353.0,0.0,0.0,1621.0,0.0,0.0,4642.0,0.0,733.0,0.0,0.0,8825.66,5068.65,0.0,0.0,0.0,0.0,81.0,23.0,1.0,16.0,0.0,0.0,148.0,False,Active
1291,4,98,3629.52,71,72,0.94,0.06,0.0,66.0,0.0,183.0,0.0,123.0,1698.0,85.0,284.0,0.0,0.0,292.0,0.0,0.0,890.0,0.0,9.0,0.0,1697.52,511.45,1303.21,0.0,0.0,0.0,0.0,10.0,22.0,0.0,0.0,0.0,0.0,0.0,False,Active
1292,3,10,1742.55,9,66,0.85,0.15,0.0,0.0,0.0,190.0,0.0,0.0,0.0,0.0,872.0,0.0,0.0,309.0,0.0,0.0,329.0,0.0,42.0,0.0,0.0,1654.7,87.85,0.0,0.0,0.0,0.0,8.0,0.0,1.0,0.0,0.0,0.0,0.0,False,Active
1293,2,14,203.8,9,120,0.95,0.05,0.0,0.0,0.0,11.0,0.0,0.0,50.0,0.0,0.0,0.0,0.0,75.0,0.0,0.0,0.0,0.0,68.0,0.0,0.0,203.8,0.0,0.0,0.0,0.0,0.0,13.0,0.0,0.0,0.0,1.0,0.0,0.0,False,Active
1294,2,62,2732.29,16,247,0.65,0.35,0.0,0.0,0.0,195.0,0.0,0.0,127.0,0.0,533.0,0.0,0.0,1081.0,0.0,0.0,0.0,0.0,796.0,0.0,0.0,2732.29,0.0,0.0,0.0,0.0,0.0,60.0,0.0,0.0,0.0,0.0,0.0,0.0,False,Active
1299,1,700,35361.9,95,397,1.0,0.0,24580.0,0.0,0.0,18.0,0.0,0.0,6787.0,205.0,0.0,0.0,0.0,1236.0,0.0,0.0,1285.0,0.0,1250.0,0.0,0.0,35361.9,0.0,0.0,0.0,0.0,0.0,700.0,0.0,0.0,0.0,0.0,0.0,0.0,False,Active
1301,4,85,855.23,24,404,0.58,0.42,0.0,348.0,0.0,17.0,0.0,0.0,167.0,0.0,0.0,0.0,0.0,56.0,0.0,0.0,258.0,0.0,9.0,0.0,0.0,833.0,22.23,0.0,0.0,0.0,0.0,48.0,1.0,0.0,0.0,35.0,1.0,0.0,False,Active
1302,1,89,613.9,33,586,0.85,0.15,100.0,0.0,0.0,69.0,0.0,0.0,300.0,0.0,0.0,0.0,0.0,145.0,0.0,0.0,0.0,0.0,0.0,0.0,0.0,613.9,0.0,0.0,0.0,0.0,0.0,89.0,0.0,0.0,0.0,0.0,0.0,0.0,False,Active
1303,14,245,15340.14,154,899,0.84,0.16,0.0,370.0,0.0,1230.0,0.0,395.0,1563.0,114.0,5531.0,0.0,0.0,3958.0,0.0,0.0,639.0,142.0,1400.0,0.0,0.0,365.71,10044.22,321.46,0.0,0.0,3170.19,3.0,15.0,32.0,19.0,0.0,13.0,31.0,False,Active
1305,2,208,1345.26,51,724,0.97,0.03,0.0,0.0,0.0,59.0,0.0,0.0,691.0,75.0,0.0,0.0,0.0,209.0,0.0,0.0,137.0,81.0,94.0,0.0,0.0,1343.5,1.76,0.0,0.0,0.0,0.0,207.0,0.0,0.0,0.0,0.0,0.0,0.0,False,Active
1306,7,277,2947.75,85,558,0.75,0.25,186.0,76.0,0.0,226.0,0.0,0.0,470.0,21.0,33.0,0.0,0.0,937.0,0.0,0.0,488.0,0.0,510.0,0.0,0.0,202.09,249.76,2474.6,0.0,0.0,0.0,23.0,0.0,12.0,232.0,5.0,0.0,0.0,False,Active
1308,5,40,2216.89,24,235,0.49,0.51,550.0,0.0,0.0,98.0,0.0,95.0,125.0,0.0,0.0,0.0,0.0,87.0,0.0,0.0,1061.0,0.0,200.0,0.0,0.0,2167.45,49.44,0.0,0.0,0.0,0.0,33.0,0.0,0.0,0.0,0.0,0.0,1.0,False,Active
1311,1,1,2.38,1,1,1.0,0.0,0.0,0.0,0.0,0.0,0.0,0.0,0.0,0.0,0.0,0.0,0.0,0.0,0.0,0.0,0.0,0.0,2.0,0.0,0.0,0.0,2.38,0.0,0.0,0.0,0.0,0.0,0.0,0.0,0.0,0.0,1.0,0.0,False,Active
1315,1,18,4611.3,13,817,0.79,0.21,3000.0,0.0,0.0,834.0,0.0,0.0,406.0,48.0,0.0,0.0,0.0,150.0,0.0,0.0,75.0,0.0,97.0,0.0,0.0,4611.3,0.0,0.0,0.0,0.0,0.0,18.0,0.0,0.0,0.0,0.0,0.0,0.0,False,Active
1325,1,77,403.75,21,371,0.79,0.21,0.0,0.0,0.0,15.0,0.0,0.0,150.0,0.0,0.0,0.0,0.0,60.0,0.0,0.0,96.0,0.0,83.0,0.0,0.0,403.75,0.0,0.0,0.0,0.0,0.0,77.0,0.0,0.0,0.0,0.0,0.0,0.0,False,Active
1336,3,36,846.0,20,22,0.95,0.05,0.0,6.0,0.0,0.0,0.0,0.0,64.0,357.0,0.0,0.0,0.0,61.0,0.0,0.0,230.0,0.0,128.0,0.0,0.0,534.25,0.0,0.0,0.0,0.0,0.0,8.0,0.0,0.0,0.0,0.0,0.0,0.0,False,Active
1337,4,73,8529.69,11,60,0.13,0.87,5105.0,89.0,0.0,2428.0,0.0,0.0,172.0,0.0,0.0,0.0,8.0,0.0,0.0,520.0,0.0,0.0,207.0,0.0,0.0,8529.69,0.0,0.0,0.0,0.0,0.0,13.0,0.0,0.0,13.0,0.0,0.0,0.0,False,Active
1343,1,93,5925.5,8,399,0.5,0.5,2840.0,0.0,0.0,2980.0,0.0,0.0,3.0,0.0,0.0,0.0,0.0,0.0,4.0,0.0,100.0,0.0,0.0,0.0,0.0,5925.5,0.0,0.0,0.0,0.0,0.0,93.0,0.0,0.0,0.0,0.0,0.0,0.0,False,Active
1354,2,17,306.03,12,210,1.0,0.0,0.0,0.0,0.0,0.0,0.0,0.0,45.0,0.0,83.0,0.0,0.0,35.0,0.0,0.0,109.0,0.0,35.0,0.0,0.0,80.0,226.03,0.0,0.0,0.0,0.0,11.0,0.0,0.0,0.0,0.0,6.0,0.0,False,Active
1357,5,141,2795.58,13,953,0.0,1.0,0.0,175.0,0.0,0.0,0.0,0.0,0.0,0.0,5.0,0.0,0.0,77.0,0.0,0.0,231.0,20.0,2288.0,0.0,0.0,2663.24,127.27,0.0,0.0,0.0,0.0,126.0,0.0,0.0,0.0,6.0,0.0,0.0,False,Active
1374,1,1,4.19,1,1,0.0,1.0,0.0,0.0,0.0,0.0,0.0,0.0,0.0,0.0,0.0,0.0,0.0,0.0,0.0,0.0,0.0,0.0,4.0,0.0,0.0,0.0,4.19,0.0,0.0,0.0,0.0,0.0,0.0,0.0,0.0,0.0,1.0,0.0,False,Active
1391,1,18,11075.0,2,687,1.0,0.0,11050.0,0.0,0.0,0.0,0.0,0.0,25.0,0.0,0.0,0.0,0.0,0.0,0.0,0.0,0.0,0.0,0.0,0.0,0.0,11075.0,0.0,0.0,0.0,0.0,0.0,18.0,0.0,0.0,0.0,0.0,0.0,0.0,False,Active
1394,1,3,150.9,2,8,1.0,0.0,0.0,0.0,0.0,0.0,0.0,0.0,151.0,0.0,0.0,0.0,0.0,0.0,0.0,0.0,0.0,0.0,0.0,0.0,0.0,150.9,0.0,0.0,0.0,0.0,0.0,3.0,0.0,0.0,0.0,0.0,0.0,0.0,False,Active
1400,1,1,3.1,1,1,1.0,0.0,0.0,0.0,0.0,0.0,0.0,0.0,3.0,0.0,0.0,0.0,0.0,0.0,0.0,0.0,0.0,0.0,0.0,0.0,0.0,3.1,0.0,0.0,0.0,0.0,0.0,1.0,0.0,0.0,0.0,0.0,0.0,0.0,False,Active
1407,1,1,18.8,1,1,0.0,1.0,0.0,0.0,0.0,0.0,0.0,0.0,0.0,0.0,0.0,0.0,0.0,0.0,0.0,0.0,19.0,0.0,0.0,0.0,0.0,18.8,0.0,0.0,0.0,0.0,0.0,0.0,1.0,0.0,0.0,0.0,0.0,0.0,False,Active
1411,5,403,10990.2,197,784,0.98,0.02,647.0,49.0,0.0,1182.0,0.0,706.0,2148.0,86.0,1355.0,0.0,0.0,2509.0,0.0,0.0,794.0,0.0,1513.0,0.0,0.0,3622.43,7367.77,0.0,0.0,0.0,0.0,255.0,12.0,0.0,0.0,1.0,134.0,0.0,False,Active
1415,11,2183,149443.4,653,963,0.74,0.26,0.0,1092.0,0.0,1698.0,0.0,9960.0,51480.0,4675.0,17069.0,0.0,20.0,12265.0,0.0,0.0,37909.0,364.0,12911.0,0.0,0.0,133567.32,15750.6,0.0,0.0,0.0,125.48,1554.0,79.0,13.0,3.0,0.0,64.0,2.0,False,Active
1416,10,187,12020.09,139,180,0.51,0.49,0.0,0.0,0.0,308.0,0.0,125.0,725.0,158.0,1152.0,0.0,56.0,1249.0,0.0,0.0,5017.0,97.0,3132.0,0.0,0.0,6674.45,5345.64,0.0,0.0,0.0,0.0,40.0,3.0,71.0,0.0,0.0,11.0,0.0,False,Active
1417,1,445,5110.3,41,928,1.0,0.0,0.0,0.0,0.0,0.0,0.0,0.0,3588.0,0.0,39.0,0.0,0.0,1111.0,0.0,0.0,1.0,316.0,56.0,0.0,0.0,5110.3,0.0,0.0,0.0,0.0,0.0,445.0,0.0,0.0,0.0,0.0,0.0,0.0,False,Active
1418,16,1067,29051.66,551,784,0.82,0.18,1759.0,291.0,0.0,600.0,0.0,61.0,6157.0,498.0,6181.0,0.0,176.0,8196.0,0.0,0.0,2204.0,40.0,2888.0,0.0,0.0,7744.14,13222.5,0.0,5563.65,0.0,29.91,323.0,19.0,0.0,7.0,0.0,156.0,19.0,False,Active
1419,11,506,21744.33,211,956,0.85,0.15,0.0,443.0,0.0,597.0,0.0,411.0,2634.0,2399.0,4690.0,0.0,145.0,3632.0,0.0,0.0,5828.0,51.0,915.0,0.0,0.0,13376.27,7196.19,0.0,0.0,0.0,0.0,269.0,67.0,39.0,0.0,46.0,6.0,0.0,False,Active
1420,5,710,24342.24,90,963,0.69,0.31,1296.0,3046.0,0.0,95.0,0.0,4392.0,10664.0,324.0,0.0,0.0,14.0,301.0,0.0,0.0,970.0,0.0,3241.0,0.0,0.0,21472.33,2869.91,0.0,0.0,0.0,0.0,546.0,7.0,0.0,0.0,5.0,0.0,0.0,False,Active
1421,14,303,10406.25,67,553,0.15,0.85,1504.0,548.0,0.0,1142.0,0.0,26.0,356.0,169.0,0.0,0.0,0.0,215.0,0.0,0.0,5923.0,0.0,524.0,0.0,0.0,5445.6,2431.43,0.0,0.0,0.0,2529.22,52.0,19.0,9.0,101.0,3.0,0.0,54.0,False,Active
1423,10,1554,76801.77,569,917,0.74,0.26,813.0,1610.0,0.0,3546.0,0.0,790.0,10879.0,3168.0,15213.0,0.0,1871.0,18038.0,0.0,171.0,10417.0,1299.0,8987.0,0.0,0.0,48850.4,27894.32,0.0,0.0,0.0,57.05,1195.0,48.0,196.0,2.0,20.0,45.0,3.0,False,Active
1425,11,219,54818.88,70,964,0.05,0.95,50.0,39783.0,0.0,156.0,0.0,424.0,1196.0,823.0,4357.0,0.0,0.0,150.0,0.0,0.0,7881.0,0.0,0.0,0.0,0.0,51922.43,2613.99,0.0,0.0,0.0,282.46,138.0,3.0,29.0,2.0,30.0,1.0,4.0,False,Active
1426,8,703,14731.69,206,586,0.64,0.36,268.0,399.0,0.0,4730.0,0.0,0.0,4194.0,147.0,0.0,0.0,0.0,1110.0,0.0,100.0,1425.0,134.0,2226.0,0.0,0.0,13623.5,1108.19,0.0,0.0,0.0,0.0,637.0,9.0,0.0,2.0,17.0,12.0,23.0,False,Active
1428,12,1148,20166.57,263,963,0.78,0.22,0.0,133.0,0.0,277.0,0.0,73.0,3572.0,399.0,1544.0,0.0,93.0,8039.0,0.0,0.0,3522.0,20.0,2496.0,0.0,0.0,17658.93,2415.29,84.5,0.0,0.0,0.0,981.0,15.0,1.0,3.0,1.0,0.0,0.0,False,Active
1429,15,1003,102230.35,370,839,0.58,0.42,2100.0,7740.0,0.0,2671.0,0.0,4167.0,11479.0,1261.0,30328.0,0.0,364.0,9516.0,0.0,0.0,26905.0,65.0,5633.0,0.0,0.0,95947.71,5608.52,0.0,0.0,0.0,177.39,855.0,39.0,10.0,3.0,7.0,14.0,7.0,False,Active
1430,13,586,51877.13,137,955,0.46,0.54,29492.0,988.0,0.0,546.0,0.0,93.0,2530.0,16.0,894.0,0.0,277.0,732.0,0.0,7745.0,6984.0,300.0,1280.0,0.0,0.0,31883.02,16703.58,0.0,0.0,0.0,3290.53,252.0,1.0,30.0,40.0,1.0,0.0,71.0,False,Active
1434,6,298,9309.83,121,578,0.83,0.17,2871.0,9.0,0.0,1160.0,0.0,0.0,2182.0,482.0,111.0,0.0,0.0,825.0,0.0,0.0,850.0,0.0,820.0,0.0,0.0,7878.49,570.15,0.0,0.0,0.0,0.0,248.0,11.0,6.0,0.0,0.0,0.0,0.0,False,Active
1436,13,234,14709.19,153,641,0.95,0.05,1440.0,58.0,0.0,447.0,0.0,0.0,917.0,979.0,3035.0,0.0,165.0,1457.0,0.0,0.0,5327.0,65.0,818.0,0.0,0.0,1495.86,10938.67,0.0,0.0,0.0,0.0,70.0,26.0,23.0,0.0,1.0,0.0,0.0,False,Active
1437,15,1060,48513.61,418,644,0.87,0.13,292.0,795.0,0.0,1299.0,0.0,165.0,8505.0,531.0,6445.0,0.0,636.0,8814.0,0.0,0.0,11519.0,427.0,9087.0,0.0,0.0,24420.19,23385.96,0.0,0.0,0.0,441.49,693.0,168.0,35.0,4.0,19.0,77.0,0.0,False,Active
1438,7,81,3491.53,54,896,0.45,0.55,0.0,196.0,0.0,842.0,0.0,0.0,513.0,0.0,531.0,0.0,0.0,135.0,0.0,0.0,924.0,38.0,312.0,0.0,0.0,383.08,1859.35,39.24,0.0,0.0,0.0,10.0,26.0,0.0,5.0,0.0,0.0,3.0,False,Active
1439,26,891,107641.14,672,906,0.54,0.46,6007.0,419.0,0.0,3078.0,0.0,1085.0,4556.0,1046.0,66932.0,0.0,100.0,9810.0,0.0,0.0,9179.0,585.0,4844.0,0.0,142.2,4372.33,26224.66,484.61,170.24,0.0,38769.3,25.0,58.0,63.0,38.0,0.0,29.0,243.0,False,Active
1440,12,263,21812.33,151,911,0.75,0.25,1801.0,882.0,0.0,727.0,0.0,55.0,3266.0,255.0,4259.0,0.0,29.0,4327.0,0.0,0.0,4113.0,99.0,1999.0,0.0,0.0,3349.36,16424.67,0.0,0.0,0.0,1521.26,62.0,59.0,1.0,0.0,0.0,78.0,4.0,False,Active
1443,5,885,33711.88,284,955,0.95,0.05,524.0,88.0,0.0,568.0,0.0,172.0,16735.0,3726.0,169.0,0.0,264.0,1863.0,0.0,0.0,8055.0,612.0,936.0,0.0,0.0,33307.39,404.49,0.0,0.0,0.0,0.0,873.0,9.0,0.0,1.0,0.0,0.0,1.0,False,Active
1449,12,920,43778.84,453,962,0.79,0.21,1500.0,1327.0,0.0,1168.0,0.0,62.0,6478.0,2590.0,6652.0,0.0,806.0,10455.0,0.0,963.0,5678.0,56.0,6044.0,0.0,0.0,34974.49,6592.59,0.0,0.0,0.0,37.39,724.0,22.0,2.0,3.0,31.0,4.0,0.0,False,Active
1450,6,83,11010.6,35,910,0.02,0.98,7727.0,18.0,0.0,20.0,0.0,0.0,146.0,0.0,963.0,0.0,0.0,38.0,0.0,2000.0,44.0,42.0,12.0,0.0,0.0,10553.63,15.07,0.0,0.0,0.0,441.9,39.0,0.0,0.0,22.0,0.0,0.0,16.0,False,Active
1451,11,453,19514.75,220,929,0.91,0.09,336.0,566.0,0.0,1094.0,0.0,66.0,1570.0,731.0,1544.0,0.0,585.0,6407.0,0.0,0.0,3241.0,227.0,3147.0,0.0,0.0,11004.06,7777.17,695.47,0.0,0.0,38.05,266.0,17.0,18.0,23.0,3.0,1.0,7.0,False,Active
1454,1,77,1791.75,44,150,1.0,0.0,203.0,0.0,0.0,32.0,0.0,0.0,260.0,483.0,0.0,0.0,0.0,275.0,0.0,0.0,483.0,0.0,56.0,0.0,0.0,0.0,0.0,0.0,0.0,0.0,1791.75,0.0,0.0,0.0,0.0,0.0,0.0,77.0,False,Active
1455,3,442,25447.36,129,961,0.93,0.07,4384.0,199.0,0.0,180.0,0.0,0.0,11292.0,170.0,59.0,0.0,1981.0,531.0,0.0,0.0,5089.0,37.0,1526.0,0.0,0.0,17235.67,7251.36,0.0,0.0,0.0,0.0,310.0,0.0,0.0,0.0,0.0,0.0,0.0,False,Active
1458,14,1880,49371.53,410,819,0.68,0.32,1856.0,853.0,18.0,4240.0,0.0,0.0,15422.0,884.0,1712.0,0.0,0.0,11675.0,0.0,0.0,7956.0,25.0,4730.0,0.0,0.0,44359.81,3474.26,988.99,0.0,0.0,548.47,1653.0,29.0,15.0,62.0,1.0,8.0,3.0,False,Active
1459,5,944,19034.45,131,963,0.99,0.01,0.0,32.0,0.0,0.0,0.0,0.0,11572.0,356.0,113.0,0.0,148.0,202.0,0.0,0.0,6218.0,35.0,359.0,0.0,0.0,16216.59,35.0,0.0,0.0,0.0,0.0,820.0,0.0,2.0,2.0,0.0,0.0,0.0,False,Active
1460,9,596,15493.18,244,845,0.96,0.04,0.0,174.0,0.0,70.0,0.0,0.0,4785.0,1394.0,713.0,0.0,54.0,2551.0,0.0,0.0,5128.0,0.0,625.0,0.0,0.0,2747.61,12055.55,25.39,0.0,0.0,69.61,100.0,97.0,6.0,10.0,0.0,0.0,0.0,False,Active
1461,10,234,7211.27,186,397,0.8,0.2,416.0,67.0,0.0,358.0,0.0,416.0,484.0,1687.0,626.0,0.0,0.0,1253.0,0.0,0.0,1727.0,70.0,107.0,0.0,0.0,273.57,1317.54,0.0,0.0,0.0,5498.76,4.0,17.0,20.0,0.0,0.0,17.0,138.0,False,Active
1465,5,944,13800.21,176,815,0.93,0.07,0.0,52.0,0.0,267.0,0.0,0.0,3026.0,780.0,550.0,0.0,3.0,7646.0,0.0,109.0,1090.0,20.0,260.0,0.0,0.0,12607.02,1193.19,0.0,0.0,0.0,0.0,928.0,10.0,0.0,3.0,0.0,0.0,0.0,False,Active
1469,7,138,9903.11,111,922,0.99,0.01,226.0,0.0,0.0,1529.0,0.0,0.0,224.0,17.0,1748.0,0.0,0.0,1624.0,0.0,0.0,3784.0,79.0,671.0,0.0,3397.03,715.11,5212.42,578.55,0.0,0.0,0.0,10.0,16.0,5.0,14.0,23.0,15.0,0.0,False,Active
1470,12,214,8485.73,130,385,0.49,0.51,0.0,7.0,0.0,303.0,0.0,382.0,823.0,35.0,1774.0,0.0,823.0,1709.0,0.0,0.0,1799.0,0.0,832.0,0.0,0.0,5850.86,1752.54,0.0,0.0,480.67,342.7,176.0,6.0,2.0,0.0,1.0,0.0,11.0,False,Active
1471,4,491,11048.86,131,229,0.84,0.16,0.0,225.0,0.0,71.0,0.0,0.0,4003.0,108.0,1317.0,0.0,0.0,1925.0,0.0,0.0,1777.0,0.0,1623.0,0.0,0.0,9185.24,1845.49,0.0,0.0,0.0,18.13,436.0,47.0,0.0,4.0,0.0,0.0,4.0,False,Active
1472,1,70,2808.06,28,393,0.77,0.23,0.0,0.0,0.0,0.0,0.0,0.0,480.0,0.0,1618.0,0.0,0.0,704.0,0.0,0.0,0.0,0.0,5.0,0.0,0.0,2808.06,0.0,0.0,0.0,0.0,0.0,70.0,0.0,0.0,0.0,0.0,0.0,0.0,False,Active
1474,6,78,8773.08,59,238,0.96,0.04,1242.0,114.0,0.0,60.0,0.0,132.0,288.0,551.0,1221.0,0.0,0.0,934.0,0.0,0.0,3559.0,20.0,652.0,0.0,0.0,5876.73,605.73,0.0,0.0,0.0,0.0,52.0,3.0,0.0,0.0,0.0,1.0,0.0,False,Active
1478,18,1082,62847.97,327,873,0.52,0.48,1839.0,747.0,0.0,365.0,0.0,1078.0,21737.0,1009.0,2956.0,0.0,153.0,4995.0,0.0,2317.0,22368.0,153.0,3133.0,0.0,1145.15,52107.12,5107.3,1467.5,0.0,0.0,2809.22,842.0,25.0,1.0,96.0,14.0,16.0,4.0,False,Active
1479,8,176,17335.0,87,378,0.66,0.34,204.0,51.0,0.0,232.0,0.0,225.0,5080.0,333.0,795.0,0.0,0.0,1824.0,0.0,0.0,6343.0,386.0,1862.0,0.0,0.0,11781.23,1417.75,0.0,0.0,0.0,0.0,143.0,1.0,0.0,1.0,0.0,0.0,0.0,False,Active
1481,4,137,4158.5,22,257,0.84,0.16,0.0,10.0,0.0,39.0,0.0,0.0,2830.0,535.0,0.0,0.0,0.0,29.0,0.0,0.0,706.0,0.0,9.0,0.0,0.0,872.5,3286.0,0.0,0.0,0.0,0.0,32.0,96.0,0.0,0.0,8.0,0.0,0.0,False,Active
1482,6,21,708.35,10,167,0.0,1.0,0.0,15.0,0.0,265.0,0.0,0.0,0.0,0.0,323.0,0.0,0.0,0.0,0.0,0.0,37.0,18.0,52.0,0.0,0.0,493.15,116.53,0.0,0.0,0.0,98.67,6.0,0.0,0.0,1.0,1.0,0.0,0.0,False,Active
1489,15,1957,93113.85,644,911,0.78,0.22,755.0,6098.0,0.0,4382.0,0.0,871.0,20619.0,2614.0,4449.0,0.0,240.0,20896.0,0.0,6075.0,19180.0,455.0,6481.0,0.0,0.0,73517.47,11348.37,0.0,0.0,0.0,8248.01,1511.0,22.0,17.0,23.0,49.0,129.0,50.0,False,Active
1496,1,27,783.6,19,523,0.71,0.29,0.0,0.0,0.0,34.0,0.0,3.0,136.0,155.0,56.0,0.0,0.0,184.0,0.0,0.0,204.0,4.0,7.0,0.0,0.0,783.6,0.0,0.0,0.0,0.0,0.0,27.0,0.0,0.0,0.0,0.0,0.0,0.0,False,Active
1506,10,401,16628.8,136,703,0.25,0.75,500.0,816.0,0.0,1467.0,0.0,168.0,951.0,65.0,2255.0,0.0,61.0,2250.0,0.0,6429.0,1032.0,26.0,609.0,0.0,0.0,9636.64,6943.69,0.0,0.0,0.0,37.68,299.0,16.0,2.0,24.0,45.0,0.0,2.0,False,Active
1507,11,583,19207.86,303,652,0.85,0.15,1047.0,92.0,0.0,644.0,0.0,149.0,4224.0,257.0,3822.0,0.0,20.0,2330.0,0.0,0.0,5223.0,112.0,1289.0,0.0,0.0,12525.02,3706.75,0.0,0.0,0.0,0.0,413.0,8.0,6.0,3.0,0.0,33.0,1.0,False,Active
1510,4,77,2668.95,54,65,0.97,0.03,0.0,0.0,0.0,138.0,0.0,136.0,363.0,48.0,286.0,0.0,0.0,1318.0,0.0,0.0,240.0,35.0,105.0,0.0,0.0,12.85,0.0,0.0,0.0,0.0,0.0,2.0,0.0,0.0,0.0,0.0,0.0,0.0,False,Active
1511,3,101,3833.55,66,173,1.0,0.0,0.0,2.0,0.0,29.0,0.0,16.0,771.0,67.0,809.0,0.0,123.0,857.0,0.0,0.0,639.0,205.0,315.0,0.0,0.0,2349.24,1484.31,0.0,0.0,0.0,0.0,54.0,7.0,0.0,0.0,0.0,40.0,0.0,False,Active
1515,5,90,4645.69,36,451,0.96,0.04,649.0,78.0,0.0,11.0,0.0,314.0,362.0,0.0,0.0,0.0,0.0,314.0,0.0,0.0,2209.0,85.0,624.0,0.0,0.0,4080.97,507.58,0.0,0.0,0.0,57.14,70.0,0.0,0.0,1.0,0.0,4.0,13.0,False,Active
1517,19,1969,205082.5,664,963,0.44,0.56,12979.0,3129.0,0.0,11222.0,0.0,1577.0,16439.0,1342.0,100259.0,0.0,153.0,17509.0,0.0,241.0,22110.0,345.0,17779.0,0.0,0.0,107706.56,68134.57,168.99,0.0,0.0,27810.88,1351.0,151.0,53.0,9.0,7.0,6.0,160.0,False,Active
1523,2,20,2042.08,18,199,1.0,0.0,1500.0,0.0,0.0,0.0,0.0,0.0,32.0,21.0,0.0,0.0,0.0,106.0,0.0,0.0,334.0,0.0,49.0,0.0,0.0,1892.5,149.58,0.0,0.0,0.0,0.0,18.0,2.0,0.0,0.0,0.0,0.0,0.0,False,Active
1527,15,1666,112709.58,537,945,0.71,0.29,1646.0,2627.0,0.0,2468.0,0.0,1348.0,11444.0,1504.0,21452.0,0.0,563.0,25350.0,0.0,0.0,34959.0,198.0,9150.0,0.0,0.0,96887.2,15497.22,0.0,0.0,0.0,325.16,1318.0,17.0,90.0,14.0,131.0,17.0,6.0,False,Active
1529,7,962,70565.41,258,964,0.99,0.01,0.0,74.0,0.0,562.0,0.0,12.0,28240.0,4337.0,3531.0,0.0,193.0,8829.0,0.0,0.0,22758.0,4.0,2026.0,0.0,0.0,63983.31,6537.91,0.0,0.0,0.0,0.0,892.0,2.0,3.0,0.0,0.0,56.0,0.0,False,Active
1530,12,852,21162.64,155,962,0.91,0.09,2233.0,890.0,0.0,450.0,0.0,239.0,8494.0,394.0,39.0,0.0,87.0,3608.0,0.0,0.0,1808.0,47.0,2874.0,0.0,0.0,18509.9,423.46,0.0,455.59,0.0,0.0,771.0,1.0,6.0,6.0,3.0,10.0,12.0,False,Active
1532,4,318,15355.29,173,372,0.94,0.06,1400.0,0.0,0.0,181.0,0.0,69.0,2170.0,57.0,3926.0,0.0,0.0,2618.0,0.0,0.0,385.0,246.0,4305.0,0.0,0.0,14881.57,420.01,53.71,0.0,0.0,0.0,303.0,0.0,8.0,6.0,0.0,0.0,0.0,False,Active
1535,3,124,7417.97,64,270,0.96,0.04,647.0,0.0,0.0,158.0,0.0,426.0,2569.0,475.0,33.0,0.0,410.0,208.0,0.0,0.0,1216.0,88.0,1187.0,0.0,0.0,2668.23,4749.74,0.0,0.0,0.0,0.0,51.0,69.0,4.0,0.0,0.0,0.0,0.0,False,Active
1536,10,281,17661.54,95,934,0.76,0.24,936.0,376.0,0.0,49.0,0.0,1.0,6861.0,1382.0,0.0,0.0,521.0,1168.0,0.0,0.0,5653.0,50.0,665.0,0.0,0.0,15450.57,1662.97,0.0,0.0,0.0,0.0,214.0,31.0,0.0,1.0,4.0,1.0,0.0,False,Active
1538,14,1674,115972.28,547,963,0.45,0.55,0.0,13168.0,105.0,5905.0,0.0,321.0,25701.0,1122.0,28978.0,0.0,125.0,17933.0,0.0,0.0,16733.0,529.0,5144.0,208.0,0.0,76678.74,36287.03,0.0,0.0,0.0,3006.51,1108.0,58.0,132.0,26.0,61.0,0.0,64.0,False,Active
1539,5,359,13585.67,76,690,0.84,0.16,0.0,1633.0,0.0,0.0,0.0,0.0,9834.0,408.0,0.0,0.0,135.0,444.0,0.0,0.0,931.0,0.0,202.0,0.0,0.0,13074.55,91.63,0.0,0.0,0.0,414.52,331.0,0.0,0.0,0.0,0.0,3.0,21.0,False,Active
1541,3,166,5154.7,114,425,0.71,0.29,0.0,54.0,0.0,103.0,0.0,62.0,710.0,128.0,0.0,0.0,0.0,404.0,0.0,0.0,3204.0,490.0,0.0,0.0,0.0,321.5,56.77,0.0,0.0,0.0,4776.43,20.0,0.0,0.0,0.0,0.0,1.0,145.0,False,Active
1543,13,477,22799.74,249,946,0.37,0.63,4694.0,79.0,0.0,1048.0,0.0,57.0,1703.0,142.0,2495.0,0.0,27.0,3566.0,0.0,0.0,1644.0,0.0,7345.0,0.0,0.0,20652.1,1509.05,0.0,581.12,0.0,57.47,334.0,11.0,2.0,8.0,0.0,5.0,3.0,False,Active
1544,4,704,19121.94,168,754,0.81,0.19,254.0,39.0,0.0,251.0,0.0,50.0,9412.0,1856.0,51.0,0.0,0.0,1124.0,0.0,0.0,4597.0,96.0,1393.0,0.0,0.0,15383.22,3738.72,0.0,0.0,0.0,0.0,618.0,82.0,0.0,0.0,0.0,0.0,0.0,False,Active
1547,9,488,9990.79,263,480,0.88,0.12,0.0,161.0,0.0,238.0,0.0,292.0,2199.0,452.0,928.0,0.0,58.0,2729.0,0.0,0.0,1996.0,44.0,892.0,0.0,0.0,7390.0,909.93,501.73,0.0,0.0,90.25,384.0,5.0,40.0,35.0,0.0,0.0,0.0,False,Active
1551,5,160,3878.43,67,805,0.96,0.04,0.0,16.0,0.0,25.0,0.0,2.0,1221.0,163.0,115.0,0.0,0.0,343.0,0.0,0.0,536.0,0.0,1457.0,0.0,0.0,2274.27,998.05,0.0,0.0,0.0,0.0,119.0,0.0,9.0,0.0,0.0,23.0,0.0,False,Active
1555,9,222,4235.63,76,949,0.23,0.77,0.0,163.0,0.0,247.0,0.0,682.0,320.0,12.0,352.0,0.0,0.0,417.0,0.0,0.0,1652.0,20.0,370.0,0.0,0.0,3642.76,424.73,31.38,0.0,0.0,0.0,125.0,20.0,11.0,7.0,7.0,0.0,23.0,False,Active
1556,14,243,19442.42,102,950,0.18,0.82,1421.0,1471.0,52.0,1248.0,0.0,6.0,423.0,44.0,8229.0,0.0,2830.0,403.0,0.0,0.0,2404.0,97.0,813.0,0.0,0.0,10269.5,5983.89,0.0,0.0,0.0,2502.76,50.0,24.0,12.0,53.0,2.0,0.0,39.0,False,Active
1557,6,173,18905.9,83,935,0.9,0.1,0.0,744.0,0.0,32.0,0.0,0.0,1090.0,547.0,1215.0,0.0,0.0,5534.0,0.0,0.0,8496.0,300.0,947.0,0.0,0.0,15368.48,3509.53,0.0,0.0,0.0,27.89,122.0,2.0,0.0,0.0,40.0,7.0,1.0,False,Active
1558,13,346,11747.62,143,915,0.69,0.31,133.0,1623.0,0.0,836.0,0.0,26.0,1552.0,166.0,1497.0,0.0,0.0,1242.0,0.0,0.0,2485.0,0.0,2187.0,0.0,0.0,5825.74,5462.38,0.0,0.0,0.0,459.5,81.0,4.0,2.0,19.0,8.0,0.0,122.0,False,Active
1559,9,498,12279.1,140,961,0.79,0.21,130.0,954.0,0.0,748.0,0.0,0.0,3110.0,707.0,532.0,0.0,50.0,4291.0,0.0,0.0,648.0,0.0,1109.0,0.0,0.0,12237.72,41.38,0.0,0.0,0.0,0.0,316.0,0.0,1.0,11.0,99.0,2.0,24.0,False,Active
1565,12,456,17157.9,230,901,0.7,0.3,0.0,698.0,0.0,572.0,0.0,83.0,2833.0,1198.0,742.0,0.0,217.0,3874.0,0.0,0.0,5217.0,145.0,1579.0,0.0,151.7,8259.03,8220.26,0.0,0.0,0.0,372.54,240.0,0.0,86.0,9.0,0.0,59.0,24.0,False,Active
1566,4,87,2613.3,54,356,0.86,0.14,717.0,25.0,0.0,0.0,0.0,0.0,138.0,25.0,0.0,0.0,0.0,343.0,0.0,208.0,151.0,0.0,1007.0,0.0,0.0,1785.26,828.04,0.0,0.0,0.0,0.0,49.0,0.0,0.0,0.0,0.0,0.0,0.0,False,Active
1567,7,63,2084.84,37,664,0.97,0.03,0.0,6.0,0.0,117.0,0.0,0.0,256.0,0.0,83.0,0.0,0.0,98.0,0.0,0.0,1017.0,1.0,507.0,0.0,0.0,998.43,1054.59,0.0,0.0,0.0,21.38,52.0,1.0,3.0,0.0,0.0,0.0,2.0,False,Active
1568,3,32,4420.78,20,901,0.62,0.38,0.0,805.0,0.0,44.0,0.0,30.0,226.0,0.0,0.0,0.0,0.0,435.0,0.0,0.0,2882.0,0.0,0.0,0.0,0.0,4310.46,110.32,0.0,0.0,0.0,0.0,24.0,3.0,0.0,0.0,0.0,0.0,0.0,False,Active
1569,14,500,14369.41,335,800,0.67,0.33,438.0,18.0,0.0,431.0,0.0,64.0,1609.0,262.0,2969.0,0.0,209.0,2242.0,0.0,0.0,4566.0,11.0,1552.0,0.0,0.0,1399.04,11520.86,0.0,0.0,0.0,0.0,22.0,4.0,20.0,2.0,1.0,60.0,0.0,False,Active
1570,6,219,31306.45,157,744,0.38,0.62,0.0,80.0,0.0,1898.0,0.0,20.0,1477.0,371.0,21643.0,0.0,0.0,1819.0,0.0,0.0,2292.0,110.0,1597.0,0.0,0.0,6005.92,833.37,12.26,0.0,0.0,24454.9,26.0,4.0,0.0,4.0,0.0,0.0,179.0,False,Active
1574,1,12,410.64,11,329,1.0,0.0,0.0,0.0,0.0,3.0,0.0,0.0,3.0,0.0,0.0,0.0,0.0,121.0,0.0,0.0,229.0,0.0,55.0,0.0,0.0,410.64,0.0,0.0,0.0,0.0,0.0,12.0,0.0,0.0,0.0,0.0,0.0,0.0,False,Active
1575,9,785,10379.64,371,366,0.75,0.25,0.0,258.0,0.0,798.0,0.0,313.0,1086.0,1153.0,453.0,0.0,0.0,2618.0,0.0,0.0,2397.0,12.0,1290.0,0.0,2655.83,392.56,1890.81,5401.19,0.0,0.0,14.76,17.0,0.0,0.0,388.0,182.0,0.0,3.0,False,Active
1580,10,67,4236.75,53,350,0.62,0.38,496.0,3.0,0.0,0.0,0.0,48.0,377.0,276.0,1233.0,0.0,0.0,459.0,0.0,0.0,1151.0,7.0,186.0,0.0,0.0,361.61,2742.51,0.0,0.0,185.47,274.32,9.0,5.0,0.0,0.0,0.0,26.0,2.0,False,Active
1581,13,502,32867.04,188,935,0.4,0.6,0.0,2460.0,0.0,606.0,0.0,7096.0,1543.0,478.0,10159.0,0.0,190.0,2077.0,0.0,0.0,6972.0,23.0,1216.0,46.0,0.0,25810.52,6502.81,0.0,0.0,0.0,171.65,214.0,26.0,66.0,8.0,112.0,14.0,3.0,False,Active
1582,7,41,2114.94,21,535,0.26,0.74,0.0,116.0,0.0,31.0,0.0,52.0,428.0,0.0,0.0,0.0,41.0,10.0,0.0,0.0,1395.0,0.0,42.0,0.0,0.0,2034.72,24.25,0.0,0.0,0.0,0.0,25.0,2.0,0.0,0.0,2.0,0.0,0.0,False,Active
1590,9,1662,107215.35,672,962,0.92,0.08,6751.0,252.0,0.0,1084.0,0.0,806.0,20540.0,5068.0,11482.0,0.0,447.0,41997.0,0.0,0.0,10279.0,215.0,8293.0,0.0,0.0,87388.09,18718.77,0.0,0.0,0.0,1108.49,1461.0,44.0,70.0,0.0,0.0,34.0,10.0,False,Active
1602,1,31,102.35,3,66,0.22,0.78,0.0,0.0,0.0,0.0,0.0,0.0,22.0,0.0,0.0,0.0,0.0,0.0,0.0,0.0,0.0,0.0,80.0,0.0,0.0,102.35,0.0,0.0,0.0,0.0,0.0,31.0,0.0,0.0,0.0,0.0,0.0,0.0,False,Active
1609,2,151,2500.44,57,381,0.97,0.03,0.0,0.0,0.0,48.0,0.0,4.0,572.0,228.0,18.0,0.0,0.0,794.0,0.0,0.0,803.0,0.0,34.0,0.0,0.0,2488.94,11.5,0.0,0.0,0.0,0.0,148.0,0.0,0.0,0.0,0.0,0.0,0.0,False,Active
1611,9,142,43579.29,102,208,0.06,0.94,1000.0,84.0,0.0,15.0,0.0,0.0,317.0,0.0,36818.0,0.0,0.0,394.0,0.0,3999.0,534.0,0.0,418.0,0.0,0.0,31643.06,6989.65,0.0,0.0,0.0,2066.4,22.0,1.0,1.0,4.0,0.0,0.0,27.0,False,Active
1612,12,248,9028.53,163,340,0.66,0.34,0.0,233.0,0.0,171.0,0.0,146.0,441.0,446.0,1812.0,0.0,157.0,2059.0,0.0,0.0,1744.0,92.0,1728.0,0.0,0.0,2149.97,5033.56,1785.8,0.0,0.0,0.0,66.0,90.0,3.0,39.0,10.0,1.0,1.0,False,Active
1614,2,20,321.34,8,16,0.59,0.41,0.0,0.0,0.0,0.0,0.0,48.0,10.0,0.0,0.0,0.0,0.0,67.0,0.0,0.0,56.0,0.0,141.0,0.0,0.0,255.55,65.79,0.0,0.0,0.0,0.0,18.0,2.0,0.0,0.0,0.0,0.0,0.0,False,Active
1617,2,26,1585.73,10,690,0.0,1.0,0.0,36.0,0.0,0.0,0.0,55.0,0.0,0.0,136.0,0.0,0.0,0.0,0.0,473.0,798.0,0.0,88.0,0.0,0.0,1112.78,472.95,0.0,0.0,0.0,0.0,23.0,0.0,0.0,3.0,0.0,0.0,0.0,False,Active
1622,10,49,2808.78,26,695,0.11,0.89,0.0,135.0,0.0,680.0,0.0,0.0,15.0,21.0,0.0,0.0,0.0,35.0,0.0,0.0,1696.0,0.0,227.0,0.0,0.0,2586.86,197.7,0.0,0.0,0.0,24.22,13.0,9.0,2.0,8.0,1.0,0.0,7.0,False,Active
1623,2,119,999.29,30,309,1.0,0.0,0.0,1.0,0.0,21.0,0.0,0.0,685.0,42.0,0.0,0.0,0.0,175.0,0.0,0.0,25.0,0.0,50.0,0.0,0.0,920.7,78.59,0.0,0.0,0.0,0.0,118.0,1.0,0.0,0.0,0.0,0.0,0.0,False,Active
1627,9,712,26614.52,190,756,0.61,0.39,1079.0,683.0,0.0,1342.0,0.0,254.0,2123.0,1533.0,7438.0,0.0,0.0,5931.0,0.0,0.0,4614.0,120.0,1497.0,0.0,0.0,19004.38,7403.27,0.0,0.0,0.0,206.87,644.0,0.0,0.0,9.0,0.0,4.0,38.0,False,Active
1628,2,33,255.71,27,60,0.64,0.36,0.0,22.0,0.0,12.0,0.0,4.0,55.0,14.0,0.0,0.0,0.0,20.0,0.0,0.0,78.0,0.0,51.0,0.0,0.0,21.45,0.0,234.26,0.0,0.0,0.0,2.0,0.0,0.0,31.0,0.0,0.0,0.0,False,Active
1629,6,214,12167.26,107,279,0.72,0.28,0.0,698.0,0.0,458.0,0.0,516.0,1834.0,113.0,2779.0,0.0,0.0,1925.0,0.0,0.0,1453.0,0.0,2392.0,0.0,0.0,238.7,0.0,0.0,0.0,0.0,2701.73,2.0,0.0,0.0,0.0,0.0,0.0,29.0,False,Active
1631,12,258,20612.84,196,395,0.47,0.53,0.0,75.0,0.0,2149.0,0.0,82.0,947.0,478.0,10724.0,0.0,0.0,3322.0,0.0,0.0,2288.0,42.0,507.0,0.0,0.0,3772.97,6726.04,1266.61,0.0,0.0,6351.96,10.0,53.0,0.0,51.0,0.0,1.0,57.0,False,Active
1632,6,216,890.48,53,731,0.84,0.16,0.0,25.0,0.0,62.0,0.0,0.0,467.0,50.0,0.0,0.0,0.0,98.0,0.0,0.0,103.0,0.0,86.0,0.0,0.0,855.85,34.63,0.0,0.0,0.0,0.0,196.0,12.0,1.0,4.0,0.0,0.0,1.0,False,Active
1633,15,490,34182.14,106,554,0.2,0.8,50.0,2390.0,0.0,8545.0,0.0,6130.0,869.0,30.0,3421.0,0.0,1038.0,195.0,0.0,0.0,9171.0,98.0,2245.0,0.0,0.0,11158.4,22967.3,0.0,0.0,0.0,51.8,144.0,79.0,0.0,114.0,18.0,0.0,21.0,False,Active
1636,3,10,382.71,4,335,0.0,1.0,0.0,0.0,0.0,240.0,0.0,0.0,0.0,0.0,0.0,0.0,0.0,0.0,0.0,0.0,143.0,0.0,0.0,0.0,0.0,170.0,212.71,0.0,0.0,0.0,0.0,5.0,0.0,0.0,0.0,0.0,0.0,0.0,False,Active
1637,5,437,10760.82,179,910,0.88,0.12,3450.0,224.0,0.0,157.0,0.0,272.0,1823.0,0.0,379.0,0.0,0.0,2950.0,0.0,12.0,861.0,37.0,597.0,0.0,0.0,10229.63,311.27,0.0,0.0,0.0,219.92,405.0,4.0,0.0,1.0,0.0,17.0,10.0,False,Active
1638,9,493,11559.2,133,588,0.51,0.49,1046.0,3108.0,0.0,246.0,0.0,90.0,1817.0,200.0,0.0,0.0,70.0,1715.0,0.0,0.0,2303.0,10.0,955.0,0.0,0.0,10013.91,1506.91,0.0,0.0,0.0,38.38,319.0,35.0,19.0,0.0,91.0,0.0,0.0,False,Active
1639,10,505,15162.07,277,964,0.81,0.19,337.0,734.0,0.0,801.0,0.0,260.0,2137.0,192.0,2636.0,0.0,47.0,3687.0,0.0,100.0,1340.0,12.0,2878.0,0.0,0.0,11668.74,3426.34,0.0,0.0,0.0,66.99,313.0,67.0,0.0,2.0,43.0,4.0,12.0,False,Active
1640,19,2056,108705.22,574,964,0.49,0.51,12433.0,2888.0,0.0,864.0,0.0,6715.0,22421.0,6151.0,7404.0,0.0,1486.0,14833.0,0.0,0.0,23817.0,2228.0,7463.0,0.0,0.0,93883.09,12234.2,1827.37,0.0,0.0,760.56,1726.0,44.0,4.0,101.0,65.0,8.0,9.0,False,Active
1659,5,31,1626.57,13,282,0.05,0.95,40.0,253.0,0.0,1280.0,0.0,0.0,12.0,0.0,0.0,0.0,0.0,32.0,0.0,0.0,10.0,0.0,0.0,0.0,0.0,386.55,175.54,0.0,0.0,0.0,1064.48,8.0,0.0,0.0,1.0,10.0,0.0,0.0,False,Active
1663,5,163,18835.57,79,123,0.97,0.03,9170.0,0.0,0.0,106.0,0.0,503.0,1866.0,28.0,0.0,0.0,366.0,2595.0,0.0,0.0,2838.0,20.0,1346.0,0.0,0.0,17257.04,1578.53,0.0,0.0,0.0,0.0,129.0,0.0,27.0,2.0,0.0,0.0,0.0,False,Active
1664,3,115,21351.87,34,160,0.39,0.61,6700.0,11.0,0.0,12970.0,0.0,0.0,108.0,18.0,0.0,0.0,0.0,232.0,0.0,0.0,276.0,600.0,438.0,0.0,0.0,21135.57,0.0,0.0,0.0,0.0,0.0,105.0,0.0,0.0,0.0,0.0,0.0,0.0,False,Active
1665,3,71,3031.42,45,59,0.96,0.04,0.0,0.0,0.0,114.0,0.0,0.0,1223.0,33.0,39.0,0.0,0.0,896.0,0.0,0.0,156.0,0.0,571.0,0.0,0.0,2040.93,990.49,0.0,0.0,0.0,0.0,46.0,0.0,0.0,0.0,0.0,0.0,0.0,False,Active
1674,2,17,2545.3,14,187,0.21,0.79,0.0,0.0,0.0,0.0,0.0,110.0,231.0,0.0,1624.0,0.0,0.0,489.0,0.0,0.0,0.0,80.0,12.0,0.0,0.0,2545.3,0.0,0.0,0.0,0.0,0.0,15.0,0.0,0.0,0.0,0.0,0.0,0.0,False,Active
1675,3,50,687.42,22,405,0.57,0.43,0.0,0.0,0.0,20.0,0.0,201.0,160.0,0.0,0.0,0.0,0.0,121.0,0.0,0.0,119.0,0.0,65.0,0.0,0.0,450.76,35.35,0.0,0.0,0.0,201.31,46.0,0.0,0.0,0.0,1.0,0.0,0.0,False,Active
1677,2,242,3139.28,20,328,0.11,0.89,0.0,0.0,0.0,2802.0,0.0,0.0,24.0,0.0,0.0,0.0,0.0,37.0,0.0,0.0,0.0,0.0,276.0,0.0,0.0,3119.45,19.83,0.0,0.0,0.0,0.0,241.0,0.0,0.0,0.0,0.0,0.0,0.0,False,Active
1678,12,2400,106383.12,593,960,0.62,0.38,0.0,1525.0,0.0,5469.0,0.0,845.0,34868.0,5143.0,11433.0,0.0,455.0,8647.0,0.0,298.0,27045.0,240.0,10375.0,40.0,0.0,100940.93,4507.49,747.24,0.0,0.0,187.46,2258.0,53.0,0.0,10.0,31.0,1.0,4.0,False,Active
1679,6,534,40310.94,166,284,0.41,0.59,29788.0,33.0,0.0,775.0,0.0,0.0,2974.0,49.0,2544.0,0.0,0.0,435.0,0.0,0.0,1494.0,0.0,2219.0,0.0,0.0,39340.91,759.33,0.0,0.0,0.0,178.17,454.0,5.0,0.0,59.0,3.0,12.0,1.0,False,Active
1680,1,46,1730.82,31,237,0.92,0.08,1410.0,0.0,0.0,104.0,0.0,0.0,86.0,0.0,0.0,0.0,0.0,32.0,0.0,0.0,67.0,0.0,32.0,0.0,0.0,1730.82,0.0,0.0,0.0,0.0,0.0,46.0,0.0,0.0,0.0,0.0,0.0,0.0,False,Active
1684,9,83,1905.54,18,831,0.0,1.0,0.0,277.0,0.0,812.0,0.0,0.0,235.0,0.0,148.0,0.0,0.0,71.0,0.0,0.0,363.0,0.0,0.0,0.0,0.0,1102.77,583.22,171.11,0.0,0.0,48.44,11.0,17.0,0.0,1.0,6.0,0.0,5.0,False,Active
1688,2,56,5918.06,4,160,0.0,1.0,0.0,0.0,0.0,5918.0,0.0,0.0,0.0,0.0,0.0,0.0,0.0,0.0,0.0,0.0,0.0,0.0,0.0,0.0,0.0,2932.6,2985.46,0.0,0.0,0.0,0.0,1.0,0.0,0.0,55.0,0.0,0.0,0.0,False,Active
1701,3,146,1045.66,38,413,0.97,0.03,0.0,0.0,0.0,4.0,0.0,0.0,427.0,0.0,24.0,0.0,0.0,264.0,0.0,0.0,253.0,0.0,74.0,0.0,0.0,964.03,81.63,0.0,0.0,0.0,0.0,142.0,2.0,0.0,0.0,0.0,2.0,0.0,False,Active
1703,3,16,441.64,15,41,0.9,0.1,0.0,0.0,0.0,8.0,0.0,0.0,3.0,0.0,100.0,0.0,0.0,302.0,0.0,0.0,0.0,0.0,29.0,0.0,0.0,11.45,395.32,0.0,0.0,0.0,34.87,1.0,0.0,0.0,0.0,0.0,0.0,2.0,False,Active
1716,3,15,900.48,15,369,0.62,0.38,0.0,0.0,0.0,0.0,0.0,0.0,17.0,5.0,317.0,0.0,0.0,275.0,0.0,0.0,243.0,0.0,44.0,0.0,0.0,0.0,900.48,0.0,0.0,0.0,0.0,0.0,8.0,1.0,0.0,0.0,0.0,0.0,False,Active
1755,1,10,402.64,1,505,0.0,1.0,0.0,0.0,0.0,0.0,0.0,0.0,0.0,0.0,0.0,0.0,0.0,0.0,0.0,0.0,403.0,0.0,0.0,0.0,0.0,402.64,0.0,0.0,0.0,0.0,0.0,10.0,0.0,0.0,0.0,0.0,0.0,0.0,False,Active
1760,2,2,307.8,2,1,0.0,1.0,308.0,0.0,0.0,0.0,0.0,0.0,0.0,0.0,0.0,0.0,0.0,0.0,0.0,0.0,0.0,0.0,0.0,0.0,0.0,0.0,307.8,0.0,0.0,0.0,0.0,0.0,0.0,0.0,0.0,1.0,0.0,0.0,False,Active
1770,2,3,119.87,2,9,1.0,0.0,0.0,0.0,0.0,0.0,0.0,0.0,0.0,0.0,0.0,0.0,0.0,120.0,0.0,0.0,0.0,0.0,0.0,0.0,0.0,0.0,119.87,0.0,0.0,0.0,0.0,0.0,2.0,0.0,0.0,0.0,0.0,0.0,False,Active
1778,12,1609,61432.74,270,963,0.52,0.48,17660.0,2418.0,0.0,1164.0,0.0,206.0,8843.0,923.0,11631.0,0.0,26.0,2050.0,0.0,12047.0,1072.0,10.0,3383.0,0.0,0.0,54584.71,6396.0,335.64,0.0,0.0,116.39,1314.0,59.0,17.0,45.0,109.0,0.0,5.0,False,Active
1779,6,427,8429.14,138,307,0.86,0.14,2624.0,1548.0,0.0,43.0,0.0,0.0,411.0,140.0,0.0,0.0,202.0,1259.0,0.0,0.0,148.0,31.0,2023.0,0.0,0.0,7727.72,699.48,0.0,0.0,0.0,1.94,393.0,0.0,6.0,0.0,3.0,1.0,0.0,False,Active
1780,10,1032,86541.79,398,964,0.7,0.3,10145.0,697.0,0.0,1069.0,0.0,3452.0,7083.0,3360.0,4942.0,0.0,608.0,13930.0,0.0,16893.0,17942.0,0.0,6420.0,0.0,0.0,70974.54,15210.82,356.43,0.0,0.0,0.0,744.0,62.0,46.0,49.0,11.0,78.0,0.0,False,Active
1781,9,438,15833.85,196,959,0.65,0.35,528.0,538.0,0.0,568.0,0.0,31.0,2133.0,839.0,555.0,0.0,0.0,3035.0,0.0,0.0,5937.0,254.0,1416.0,0.0,0.0,11016.56,4795.25,22.04,0.0,0.0,0.0,297.0,52.0,21.0,12.0,16.0,0.0,9.0,False,Active
1782,15,613,28187.39,259,543,0.5,0.5,1240.0,1231.0,0.0,1114.0,0.0,130.0,1772.0,947.0,6464.0,0.0,195.0,6286.0,0.0,0.0,5848.0,157.0,2565.0,239.0,0.0,14190.01,13799.47,0.0,0.0,0.0,90.52,379.0,96.0,6.0,1.0,24.0,1.0,15.0,False,Active
1786,15,442,22620.3,192,557,0.92,0.08,7136.0,208.0,0.0,554.0,0.0,1038.0,3574.0,251.0,397.0,0.0,11.0,3169.0,8.0,0.0,3932.0,75.0,2268.0,0.0,0.0,20439.73,2020.92,0.0,0.0,0.0,47.49,335.0,18.0,1.0,5.0,23.0,21.0,1.0,False,Active
1788,8,280,17723.94,61,530,0.81,0.19,4000.0,861.0,0.0,59.0,0.0,502.0,5219.0,15.0,930.0,0.0,454.0,70.0,0.0,0.0,3394.0,0.0,2220.0,0.0,0.0,17118.01,605.93,0.0,0.0,0.0,0.0,208.0,17.0,0.0,2.0,21.0,0.0,2.0,False,Active
1789,4,64,594.58,28,828,0.85,0.15,43.0,22.0,0.0,0.0,0.0,5.0,175.0,0.0,0.0,0.0,0.0,83.0,0.0,0.0,197.0,0.0,70.0,0.0,0.0,523.65,36.95,33.98,0.0,0.0,0.0,58.0,2.0,0.0,1.0,0.0,0.0,0.0,False,Active
1791,10,336,16887.59,110,300,0.57,0.43,202.0,831.0,0.0,242.0,0.0,278.0,1498.0,624.0,428.0,0.0,994.0,1609.0,0.0,0.0,4770.0,80.0,5334.0,0.0,0.0,11097.45,5790.14,0.0,0.0,0.0,0.0,226.0,11.0,3.0,2.0,1.0,75.0,0.0,False,Active
1792,13,505,80175.62,237,653,0.94,0.06,48187.0,370.0,0.0,293.0,0.0,142.0,4437.0,543.0,11726.0,0.0,884.0,892.0,0.0,0.0,3667.0,435.0,8599.0,0.0,0.0,4741.62,75054.8,0.0,0.0,0.0,122.75,93.0,234.0,57.0,0.0,0.0,26.0,1.0,False,Active
1795,4,120,2273.77,87,598,1.0,0.0,0.0,0.0,0.0,22.0,0.0,0.0,347.0,45.0,6.0,0.0,0.0,561.0,0.0,0.0,1122.0,0.0,172.0,0.0,0.0,1919.71,354.06,0.0,0.0,0.0,0.0,102.0,5.0,1.0,0.0,0.0,0.0,0.0,False,Active
1797,17,500,36860.43,280,958,0.81,0.19,0.0,162.0,0.0,1121.0,0.0,242.0,2047.0,695.0,13554.0,0.0,63.0,12289.0,0.0,0.0,5782.0,290.0,615.0,0.0,0.0,19398.97,11866.17,0.0,131.94,0.0,1429.44,367.0,10.0,3.0,1.0,0.0,11.0,8.0,False,Active
1798,13,338,24361.81,139,526,0.47,0.53,1247.0,69.0,0.0,7669.0,0.0,418.0,3510.0,296.0,393.0,0.0,2266.0,4178.0,0.0,97.0,2089.0,197.0,1751.0,184.0,0.0,3098.08,20990.61,0.0,0.0,0.0,68.59,48.0,0.0,74.0,2.0,5.0,95.0,0.0,False,Active
1799,7,232,4698.3,82,591,0.9,0.1,0.0,239.0,0.0,10.0,0.0,21.0,2856.0,0.0,0.0,0.0,403.0,517.0,0.0,117.0,185.0,0.0,351.0,0.0,0.0,4374.61,204.52,0.0,0.0,0.0,119.17,207.0,0.0,0.0,2.0,0.0,0.0,13.0,False,Active
1803,6,323,13876.05,102,895,0.84,0.16,0.0,311.0,0.0,201.0,0.0,0.0,5804.0,613.0,186.0,0.0,560.0,1025.0,0.0,30.0,2084.0,16.0,3046.0,0.0,0.0,13455.96,420.09,0.0,0.0,0.0,0.0,296.0,3.0,0.0,1.0,19.0,1.0,0.0,False,Active
1804,16,988,44269.5,374,697,0.67,0.33,2921.0,1272.0,0.0,1215.0,0.0,821.0,4630.0,2445.0,2316.0,0.0,55.0,4772.0,0.0,0.0,16744.0,141.0,6767.0,170.0,0.0,32346.18,11331.58,79.25,0.0,0.0,72.98,726.0,50.0,4.0,20.0,39.0,0.0,0.0,False,Active
1805,9,112,2324.4,59,854,0.65,0.35,0.0,46.0,0.0,58.0,0.0,26.0,131.0,0.0,0.0,0.0,0.0,410.0,0.0,0.0,1385.0,0.0,269.0,0.0,0.0,1052.85,534.25,0.0,0.0,0.0,657.14,52.0,4.0,1.0,2.0,0.0,0.0,38.0,False,Active
1806,6,554,36565.83,173,860,0.47,0.53,0.0,4153.0,0.0,4030.0,0.0,65.0,6220.0,914.0,4683.0,0.0,0.0,4052.0,0.0,2415.0,9327.0,499.0,209.0,0.0,0.0,33505.79,1561.08,0.0,0.0,0.0,1498.96,528.0,3.0,0.0,3.0,6.0,0.0,6.0,False,Active
1809,9,656,21384.3,157,963,0.68,0.32,8974.0,295.0,0.0,251.0,0.0,704.0,4155.0,911.0,526.0,0.0,0.0,2919.0,0.0,5.0,1361.0,110.0,1175.0,0.0,0.0,20549.61,765.07,0.0,0.0,0.0,69.62,531.0,2.0,0.0,4.0,0.0,0.0,13.0,False,Active
1811,11,617,104722.91,243,939,0.75,0.25,0.0,2275.0,0.0,1654.0,0.0,755.0,2752.0,5173.0,9699.0,0.0,12.0,31363.0,0.0,0.0,45999.0,158.0,4884.0,0.0,0.0,86102.24,17801.2,0.0,327.19,0.0,487.03,535.0,14.0,24.0,0.0,13.0,13.0,5.0,False,Active
1813,3,625,22864.58,178,725,0.97,0.03,0.0,74.0,0.0,623.0,0.0,749.0,10575.0,859.0,132.0,0.0,0.0,6356.0,0.0,0.0,2560.0,8.0,929.0,0.0,0.0,20673.48,2191.1,0.0,0.0,0.0,0.0,509.0,6.0,0.0,0.0,0.0,110.0,0.0,False,Active
1815,16,1756,87863.44,592,964,0.59,0.41,1405.0,4774.0,0.0,1369.0,0.0,2312.0,26780.0,1106.0,5433.0,0.0,495.0,9682.0,0.0,0.0,28265.0,251.0,5991.0,0.0,0.0,39301.53,43019.69,609.84,0.0,0.0,4541.3,711.0,164.0,7.0,31.0,13.0,311.0,85.0,False,Active
1816,5,186,2705.45,34,915,0.66,0.34,0.0,91.0,0.0,789.0,0.0,0.0,592.0,65.0,0.0,0.0,0.0,982.0,0.0,0.0,69.0,0.0,117.0,0.0,0.0,2622.75,39.13,2.25,0.0,0.0,41.32,122.0,0.0,0.0,58.0,0.0,0.0,2.0,False,Active
1819,6,104,6658.53,47,585,0.87,0.13,4470.0,359.0,0.0,298.0,0.0,0.0,477.0,24.0,0.0,0.0,0.0,372.0,0.0,0.0,377.0,0.0,282.0,0.0,0.0,6283.5,375.03,0.0,0.0,0.0,0.0,85.0,0.0,5.0,2.0,1.0,0.0,1.0,False,Active
1820,6,35,963.22,17,901,0.01,0.99,0.0,176.0,0.0,229.0,0.0,3.0,115.0,0.0,0.0,0.0,0.0,56.0,0.0,0.0,351.0,0.0,33.0,0.0,0.0,881.01,63.23,0.0,0.0,0.0,18.98,12.0,7.0,1.0,4.0,0.0,0.0,8.0,False,Active
1821,1,8,88.95,7,431,1.0,0.0,0.0,0.0,0.0,0.0,0.0,0.0,40.0,21.0,0.0,0.0,0.0,12.0,0.0,0.0,17.0,0.0,0.0,0.0,0.0,88.95,0.0,0.0,0.0,0.0,0.0,8.0,0.0,0.0,0.0,0.0,0.0,0.0,False,Active
1826,10,196,7582.64,76,322,0.63,0.37,140.0,307.0,0.0,777.0,0.0,7.0,949.0,0.0,2658.0,0.0,21.0,658.0,0.0,0.0,1104.0,0.0,961.0,0.0,0.0,4346.7,3197.38,38.56,0.0,0.0,0.0,66.0,9.0,2.0,17.0,2.0,24.0,17.0,False,Active
1829,11,1816,50248.92,433,962,0.55,0.45,436.0,1064.0,0.0,2361.0,0.0,928.0,12889.0,1973.0,12912.0,0.0,417.0,5538.0,0.0,0.0,8832.0,415.0,2486.0,0.0,0.0,28897.52,20997.99,0.0,0.0,0.0,353.41,1316.0,213.0,201.0,2.0,41.0,0.0,10.0,False,Active
1830,15,215,14243.6,52,747,0.34,0.66,2127.0,324.0,0.0,2977.0,0.0,594.0,3222.0,0.0,1763.0,0.0,780.0,0.0,0.0,326.0,1047.0,513.0,570.0,0.0,33.75,11733.97,2134.65,0.0,0.0,0.0,341.23,131.0,4.0,1.0,31.0,2.0,0.0,1.0,False,Active
1833,4,177,1415.27,50,188,0.73,0.27,180.0,19.0,0.0,58.0,0.0,258.0,206.0,0.0,0.0,0.0,0.0,517.0,0.0,0.0,83.0,6.0,88.0,0.0,0.0,1415.27,0.0,0.0,0.0,0.0,0.0,168.0,0.0,0.0,7.0,1.0,0.0,0.0,False,Active
1834,9,153,5288.26,114,607,0.63,0.37,0.0,15.0,0.0,375.0,0.0,21.0,924.0,86.0,275.0,0.0,147.0,757.0,0.0,0.0,1764.0,73.0,850.0,0.0,0.0,1728.19,2588.23,586.54,0.0,0.0,98.83,40.0,25.0,15.0,25.0,0.0,0.0,3.0,False,Active
1835,8,49,7675.9,21,779,0.01,0.99,364.0,660.0,0.0,885.0,0.0,375.0,0.0,0.0,0.0,0.0,0.0,0.0,0.0,4489.0,903.0,0.0,0.0,0.0,0.0,1756.41,1384.7,0.0,0.0,0.0,4534.79,23.0,0.0,3.0,0.0,0.0,0.0,2.0,False,Active
1836,2,20,755.36,11,100,1.0,0.0,0.0,0.0,0.0,0.0,0.0,34.0,82.0,0.0,0.0,0.0,0.0,384.0,0.0,0.0,26.0,0.0,229.0,0.0,0.0,0.0,755.36,0.0,0.0,0.0,0.0,0.0,0.0,6.0,0.0,0.0,14.0,0.0,False,Active
1838,26,1627,46957.98,611,752,0.74,0.26,0.0,1150.0,0.0,1464.0,0.0,1852.0,7786.0,6876.0,10156.0,0.0,52.0,5577.0,0.0,0.0,7105.0,93.0,4847.0,0.0,0.0,31796.46,4953.51,1396.97,0.0,0.0,631.91,1072.0,11.0,16.0,14.0,2.0,31.0,16.0,False,Active
1839,9,206,1263.52,56,449,0.82,0.18,0.0,28.0,0.0,25.0,0.0,0.0,611.0,0.0,23.0,0.0,0.0,99.0,0.0,0.0,448.0,0.0,31.0,0.0,0.0,1168.11,94.48,0.0,0.0,0.0,0.93,179.0,1.0,0.0,2.0,0.0,1.0,7.0,False,Active
1841,8,262,8424.17,57,144,0.21,0.79,4954.0,693.0,0.0,59.0,0.0,0.0,1280.0,0.0,0.0,0.0,0.0,331.0,0.0,577.0,424.0,0.0,107.0,0.0,0.0,6554.42,706.12,0.0,0.0,0.0,1163.63,56.0,1.0,78.0,18.0,0.0,0.0,20.0,False,Active
1842,5,341,18841.14,96,185,0.28,0.72,2620.0,325.0,0.0,12978.0,0.0,10.0,1448.0,31.0,4.0,0.0,0.0,370.0,0.0,0.0,69.0,30.0,956.0,0.0,0.0,18634.2,206.94,0.0,0.0,0.0,0.0,316.0,0.0,0.0,1.0,19.0,0.0,0.0,False,Active
1844,4,94,4242.56,32,410,0.73,0.27,3259.0,4.0,0.0,171.0,0.0,52.0,282.0,0.0,0.0,0.0,0.0,362.0,0.0,0.0,0.0,0.0,112.0,0.0,0.0,3215.83,1026.73,0.0,0.0,0.0,0.0,88.0,0.0,0.0,0.0,0.0,0.0,0.0,False,Active
1845,8,367,8839.02,208,207,0.68,0.32,2254.0,53.0,0.0,84.0,0.0,51.0,886.0,581.0,263.0,0.0,0.0,3466.0,0.0,0.0,554.0,30.0,617.0,0.0,0.0,5674.85,2976.59,0.0,0.0,0.0,0.0,160.0,98.0,0.0,0.0,3.0,0.0,0.0,False,Active
1853,4,1297,39192.91,307,964,1.0,0.0,0.0,53.0,0.0,177.0,0.0,0.0,26117.0,542.0,149.0,0.0,7.0,9709.0,0.0,0.0,979.0,0.0,1461.0,0.0,0.0,39144.29,42.66,5.96,0.0,0.0,0.0,1292.0,1.0,0.0,1.0,0.0,3.0,0.0,False,Active
1871,5,65,14937.34,45,890,0.92,0.08,13290.0,45.0,0.0,50.0,0.0,58.0,473.0,0.0,0.0,0.0,0.0,58.0,0.0,0.0,834.0,0.0,131.0,0.0,0.0,14937.34,0.0,0.0,0.0,0.0,0.0,60.0,1.0,0.0,1.0,2.0,0.0,0.0,False,Active
1872,2,23,571.04,21,826,1.0,0.0,0.0,12.0,0.0,0.0,0.0,0.0,94.0,0.0,171.0,0.0,0.0,192.0,0.0,0.0,89.0,2.0,12.0,0.0,0.0,541.25,29.79,0.0,0.0,0.0,0.0,22.0,0.0,0.0,0.0,0.0,0.0,0.0,False,Active
1886,1,38,820.75,25,201,1.0,0.0,0.0,0.0,0.0,0.0,0.0,0.0,731.0,0.0,0.0,0.0,0.0,0.0,0.0,0.0,89.0,0.0,1.0,0.0,0.0,820.75,0.0,0.0,0.0,0.0,0.0,38.0,0.0,0.0,0.0,0.0,0.0,0.0,False,Active
1895,7,146,3406.59,105,176,0.77,0.23,244.0,152.0,0.0,110.0,0.0,28.0,158.0,199.0,551.0,0.0,25.0,1165.0,0.0,0.0,466.0,0.0,308.0,0.0,0.0,2963.29,57.95,0.0,0.0,0.0,0.0,121.0,1.0,0.0,0.0,0.0,1.0,0.0,False,Active
1896,2,10,46.97,9,649,1.0,0.0,0.0,0.0,0.0,0.0,0.0,0.0,14.0,0.0,0.0,0.0,0.0,28.0,0.0,0.0,5.0,0.0,0.0,0.0,0.0,25.45,21.52,0.0,0.0,0.0,0.0,4.0,6.0,0.0,0.0,0.0,0.0,0.0,False,Active
1897,10,1417,12634.52,252,784,0.9,0.1,0.0,844.0,0.0,146.0,0.0,238.0,4443.0,147.0,988.0,0.0,0.0,3557.0,0.0,0.0,840.0,0.0,1432.0,0.0,0.0,11844.79,356.2,0.0,0.0,31.55,0.0,1366.0,0.0,1.0,0.0,2.0,26.0,1.0,False,Active
1898,7,42,1713.86,31,638,0.83,0.17,41.0,8.0,0.0,12.0,0.0,130.0,111.0,0.0,442.0,0.0,0.0,716.0,0.0,60.0,99.0,0.0,94.0,0.0,0.0,426.9,1236.6,0.0,0.0,0.0,42.23,8.0,7.0,0.0,2.0,0.0,0.0,0.0,False,Active
1899,7,1581,16433.62,207,549,0.84,0.16,170.0,691.0,0.0,598.0,0.0,216.0,9093.0,127.0,25.0,0.0,8.0,2033.0,0.0,300.0,2239.0,60.0,873.0,0.0,0.0,15141.67,676.64,0.0,0.0,0.0,615.31,1488.0,15.0,17.0,20.0,0.0,16.0,21.0,False,Active
1900,1,684,6286.4,144,920,1.0,0.0,0.0,14.0,0.0,12.0,0.0,0.0,4222.0,241.0,19.0,0.0,15.0,1326.0,0.0,0.0,429.0,0.0,9.0,0.0,0.0,6286.4,0.0,0.0,0.0,0.0,0.0,684.0,0.0,0.0,0.0,0.0,0.0,0.0,False,Active
1901,4,175,1671.17,47,400,0.99,0.01,0.0,0.0,0.0,17.0,0.0,0.0,417.0,0.0,0.0,0.0,0.0,748.0,0.0,0.0,412.0,25.0,52.0,0.0,0.0,1464.4,84.42,122.35,0.0,0.0,0.0,156.0,1.0,0.0,17.0,0.0,0.0,0.0,False,Active
1902,6,286,12565.05,74,324,0.45,0.55,0.0,2047.0,0.0,90.0,0.0,1132.0,790.0,67.0,3674.0,0.0,2137.0,229.0,0.0,0.0,1275.0,903.0,220.0,0.0,55.15,54.0,0.0,0.0,5846.58,0.0,290.45,1.0,0.0,0.0,6.0,0.0,0.0,8.0,False,Active
1903,8,85,2716.92,22,456,0.01,0.99,0.0,387.0,0.0,1037.0,0.0,0.0,0.0,0.0,0.0,0.0,0.0,18.0,0.0,0.0,861.0,0.0,414.0,0.0,0.0,1156.19,1556.21,0.0,0.0,0.0,4.52,2.0,5.0,0.0,0.0,28.0,18.0,0.0,False,Active
1904,8,273,6912.42,139,928,0.95,0.05,0.0,15.0,0.0,71.0,0.0,0.0,1096.0,411.0,1395.0,0.0,0.0,2106.0,0.0,0.0,1040.0,158.0,621.0,0.0,0.0,6568.74,343.68,0.0,0.0,0.0,0.0,241.0,9.0,1.0,0.0,5.0,0.0,0.0,False,Active
1905,7,308,12887.05,114,642,0.81,0.19,3393.0,209.0,0.0,190.0,0.0,40.0,1927.0,731.0,2369.0,0.0,494.0,112.0,0.0,0.0,1224.0,2.0,2195.0,0.0,0.0,9203.29,79.76,0.0,0.0,3268.07,0.0,261.0,7.0,1.0,0.0,0.0,0.0,0.0,False,Active
1906,13,681,27841.57,173,766,0.22,0.78,3266.0,5322.0,0.0,681.0,0.0,2568.0,2671.0,559.0,7442.0,0.0,0.0,831.0,0.0,0.0,1825.0,197.0,2479.0,0.0,0.0,19303.73,6544.62,0.0,0.0,0.0,1993.22,413.0,26.0,7.0,6.0,119.0,0.0,19.0,False,Active
1908,12,303,8749.09,151,964,0.35,0.65,0.0,591.0,0.0,1734.0,0.0,99.0,623.0,187.0,1410.0,0.0,0.0,1707.0,0.0,0.0,1920.0,57.0,422.0,0.0,0.0,4963.37,3040.35,128.8,0.0,0.0,616.57,156.0,26.0,9.0,17.0,33.0,36.0,16.0,False,Active
1910,8,499,23088.46,188,954,0.87,0.13,0.0,859.0,0.0,498.0,0.0,80.0,2368.0,2782.0,1738.0,0.0,0.0,8077.0,0.0,0.0,4555.0,174.0,1957.0,0.0,0.0,18749.72,3604.72,0.0,0.0,0.0,0.0,478.0,1.0,5.0,0.0,0.0,3.0,0.0,False,Active
1911,22,2804,107444.56,818,964,0.84,0.16,6023.0,5264.0,0.0,3686.0,0.0,1191.0,21074.0,5930.0,17278.0,0.0,45.0,22932.0,0.0,0.0,14076.0,194.0,9752.0,0.0,0.0,73801.89,22038.34,128.79,0.0,0.0,546.01,2050.0,46.0,9.0,23.0,169.0,38.0,26.0,False,Active
1912,9,1067,23833.55,107,919,0.71,0.29,3860.0,816.0,0.0,621.0,0.0,0.0,12049.0,158.0,0.0,0.0,630.0,52.0,0.0,31.0,3715.0,526.0,1375.0,0.0,0.0,23596.65,194.41,0.0,0.0,0.0,42.49,939.0,4.0,0.0,2.0,101.0,0.0,1.0,False,Active
1919,9,521,19146.34,284,861,0.96,0.04,256.0,17.0,0.0,265.0,0.0,172.0,6942.0,2378.0,1153.0,0.0,106.0,4161.0,0.0,0.0,2485.0,23.0,1188.0,0.0,0.0,10252.99,8893.35,0.0,0.0,0.0,0.0,285.0,26.0,48.0,0.0,0.0,113.0,0.0,False,Active
1920,8,2285,77348.85,493,962,0.91,0.09,50.0,266.0,0.0,2850.0,0.0,542.0,31291.0,3273.0,6293.0,0.0,849.0,6077.0,0.0,0.0,13848.0,211.0,11798.0,0.0,0.0,73433.25,3915.6,0.0,0.0,0.0,0.0,2192.0,4.0,53.0,0.0,0.0,28.0,0.0,False,Active
1923,11,230,32706.86,127,642,0.74,0.26,0.0,2446.0,0.0,138.0,0.0,1764.0,2077.0,374.0,5718.0,0.0,31.0,3458.0,0.0,0.0,10239.0,25.0,6436.0,0.0,0.0,2596.72,29502.13,71.06,0.0,0.0,44.98,11.0,8.0,3.0,4.0,8.0,156.0,1.0,False,Active
1929,5,389,10951.09,127,760,0.92,0.08,50.0,68.0,0.0,143.0,0.0,97.0,5975.0,931.0,1239.0,0.0,21.0,551.0,0.0,0.0,1326.0,0.0,551.0,0.0,0.0,8787.66,2163.43,0.0,0.0,0.0,0.0,344.0,19.0,13.0,1.0,12.0,0.0,0.0,False,Active
1930,18,1891,63037.24,768,938,0.72,0.28,3475.0,876.0,0.0,2734.0,0.0,1138.0,7004.0,733.0,9011.0,0.0,2666.0,16947.0,0.0,0.0,10697.0,483.0,7272.0,0.0,0.0,47538.69,11642.0,0.0,0.0,0.0,2959.18,1388.0,239.0,5.0,14.0,0.0,24.0,47.0,False,Active
1931,6,929,51952.33,342,962,1.0,0.0,0.0,157.0,0.0,861.0,0.0,185.0,7584.0,1497.0,6756.0,0.0,342.0,14359.0,0.0,0.0,10130.0,1597.0,8484.0,0.0,0.0,49852.37,328.24,0.0,0.0,0.0,0.0,878.0,0.0,11.0,0.0,0.0,1.0,0.0,False,Active
1932,8,356,9929.58,126,895,0.95,0.05,100.0,126.0,0.0,402.0,0.0,0.0,6733.0,29.0,136.0,0.0,0.0,2090.0,0.0,0.0,306.0,0.0,9.0,0.0,0.0,9706.09,223.49,0.0,0.0,0.0,0.0,326.0,3.0,0.0,16.0,1.0,6.0,0.0,False,Active
1940,7,50,7175.23,35,747,0.37,0.63,348.0,129.0,0.0,0.0,0.0,0.0,598.0,200.0,3528.0,0.0,0.0,0.0,0.0,0.0,2159.0,39.0,173.0,0.0,0.0,2796.05,1905.31,0.0,0.0,0.0,5.47,15.0,18.0,3.0,2.0,0.0,0.0,0.0,False,Active
1942,8,1285,133105.29,205,905,0.11,0.89,97011.0,3262.0,0.0,565.0,0.0,1226.0,5667.0,878.0,3348.0,0.0,169.0,2140.0,0.0,10465.0,4600.0,567.0,3208.0,0.0,0.0,61215.12,71890.17,0.0,0.0,0.0,0.0,655.0,2.0,0.0,83.0,77.0,25.0,0.0,False,Active
1943,14,301,20961.52,90,216,0.22,0.78,1662.0,2287.0,0.0,2301.0,0.0,6775.0,3011.0,57.0,2413.0,0.0,0.0,806.0,0.0,47.0,443.0,79.0,1082.0,0.0,0.0,19377.64,400.0,0.0,0.0,0.0,1183.88,197.0,2.0,0.0,4.0,7.0,8.0,28.0,False,Active
1945,3,71,632.6,17,330,0.42,0.58,0.0,0.0,0.0,32.0,0.0,0.0,308.0,18.0,0.0,0.0,0.0,8.0,0.0,0.0,79.0,0.0,188.0,0.0,0.0,632.6,0.0,0.0,0.0,0.0,0.0,67.0,0.0,0.0,0.0,0.0,0.0,0.0,False,Active
1950,9,630,24782.96,284,892,0.97,0.03,0.0,123.0,0.0,156.0,0.0,168.0,7969.0,589.0,3218.0,0.0,50.0,7187.0,0.0,0.0,3414.0,77.0,1833.0,0.0,0.0,21941.68,2763.35,74.59,0.0,0.0,3.34,544.0,1.0,14.0,7.0,0.0,24.0,1.0,False,Active
1954,12,223,9188.22,86,939,0.3,0.7,1063.0,252.0,0.0,1174.0,0.0,453.0,338.0,31.0,0.0,0.0,110.0,1914.0,0.0,0.0,3192.0,47.0,616.0,0.0,0.0,5856.34,2550.78,566.99,0.0,0.0,214.11,67.0,30.0,58.0,36.0,1.0,0.0,5.0,False,Active
1955,2,311,12312.5,128,945,0.95,0.05,0.0,80.0,0.0,0.0,0.0,0.0,1571.0,15.0,352.0,0.0,365.0,1822.0,0.0,0.0,7381.0,0.0,728.0,0.0,0.0,12312.5,0.0,0.0,0.0,0.0,0.0,310.0,0.0,1.0,0.0,0.0,0.0,0.0,False,Active
1967,2,66,2970.19,37,876,1.0,0.0,0.0,0.0,0.0,541.0,0.0,86.0,1304.0,0.0,18.0,0.0,40.0,758.0,0.0,0.0,43.0,0.0,180.0,0.0,0.0,2876.1,94.09,0.0,0.0,0.0,0.0,65.0,1.0,0.0,0.0,0.0,0.0,0.0,False,Active
1969,3,265,1170.89,60,856,0.83,0.17,0.0,23.0,0.0,8.0,0.0,23.0,603.0,0.0,0.0,0.0,0.0,54.0,0.0,0.0,199.0,26.0,236.0,0.0,0.0,1170.89,0.0,0.0,0.0,0.0,0.0,261.0,3.0,0.0,0.0,0.0,0.0,0.0,False,Active
1976,11,208,266646.8,28,920,0.0,1.0,144.0,5748.0,0.0,247950.0,0.0,8724.0,105.0,0.0,0.0,0.0,78.0,33.0,0.0,0.0,3850.0,0.0,14.0,0.0,0.0,180039.02,75971.79,0.0,0.0,0.0,10635.99,21.0,0.0,0.0,40.0,0.0,0.0,3.0,False,Active
1977,1,48,5378.95,17,152,0.99,0.01,4870.0,0.0,0.0,0.0,0.0,0.0,228.0,66.0,0.0,0.0,0.0,0.0,0.0,0.0,129.0,0.0,86.0,0.0,0.0,5378.95,0.0,0.0,0.0,0.0,0.0,48.0,0.0,0.0,0.0,0.0,0.0,0.0,False,Active
1978,3,53,3510.44,32,332,0.7,0.3,1000.0,0.0,0.0,33.0,0.0,0.0,139.0,0.0,0.0,0.0,0.0,265.0,0.0,0.0,1101.0,80.0,892.0,0.0,0.0,3510.44,0.0,0.0,0.0,0.0,0.0,50.0,2.0,0.0,0.0,0.0,0.0,0.0,False,Active
1979,5,40,2630.03,22,852,0.18,0.82,0.0,202.0,0.0,495.0,0.0,282.0,66.0,326.0,0.0,0.0,0.0,47.0,0.0,0.0,1211.0,0.0,0.0,0.0,0.0,2503.34,126.69,0.0,0.0,0.0,0.0,21.0,4.0,0.0,0.0,0.0,0.0,0.0,False,Active
1982,7,143,1387.66,61,529,0.73,0.27,0.0,12.0,0.0,199.0,0.0,0.0,186.0,106.0,154.0,0.0,0.0,168.0,0.0,0.0,515.0,0.0,47.0,0.0,0.0,1210.63,177.03,0.0,0.0,0.0,0.0,116.0,10.0,7.0,0.0,1.0,0.0,0.0,False,Active
1983,2,24,682.28,20,501,0.87,0.13,0.0,0.0,0.0,8.0,0.0,0.0,257.0,80.0,99.0,0.0,0.0,216.0,0.0,0.0,15.0,0.0,7.0,0.0,0.0,578.7,103.58,0.0,0.0,0.0,0.0,21.0,3.0,0.0,0.0,0.0,0.0,0.0,False,Active
1984,1,42,584.8,12,208,1.0,0.0,0.0,0.0,0.0,0.0,0.0,0.0,411.0,0.0,66.0,0.0,0.0,23.0,0.0,0.0,22.0,0.0,62.0,0.0,0.0,584.8,0.0,0.0,0.0,0.0,0.0,42.0,0.0,0.0,0.0,0.0,0.0,0.0,False,Active
1985,5,151,3535.47,41,207,0.37,0.63,0.0,264.0,0.0,1370.0,0.0,112.0,649.0,0.0,98.0,0.0,36.0,40.0,0.0,0.0,916.0,0.0,51.0,0.0,0.0,3471.96,63.51,0.0,0.0,0.0,0.0,105.0,5.0,5.0,1.0,0.0,0.0,35.0,False,Active
1986,2,15,347.51,14,55,1.0,0.0,0.0,0.0,0.0,0.0,0.0,0.0,136.0,0.0,0.0,0.0,0.0,16.0,0.0,0.0,174.0,0.0,21.0,0.0,0.0,10.7,0.0,0.0,0.0,0.0,336.81,1.0,0.0,0.0,0.0,0.0,0.0,14.0,False,Active
1988,2,12,169.74,10,283,0.66,0.34,0.0,0.0,0.0,1.0,0.0,0.0,65.0,0.0,0.0,0.0,0.0,81.0,0.0,0.0,20.0,0.0,4.0,0.0,0.0,169.74,0.0,0.0,0.0,0.0,0.0,11.0,0.0,0.0,0.0,0.0,0.0,0.0,False,Active
1989,1,4,11.45,2,112,1.0,0.0,0.0,0.0,0.0,0.0,0.0,0.0,0.0,0.0,0.0,0.0,0.0,10.0,0.0,0.0,2.0,0.0,0.0,0.0,0.0,11.45,0.0,0.0,0.0,0.0,0.0,4.0,0.0,0.0,0.0,0.0,0.0,0.0,False,Active
1992,2,4,563.9,3,29,0.1,0.9,0.0,0.0,0.0,0.0,0.0,0.0,0.0,0.0,0.0,0.0,0.0,9.0,0.0,500.0,55.0,0.0,0.0,0.0,0.0,563.9,0.0,0.0,0.0,0.0,0.0,3.0,0.0,0.0,0.0,0.0,0.0,0.0,False,Active
1994,3,527,30088.87,159,910,0.92,0.08,0.0,2047.0,0.0,0.0,0.0,131.0,2348.0,3472.0,3064.0,0.0,10.0,13960.0,0.0,0.0,4541.0,349.0,143.0,24.0,0.0,30067.26,0.0,0.0,0.0,0.0,21.61,517.0,0.0,0.0,0.0,6.0,0.0,0.0,False,Active
1997,2,30,2260.52,25,279,0.37,0.63,0.0,0.0,0.0,6.0,0.0,0.0,67.0,170.0,1378.0,0.0,0.0,251.0,0.0,0.0,337.0,0.0,51.0,0.0,0.0,2216.55,43.97,0.0,0.0,0.0,0.0,27.0,3.0,0.0,0.0,0.0,0.0,0.0,False,Active
2001,7,1632,14991.13,208,961,0.81,0.19,1649.0,69.0,0.0,95.0,0.0,81.0,5962.0,832.0,0.0,0.0,0.0,2945.0,0.0,0.0,2517.0,0.0,842.0,0.0,0.0,14240.36,657.46,0.0,0.0,93.31,0.0,1607.0,10.0,0.0,0.0,1.0,0.0,0.0,False,Active
2002,13,1928,33727.74,111,642,0.33,0.67,10668.0,526.0,0.0,19904.0,0.0,506.0,485.0,50.0,0.0,0.0,0.0,471.0,0.0,0.0,355.0,440.0,323.0,0.0,0.0,33234.46,101.41,0.0,0.0,0.0,391.87,1791.0,0.0,0.0,3.0,27.0,0.0,8.0,False,Active
2003,1,13,102.15,7,29,1.0,0.0,0.0,0.0,0.0,6.0,0.0,0.0,81.0,0.0,0.0,0.0,0.0,10.0,0.0,0.0,5.0,0.0,0.0,0.0,0.0,102.15,0.0,0.0,0.0,0.0,0.0,13.0,0.0,0.0,0.0,0.0,0.0,0.0,False,Active
2004,15,803,17731.03,325,538,1.0,0.0,0.0,85.0,0.0,774.0,0.0,422.0,3959.0,2495.0,1058.0,0.0,7.0,5192.0,0.0,0.0,3191.0,330.0,218.0,0.0,0.0,11326.77,5451.59,228.68,0.0,0.0,0.0,544.0,106.0,2.0,17.0,16.0,7.0,0.0,False,Active
2005,3,15,750.51,14,58,0.4,0.6,0.0,0.0,327.0,0.0,0.0,0.0,23.0,32.0,0.0,0.0,0.0,107.0,0.0,0.0,229.0,0.0,33.0,0.0,0.0,122.66,627.85,0.0,0.0,0.0,0.0,2.0,4.0,0.0,0.0,0.0,9.0,0.0,False,Active
2006,10,1038,28881.55,415,921,0.95,0.05,413.0,336.0,0.0,225.0,0.0,76.0,3953.0,198.0,2945.0,0.0,525.0,13085.0,0.0,0.0,4607.0,67.0,2452.0,0.0,0.0,17353.59,11527.96,0.0,0.0,0.0,0.0,758.0,22.0,41.0,1.0,1.0,16.0,24.0,False,Active
2008,6,71,10233.82,23,609,0.61,0.39,5650.0,74.0,0.0,1677.0,0.0,0.0,104.0,448.0,0.0,0.0,0.0,116.0,0.0,0.0,2161.0,0.0,5.0,0.0,0.0,9650.45,583.37,0.0,0.0,0.0,0.0,33.0,5.0,0.0,0.0,3.0,0.0,3.0,False,Active
2009,18,1392,155539.37,675,964,0.56,0.44,8577.0,2430.0,0.0,2788.0,0.0,3760.0,13731.0,2485.0,76132.0,0.0,271.0,15293.0,0.0,0.0,23177.0,1006.0,5889.0,0.0,0.0,91271.33,38446.2,6365.69,0.0,0.0,2554.23,1015.0,50.0,8.0,79.0,4.0,23.0,19.0,False,Active
2014,4,19,465.42,7,647,0.64,0.36,300.0,24.0,0.0,22.0,0.0,0.0,0.0,0.0,0.0,0.0,0.0,0.0,0.0,0.0,119.0,0.0,0.0,0.0,0.0,461.05,0.0,0.0,0.0,0.0,0.0,4.0,0.0,0.0,0.0,0.0,0.0,1.0,False,Active
2016,2,145,9369.62,72,386,0.99,0.01,1600.0,0.0,0.0,207.0,0.0,103.0,2219.0,93.0,210.0,0.0,0.0,2219.0,0.0,0.0,1886.0,94.0,738.0,0.0,0.0,9367.22,2.4,0.0,0.0,0.0,0.0,144.0,0.0,0.0,0.0,1.0,0.0,0.0,False,Active
2021,3,8,125.91,7,124,0.9,0.1,0.0,30.0,0.0,0.0,0.0,0.0,29.0,0.0,0.0,0.0,0.0,0.0,0.0,0.0,67.0,0.0,0.0,0.0,0.0,109.0,16.91,0.0,0.0,0.0,0.0,4.0,0.0,0.0,0.0,0.0,1.0,3.0,False,Active
2022,1,21,1545.81,13,544,0.92,0.08,1000.0,0.0,0.0,120.0,0.0,43.0,149.0,184.0,0.0,0.0,0.0,0.0,0.0,0.0,0.0,0.0,50.0,0.0,0.0,1545.81,0.0,0.0,0.0,0.0,0.0,21.0,0.0,0.0,0.0,0.0,0.0,0.0,False,Active
2024,7,353,12542.61,127,933,0.61,0.39,830.0,1792.0,0.0,1687.0,0.0,617.0,2039.0,405.0,388.0,0.0,40.0,2475.0,0.0,0.0,1120.0,0.0,1150.0,0.0,0.0,10218.46,1655.88,18.2,0.0,0.0,0.0,171.0,0.0,21.0,30.0,0.0,6.0,105.0,False,Active
2026,8,191,7905.14,71,575,0.99,0.01,2350.0,88.0,0.0,0.0,0.0,77.0,2611.0,1101.0,16.0,0.0,0.0,133.0,0.0,0.0,1487.0,0.0,44.0,0.0,0.0,1820.05,4205.83,0.0,0.0,0.0,0.0,22.0,133.0,0.0,0.0,0.0,1.0,0.0,False,Active
2041,12,235,5149.02,64,189,0.34,0.66,0.0,1860.0,0.0,26.0,0.0,81.0,412.0,55.0,433.0,0.0,0.0,284.0,0.0,0.0,1265.0,18.0,716.0,0.0,0.0,3540.01,1474.53,0.0,0.0,0.0,134.48,130.0,1.0,9.0,9.0,50.0,0.0,7.0,False,Active
2046,4,309,11569.06,74,576,0.79,0.21,599.0,30.0,0.0,425.0,0.0,80.0,5174.0,150.0,50.0,0.0,0.0,2380.0,0.0,0.0,1033.0,0.0,1648.0,0.0,0.0,11491.7,77.36,0.0,0.0,0.0,0.0,285.0,0.0,0.0,1.0,1.0,0.0,0.0,False,Active
2047,7,655,14221.63,172,435,0.92,0.08,100.0,54.0,0.0,222.0,0.0,149.0,6740.0,274.0,670.0,0.0,0.0,2491.0,0.0,0.0,1099.0,24.0,2400.0,0.0,0.0,13150.75,466.37,0.0,30.4,0.0,574.11,633.0,6.0,8.0,2.0,0.0,0.0,2.0,False,Active
2049,2,302,10009.37,92,801,0.95,0.05,0.0,647.0,0.0,250.0,0.0,0.0,2178.0,67.0,252.0,0.0,0.0,3324.0,0.0,0.0,2215.0,0.0,1077.0,0.0,0.0,10009.37,0.0,0.0,0.0,0.0,0.0,301.0,0.0,0.0,0.0,1.0,0.0,0.0,False,Active
2050,1,770,15743.0,197,550,1.0,0.0,0.0,0.0,0.0,0.0,0.0,0.0,555.0,14.0,1530.0,0.0,7.0,12162.0,0.0,0.0,292.0,248.0,935.0,0.0,0.0,15743.0,0.0,0.0,0.0,0.0,0.0,770.0,0.0,0.0,0.0,0.0,0.0,0.0,False,Active
2051,12,748,31399.03,270,880,0.96,0.04,0.0,0.0,0.0,1787.0,0.0,722.0,5053.0,856.0,5571.0,0.0,146.0,11194.0,0.0,0.0,1385.0,63.0,4621.0,0.0,0.0,23057.68,8276.02,0.0,0.0,0.0,0.0,638.0,1.0,72.0,0.0,1.0,5.0,0.0,False,Active
2055,5,127,2440.53,19,820,0.06,0.94,0.0,1022.0,0.0,210.0,0.0,0.0,42.0,0.0,0.0,0.0,0.0,60.0,0.0,0.0,728.0,3.0,375.0,0.0,0.0,2260.67,175.32,0.0,0.0,0.0,4.54,21.0,2.0,0.0,0.0,99.0,0.0,0.0,False,Active
2057,6,87,328.39,24,231,0.48,0.52,0.0,43.0,0.0,9.0,0.0,58.0,22.0,0.0,39.0,0.0,0.0,27.0,0.0,0.0,114.0,0.0,18.0,0.0,0.0,320.25,0.0,0.0,0.0,0.0,8.14,35.0,4.0,0.0,1.0,9.0,0.0,36.0,False,Active
2059,10,536,14240.13,176,961,0.47,0.53,0.0,25.0,0.0,876.0,0.0,40.0,848.0,297.0,5053.0,0.0,133.0,3417.0,0.0,0.0,2414.0,2.0,1136.0,0.0,0.0,7940.52,6247.35,0.0,0.0,0.0,0.0,466.0,20.0,0.0,0.0,0.0,0.0,0.0,False,Active
2063,7,133,18279.19,87,146,0.78,0.22,100.0,0.0,0.0,401.0,0.0,31.0,2054.0,792.0,8418.0,0.0,0.0,4728.0,0.0,0.0,1640.0,0.0,115.0,0.0,0.0,4153.11,13834.26,291.82,0.0,0.0,0.0,72.0,10.0,0.0,7.0,1.0,8.0,0.0,False,Active
2074,3,59,766.03,41,49,0.89,0.11,193.0,0.0,0.0,8.0,0.0,0.0,174.0,0.0,74.0,0.0,0.0,262.0,0.0,0.0,34.0,0.0,22.0,0.0,0.0,488.94,277.09,0.0,0.0,0.0,0.0,39.0,0.0,0.0,1.0,0.0,19.0,0.0,False,Active
2076,10,88,6164.45,40,565,0.13,0.87,81.0,220.0,0.0,290.0,0.0,0.0,155.0,30.0,3822.0,0.0,0.0,52.0,0.0,0.0,1514.0,0.0,0.0,0.0,0.0,6045.14,119.31,0.0,0.0,0.0,0.0,38.0,1.0,1.0,2.0,0.0,0.0,32.0,False,Active
2077,2,12,104.97,9,42,0.86,0.14,0.0,14.0,0.0,0.0,0.0,0.0,47.0,10.0,0.0,0.0,0.0,0.0,0.0,0.0,12.0,0.0,22.0,0.0,0.0,76.8,28.17,0.0,0.0,0.0,0.0,9.0,3.0,0.0,0.0,0.0,0.0,0.0,False,Active
2083,2,329,5899.44,101,763,0.87,0.13,0.0,593.0,0.0,11.0,0.0,0.0,2918.0,128.0,107.0,0.0,0.0,295.0,0.0,0.0,1320.0,0.0,527.0,0.0,0.0,5899.44,0.0,0.0,0.0,0.0,0.0,304.0,0.0,25.0,0.0,0.0,0.0,0.0,False,Active
2084,15,171,1820.56,26,959,0.0,1.0,0.0,251.0,0.0,3.0,0.0,0.0,0.0,0.0,0.0,0.0,0.0,0.0,0.0,0.0,1567.0,0.0,0.0,0.0,0.0,1461.02,290.61,0.0,0.0,0.0,68.93,3.0,1.0,1.0,1.0,1.0,0.0,30.0,False,Active
2091,7,35,3878.89,12,788,0.0,1.0,0.0,467.0,0.0,0.0,0.0,137.0,0.0,0.0,0.0,0.0,1453.0,0.0,0.0,0.0,1541.0,67.0,213.0,0.0,0.0,3185.3,0.0,0.0,0.0,0.0,693.59,20.0,5.0,0.0,0.0,4.0,0.0,0.0,False,Active
2100,2,454,4599.8,37,907,0.49,0.51,0.0,0.0,0.0,0.0,0.0,0.0,1903.0,90.0,0.0,0.0,0.0,2358.0,0.0,0.0,218.0,0.0,30.0,0.0,0.0,4599.8,0.0,0.0,0.0,0.0,0.0,136.0,0.0,0.0,0.0,0.0,0.0,0.0,False,Active
2101,2,8,489.09,5,180,0.0,1.0,0.0,0.0,0.0,62.0,0.0,0.0,0.0,0.0,37.0,0.0,0.0,0.0,0.0,0.0,390.0,0.0,0.0,0.0,0.0,451.86,0.0,0.0,0.0,0.0,0.0,7.0,0.0,0.0,0.0,0.0,0.0,0.0,False,Active
2136,5,11,1070.98,6,385,0.0,1.0,0.0,1039.0,0.0,0.0,0.0,0.0,0.0,0.0,0.0,0.0,0.0,0.0,0.0,0.0,9.0,0.0,24.0,0.0,0.0,23.5,1023.55,0.0,0.0,0.0,23.93,1.0,3.0,0.0,0.0,2.0,0.0,4.0,False,Active
2140,2,4,761.0,2,565,0.02,0.98,440.0,0.0,0.0,0.0,0.0,0.0,15.0,0.0,0.0,0.0,0.0,0.0,0.0,306.0,0.0,0.0,0.0,0.0,0.0,761.0,0.0,0.0,0.0,0.0,0.0,1.0,0.0,0.0,3.0,0.0,0.0,0.0,False,Active
2156,1,1,11.2,1,1,1.0,0.0,0.0,0.0,0.0,0.0,0.0,0.0,11.0,0.0,0.0,0.0,0.0,0.0,0.0,0.0,0.0,0.0,0.0,0.0,0.0,11.2,0.0,0.0,0.0,0.0,0.0,1.0,0.0,0.0,0.0,0.0,0.0,0.0,False,Active
2158,6,33,2141.27,25,218,0.53,0.47,0.0,0.0,0.0,132.0,0.0,0.0,175.0,0.0,1209.0,0.0,0.0,218.0,0.0,0.0,216.0,20.0,172.0,0.0,0.0,1028.76,705.68,0.0,291.01,0.0,115.82,5.0,1.0,0.0,1.0,0.0,19.0,0.0,False,Active
2159,4,27,5820.05,7,107,0.64,0.36,3590.0,0.0,0.0,1578.0,0.0,0.0,0.0,154.0,0.0,0.0,0.0,0.0,0.0,0.0,498.0,0.0,0.0,0.0,0.0,5578.25,39.19,0.0,0.0,0.0,202.61,23.0,0.0,1.0,0.0,0.0,0.0,0.0,False,Active
2160,7,93,4542.42,40,207,0.85,0.15,2090.0,74.0,0.0,409.0,0.0,0.0,862.0,19.0,47.0,0.0,0.0,449.0,0.0,0.0,504.0,0.0,89.0,0.0,0.0,4407.51,91.69,0.0,0.0,0.0,11.21,77.0,4.0,0.0,1.0,0.0,0.0,5.0,False,Active
2163,9,533,13446.26,214,363,0.68,0.32,845.0,398.0,0.0,220.0,0.0,0.0,2561.0,732.0,2293.0,0.0,0.0,1136.0,0.0,0.0,2061.0,580.0,2619.0,0.0,0.0,9912.49,3371.9,0.0,0.0,0.0,123.57,441.0,58.0,0.0,0.0,0.0,0.0,6.0,False,Active
2167,4,975,47586.29,166,964,0.94,0.06,0.0,736.0,0.0,70.0,0.0,0.0,32666.0,816.0,440.0,0.0,144.0,3023.0,0.0,0.0,5324.0,251.0,4115.0,0.0,0.0,46846.17,740.12,0.0,0.0,0.0,0.0,964.0,3.0,0.0,0.0,0.0,4.0,0.0,False,Active
2168,6,394,11249.41,184,940,0.98,0.02,302.0,18.0,0.0,54.0,0.0,0.0,958.0,72.0,979.0,0.0,152.0,6800.0,0.0,0.0,1518.0,4.0,394.0,0.0,0.0,10684.72,564.69,0.0,0.0,0.0,0.0,367.0,14.0,1.0,0.0,0.0,7.0,0.0,False,Active
2169,12,1234,59409.72,413,959,0.93,0.07,913.0,867.0,0.0,810.0,0.0,1473.0,19177.0,3646.0,10784.0,0.0,100.0,9686.0,0.0,0.0,8260.0,55.0,3638.0,0.0,0.0,41648.27,16042.42,0.0,0.0,0.0,1424.69,1068.0,21.0,8.0,2.0,0.0,46.0,6.0,False,Active
2170,16,1146,23745.84,275,963,0.77,0.23,475.0,1661.0,0.0,445.0,0.0,411.0,8366.0,351.0,267.0,0.0,0.0,5024.0,0.0,0.0,2588.0,35.0,4124.0,0.0,0.0,21347.24,2029.48,0.0,0.0,0.0,90.97,844.0,66.0,1.0,10.0,96.0,6.0,12.0,False,Active
2171,14,417,25617.05,190,540,0.71,0.29,293.0,1875.0,0.0,1301.0,0.0,88.0,3045.0,1912.0,8368.0,0.0,10.0,2782.0,0.0,0.0,4377.0,77.0,1488.0,0.0,0.0,6819.78,18751.05,0.0,0.0,0.0,46.22,112.0,82.0,0.0,1.0,40.0,37.0,1.0,False,Active
2172,16,1091,63781.13,461,963,0.57,0.43,6511.0,231.0,0.0,1174.0,0.0,1774.0,5288.0,667.0,16447.0,0.0,625.0,7726.0,0.0,0.0,11496.0,500.0,11342.0,0.0,0.0,44942.44,15876.21,0.0,0.0,0.0,385.87,644.0,30.0,3.0,147.0,0.0,114.0,0.0,False,Active
2173,14,490,29774.54,186,963,0.73,0.27,203.0,1907.0,0.0,729.0,0.0,10.0,10567.0,409.0,2925.0,0.0,440.0,3677.0,0.0,0.0,4571.0,49.0,4289.0,0.0,0.0,11557.5,16910.52,0.0,0.0,0.0,698.23,176.0,90.0,15.0,7.0,5.0,12.0,38.0,False,Active
2175,11,988,48150.55,381,964,0.87,0.13,0.0,44.0,0.0,845.0,0.0,74.0,15852.0,970.0,12342.0,0.0,0.0,6308.0,0.0,0.0,7690.0,441.0,3585.0,0.0,0.0,28905.68,12484.55,0.0,0.0,0.0,806.13,764.0,86.0,15.0,0.0,0.0,5.0,0.0,False,Active
2176,15,672,30384.37,204,694,0.52,0.48,243.0,3933.0,0.0,1062.0,0.0,1190.0,4871.0,461.0,2204.0,0.0,215.0,5540.0,0.0,0.0,9148.0,392.0,1127.0,0.0,0.0,9492.92,16919.54,189.16,0.0,0.0,3782.75,375.0,27.0,35.0,27.0,23.0,20.0,39.0,False,Active
2177,13,440,32628.21,207,963,0.43,0.57,50.0,3004.0,0.0,1580.0,0.0,190.0,4577.0,38.0,13106.0,0.0,33.0,4763.0,0.0,0.0,4079.0,4.0,1205.0,0.0,0.0,26179.61,3465.54,0.0,0.0,0.0,2983.06,346.0,10.0,1.0,2.0,37.0,5.0,23.0,False,Active
2178,4,122,3465.2,58,215,0.92,0.08,0.0,0.0,0.0,8.0,0.0,0.0,868.0,195.0,42.0,0.0,0.0,2153.0,0.0,0.0,166.0,20.0,13.0,0.0,0.0,3456.0,9.2,0.0,0.0,0.0,0.0,116.0,1.0,0.0,0.0,0.0,0.0,0.0,False,Active
2180,5,225,1220.96,62,721,0.84,0.16,0.0,97.0,0.0,132.0,0.0,0.0,599.0,16.0,6.0,0.0,0.0,174.0,0.0,0.0,136.0,0.0,61.0,0.0,0.0,1215.61,3.13,0.0,0.0,0.0,0.0,215.0,1.0,0.0,0.0,1.0,0.0,0.0,False,Active
2181,17,2116,63373.17,596,943,0.71,0.29,3469.0,6311.0,0.0,1551.0,0.0,450.0,11742.0,1947.0,13501.0,0.0,41.0,7734.0,0.0,0.0,10295.0,723.0,5609.0,0.0,0.0,36219.79,13127.46,222.5,0.0,0.0,5108.29,1170.0,45.0,36.0,20.0,51.0,63.0,56.0,False,Active
2184,9,351,22633.85,159,950,0.49,0.51,1134.0,268.0,0.0,1562.0,0.0,446.0,4100.0,219.0,7191.0,0.0,0.0,1135.0,0.0,0.0,4999.0,0.0,1579.0,0.0,0.0,17633.24,5000.61,0.0,0.0,0.0,0.0,287.0,10.0,17.0,0.0,3.0,5.0,0.0,False,Active
2186,4,561,15308.69,174,960,0.89,0.11,1700.0,43.0,0.0,602.0,0.0,47.0,5702.0,858.0,243.0,0.0,113.0,2290.0,0.0,0.0,491.0,20.0,3200.0,0.0,0.0,14781.68,207.51,319.5,0.0,0.0,0.0,534.0,1.0,7.0,19.0,0.0,0.0,0.0,False,Active
2187,16,991,38122.55,303,935,0.4,0.6,1310.0,2024.0,0.0,1543.0,0.0,71.0,9603.0,700.0,4783.0,0.0,0.0,3275.0,0.0,0.0,6397.0,3597.0,4821.0,0.0,0.0,19908.66,14121.04,431.96,0.0,0.0,1475.14,587.0,26.0,37.0,35.0,26.0,48.0,38.0,False,Active
2190,18,1384,116872.97,518,960,0.78,0.22,595.0,4409.0,0.0,2516.0,0.0,626.0,25842.0,3260.0,20940.0,0.0,220.0,25247.0,0.0,0.0,22000.0,62.0,11156.0,0.0,0.0,81210.06,22172.35,0.0,0.0,0.0,11608.13,1009.0,21.0,2.0,7.0,76.0,66.0,77.0,False,Active
2191,13,693,81207.9,306,884,0.52,0.48,0.0,1082.0,0.0,511.0,0.0,660.0,10852.0,934.0,25720.0,0.0,768.0,7180.0,0.0,0.0,28316.0,618.0,4567.0,0.0,0.0,50473.09,30694.04,0.0,0.0,0.0,40.77,536.0,32.0,26.0,4.0,0.0,30.0,0.0,False,Active
2192,11,1277,104916.08,320,963,0.53,0.47,1006.0,4293.0,0.0,11407.0,0.0,1229.0,20134.0,4566.0,6758.0,0.0,10.0,23167.0,0.0,0.0,26355.0,2085.0,3906.0,0.0,116.18,97481.27,6810.73,0.0,0.0,0.0,507.9,1056.0,20.0,1.0,3.0,1.0,0.0,10.0,False,Active
2199,8,677,26554.95,252,964,0.79,0.21,0.0,370.0,0.0,1419.0,0.0,525.0,3608.0,3475.0,2780.0,0.0,75.0,4501.0,0.0,0.0,7986.0,121.0,1646.0,50.0,0.0,22856.43,2833.49,0.0,0.0,0.0,559.67,613.0,10.0,0.0,0.0,0.0,11.0,0.0,False,Active
2200,19,593,61198.94,323,956,0.55,0.45,0.0,541.0,0.0,1164.0,0.0,910.0,5324.0,985.0,22813.0,0.0,454.0,8339.0,0.0,0.0,17836.0,0.0,2831.0,0.0,0.0,9292.43,24903.34,945.44,0.0,0.0,4331.36,215.0,30.0,0.0,10.0,2.0,14.0,6.0,False,Active
2201,9,46,10378.88,13,367,0.02,0.98,7124.0,322.0,0.0,143.0,0.0,2545.0,67.0,0.0,10.0,0.0,0.0,93.0,0.0,0.0,68.0,0.0,7.0,0.0,0.0,1096.34,9138.0,0.0,0.0,0.0,0.0,1.0,2.0,0.0,1.0,22.0,0.0,2.0,False,Active
2202,4,1276,21659.55,141,948,0.86,0.14,500.0,58.0,0.0,44.0,0.0,0.0,13484.0,585.0,14.0,0.0,0.0,3967.0,0.0,0.0,1501.0,32.0,1476.0,0.0,0.0,21659.55,0.0,0.0,0.0,0.0,0.0,1265.0,7.0,0.0,0.0,3.0,0.0,0.0,False,Active
2203,20,91,16532.05,77,254,0.42,0.58,114.0,432.0,0.0,109.0,0.0,0.0,193.0,312.0,3199.0,0.0,18.0,924.0,0.0,0.0,1098.0,0.0,10132.0,0.0,167.93,98.08,14293.87,0.0,0.0,124.3,372.92,10.0,27.0,0.0,0.0,1.0,0.0,12.0,False,Active
2205,6,131,13104.43,61,318,0.58,0.42,4673.0,224.0,0.0,178.0,0.0,0.0,1669.0,205.0,2153.0,0.0,150.0,160.0,0.0,0.0,3303.0,152.0,237.0,0.0,0.0,11335.91,1768.52,0.0,0.0,0.0,0.0,90.0,7.0,0.0,1.0,1.0,0.0,0.0,False,Active
2207,8,191,8753.85,112,951,0.98,0.02,0.0,0.0,0.0,891.0,0.0,0.0,429.0,269.0,1753.0,0.0,25.0,2824.0,0.0,0.0,844.0,0.0,1719.0,0.0,0.0,7409.49,1161.19,0.0,0.0,0.0,0.0,177.0,3.0,0.0,1.0,0.0,2.0,0.0,False,Active
2212,1,23,1747.05,14,172,1.0,0.0,0.0,0.0,0.0,0.0,0.0,0.0,75.0,95.0,0.0,0.0,0.0,141.0,0.0,0.0,1330.0,0.0,106.0,0.0,0.0,1747.05,0.0,0.0,0.0,0.0,0.0,23.0,0.0,0.0,0.0,0.0,0.0,0.0,False,Active
2214,9,133,5682.7,83,879,0.3,0.7,115.0,187.0,0.0,547.0,0.0,441.0,316.0,12.0,137.0,0.0,40.0,1236.0,0.0,0.0,2372.0,7.0,274.0,0.0,0.0,4555.83,115.87,754.51,0.0,0.0,256.49,72.0,12.0,0.0,30.0,0.0,0.0,5.0,False,Active
2215,14,136,5456.87,71,436,0.34,0.66,193.0,284.0,0.0,23.0,0.0,53.0,574.0,109.0,2154.0,0.0,0.0,745.0,0.0,0.0,1134.0,25.0,162.0,0.0,0.0,3745.52,1010.29,6.12,0.0,0.0,52.59,67.0,1.0,0.0,3.0,0.0,0.0,0.0,False,Active
2216,15,1137,75094.65,194,858,0.53,0.47,6716.0,9117.0,0.0,1273.0,0.0,176.0,16632.0,1114.0,7704.0,0.0,1078.0,181.0,0.0,0.0,19361.0,79.0,11647.0,17.0,0.0,63971.6,6953.68,0.0,0.0,0.0,4169.37,595.0,70.0,3.0,38.0,126.0,4.0,149.0,False,Active
2218,3,187,19017.11,75,306,0.79,0.21,9061.0,2701.0,0.0,55.0,0.0,0.0,1429.0,532.0,1041.0,0.0,0.0,348.0,0.0,0.0,705.0,1644.0,1502.0,0.0,0.0,8608.88,10408.23,0.0,0.0,0.0,0.0,86.0,97.0,0.0,4.0,0.0,0.0,0.0,False,Active
2220,1,33,546.85,28,479,1.0,0.0,0.0,0.0,0.0,0.0,0.0,0.0,342.0,8.0,5.0,0.0,0.0,175.0,0.0,0.0,4.0,0.0,13.0,0.0,0.0,546.85,0.0,0.0,0.0,0.0,0.0,33.0,0.0,0.0,0.0,0.0,0.0,0.0,False,Active
2221,28,941,33552.48,510,909,0.7,0.3,465.0,341.0,0.0,1587.0,0.0,112.0,7692.0,1420.0,8620.0,0.0,0.0,5350.0,0.0,0.0,5126.0,319.0,2520.0,0.0,0.0,14844.97,5156.55,0.0,0.0,0.0,94.08,464.0,47.0,6.0,0.0,0.0,5.0,8.0,False,Active
2244,2,46,4088.85,30,204,0.95,0.05,0.0,0.0,0.0,0.0,0.0,0.0,2227.0,606.0,0.0,0.0,0.0,173.0,0.0,0.0,1051.0,31.0,0.0,0.0,0.0,2531.37,1557.48,0.0,0.0,0.0,0.0,34.0,12.0,0.0,0.0,0.0,0.0,0.0,False,Active
2248,11,333,18253.25,113,724,0.38,0.62,100.0,731.0,0.0,1031.0,0.0,19.0,1641.0,477.0,1596.0,0.0,83.0,1483.0,0.0,1832.0,7627.0,0.0,1259.0,373.0,0.0,16289.27,892.55,0.0,0.0,0.0,18.3,191.0,10.0,4.0,44.0,0.0,0.0,25.0,False,Active
2249,2,24,681.6,18,161,0.79,0.21,0.0,0.0,0.0,122.0,0.0,0.0,176.0,0.0,0.0,0.0,0.0,81.0,0.0,40.0,210.0,0.0,52.0,0.0,0.0,681.6,0.0,0.0,0.0,0.0,0.0,22.0,0.0,0.0,2.0,0.0,0.0,0.0,False,Active
2250,13,754,21935.11,378,854,0.76,0.24,100.0,13.0,0.0,974.0,0.0,383.0,1912.0,681.0,5089.0,0.0,13.0,5274.0,0.0,0.0,4855.0,35.0,2606.0,0.0,0.0,9195.14,9944.82,2795.15,0.0,0.0,0.0,420.0,23.0,8.0,139.0,0.0,32.0,0.0,False,Active
2251,4,112,5929.58,41,69,0.26,0.74,0.0,4.0,0.0,4398.0,0.0,0.0,304.0,13.0,191.0,0.0,11.0,517.0,0.0,0.0,53.0,0.0,440.0,0.0,0.0,4550.43,1379.15,0.0,0.0,0.0,0.0,9.0,0.0,12.0,0.0,0.0,0.0,0.0,False,Active
2254,1,3,303.9,2,7,1.0,0.0,300.0,0.0,0.0,0.0,0.0,0.0,4.0,0.0,0.0,0.0,0.0,0.0,0.0,0.0,0.0,0.0,0.0,0.0,0.0,303.9,0.0,0.0,0.0,0.0,0.0,3.0,0.0,0.0,0.0,0.0,0.0,0.0,False,Active
2255,5,368,57487.42,190,699,0.93,0.07,889.0,263.0,0.0,58.0,0.0,883.0,14697.0,4110.0,12005.0,0.0,32.0,8732.0,0.0,0.0,14326.0,88.0,1404.0,0.0,0.0,30718.73,11559.15,0.0,0.0,0.0,15209.54,276.0,0.0,0.0,0.0,0.0,1.0,55.0,False,Active
2261,1,36,461.45,13,655,1.0,0.0,0.0,0.0,0.0,52.0,0.0,0.0,89.0,72.0,0.0,0.0,0.0,0.0,0.0,0.0,49.0,0.0,200.0,0.0,0.0,461.45,0.0,0.0,0.0,0.0,0.0,36.0,0.0,0.0,0.0,0.0,0.0,0.0,False,Active
2264,9,42,7496.58,33,394,0.12,0.88,137.0,106.0,0.0,443.0,0.0,0.0,18.0,26.0,5906.0,0.0,0.0,188.0,0.0,0.0,103.0,19.0,551.0,0.0,0.0,4171.74,87.52,0.0,0.0,0.0,2721.55,4.0,1.0,0.0,2.0,0.0,0.0,20.0,False,Active
2266,13,370,21901.83,172,754,0.8,0.2,0.0,219.0,0.0,1050.0,0.0,427.0,3112.0,1156.0,7190.0,0.0,282.0,1730.0,0.0,0.0,5092.0,4.0,1641.0,0.0,0.0,16808.01,4250.88,0.0,0.0,0.0,40.59,287.0,12.0,4.0,1.0,10.0,2.0,1.0,False,Active
2267,12,2383,40456.57,278,964,0.71,0.29,1874.0,2964.0,0.0,861.0,0.0,5352.0,7895.0,1072.0,2316.0,0.0,223.0,7748.0,0.0,0.0,6774.0,530.0,2848.0,0.0,0.0,39335.33,875.69,0.0,0.0,0.0,185.06,2111.0,2.0,1.0,18.0,216.0,0.0,0.0,False,Active
2268,8,825,20441.5,170,962,0.87,0.13,0.0,392.0,0.0,597.0,0.0,190.0,10209.0,753.0,299.0,0.0,0.0,3914.0,0.0,0.0,2453.0,69.0,1566.0,0.0,0.0,19240.82,1147.31,0.0,0.0,0.0,33.01,788.0,4.0,19.0,0.0,0.0,0.0,0.0,False,Active
2269,2,73,342.97,22,248,1.0,0.0,0.0,0.0,0.0,0.0,0.0,0.0,82.0,0.0,0.0,0.0,0.0,69.0,0.0,0.0,106.0,0.0,85.0,0.0,0.0,293.82,49.15,0.0,0.0,0.0,0.0,60.0,0.0,13.0,0.0,0.0,0.0,0.0,False,Active
2271,8,205,11222.63,143,160,0.57,0.43,1493.0,28.0,0.0,873.0,0.0,0.0,1008.0,34.0,1368.0,0.0,0.0,3913.0,0.0,0.0,1134.0,167.0,1205.0,0.0,0.0,2424.05,1234.26,0.0,0.0,0.0,7564.32,29.0,15.0,0.0,1.0,0.0,0.0,141.0,False,Active
2272,12,418,22945.22,209,201,0.66,0.34,308.0,1378.0,0.0,522.0,0.0,51.0,5741.0,595.0,3552.0,0.0,0.0,3565.0,0.0,0.0,4744.0,103.0,2386.0,0.0,0.0,19504.0,3097.84,0.0,0.0,0.0,255.01,285.0,8.0,0.0,1.0,40.0,2.0,19.0,False,Active
2276,17,934,34780.88,397,896,0.88,0.12,0.0,369.0,0.0,979.0,0.0,150.0,6511.0,2139.0,4264.0,0.0,56.0,8852.0,0.0,0.0,9311.0,35.0,2115.0,0.0,0.0,26838.59,3834.46,0.0,0.0,0.0,75.91,755.0,18.0,18.0,2.0,0.0,7.0,4.0,False,Active
2277,15,1194,34749.88,349,963,0.68,0.32,1194.0,780.0,0.0,326.0,0.0,592.0,8199.0,2159.0,2382.0,0.0,107.0,4800.0,0.0,0.0,13121.0,215.0,875.0,0.0,0.0,32028.0,2572.58,0.0,0.0,0.0,149.3,989.0,19.0,7.0,6.0,45.0,21.0,3.0,False,Active
2278,7,82,30864.95,61,151,0.46,0.54,505.0,67.0,0.0,0.0,0.0,0.0,117.0,1029.0,463.0,0.0,222.0,68.0,0.0,0.0,28049.0,46.0,299.0,0.0,0.0,14970.34,7629.35,0.0,0.0,0.0,0.0,16.0,3.0,1.0,0.0,0.0,29.0,0.0,False,Active
2280,23,572,24301.02,155,960,0.35,0.65,683.0,2145.0,0.0,904.0,0.0,2226.0,1447.0,2115.0,3517.0,0.0,99.0,1232.0,0.0,0.0,7121.0,0.0,2813.0,0.0,0.0,13806.0,8703.15,0.0,0.0,0.0,1410.38,328.0,15.0,6.0,24.0,77.0,43.0,10.0,False,Active
2281,1,1,100.0,1,1,1.0,0.0,0.0,0.0,0.0,100.0,0.0,0.0,0.0,0.0,0.0,0.0,0.0,0.0,0.0,0.0,0.0,0.0,0.0,0.0,0.0,100.0,0.0,0.0,0.0,0.0,0.0,1.0,0.0,0.0,0.0,0.0,0.0,0.0,False,Active
2282,5,58,867.31,6,281,0.01,0.99,0.0,106.0,0.0,0.0,0.0,439.0,25.0,0.0,0.0,0.0,123.0,11.0,0.0,0.0,164.0,0.0,0.0,0.0,0.0,743.99,10.84,112.48,0.0,0.0,0.0,44.0,0.0,0.0,2.0,7.0,0.0,0.0,False,Active
2286,6,106,8460.02,67,449,0.83,0.17,0.0,0.0,0.0,0.0,0.0,438.0,2638.0,43.0,338.0,0.0,0.0,308.0,0.0,0.0,4696.0,0.0,0.0,0.0,0.0,5489.93,2970.09,0.0,0.0,0.0,0.0,82.0,9.0,10.0,0.0,0.0,0.0,0.0,False,Active
2292,12,1142,46621.79,171,963,0.7,0.3,2850.0,1365.0,0.0,225.0,0.0,155.0,11093.0,561.0,1228.0,0.0,0.0,16257.0,0.0,3796.0,7951.0,0.0,724.0,417.0,0.0,39861.2,6119.28,0.0,0.0,0.0,503.9,995.0,11.0,0.0,5.0,68.0,1.0,0.0,False,Active
2293,11,955,33681.55,196,815,0.96,0.04,180.0,707.0,0.0,40.0,0.0,600.0,25620.0,489.0,217.0,0.0,720.0,1532.0,0.0,0.0,2642.0,0.0,934.0,0.0,0.0,27573.52,5862.36,0.0,0.0,0.0,144.34,807.0,67.0,1.0,4.0,40.0,9.0,4.0,False,Active
2295,10,648,18515.53,413,957,0.65,0.35,546.0,868.0,0.0,316.0,0.0,520.0,1890.0,347.0,3482.0,0.0,53.0,4623.0,0.0,0.0,3331.0,58.0,2482.0,0.0,0.0,6726.32,10218.11,657.36,0.0,0.0,203.94,209.0,3.0,213.0,45.0,3.0,97.0,1.0,False,Active
2296,3,65,1983.84,12,780,0.12,0.88,0.0,0.0,0.0,98.0,0.0,4.0,0.0,134.0,717.0,0.0,0.0,0.0,0.0,0.0,883.0,0.0,148.0,0.0,0.0,1801.77,182.07,0.0,0.0,0.0,0.0,58.0,6.0,0.0,1.0,0.0,0.0,0.0,False,Active
2297,8,372,17038.8,132,852,0.45,0.55,0.0,140.0,0.0,376.0,0.0,239.0,5345.0,263.0,2098.0,0.0,21.0,840.0,0.0,0.0,7021.0,99.0,598.0,0.0,0.0,17012.41,21.76,0.0,0.0,0.0,4.63,340.0,15.0,0.0,3.0,7.0,0.0,1.0,False,Active
2298,8,176,24115.53,77,533,0.16,0.84,897.0,673.0,0.0,0.0,0.0,110.0,1529.0,182.0,809.0,0.0,0.0,52.0,0.0,0.0,19554.0,225.0,85.0,0.0,0.0,22630.45,1266.42,0.0,0.0,0.0,218.66,69.0,40.0,11.0,0.0,0.0,1.0,3.0,False,Active
2301,18,1871,76413.2,428,964,0.56,0.44,0.0,891.0,0.0,1110.0,0.0,428.0,10698.0,5762.0,29312.0,0.0,34.0,9243.0,0.0,0.0,14181.0,510.0,4245.0,0.0,0.0,67178.78,7645.44,0.0,0.0,0.0,176.1,1582.0,37.0,1.0,3.0,40.0,8.0,6.0,False,Active
2302,5,510,15148.59,188,362,0.65,0.35,149.0,278.0,0.0,1115.0,0.0,502.0,316.0,1430.0,14.0,0.0,24.0,3834.0,0.0,0.0,6077.0,0.0,1410.0,0.0,0.0,1523.99,320.9,0.0,0.0,0.0,13303.7,54.0,5.0,0.0,0.0,0.0,0.0,446.0,False,Active
2307,8,29,536.92,18,617,0.27,0.73,0.0,89.0,0.0,209.0,0.0,1.0,50.0,0.0,0.0,0.0,0.0,0.0,0.0,0.0,116.0,0.0,72.0,0.0,0.0,352.79,36.41,0.0,0.0,0.0,0.0,3.0,0.0,0.0,7.0,1.0,0.0,0.0,False,Active
2309,5,56,1910.82,38,126,1.0,0.0,0.0,0.0,0.0,349.0,0.0,53.0,104.0,0.0,210.0,0.0,0.0,722.0,0.0,0.0,431.0,0.0,42.0,0.0,0.0,125.7,351.65,0.0,0.0,0.0,1140.95,2.0,3.0,0.0,0.0,0.0,0.0,22.0,False,Active
2310,6,45,1043.7,25,188,0.77,0.23,0.0,4.0,0.0,111.0,0.0,0.0,99.0,0.0,211.0,0.0,0.0,299.0,0.0,0.0,287.0,0.0,33.0,0.0,0.0,349.83,693.87,0.0,0.0,0.0,0.0,8.0,3.0,0.0,0.0,0.0,0.0,6.0,False,Active
2314,11,191,11384.45,68,949,0.22,0.78,100.0,2438.0,0.0,66.0,0.0,1470.0,74.0,105.0,629.0,0.0,535.0,818.0,0.0,2329.0,1589.0,5.0,1227.0,0.0,0.0,3758.85,4888.94,0.0,0.0,0.0,2212.25,70.0,8.0,0.0,3.0,18.0,0.0,75.0,False,Active
2333,6,66,3965.6,9,642,0.0,1.0,1039.0,97.0,0.0,1958.0,0.0,0.0,0.0,0.0,503.0,0.0,0.0,0.0,0.0,0.0,356.0,0.0,14.0,0.0,0.0,3852.01,113.59,0.0,0.0,0.0,0.0,44.0,6.0,0.0,1.0,8.0,0.0,0.0,False,Active
2337,3,17,923.24,11,193,0.53,0.47,0.0,0.0,0.0,184.0,0.0,0.0,99.0,0.0,0.0,0.0,56.0,74.0,0.0,0.0,489.0,0.0,20.0,0.0,0.0,923.24,0.0,0.0,0.0,0.0,0.0,14.0,1.0,0.0,0.0,0.0,0.0,0.0,False,Active
2339,4,71,5935.54,58,370,1.0,0.0,0.0,17.0,0.0,39.0,0.0,771.0,72.0,14.0,2097.0,0.0,0.0,2074.0,0.0,0.0,442.0,44.0,364.0,0.0,0.0,21.65,5913.89,0.0,0.0,0.0,0.0,5.0,2.0,40.0,0.0,0.0,0.0,0.0,False,Active
2341,8,33,1700.98,27,528,0.72,0.28,0.0,5.0,0.0,163.0,0.0,0.0,185.0,121.0,186.0,0.0,0.0,127.0,0.0,0.0,903.0,0.0,11.0,0.0,0.0,228.73,1230.0,0.0,0.0,0.0,242.25,5.0,16.0,2.0,2.0,1.0,0.0,2.0,False,Active
2352,5,1000,8446.58,153,604,0.99,0.01,0.0,0.0,0.0,0.0,0.0,0.0,8021.0,19.0,5.0,0.0,0.0,249.0,0.0,0.0,31.0,0.0,123.0,0.0,0.0,8289.17,137.69,0.0,0.0,0.0,0.0,977.0,12.0,4.0,0.0,0.0,0.0,0.0,False,Active
2353,5,43,1513.64,22,24,0.87,0.13,830.0,6.0,0.0,155.0,0.0,0.0,146.0,0.0,0.0,0.0,0.0,26.0,0.0,0.0,17.0,0.0,334.0,0.0,0.0,806.84,706.8,0.0,0.0,0.0,0.0,21.0,11.0,0.0,0.0,3.0,0.0,0.0,False,Active
2355,11,131,3520.61,31,893,0.0,1.0,0.0,70.0,0.0,208.0,0.0,199.0,471.0,0.0,36.0,0.0,0.0,101.0,0.0,0.0,2435.0,0.0,0.0,0.0,0.0,2998.14,407.84,0.0,0.0,0.0,114.63,6.0,6.0,6.0,1.0,30.0,0.0,1.0,False,Active
2356,8,110,10351.53,18,751,0.45,0.55,4265.0,807.0,0.0,385.0,0.0,22.0,0.0,1398.0,0.0,0.0,0.0,0.0,0.0,0.0,3425.0,49.0,0.0,0.0,0.0,3282.68,1503.5,0.0,0.0,0.0,165.13,0.0,2.0,0.0,0.0,50.0,0.0,9.0,False,Active
2357,5,186,10752.59,99,425,0.74,0.26,95.0,6.0,0.0,367.0,0.0,443.0,3323.0,1101.0,111.0,0.0,0.0,727.0,0.0,0.0,3838.0,87.0,655.0,0.0,0.0,10156.84,595.75,0.0,0.0,0.0,0.0,162.0,19.0,0.0,0.0,0.0,0.0,0.0,False,Active
2359,16,333,8693.96,136,640,0.62,0.38,615.0,459.0,0.0,114.0,0.0,322.0,2709.0,204.0,1789.0,0.0,0.0,595.0,0.0,0.0,1698.0,0.0,189.0,0.0,219.56,4671.94,3334.44,71.93,272.54,23.35,97.42,234.0,14.0,1.0,6.0,7.0,0.0,4.0,False,Active
2361,8,206,9313.76,171,841,0.92,0.08,54.0,0.0,0.0,165.0,0.0,8.0,858.0,118.0,2158.0,0.0,10.0,3636.0,0.0,0.0,1285.0,258.0,765.0,0.0,0.0,4256.79,2993.29,2006.09,0.0,0.0,0.0,91.0,1.0,33.0,46.0,0.0,24.0,0.0,False,Active
2364,9,1421,101325.39,299,945,0.85,0.15,7110.0,5769.0,0.0,1706.0,0.0,803.0,44004.0,3613.0,7172.0,0.0,919.0,8329.0,0.0,0.0,19170.0,111.0,2620.0,0.0,0.0,93975.24,7350.15,0.0,0.0,0.0,0.0,1148.0,64.0,10.0,14.0,118.0,0.0,0.0,False,Active
2366,13,1019,97095.81,271,893,0.55,0.45,6771.0,4208.0,0.0,1963.0,0.0,3054.0,10320.0,6647.0,3550.0,0.0,20.0,5094.0,0.0,4512.0,43503.0,40.0,7413.0,0.0,0.0,91445.36,3741.17,0.0,0.0,0.0,1909.28,785.0,8.0,3.0,41.0,45.0,1.0,27.0,False,Active
2367,6,146,2795.11,52,890,0.38,0.62,0.0,29.0,0.0,108.0,0.0,30.0,456.0,0.0,0.0,0.0,0.0,77.0,0.0,0.0,1980.0,35.0,81.0,0.0,0.0,1975.52,812.83,0.0,0.0,0.0,0.0,75.0,63.0,2.0,0.0,0.0,0.0,0.0,False,Active
2368,2,8,875.0,5,114,0.65,0.35,0.0,0.0,0.0,0.0,0.0,0.0,22.0,0.0,304.0,0.0,0.0,0.0,0.0,0.0,0.0,0.0,550.0,0.0,0.0,875.0,0.0,0.0,0.0,0.0,0.0,6.0,0.0,0.0,2.0,0.0,0.0,0.0,False,Active
2370,11,136,7844.76,96,446,0.66,0.34,0.0,177.0,0.0,240.0,0.0,4.0,1032.0,788.0,1778.0,0.0,0.0,979.0,0.0,0.0,1995.0,0.0,852.0,0.0,0.0,2554.39,5012.87,0.0,0.0,0.0,0.0,20.0,13.0,0.0,3.0,2.0,30.0,0.0,False,Active
2371,5,79,3604.7,42,771,0.82,0.18,391.0,206.0,0.0,0.0,0.0,424.0,888.0,268.0,0.0,0.0,0.0,436.0,0.0,0.0,536.0,245.0,210.0,0.0,0.0,2217.51,1387.19,0.0,0.0,0.0,0.0,53.0,1.0,0.0,2.0,0.0,19.0,0.0,False,Active
2373,16,1617,60452.03,483,964,0.59,0.41,1234.0,2721.0,0.0,1262.0,0.0,6794.0,10570.0,1082.0,10602.0,0.0,314.0,6453.0,0.0,0.0,12302.0,175.0,6943.0,0.0,0.0,40684.47,13164.93,0.0,0.0,0.0,71.43,1211.0,35.0,33.0,3.0,3.0,94.0,1.0,False,Active
2374,3,108,2708.88,62,256,0.93,0.07,1370.0,18.0,0.0,151.0,0.0,43.0,409.0,0.0,0.0,0.0,0.0,162.0,0.0,0.0,321.0,0.0,235.0,0.0,0.0,2699.0,0.0,0.0,0.0,0.0,9.88,96.0,0.0,0.0,0.0,0.0,0.0,11.0,False,Active
2375,8,180,3638.06,105,355,0.78,0.22,549.0,669.0,0.0,54.0,0.0,70.0,158.0,63.0,209.0,0.0,0.0,461.0,0.0,0.0,1033.0,74.0,297.0,0.0,0.0,53.98,2805.57,0.0,0.0,0.0,778.51,0.0,2.0,139.0,1.0,0.0,0.0,27.0,False,Active
2377,14,177,43331.25,132,935,0.68,0.32,1092.0,754.0,0.0,328.0,0.0,8118.0,369.0,339.0,11545.0,0.0,4771.0,6523.0,0.0,0.0,4161.0,11.0,5320.0,0.0,0.0,3547.13,27600.23,0.0,0.0,0.0,9415.01,13.0,18.0,67.0,1.0,0.0,13.0,0.0,False,Active
2381,4,56,2073.81,34,77,0.47,0.53,213.0,0.0,0.0,40.0,0.0,365.0,213.0,60.0,40.0,0.0,0.0,199.0,0.0,0.0,537.0,0.0,406.0,0.0,0.0,1806.59,204.49,0.0,0.0,62.73,0.0,47.0,7.0,0.0,0.0,0.0,0.0,0.0,False,Active
2384,3,70,335.32,18,670,1.0,0.0,0.0,0.0,0.0,20.0,0.0,0.0,250.0,0.0,8.0,0.0,6.0,9.0,0.0,0.0,43.0,0.0,0.0,0.0,0.0,273.4,61.92,0.0,0.0,0.0,0.0,59.0,0.0,0.0,0.0,0.0,3.0,0.0,False,Active
2398,3,141,1827.81,49,152,0.68,0.32,0.0,0.0,0.0,0.0,0.0,11.0,387.0,0.0,56.0,0.0,0.0,680.0,0.0,0.0,51.0,13.0,630.0,0.0,0.0,1510.15,0.0,98.12,0.0,0.0,219.54,126.0,0.0,0.0,4.0,0.0,0.0,11.0,False,Active
2400,3,32,387.0,12,316,0.76,0.24,0.0,0.0,0.0,0.0,0.0,0.0,99.0,0.0,25.0,0.0,0.0,60.0,0.0,0.0,149.0,0.0,54.0,0.0,0.0,387.0,0.0,0.0,0.0,0.0,0.0,30.0,0.0,0.0,0.0,0.0,0.0,0.0,False,Active
2401,2,7,174.2,7,43,0.89,0.11,0.0,0.0,0.0,19.0,0.0,0.0,26.0,113.0,0.0,0.0,0.0,15.0,0.0,0.0,0.0,2.0,0.0,0.0,0.0,155.05,19.15,0.0,0.0,0.0,0.0,6.0,0.0,0.0,0.0,1.0,0.0,0.0,False,Active
2404,6,16,617.41,16,319,0.88,0.12,0.0,0.0,0.0,0.0,0.0,48.0,114.0,103.0,0.0,0.0,0.0,288.0,0.0,0.0,11.0,0.0,53.0,0.0,0.0,5.92,611.49,0.0,0.0,0.0,0.0,1.0,3.0,3.0,0.0,0.0,0.0,0.0,False,Active
2407,2,31,738.19,21,150,0.69,0.31,40.0,35.0,0.0,202.0,0.0,0.0,86.0,14.0,0.0,0.0,0.0,193.0,0.0,0.0,0.0,0.0,168.0,0.0,0.0,738.19,0.0,0.0,0.0,0.0,0.0,28.0,0.0,0.0,3.0,0.0,0.0,0.0,False,Active
2411,7,76,6355.52,55,549,0.61,0.39,3506.0,2206.0,0.0,0.0,0.0,203.0,155.0,0.0,5.0,0.0,0.0,141.0,0.0,0.0,0.0,0.0,139.0,0.0,0.0,5593.49,252.39,0.0,0.0,0.0,203.34,9.0,0.0,0.0,0.0,34.0,0.0,12.0,False,Active
2412,5,597,30666.98,221,911,0.94,0.06,0.0,0.0,0.0,40.0,0.0,328.0,5142.0,146.0,7368.0,0.0,562.0,8537.0,0.0,0.0,3908.0,14.0,4623.0,0.0,0.0,25013.25,5653.73,0.0,0.0,0.0,0.0,457.0,0.0,107.0,0.0,0.0,19.0,2.0,False,Active
2420,3,7,225.6,6,49,1.0,0.0,0.0,0.0,0.0,0.0,0.0,182.0,3.0,0.0,10.0,0.0,0.0,30.0,0.0,0.0,0.0,0.0,0.0,0.0,0.0,0.0,225.6,0.0,0.0,0.0,0.0,0.0,0.0,1.0,0.0,0.0,2.0,0.0,False,Active
2424,11,244,3958.13,74,579,0.13,0.87,0.0,525.0,0.0,0.0,0.0,546.0,97.0,70.0,0.0,0.0,34.0,461.0,0.0,0.0,2225.0,0.0,0.0,0.0,0.0,1693.43,1874.5,0.0,0.0,0.0,390.2,3.0,0.0,4.0,27.0,83.0,7.0,0.0,False,Active
2425,5,224,3104.46,13,943,0.01,0.99,100.0,1206.0,0.0,1474.0,0.0,278.0,0.0,0.0,0.0,0.0,0.0,27.0,0.0,0.0,0.0,0.0,19.0,0.0,0.0,2550.02,0.0,0.0,0.0,0.0,554.44,54.0,0.0,0.0,2.0,156.0,0.0,11.0,False,Active
2443,2,438,17860.25,53,617,1.0,0.0,0.0,0.0,0.0,0.0,0.0,0.0,13701.0,1234.0,0.0,0.0,0.0,286.0,0.0,0.0,2633.0,0.0,7.0,0.0,0.0,17816.5,43.75,0.0,0.0,0.0,0.0,436.0,0.0,0.0,0.0,0.0,0.0,0.0,False,Active
2444,1,20,963.69,14,69,0.95,0.05,0.0,0.0,0.0,0.0,0.0,0.0,484.0,140.0,0.0,0.0,0.0,50.0,0.0,0.0,0.0,0.0,290.0,0.0,0.0,963.69,0.0,0.0,0.0,0.0,0.0,20.0,0.0,0.0,0.0,0.0,0.0,0.0,False,Active
2446,2,102,6476.22,35,303,0.97,0.03,0.0,0.0,0.0,0.0,0.0,0.0,722.0,79.0,288.0,0.0,0.0,3359.0,0.0,0.0,288.0,0.0,1740.0,0.0,0.0,6407.0,69.22,0.0,0.0,0.0,0.0,101.0,0.0,0.0,0.0,0.0,1.0,0.0,False,Active
2452,2,4,31.0,2,50,0.0,1.0,0.0,1.0,0.0,30.0,0.0,0.0,0.0,0.0,0.0,0.0,0.0,0.0,0.0,0.0,0.0,0.0,0.0,0.0,0.0,31.0,0.0,0.0,0.0,0.0,0.0,3.0,0.0,0.0,0.0,1.0,0.0,0.0,False,Active
2453,2,2,67.01,2,1,0.0,1.0,0.0,0.0,0.0,0.0,0.0,0.0,0.0,0.0,0.0,0.0,0.0,0.0,0.0,0.0,67.0,0.0,0.0,0.0,0.0,22.02,0.0,0.0,0.0,0.0,44.99,1.0,0.0,0.0,0.0,0.0,0.0,1.0,False,Active
2471,1,4,34.15,1,166,0.0,1.0,0.0,0.0,0.0,0.0,0.0,34.0,0.0,0.0,0.0,0.0,0.0,0.0,0.0,0.0,0.0,0.0,0.0,0.0,0.0,34.15,0.0,0.0,0.0,0.0,0.0,4.0,0.0,0.0,0.0,0.0,0.0,0.0,False,Active
2474,1,51,461.69,1,220,0.0,1.0,0.0,0.0,0.0,462.0,0.0,0.0,0.0,0.0,0.0,0.0,0.0,0.0,0.0,0.0,0.0,0.0,0.0,0.0,0.0,0.0,0.0,0.0,0.0,0.0,461.69,0.0,0.0,0.0,0.0,0.0,0.0,51.0,False,Active
2492,12,395,24818.6,159,415,0.95,0.05,14044.0,749.0,0.0,1144.0,0.0,259.0,1587.0,5.0,230.0,0.0,0.0,1590.0,0.0,0.0,1634.0,0.0,3577.0,0.0,0.0,22090.5,2728.1,0.0,0.0,0.0,0.0,293.0,14.0,5.0,1.0,10.0,43.0,0.0,False,Active
2493,5,35,3005.33,27,368,0.67,0.33,398.0,20.0,0.0,0.0,0.0,0.0,313.0,386.0,137.0,0.0,0.0,124.0,0.0,0.0,1430.0,0.0,197.0,0.0,0.0,2703.73,301.6,0.0,0.0,0.0,0.0,22.0,3.0,0.0,0.0,6.0,2.0,0.0,False,Active
2494,7,227,14478.35,97,442,0.72,0.28,1988.0,3371.0,0.0,10.0,0.0,178.0,3832.0,71.0,159.0,0.0,99.0,305.0,0.0,0.0,2800.0,0.0,1665.0,0.0,0.0,12241.6,906.86,0.0,0.0,0.0,0.0,189.0,8.0,0.0,0.0,0.0,0.0,0.0,False,Active
2495,8,772,64601.14,176,964,0.88,0.12,0.0,1189.0,0.0,330.0,0.0,867.0,22087.0,752.0,9843.0,0.0,687.0,10768.0,0.0,0.0,8696.0,1329.0,8053.0,0.0,0.0,54601.42,9324.72,0.0,0.0,0.0,675.0,740.0,5.0,0.0,1.0,5.0,10.0,6.0,False,Active
2496,11,1105,34039.78,264,578,0.9,0.1,0.0,796.0,0.0,595.0,0.0,250.0,3547.0,518.0,7569.0,0.0,30.0,12705.0,0.0,0.0,5223.0,493.0,2314.0,0.0,0.0,17202.37,16384.03,0.0,0.0,0.0,246.55,895.0,55.0,30.0,0.0,15.0,8.0,0.0,False,Active
2497,3,6,270.53,6,19,0.45,0.55,0.0,0.0,0.0,0.0,0.0,0.0,52.0,0.0,0.0,0.0,0.0,63.0,0.0,0.0,150.0,0.0,6.0,0.0,0.0,268.61,1.92,0.0,0.0,0.0,0.0,4.0,0.0,0.0,0.0,1.0,0.0,0.0,False,Active
2498,1,218,5006.4,99,907,0.95,0.05,0.0,0.0,0.0,366.0,0.0,13.0,698.0,146.0,13.0,0.0,0.0,1558.0,0.0,0.0,2046.0,0.0,168.0,0.0,0.0,5006.4,0.0,0.0,0.0,0.0,0.0,218.0,0.0,0.0,0.0,0.0,0.0,0.0,False,Active
2499,11,1322,31830.76,266,960,0.38,0.62,1722.0,2841.0,0.0,558.0,0.0,309.0,3395.0,1054.0,2438.0,0.0,120.0,9430.0,0.0,351.0,5779.0,154.0,3681.0,0.0,0.0,30069.8,1688.51,72.45,0.0,0.0,0.0,1147.0,14.0,1.0,9.0,22.0,3.0,0.0,False,Active
2500,33,1224,68979.58,581,962,0.38,0.62,20391.0,1714.0,0.0,1648.0,0.0,2516.0,2847.0,3059.0,10529.0,0.0,82.0,10742.0,0.0,0.0,10591.0,1518.0,3341.0,0.0,0.0,46463.8,7373.63,668.23,0.0,1553.6,5954.11,516.0,29.0,7.0,45.0,50.0,88.0,88.0,False,Active
2502,14,638,24718.87,362,958,0.75,0.25,0.0,440.0,0.0,865.0,0.0,148.0,1174.0,1583.0,2343.0,0.0,452.0,4099.0,0.0,0.0,7725.0,0.0,5890.0,0.0,0.0,19583.34,5033.66,0.0,0.0,0.0,0.0,487.0,36.0,27.0,2.0,0.0,20.0,2.0,False,Active
2503,11,2654,154587.83,472,964,0.71,0.29,736.0,4445.0,15.0,2831.0,0.0,579.0,55363.0,9287.0,6434.0,0.0,822.0,8168.0,37.0,594.0,52315.0,384.0,5690.0,6887.0,0.0,152679.85,1708.33,96.49,0.0,0.0,103.16,2373.0,152.0,0.0,6.0,48.0,0.0,0.0,False,Active
2504,3,30,3507.52,18,26,0.89,0.11,609.0,0.0,0.0,0.0,0.0,0.0,0.0,86.0,1251.0,0.0,139.0,449.0,0.0,0.0,553.0,0.0,420.0,0.0,0.0,2084.13,647.01,0.0,0.0,0.0,0.0,0.0,0.0,4.0,0.0,0.0,0.0,0.0,False,Active
2506,13,856,36985.54,438,964,0.91,0.09,1839.0,1341.0,0.0,135.0,0.0,250.0,13295.0,428.0,4015.0,0.0,429.0,3242.0,0.0,0.0,5142.0,55.0,6815.0,0.0,0.0,13677.11,22642.14,0.0,0.0,0.0,4.87,291.0,377.0,30.0,6.0,0.0,80.0,48.0,False,Active
2507,2,140,13018.89,53,659,0.65,0.35,360.0,501.0,0.0,194.0,0.0,0.0,2832.0,109.0,0.0,0.0,0.0,1838.0,0.0,0.0,6198.0,0.0,987.0,0.0,0.0,13018.89,0.0,0.0,0.0,0.0,0.0,131.0,0.0,0.0,0.0,9.0,0.0,0.0,False,Active
2508,14,478,31237.45,270,622,0.13,0.87,104.0,166.0,0.0,21533.0,0.0,32.0,1525.0,89.0,2863.0,0.0,23.0,1186.0,0.0,0.0,2794.0,65.0,858.0,0.0,0.0,24609.76,6154.03,28.26,0.0,0.0,445.4,205.0,16.0,3.0,5.0,17.0,112.0,0.0,False,Active
2509,20,1359,49677.5,437,578,0.74,0.26,8994.0,1936.0,0.0,1164.0,0.0,459.0,11723.0,843.0,3773.0,0.0,30.0,2999.0,0.0,0.0,14288.0,40.0,3262.0,167.0,0.0,42797.64,2144.93,0.0,0.0,3227.06,30.82,1031.0,50.0,1.0,21.0,2.0,0.0,5.0,False,Active
2510,9,177,4129.01,71,731,0.7,0.3,29.0,67.0,0.0,31.0,0.0,29.0,686.0,435.0,0.0,0.0,0.0,358.0,0.0,0.0,2479.0,0.0,15.0,0.0,0.0,3926.33,166.7,0.0,0.0,0.0,35.98,152.0,5.0,5.0,0.0,2.0,0.0,0.0,False,Active
2511,22,2122,66370.7,731,788,0.54,0.46,3286.0,6561.0,0.0,3231.0,0.0,2165.0,13638.0,4548.0,5723.0,0.0,18.0,4298.0,0.0,64.0,16253.0,565.0,6023.0,0.0,0.0,35525.16,18619.35,89.97,0.0,32.65,9270.03,895.0,262.0,50.0,53.0,122.0,12.0,201.0,False,Active
2512,23,2834,124465.73,720,964,0.41,0.59,5956.0,6907.0,0.0,15460.0,0.0,603.0,14292.0,842.0,27494.0,0.0,426.0,21474.0,0.0,76.0,20176.0,468.0,10292.0,0.0,0.0,93261.31,5057.98,682.73,2539.13,0.0,17016.7,2083.0,58.0,4.0,95.0,31.0,48.0,184.0,False,Active
2516,10,296,16882.87,211,471,0.76,0.24,0.0,193.0,0.0,508.0,0.0,60.0,351.0,560.0,5843.0,0.0,0.0,4142.0,0.0,0.0,3855.0,43.0,1327.0,0.0,0.0,1866.42,9587.76,0.0,0.0,0.0,0.0,9.0,107.0,18.0,0.0,6.0,0.0,0.0,False,Active
2518,7,218,24551.56,120,905,0.32,0.68,13680.0,81.0,0.0,0.0,0.0,14.0,567.0,63.0,4892.0,0.0,0.0,2627.0,0.0,0.0,2050.0,0.0,579.0,0.0,37.1,17797.18,6094.6,622.68,0.0,0.0,0.0,108.0,4.0,0.0,35.0,0.0,54.0,0.0,False,Active
2519,17,645,27287.26,318,826,0.47,0.53,2942.0,1296.0,0.0,468.0,0.0,1781.0,1986.0,210.0,3824.0,0.0,82.0,2346.0,0.0,0.0,10610.0,210.0,1532.0,0.0,0.0,18075.26,2879.63,123.15,0.0,0.0,1545.38,377.0,45.0,13.0,5.0,32.0,8.0,25.0,False,Active
2520,2,39,2827.15,16,777,0.51,0.49,1097.0,0.0,0.0,312.0,0.0,56.0,43.0,0.0,0.0,0.0,932.0,28.0,0.0,0.0,278.0,0.0,80.0,0.0,0.0,2787.66,0.0,0.0,0.0,0.0,39.49,36.0,0.0,0.0,0.0,0.0,0.0,3.0,False,Active
2521,18,417,17084.1,150,889,0.4,0.6,1955.0,814.0,0.0,6976.0,0.0,888.0,1673.0,476.0,437.0,0.0,127.0,1143.0,0.0,0.0,732.0,133.0,1730.0,0.0,0.0,8983.1,4842.38,0.0,0.0,0.0,436.48,236.0,3.0,0.0,32.0,8.0,41.0,26.0,False,Active
2522,11,225,7853.96,114,499,0.76,0.24,682.0,96.0,0.0,240.0,0.0,2.0,1470.0,17.0,1424.0,0.0,0.0,1449.0,0.0,0.0,1776.0,141.0,556.0,0.0,0.0,6088.06,64.91,498.04,0.0,395.02,0.0,178.0,0.0,3.0,14.0,1.0,0.0,0.0,False,Active
2526,15,401,10077.15,124,495,0.33,0.67,340.0,475.0,0.0,4747.0,0.0,77.0,2010.0,91.0,10.0,0.0,0.0,576.0,0.0,203.0,998.0,0.0,548.0,0.0,0.0,8859.87,964.65,0.0,0.0,0.0,252.63,307.0,8.0,0.0,4.0,44.0,1.0,18.0,False,Active
2531,9,197,7749.54,89,610,0.74,0.26,0.0,414.0,0.0,235.0,0.0,0.0,976.0,145.0,952.0,0.0,0.0,2173.0,0.0,0.0,286.0,0.0,2568.0,0.0,0.0,7356.24,265.53,0.0,0.0,0.0,127.77,179.0,1.0,2.0,0.0,1.0,0.0,2.0,False,Active
2533,15,3316,84554.68,309,964,0.46,0.54,12319.0,402.0,0.0,21499.0,0.0,234.0,14830.0,146.0,531.0,0.0,0.0,15873.0,0.0,0.0,12129.0,110.0,6482.0,0.0,0.0,80399.88,2668.05,16.2,0.0,0.0,1299.95,2982.0,41.0,3.0,8.0,15.0,6.0,28.0,False,Active
2535,9,633,24993.64,278,958,0.8,0.2,1969.0,365.0,0.0,1540.0,0.0,718.0,8130.0,621.0,537.0,0.0,160.0,5041.0,0.0,0.0,3871.0,0.0,2042.0,0.0,0.0,19562.9,5184.62,109.03,0.0,0.0,137.09,500.0,17.0,83.0,6.0,0.0,11.0,2.0,False,Active
2536,5,286,18181.28,127,948,0.5,0.5,0.0,3833.0,0.0,205.0,0.0,1438.0,1983.0,1880.0,1962.0,0.0,35.0,1314.0,0.0,0.0,2530.0,341.0,2660.0,0.0,0.0,15193.9,2987.38,0.0,0.0,0.0,0.0,219.0,10.0,0.0,0.0,18.0,38.0,1.0,False,Active
2540,10,273,3340.21,118,289,0.65,0.35,0.0,58.0,0.0,216.0,0.0,74.0,907.0,12.0,23.0,0.0,0.0,777.0,0.0,0.0,761.0,13.0,500.0,0.0,0.0,1306.44,243.56,1756.03,0.0,0.0,34.18,93.0,3.0,0.0,145.0,3.0,0.0,9.0,False,Active
2542,5,80,3635.33,62,916,0.98,0.02,0.0,4.0,0.0,0.0,0.0,0.0,471.0,0.0,1154.0,0.0,0.0,557.0,0.0,0.0,1435.0,0.0,14.0,0.0,0.0,2456.91,1178.42,0.0,0.0,0.0,0.0,65.0,2.0,0.0,0.0,0.0,3.0,0.0,False,Active
2543,8,64,7925.68,32,179,0.33,0.67,0.0,2043.0,0.0,164.0,0.0,4313.0,306.0,54.0,507.0,0.0,0.0,85.0,0.0,0.0,335.0,0.0,118.0,0.0,0.0,5692.72,0.0,0.0,0.0,0.0,398.76,28.0,2.0,0.0,1.0,23.0,0.0,5.0,False,Active
2549,5,84,3129.03,50,960,0.68,0.32,481.0,102.0,0.0,673.0,0.0,79.0,474.0,29.0,24.0,0.0,0.0,364.0,0.0,210.0,193.0,0.0,499.0,0.0,0.0,1997.09,1127.32,0.0,0.0,0.0,4.62,56.0,2.0,0.0,0.0,0.0,0.0,1.0,False,Active
2551,8,358,6081.16,30,802,0.05,0.95,280.0,49.0,0.0,5634.0,0.0,75.0,37.0,0.0,0.0,0.0,0.0,0.0,0.0,0.0,7.0,0.0,0.0,0.0,0.0,5866.97,122.75,0.0,0.0,0.0,91.44,327.0,0.0,0.0,6.0,5.0,0.0,13.0,False,Active
2552,10,158,8956.65,25,300,0.11,0.89,6982.0,295.0,0.0,914.0,0.0,167.0,214.0,0.0,0.0,0.0,0.0,77.0,0.0,129.0,151.0,0.0,28.0,0.0,0.0,8821.85,128.78,0.0,0.0,0.0,6.02,44.0,0.0,1.0,1.0,9.0,0.0,1.0,False,Active
2557,4,271,3631.85,30,563,0.59,0.41,2080.0,868.0,0.0,592.0,0.0,0.0,46.0,0.0,0.0,0.0,0.0,0.0,0.0,0.0,36.0,0.0,10.0,0.0,0.0,3630.88,0.0,0.0,0.0,0.0,0.97,53.0,0.0,0.0,0.0,27.0,0.0,190.0,False,Active
2558,2,130,2810.99,29,930,1.0,0.0,0.0,0.0,0.0,0.0,0.0,0.0,2321.0,110.0,0.0,0.0,0.0,77.0,0.0,0.0,264.0,0.0,38.0,0.0,0.0,2283.4,527.59,0.0,0.0,0.0,0.0,120.0,0.0,0.0,0.0,0.0,10.0,0.0,False,Active
2559,11,511,10263.54,84,960,0.28,0.72,369.0,2234.0,0.0,273.0,0.0,23.0,572.0,865.0,9.0,0.0,0.0,790.0,0.0,98.0,3261.0,0.0,1771.0,0.0,0.0,9100.71,488.41,61.8,0.0,0.0,612.62,334.0,5.0,1.0,22.0,51.0,0.0,40.0,False,Active
2572,12,797,33762.62,269,921,0.74,0.26,0.0,1240.0,0.0,1164.0,0.0,462.0,7795.0,842.0,3296.0,0.0,399.0,5802.0,0.0,0.0,5195.0,10.0,7507.0,50.0,0.0,30732.99,491.12,483.54,0.0,0.0,210.77,692.0,19.0,2.0,15.0,2.0,0.0,4.0,False,Active
2574,10,1118,29730.46,82,932,0.61,0.39,216.0,3118.0,0.0,1648.0,0.0,67.0,11940.0,1077.0,179.0,0.0,0.0,896.0,0.0,0.0,5657.0,20.0,4914.0,0.0,0.0,27202.89,1577.41,0.0,0.0,0.0,950.16,1011.0,26.0,0.0,8.0,32.0,2.0,11.0,False,Active
2585,14,216,3832.73,136,525,0.83,0.17,0.0,224.0,0.0,142.0,0.0,3.0,203.0,57.0,523.0,0.0,0.0,1931.0,0.0,0.0,445.0,14.0,291.0,0.0,0.0,30.4,751.9,0.0,0.0,0.0,1713.67,6.0,15.0,0.0,9.0,0.0,0.0,85.0,False,Active
2587,7,120,3785.19,39,158,0.53,0.47,40.0,33.0,0.0,1081.0,0.0,16.0,1880.0,0.0,52.0,0.0,0.0,47.0,0.0,0.0,382.0,0.0,254.0,0.0,0.0,3397.95,375.32,0.0,0.0,0.0,11.92,80.0,7.0,0.0,0.0,0.0,0.0,0.0,False,Active
2590,5,18,3502.4,11,372,0.0,1.0,0.0,0.0,0.0,0.0,0.0,0.0,0.0,0.0,0.0,0.0,0.0,0.0,0.0,200.0,3302.0,0.0,0.0,0.0,0.0,3444.26,58.14,0.0,0.0,0.0,0.0,11.0,3.0,0.0,1.0,0.0,0.0,0.0,False,Active
2591,9,268,9729.83,64,138,0.71,0.29,989.0,172.0,0.0,152.0,0.0,0.0,2218.0,12.0,949.0,0.0,0.0,2967.0,0.0,0.0,1111.0,300.0,859.0,0.0,0.0,7906.85,1055.7,0.0,0.0,0.0,767.28,200.0,9.0,1.0,3.0,1.0,0.0,39.0,False,Active
2595,2,13,111.5,2,324,0.61,0.39,0.0,43.0,0.0,0.0,0.0,0.0,0.0,0.0,0.0,0.0,0.0,69.0,0.0,0.0,0.0,0.0,0.0,0.0,0.0,111.5,0.0,0.0,0.0,0.0,0.0,7.0,0.0,0.0,0.0,6.0,0.0,0.0,False,Active
2609,14,150,16728.01,101,462,0.76,0.24,2758.0,63.0,0.0,401.0,0.0,52.0,1049.0,195.0,988.0,0.0,570.0,3921.0,0.0,0.0,5938.0,166.0,627.0,0.0,213.21,11436.64,4097.08,0.0,0.0,0.0,33.64,62.0,1.0,33.0,0.0,2.0,4.0,2.0,False,Active
2610,15,721,29669.24,335,939,0.88,0.12,310.0,195.0,0.0,315.0,0.0,214.0,6687.0,2076.0,2563.0,0.0,205.0,7284.0,0.0,0.0,4732.0,48.0,5027.0,15.0,0.0,23000.68,4631.72,0.0,0.0,0.0,221.64,586.0,50.0,0.0,1.0,1.0,0.0,1.0,False,Active
2611,3,33,532.17,23,8,0.79,0.21,0.0,0.0,0.0,52.0,0.0,0.0,261.0,0.0,81.0,0.0,6.0,63.0,0.0,0.0,0.0,43.0,26.0,0.0,0.0,0.0,0.0,0.0,0.0,0.0,124.9,0.0,0.0,0.0,1.0,0.0,0.0,1.0,False,Active
2612,5,167,8008.44,102,530,0.6,0.4,50.0,504.0,30.0,226.0,0.0,683.0,892.0,282.0,1271.0,0.0,161.0,874.0,0.0,0.0,1448.0,587.0,1001.0,0.0,0.0,5858.46,1572.97,0.0,0.0,0.0,577.01,137.0,0.0,1.0,0.0,2.0,23.0,4.0,False,Active
2613,20,819,21654.75,425,952,0.46,0.54,897.0,374.0,0.0,865.0,0.0,1494.0,2315.0,1404.0,4400.0,0.0,190.0,3707.0,0.0,0.0,3932.0,85.0,1990.0,0.0,15.51,11513.69,5406.03,398.4,0.0,0.0,3066.27,331.0,12.0,101.0,49.0,8.0,44.0,38.0,False,Active
2614,9,389,17259.39,162,402,0.79,0.21,4172.0,266.0,0.0,381.0,0.0,26.0,631.0,54.0,1921.0,0.0,21.0,1582.0,0.0,0.0,5063.0,0.0,3143.0,0.0,0.0,13405.54,3853.85,0.0,0.0,0.0,0.0,224.0,57.0,0.0,23.0,16.0,57.0,0.0,False,Active
2616,6,1246,7182.23,84,790,0.87,0.13,750.0,7.0,0.0,3.0,0.0,0.0,2335.0,0.0,0.0,0.0,0.0,3828.0,0.0,0.0,51.0,0.0,209.0,0.0,0.0,7113.11,21.93,0.0,0.0,0.0,47.19,1237.0,0.0,0.0,2.0,0.0,2.0,1.0,False,Active
2617,8,149,9133.65,41,141,0.65,0.35,300.0,1472.0,0.0,0.0,0.0,287.0,3692.0,82.0,0.0,0.0,177.0,273.0,0.0,1100.0,1206.0,80.0,465.0,0.0,0.0,8823.07,278.2,0.0,0.0,32.38,0.0,95.0,1.0,0.0,8.0,38.0,0.0,0.0,False,Active
2620,20,4180,197480.72,1194,922,0.57,0.43,34579.0,11480.0,0.0,2702.0,0.0,4767.0,31932.0,3285.0,39734.0,0.0,578.0,27521.0,0.0,755.0,13731.0,9649.0,16766.0,0.0,0.0,151795.34,38844.45,0.0,0.0,0.0,3592.2,2451.0,119.0,141.0,62.0,269.0,180.0,89.0,False,Active
2622,4,321,5546.53,80,237,0.77,0.23,711.0,14.0,0.0,43.0,0.0,0.0,2078.0,0.0,0.0,0.0,0.0,454.0,0.0,0.0,1400.0,0.0,847.0,0.0,0.0,3659.67,1886.86,0.0,0.0,0.0,0.0,271.0,48.0,0.0,0.0,0.0,0.0,0.0,False,Active
2623,5,51,2808.22,10,184,0.81,0.19,850.0,0.0,0.0,414.0,0.0,16.0,507.0,800.0,0.0,0.0,0.0,69.0,0.0,0.0,110.0,0.0,42.0,0.0,0.0,2694.62,68.77,44.83,0.0,0.0,0.0,23.0,0.0,0.0,1.0,0.0,0.0,0.0,False,Active
2626,1,173,5706.61,65,337,0.96,0.04,280.0,0.0,0.0,179.0,0.0,0.0,1445.0,1384.0,0.0,0.0,0.0,316.0,0.0,0.0,729.0,48.0,1326.0,0.0,0.0,5706.61,0.0,0.0,0.0,0.0,0.0,173.0,0.0,0.0,0.0,0.0,0.0,0.0,False,Active
2627,6,495,15689.77,164,940,0.92,0.08,117.0,1085.0,0.0,315.0,0.0,12.0,2721.0,2613.0,1062.0,0.0,120.0,4195.0,0.0,0.0,3016.0,10.0,424.0,0.0,0.0,14431.15,1093.44,0.0,0.0,0.0,0.0,429.0,4.0,6.0,0.0,30.0,22.0,0.0,False,Active
2628,12,322,10784.5,182,945,0.79,0.21,0.0,1115.0,0.0,149.0,0.0,12.0,2786.0,267.0,1083.0,0.0,433.0,2318.0,0.0,0.0,1104.0,314.0,1205.0,0.0,0.0,2927.6,5973.2,28.47,0.0,0.0,37.11,96.0,53.0,9.0,1.0,1.0,19.0,3.0,False,Active
2630,3,267,4854.54,108,813,1.0,0.0,81.0,72.0,0.0,104.0,0.0,0.0,1508.0,518.0,228.0,0.0,108.0,887.0,0.0,0.0,728.0,116.0,506.0,0.0,0.0,4751.02,103.52,0.0,0.0,0.0,0.0,263.0,1.0,0.0,0.0,0.0,0.0,0.0,False,Active
2631,19,1032,27199.64,450,948,0.72,0.28,994.0,1113.0,0.0,826.0,0.0,948.0,5438.0,637.0,2314.0,0.0,137.0,5155.0,0.0,0.0,5225.0,195.0,4219.0,0.0,0.0,21117.68,3616.78,769.8,456.34,338.4,866.72,786.0,23.0,4.0,59.0,13.0,52.0,1.0,False,Active
2633,17,3010,72592.31,600,914,0.77,0.23,54.0,1079.0,0.0,2769.0,0.0,183.0,15465.0,4550.0,3642.0,0.0,1044.0,8105.0,0.0,0.0,28933.0,20.0,6749.0,0.0,0.0,65873.31,4605.77,811.34,0.0,0.0,0.0,2666.0,101.0,3.0,30.0,48.0,12.0,1.0,False,Active
2636,15,556,15630.09,214,954,0.46,0.54,730.0,202.0,0.0,315.0,0.0,1484.0,1606.0,499.0,3245.0,0.0,2952.0,1287.0,0.0,0.0,2491.0,9.0,809.0,0.0,0.0,4861.55,4226.84,0.0,0.0,0.0,290.17,242.0,30.0,23.0,0.0,32.0,2.0,0.0,False,Active
2638,7,362,11894.18,47,911,0.85,0.15,6234.0,113.0,0.0,0.0,0.0,7.0,4014.0,0.0,0.0,0.0,55.0,135.0,0.0,0.0,1047.0,0.0,289.0,0.0,0.0,10632.95,1261.23,0.0,0.0,0.0,0.0,318.0,5.0,5.0,0.0,1.0,0.0,0.0,False,Active
2639,1,23,1022.44,3,438,0.0,1.0,0.0,0.0,0.0,1022.0,0.0,0.0,0.0,0.0,0.0,0.0,0.0,0.0,0.0,0.0,0.0,0.0,0.0,0.0,0.0,1022.44,0.0,0.0,0.0,0.0,0.0,23.0,0.0,0.0,0.0,0.0,0.0,0.0,False,Active
2642,6,138,2831.99,59,264,0.27,0.73,1209.0,137.0,0.0,652.0,0.0,0.0,398.0,18.0,0.0,0.0,0.0,135.0,0.0,0.0,111.0,0.0,172.0,0.0,0.0,1992.81,831.95,0.0,0.0,0.0,0.0,100.0,0.0,18.0,14.0,2.0,0.0,3.0,False,Active
2649,3,5,2918.84,5,252,0.17,0.83,0.0,462.0,0.0,0.0,0.0,0.0,12.0,0.0,2384.0,0.0,0.0,10.0,0.0,0.0,51.0,0.0,0.0,0.0,0.0,2908.45,10.39,0.0,0.0,0.0,0.0,3.0,0.0,0.0,1.0,0.0,1.0,0.0,False,Active
2659,7,751,67991.18,167,951,0.7,0.3,0.0,1427.0,0.0,788.0,0.0,939.0,11828.0,5674.0,5071.0,0.0,164.0,7940.0,0.0,0.0,32355.0,80.0,1727.0,0.0,0.0,64065.5,3925.68,0.0,0.0,0.0,0.0,670.0,16.0,0.0,2.0,34.0,23.0,2.0,False,Active
2662,4,257,8097.3,75,942,0.5,0.5,0.0,12.0,0.0,37.0,0.0,50.0,1128.0,245.0,206.0,0.0,14.0,2216.0,0.0,0.0,268.0,99.0,3823.0,0.0,0.0,7667.55,125.95,0.0,0.0,0.0,303.8,248.0,0.0,0.0,0.0,0.0,0.0,0.0,False,Active
2665,1,39,191.75,11,288,1.0,0.0,0.0,7.0,0.0,0.0,0.0,0.0,96.0,0.0,0.0,0.0,0.0,5.0,0.0,0.0,61.0,0.0,22.0,0.0,0.0,191.75,0.0,0.0,0.0,0.0,0.0,39.0,0.0,0.0,0.0,0.0,0.0,0.0,False,Active
2668,7,174,5250.36,74,425,0.65,0.35,1240.0,159.0,0.0,75.0,0.0,541.0,459.0,0.0,55.0,0.0,0.0,475.0,0.0,417.0,827.0,0.0,1002.0,0.0,0.0,4266.28,171.31,0.0,0.0,0.0,812.77,158.0,4.0,0.0,4.0,0.0,0.0,0.0,False,Active
2669,3,10,1407.19,5,822,0.41,0.59,0.0,0.0,0.0,342.0,0.0,0.0,0.0,0.0,0.0,0.0,0.0,287.0,0.0,0.0,0.0,0.0,777.0,0.0,0.0,902.97,0.0,0.0,0.0,0.0,0.0,6.0,0.0,0.0,0.0,0.0,0.0,0.0,False,Active
2672,3,266,9699.1,86,562,0.74,0.26,4050.0,1496.0,0.0,44.0,0.0,48.0,1154.0,428.0,0.0,0.0,113.0,50.0,0.0,0.0,1077.0,140.0,1098.0,0.0,0.0,8280.83,1418.27,0.0,0.0,0.0,0.0,235.0,0.0,30.0,0.0,1.0,0.0,0.0,False,Active
2675,8,110,4643.96,84,101,1.0,0.0,1298.0,0.0,0.0,56.0,0.0,0.0,275.0,128.0,1089.0,0.0,29.0,1093.0,0.0,0.0,620.0,39.0,16.0,0.0,0.0,1201.55,397.52,0.0,0.0,1054.19,514.07,5.0,0.0,0.0,0.0,0.0,0.0,1.0,False,Active
2676,4,25,2202.77,19,46,0.2,0.8,20.0,0.0,0.0,0.0,0.0,0.0,51.0,0.0,0.0,0.0,0.0,191.0,0.0,0.0,703.0,0.0,1237.0,0.0,0.0,212.99,1588.19,401.59,0.0,0.0,0.0,11.0,0.0,9.0,1.0,0.0,0.0,0.0,False,Active
2679,10,96,2020.88,37,942,0.15,0.85,0.0,152.0,0.0,84.0,0.0,53.0,125.0,218.0,13.0,0.0,0.0,53.0,0.0,0.0,1066.0,245.0,12.0,0.0,0.0,1917.73,26.56,0.0,0.0,0.0,76.59,55.0,3.0,0.0,1.0,14.0,0.0,13.0,False,Active
2685,9,559,78581.97,35,755,0.13,0.87,10616.0,590.0,0.0,30940.0,0.0,0.0,12.0,0.0,515.0,0.0,1997.0,45.0,0.0,33553.0,0.0,305.0,10.0,0.0,0.0,43117.19,35460.01,0.0,0.0,0.0,4.77,101.0,9.0,0.0,376.0,13.0,0.0,12.0,False,Active
2686,12,160,5294.62,55,655,0.12,0.88,0.0,1440.0,0.0,1881.0,0.0,131.0,194.0,0.0,1081.0,0.0,0.0,151.0,0.0,0.0,356.0,0.0,61.0,0.0,0.0,4294.61,723.02,0.0,0.0,0.0,276.99,61.0,5.0,0.0,18.0,12.0,1.0,1.0,False,Active
2691,14,126,7257.56,26,939,0.01,0.99,0.0,2096.0,0.0,1113.0,0.0,63.0,27.0,0.0,0.0,0.0,0.0,563.0,0.0,0.0,3395.0,0.0,0.0,0.0,0.0,7102.29,0.0,0.0,0.0,0.0,155.27,57.0,11.0,0.0,18.0,0.0,0.0,20.0,False,Active
2694,21,1713,161822.33,539,938,0.43,0.57,86451.0,5641.0,0.0,597.0,0.0,165.0,6677.0,6007.0,17152.0,0.0,518.0,6474.0,0.0,1101.0,11082.0,8936.0,11021.0,0.0,0.0,120335.86,35148.23,2574.8,0.0,481.36,1635.84,748.0,46.0,11.0,65.0,165.0,0.0,7.0,False,Active
2698,15,420,53982.72,241,905,0.73,0.27,5856.0,793.0,0.0,526.0,0.0,43.0,5520.0,1463.0,19708.0,0.0,0.0,8986.0,0.0,0.0,8403.0,105.0,2571.0,8.0,969.37,41142.2,8185.26,0.0,0.0,0.0,1217.1,239.0,15.0,2.0,1.0,65.0,14.0,1.0,False,Active
2699,6,268,1469.34,50,381,0.9,0.1,0.0,104.0,0.0,59.0,0.0,0.0,685.0,0.0,0.0,0.0,0.0,247.0,0.0,0.0,327.0,2.0,44.0,0.0,0.0,1452.0,17.34,0.0,0.0,0.0,0.0,247.0,2.0,0.0,0.0,14.0,0.0,1.0,False,Active
2703,6,280,5449.67,126,379,0.43,0.57,404.0,645.0,0.0,859.0,0.0,0.0,530.0,209.0,96.0,0.0,9.0,398.0,0.0,0.0,1628.0,19.0,654.0,0.0,0.0,2207.79,3225.73,0.0,0.0,0.0,16.15,42.0,11.0,0.0,5.0,208.0,0.0,12.0,False,Active
2705,13,274,9212.48,88,403,0.48,0.52,1280.0,715.0,0.0,13.0,0.0,190.0,1072.0,435.0,0.0,0.0,5.0,347.0,0.0,0.0,4967.0,0.0,59.0,129.0,0.0,8490.95,71.49,56.75,0.0,0.0,0.0,208.0,13.0,0.0,6.0,12.0,0.0,1.0,False,Active
2718,3,153,2720.09,69,383,1.0,0.0,0.0,0.0,0.0,19.0,0.0,44.0,163.0,0.0,59.0,0.0,0.0,2340.0,0.0,0.0,6.0,0.0,90.0,0.0,0.0,2674.7,45.39,0.0,0.0,0.0,0.0,151.0,1.0,1.0,0.0,0.0,0.0,0.0,False,Active
2724,6,460,17447.22,45,963,0.89,0.11,20.0,0.0,0.0,1624.0,0.0,93.0,3198.0,1266.0,0.0,0.0,0.0,7514.0,0.0,0.0,3574.0,0.0,157.0,0.0,0.0,17087.91,359.31,0.0,0.0,0.0,0.0,383.0,39.0,1.0,0.0,34.0,0.0,2.0,False,Active
2725,6,235,12009.12,86,596,0.97,0.03,0.0,90.0,0.0,50.0,0.0,23.0,7854.0,425.0,0.0,0.0,0.0,2185.0,0.0,0.0,834.0,2.0,548.0,0.0,0.0,9079.3,2354.12,0.0,0.0,0.0,0.0,199.0,12.0,14.0,0.0,0.0,0.0,0.0,False,Active
2729,3,84,1336.85,5,731,0.0,1.0,0.0,768.0,0.0,568.0,0.0,0.0,0.0,0.0,0.0,0.0,0.0,0.0,0.0,0.0,0.0,0.0,0.0,0.0,0.0,1336.85,0.0,0.0,0.0,0.0,0.0,11.0,0.0,0.0,0.0,0.0,0.0,0.0,False,Active
2730,6,28,1589.49,21,207,0.5,0.5,0.0,38.0,0.0,44.0,0.0,0.0,50.0,77.0,114.0,0.0,0.0,30.0,0.0,0.0,1215.0,0.0,23.0,0.0,0.0,947.96,641.53,0.0,0.0,0.0,0.0,13.0,1.0,8.0,0.0,0.0,0.0,0.0,False,Active
2731,3,8,803.3,4,405,0.06,0.94,750.0,0.0,0.0,0.0,0.0,0.0,0.0,0.0,0.0,0.0,0.0,49.0,0.0,0.0,0.0,0.0,4.0,0.0,0.0,803.3,0.0,0.0,0.0,0.0,0.0,3.0,0.0,0.0,1.0,4.0,0.0,0.0,False,Active
2732,8,148,21022.23,24,960,0.46,0.54,7992.0,406.0,0.0,16.0,0.0,7162.0,785.0,423.0,1602.0,0.0,0.0,0.0,0.0,0.0,1744.0,20.0,872.0,0.0,0.0,11345.97,0.0,0.0,9618.01,0.0,58.25,13.0,0.0,0.0,11.0,43.0,0.0,2.0,False,Active
2734,6,895,8559.16,158,567,0.92,0.08,0.0,0.0,0.0,71.0,0.0,0.0,2670.0,185.0,8.0,0.0,0.0,2911.0,0.0,0.0,2424.0,0.0,291.0,0.0,0.0,7676.07,872.18,10.91,0.0,0.0,0.0,832.0,55.0,1.0,2.0,3.0,0.0,0.0,False,Active
2737,7,75,781.55,21,893,0.0,1.0,0.0,137.0,0.0,50.0,0.0,0.0,0.0,0.0,0.0,0.0,0.0,0.0,0.0,0.0,594.0,0.0,0.0,0.0,0.0,750.49,31.06,0.0,0.0,0.0,0.0,7.0,2.0,0.0,2.0,0.0,0.0,9.0,False,Active
2740,2,101,2823.61,44,546,1.0,0.0,0.0,7.0,0.0,108.0,0.0,0.0,305.0,67.0,0.0,0.0,0.0,186.0,0.0,0.0,2053.0,0.0,98.0,0.0,0.0,2785.3,38.31,0.0,0.0,0.0,0.0,99.0,2.0,0.0,0.0,0.0,0.0,0.0,False,Active
2750,4,36,597.21,32,18,0.74,0.26,0.0,0.0,0.0,68.0,0.0,0.0,22.0,2.0,284.0,0.0,0.0,152.0,0.0,0.0,0.0,59.0,10.0,0.0,0.0,0.0,0.0,0.0,0.0,1.52,0.0,0.0,0.0,0.0,1.0,0.0,0.0,0.0,False,Active
2751,3,18,2467.52,15,505,0.76,0.24,1537.0,0.0,0.0,0.0,0.0,541.0,82.0,0.0,0.0,0.0,0.0,11.0,0.0,0.0,274.0,0.0,22.0,0.0,0.0,2443.92,23.6,0.0,0.0,0.0,0.0,12.0,0.0,5.0,0.0,0.0,0.0,0.0,False,Active
2761,3,113,6790.67,55,232,0.29,0.71,0.0,0.0,0.0,0.0,0.0,0.0,1255.0,124.0,0.0,0.0,0.0,264.0,0.0,4810.0,159.0,0.0,178.0,0.0,0.0,4685.15,2105.52,0.0,0.0,0.0,0.0,102.0,0.0,0.0,0.0,0.0,8.0,0.0,False,Active
2768,3,10,212.67,4,59,0.14,0.86,0.0,213.0,0.0,0.0,0.0,0.0,0.0,0.0,0.0,0.0,0.0,0.0,0.0,0.0,0.0,0.0,0.0,0.0,0.0,168.75,43.92,0.0,0.0,0.0,0.0,2.0,0.0,0.0,6.0,0.0,0.0,0.0,False,Active
2771,3,34,340.42,3,943,0.05,0.95,0.0,323.0,0.0,0.0,0.0,0.0,18.0,0.0,0.0,0.0,0.0,0.0,0.0,0.0,0.0,0.0,0.0,0.0,0.0,72.5,0.0,0.0,0.0,0.0,267.92,1.0,0.0,0.0,0.0,1.0,0.0,0.0,False,Active
2780,1,7,107.95,5,218,0.94,0.06,0.0,0.0,0.0,0.0,0.0,6.0,10.0,0.0,0.0,0.0,0.0,79.0,0.0,0.0,0.0,0.0,13.0,0.0,0.0,107.95,0.0,0.0,0.0,0.0,0.0,7.0,0.0,0.0,0.0,0.0,0.0,0.0,False,Active
2782,4,43,117.05,8,951,0.42,0.58,0.0,48.0,0.0,20.0,0.0,0.0,0.0,0.0,0.0,0.0,0.0,27.0,0.0,0.0,0.0,0.0,22.0,0.0,0.0,68.9,48.15,0.0,0.0,0.0,0.0,7.0,0.0,0.0,0.0,0.0,0.0,12.0,False,Active
2791,1,1,21.55,1,1,0.0,1.0,0.0,22.0,0.0,0.0,0.0,0.0,0.0,0.0,0.0,0.0,0.0,0.0,0.0,0.0,0.0,0.0,0.0,0.0,0.0,21.55,0.0,0.0,0.0,0.0,0.0,0.0,1.0,0.0,0.0,0.0,0.0,0.0,False,Active
2792,1,3,36.45,3,131,1.0,0.0,0.0,0.0,0.0,0.0,0.0,0.0,12.0,0.0,0.0,0.0,0.0,0.0,0.0,0.0,18.0,0.0,7.0,0.0,0.0,36.45,0.0,0.0,0.0,0.0,0.0,3.0,0.0,0.0,0.0,0.0,0.0,0.0,False,Active
2803,1,2,79.6,2,17,0.63,0.37,0.0,0.0,0.0,0.0,0.0,0.0,30.0,0.0,0.0,0.0,0.0,50.0,0.0,0.0,0.0,0.0,0.0,0.0,0.0,79.6,0.0,0.0,0.0,0.0,0.0,2.0,0.0,0.0,0.0,0.0,0.0,0.0,False,Active
2826,5,356,17128.65,104,547,0.91,0.09,1300.0,9.0,0.0,461.0,0.0,0.0,7405.0,1747.0,1649.0,0.0,45.0,935.0,0.0,0.0,2808.0,0.0,771.0,0.0,0.0,16901.21,76.98,0.0,0.0,0.0,150.46,343.0,1.0,0.0,3.0,0.0,6.0,3.0,False,Active
2827,8,344,15332.95,131,327,0.73,0.27,509.0,1543.0,0.0,370.0,0.0,174.0,4393.0,171.0,241.0,0.0,26.0,1518.0,0.0,0.0,3255.0,100.0,3032.0,0.0,0.0,13663.71,1441.19,0.0,0.0,0.0,228.05,288.0,0.0,28.0,4.0,7.0,0.0,9.0,False,Active
2828,2,157,3146.7,70,84,1.0,0.0,350.0,173.0,0.0,20.0,0.0,0.0,639.0,32.0,54.0,0.0,0.0,982.0,0.0,0.0,114.0,0.0,784.0,0.0,0.0,3097.85,48.85,0.0,0.0,0.0,0.0,154.0,3.0,0.0,0.0,0.0,0.0,0.0,False,Active
2829,16,1904,54075.58,441,911,0.76,0.24,238.0,73.0,0.0,253.0,0.0,45.0,22509.0,1969.0,982.0,0.0,242.0,2926.0,0.0,0.0,22777.0,523.0,1539.0,0.0,0.0,47192.54,6728.54,0.0,0.0,0.0,30.1,1565.0,158.0,1.0,10.0,2.0,85.0,1.0,False,Active
2830,13,754,30663.39,201,961,0.8,0.2,0.0,100.0,0.0,759.0,0.0,89.0,16251.0,680.0,4971.0,0.0,282.0,5432.0,0.0,0.0,1281.0,69.0,750.0,0.0,0.0,21905.18,5164.0,0.0,0.0,0.0,430.29,631.0,29.0,5.0,2.0,25.0,0.0,2.0,False,Active
2831,18,2019,108085.99,625,963,0.78,0.22,3718.0,5533.0,21.0,3542.0,0.0,1420.0,17881.0,1848.0,5510.0,0.0,3890.0,15483.0,0.0,24.0,29027.0,124.0,20064.0,0.0,0.0,98660.06,7869.29,0.0,0.0,0.0,1556.64,1684.0,32.0,15.0,6.0,108.0,2.0,25.0,False,Active
2832,8,576,27727.7,262,664,0.59,0.41,223.0,52.0,0.0,623.0,0.0,191.0,5901.0,139.0,6712.0,0.0,0.0,6081.0,0.0,0.0,3930.0,60.0,3817.0,0.0,0.0,13468.51,3107.77,0.0,0.0,0.0,9047.43,419.0,31.0,0.0,0.0,0.0,3.0,53.0,False,Active
2833,2,338,21871.55,78,957,0.99,0.01,0.0,25.0,0.0,39.0,0.0,0.0,17869.0,520.0,1245.0,0.0,11.0,734.0,0.0,0.0,703.0,3.0,719.0,4.0,0.0,21871.55,0.0,0.0,0.0,0.0,0.0,337.0,0.0,0.0,0.0,0.0,0.0,0.0,False,Active
2834,5,50,1042.95,36,638,0.89,0.11,70.0,0.0,0.0,23.0,0.0,0.0,126.0,101.0,0.0,0.0,7.0,109.0,0.0,0.0,603.0,0.0,5.0,0.0,0.0,751.26,291.69,0.0,0.0,0.0,0.0,32.0,8.0,7.0,0.0,1.0,0.0,0.0,False,Active
2835,6,97,5453.86,72,848,0.99,0.01,0.0,80.0,0.0,67.0,0.0,78.0,537.0,59.0,2853.0,0.0,113.0,595.0,0.0,0.0,534.0,3.0,536.0,0.0,0.0,434.74,2393.82,0.0,0.0,0.0,2625.3,7.0,9.0,15.0,0.0,0.0,0.0,0.0,False,Active
2836,8,231,6164.73,95,908,0.75,0.25,915.0,300.0,0.0,307.0,0.0,20.0,2287.0,229.0,3.0,0.0,0.0,668.0,0.0,0.0,1076.0,0.0,360.0,0.0,0.0,5958.3,206.43,0.0,0.0,0.0,0.0,197.0,9.0,0.0,3.0,7.0,0.0,7.0,False,Active
2837,13,581,16099.15,244,514,0.71,0.29,1571.0,200.0,0.0,1056.0,0.0,71.0,3388.0,102.0,3566.0,0.0,4.0,2971.0,0.0,0.0,853.0,410.0,1907.0,0.0,0.0,9111.71,6468.7,0.0,0.0,0.0,518.74,348.0,0.0,62.0,11.0,15.0,9.0,4.0,False,Active
2839,7,164,7430.78,76,513,0.94,0.06,2886.0,118.0,0.0,264.0,0.0,46.0,1169.0,152.0,0.0,0.0,0.0,136.0,0.0,0.0,1817.0,0.0,843.0,0.0,0.0,5354.42,2076.36,0.0,0.0,0.0,0.0,73.0,1.0,0.0,0.0,16.0,24.0,0.0,False,Active
2840,2,33,704.5,25,48,0.96,0.04,0.0,0.0,0.0,12.0,0.0,0.0,253.0,14.0,0.0,0.0,0.0,73.0,0.0,0.0,178.0,55.0,119.0,0.0,0.0,444.44,260.06,0.0,0.0,0.0,0.0,26.0,0.0,0.0,0.0,0.0,0.0,0.0,False,Active
2841,8,754,24158.67,261,584,0.71,0.29,0.0,115.0,0.0,268.0,0.0,617.0,4404.0,2859.0,4771.0,0.0,0.0,6124.0,0.0,0.0,4057.0,24.0,922.0,0.0,0.0,17851.53,4296.48,0.0,0.0,0.0,1614.48,630.0,6.0,0.0,0.0,3.0,0.0,40.0,False,Active
2842,5,120,1030.64,17,685,0.07,0.93,0.0,626.0,0.0,209.0,0.0,0.0,32.0,0.0,0.0,0.0,0.0,0.0,0.0,0.0,163.0,0.0,2.0,0.0,0.0,1030.64,0.0,0.0,0.0,0.0,0.0,7.0,19.0,0.0,10.0,12.0,0.0,72.0,False,Active
2843,7,259,5404.62,138,419,0.89,0.11,534.0,94.0,0.0,59.0,0.0,62.0,842.0,102.0,196.0,0.0,88.0,1180.0,0.0,0.0,2022.0,17.0,210.0,0.0,0.0,4130.33,1274.29,0.0,0.0,0.0,0.0,207.0,36.0,0.0,0.0,5.0,0.0,0.0,False,Active
2844,3,268,2498.09,48,917,0.91,0.09,0.0,12.0,0.0,12.0,0.0,0.0,557.0,149.0,0.0,0.0,0.0,1459.0,0.0,0.0,276.0,0.0,33.0,0.0,0.0,2377.8,120.29,0.0,0.0,0.0,0.0,262.0,1.0,5.0,0.0,0.0,0.0,0.0,False,Active
2845,10,668,15248.21,381,961,0.96,0.04,0.0,100.0,0.0,805.0,0.0,162.0,2617.0,516.0,988.0,0.0,76.0,5546.0,0.0,0.0,2275.0,210.0,1953.0,0.0,0.0,9681.24,5057.18,504.73,0.0,0.0,5.06,514.0,9.0,27.0,19.0,0.0,17.0,0.0,False,Active
2846,2,150,2522.82,33,431,0.82,0.18,970.0,202.0,0.0,0.0,0.0,0.0,922.0,0.0,0.0,0.0,0.0,86.0,0.0,0.0,243.0,0.0,99.0,0.0,0.0,2522.82,0.0,0.0,0.0,0.0,0.0,136.0,0.0,0.0,0.0,14.0,0.0,0.0,False,Active
2848,13,1076,24839.25,419,696,0.69,0.31,209.0,247.0,0.0,2190.0,0.0,62.0,6283.0,773.0,4954.0,0.0,0.0,4966.0,0.0,0.0,3640.0,19.0,1496.0,0.0,0.0,15567.63,833.52,0.0,0.0,0.0,5933.58,862.0,18.0,7.0,0.0,0.0,0.0,52.0,False,Active
2854,17,966,39664.76,448,958,0.87,0.13,3374.0,618.0,0.0,4186.0,0.0,223.0,6950.0,395.0,5166.0,0.0,294.0,10970.0,0.0,0.0,3199.0,112.0,4178.0,0.0,0.0,31537.76,5980.77,0.0,0.0,319.73,252.65,735.0,16.0,0.0,2.0,37.0,2.0,3.0,False,Active
2857,11,547,32156.93,70,727,0.49,0.51,18810.0,555.0,0.0,9906.0,0.0,38.0,217.0,0.0,404.0,0.0,0.0,522.0,0.0,842.0,450.0,30.0,384.0,0.0,0.0,23806.85,842.48,0.0,0.0,0.0,33.54,163.0,11.0,0.0,43.0,40.0,0.0,0.0,False,Active
2858,4,866,19084.39,164,962,1.0,0.0,0.0,56.0,0.0,94.0,0.0,24.0,14591.0,703.0,25.0,0.0,5.0,2073.0,0.0,0.0,1121.0,0.0,394.0,0.0,0.0,18782.74,60.78,240.87,0.0,0.0,0.0,845.0,6.0,0.0,13.0,0.0,0.0,0.0,False,Active
2859,3,472,16188.01,209,963,0.98,0.02,0.0,324.0,0.0,79.0,0.0,72.0,3728.0,153.0,3684.0,0.0,25.0,4823.0,0.0,0.0,2962.0,0.0,338.0,0.0,0.0,5465.0,10723.01,0.0,0.0,0.0,0.0,297.0,0.0,0.0,0.0,0.0,174.0,0.0,False,Active
2862,12,328,8642.5,101,741,0.18,0.82,0.0,4333.0,0.0,481.0,0.0,89.0,606.0,6.0,24.0,0.0,1125.0,714.0,0.0,0.0,1078.0,9.0,178.0,0.0,142.85,4904.22,1850.63,181.77,0.0,0.0,1563.03,120.0,44.0,0.0,9.0,38.0,0.0,103.0,False,Active
2863,8,134,11969.15,69,962,0.75,0.25,2460.0,627.0,0.0,1205.0,0.0,394.0,102.0,35.0,2809.0,0.0,0.0,1471.0,0.0,0.0,2171.0,70.0,625.0,0.0,0.0,3962.76,7891.57,0.0,0.0,0.0,114.82,52.0,15.0,0.0,8.0,0.0,36.0,0.0,False,Active
2864,13,171,32585.65,119,954,0.17,0.83,0.0,127.0,0.0,816.0,0.0,404.0,771.0,0.0,16674.0,0.0,39.0,187.0,0.0,0.0,9888.0,362.0,3317.0,0.0,0.0,21251.96,5478.08,0.0,0.0,0.0,5855.61,89.0,16.0,25.0,2.0,1.0,1.0,12.0,False,Active
2865,5,118,8671.85,39,930,0.77,0.23,0.0,1127.0,0.0,0.0,0.0,176.0,2640.0,552.0,118.0,0.0,104.0,827.0,0.0,0.0,1108.0,158.0,1863.0,0.0,0.0,7495.81,893.51,0.0,0.0,0.0,282.53,94.0,10.0,2.0,0.0,8.0,0.0,4.0,False,Active
2866,14,784,18039.61,262,781,0.33,0.67,398.0,3996.0,0.0,1889.0,0.0,164.0,2647.0,359.0,285.0,0.0,35.0,1541.0,0.0,0.0,4787.0,277.0,1661.0,0.0,0.0,13237.77,1333.34,5.13,0.0,0.0,2524.29,385.0,21.0,0.0,14.0,66.0,3.0,92.0,False,Active
2868,6,75,14018.27,30,120,0.63,0.37,8639.0,52.0,0.0,3513.0,0.0,41.0,527.0,0.0,0.0,0.0,0.0,24.0,0.0,88.0,944.0,0.0,190.0,0.0,0.0,13566.21,410.7,0.0,0.0,0.0,41.36,62.0,1.0,0.0,4.0,2.0,0.0,2.0,False,Active
2869,4,118,5220.22,53,917,0.95,0.05,0.0,30.0,0.0,0.0,0.0,0.0,800.0,35.0,79.0,0.0,0.0,64.0,0.0,0.0,364.0,0.0,3848.0,0.0,0.0,5141.5,78.72,0.0,0.0,0.0,0.0,113.0,3.0,0.0,0.0,0.0,0.0,0.0,False,Active
2875,10,267,3995.48,139,608,0.71,0.29,0.0,66.0,0.0,685.0,0.0,26.0,550.0,112.0,264.0,0.0,6.0,968.0,0.0,0.0,1054.0,0.0,263.0,0.0,0.0,2441.05,1343.77,0.0,0.0,0.0,144.93,208.0,20.0,17.0,1.0,0.0,0.0,2.0,False,Active
2876,10,263,20014.63,143,747,0.49,0.51,350.0,694.0,0.0,225.0,0.0,539.0,1302.0,159.0,2997.0,0.0,187.0,499.0,0.0,0.0,8120.0,564.0,4378.0,0.0,0.0,11888.94,8125.69,0.0,0.0,0.0,0.0,137.0,1.0,93.0,14.0,2.0,3.0,0.0,False,Active
2877,6,342,20284.38,77,843,0.98,0.02,0.0,0.0,0.0,0.0,0.0,0.0,13657.0,368.0,2094.0,0.0,123.0,1395.0,0.0,0.0,1940.0,41.0,665.0,0.0,0.0,19905.3,41.32,0.0,0.0,0.0,16.46,332.0,1.0,0.0,0.0,0.0,2.0,0.0,False,Active
2882,6,17,3345.62,8,488,0.15,0.85,98.0,0.0,0.0,0.0,0.0,1439.0,0.0,0.0,1026.0,0.0,0.0,0.0,0.0,0.0,782.0,0.0,0.0,0.0,0.0,2242.68,1102.94,0.0,0.0,0.0,0.0,1.0,0.0,0.0,2.0,0.0,1.0,0.0,False,Active
2883,7,74,15023.84,54,683,0.14,0.86,0.0,0.0,0.0,1536.0,0.0,0.0,230.0,0.0,7843.0,0.0,0.0,1243.0,0.0,0.0,3930.0,78.0,165.0,0.0,0.0,8341.46,2858.39,0.0,0.0,0.0,3823.99,51.0,10.0,1.0,0.0,0.0,3.0,5.0,False,Active
2890,11,1329,49668.39,337,936,0.75,0.25,600.0,3828.0,795.0,3682.0,0.0,1205.0,16023.0,261.0,2381.0,0.0,352.0,3954.0,0.0,0.0,7758.0,389.0,8441.0,0.0,0.0,42421.26,5407.42,1355.78,0.0,0.0,483.93,1033.0,2.0,7.0,10.0,2.0,227.0,34.0,False,Active
2894,16,197,6449.18,59,945,0.14,0.86,279.0,883.0,0.0,112.0,0.0,0.0,701.0,320.0,461.0,0.0,48.0,251.0,0.0,130.0,1477.0,4.0,1783.0,0.0,0.0,4975.1,1350.49,0.0,0.0,0.0,123.59,121.0,27.0,9.0,1.0,0.0,9.0,14.0,False,Active
2907,5,105,22356.31,61,648,0.96,0.04,16327.0,167.0,0.0,68.0,0.0,36.0,251.0,0.0,14.0,0.0,0.0,1978.0,0.0,928.0,2280.0,7.0,302.0,0.0,0.0,20901.15,526.86,0.0,0.0,0.0,928.3,101.0,0.0,1.0,1.0,0.0,0.0,0.0,False,Active
2908,16,292,9461.59,82,911,0.15,0.85,0.0,407.0,0.0,18.0,0.0,61.0,998.0,690.0,0.0,0.0,0.0,0.0,0.0,0.0,6966.0,0.0,322.0,0.0,0.0,2246.97,6644.1,0.0,0.0,0.0,43.13,17.0,52.0,0.0,3.0,9.0,0.0,2.0,False,Active
2917,3,13,472.22,8,230,0.7,0.3,0.0,70.0,0.0,33.0,0.0,0.0,18.0,0.0,0.0,0.0,0.0,13.0,0.0,0.0,252.0,0.0,87.0,0.0,0.0,472.22,0.0,0.0,0.0,0.0,0.0,7.0,1.0,0.0,0.0,5.0,0.0,0.0,False,Active
2920,5,226,18163.96,89,338,0.49,0.51,6092.0,9.0,0.0,6379.0,0.0,0.0,130.0,1466.0,853.0,0.0,152.0,997.0,0.0,0.0,1649.0,0.0,437.0,0.0,0.0,15301.37,1187.91,1243.05,0.0,0.0,0.0,152.0,0.0,30.0,30.0,1.0,0.0,0.0,False,Active
2929,4,131,5348.17,92,661,1.0,0.0,105.0,0.0,0.0,84.0,0.0,0.0,343.0,0.0,791.0,0.0,0.0,3379.0,0.0,0.0,608.0,0.0,39.0,0.0,0.0,1054.8,4293.37,0.0,0.0,0.0,0.0,35.0,17.0,0.0,0.0,0.0,0.0,0.0,False,Active
2930,5,28,835.82,17,432,0.17,0.83,638.0,11.0,0.0,0.0,0.0,0.0,29.0,0.0,41.0,0.0,0.0,14.0,0.0,0.0,0.0,0.0,103.0,0.0,0.0,834.35,0.0,0.0,0.0,0.0,0.0,20.0,0.0,0.0,5.0,1.0,0.0,0.0,False,Active
2931,1,9,81.2,9,378,1.0,0.0,0.0,0.0,0.0,0.0,0.0,12.0,6.0,0.0,0.0,0.0,0.0,35.0,0.0,0.0,22.0,0.0,6.0,0.0,0.0,81.2,0.0,0.0,0.0,0.0,0.0,9.0,0.0,0.0,0.0,0.0,0.0,0.0,False,Active
2932,20,1241,30110.03,288,585,0.69,0.31,1864.0,431.0,0.0,184.0,0.0,1799.0,7544.0,886.0,1202.0,0.0,0.0,7674.0,0.0,20.0,4539.0,151.0,3817.0,0.0,0.0,15874.55,13682.03,98.85,0.0,0.0,454.6,770.0,307.0,1.0,5.0,4.0,0.0,7.0,False,Active
2933,2,12,129.81,8,140,0.93,0.07,0.0,0.0,0.0,0.0,0.0,0.0,17.0,0.0,0.0,0.0,0.0,106.0,0.0,0.0,0.0,0.0,7.0,0.0,0.0,129.81,0.0,0.0,0.0,0.0,0.0,11.0,0.0,0.0,0.0,0.0,0.0,0.0,False,Active
2934,2,371,11931.03,164,449,0.91,0.09,1399.0,100.0,0.0,460.0,0.0,299.0,2661.0,312.0,1519.0,0.0,54.0,2879.0,0.0,0.0,1767.0,14.0,467.0,0.0,0.0,11051.6,879.43,0.0,0.0,0.0,0.0,370.0,0.0,0.0,1.0,0.0,0.0,0.0,False,Active
2935,22,1569,317171.31,659,962,0.78,0.22,31649.0,5961.0,0.0,3356.0,0.0,11184.0,44065.0,9185.0,46309.0,0.0,0.0,53028.0,0.0,0.0,101363.0,2574.0,8496.0,0.0,0.0,188738.65,40189.94,5727.56,29237.17,0.0,50946.76,862.0,28.0,6.0,128.0,0.0,162.0,217.0,False,Active
2936,17,2006,45800.13,474,698,0.7,0.3,1499.0,571.0,0.0,992.0,0.0,2747.0,10452.0,597.0,3525.0,0.0,0.0,16066.0,0.0,605.0,5228.0,0.0,3519.0,0.0,0.0,37188.44,3646.33,1842.87,0.0,0.0,2518.21,1638.0,53.0,8.0,138.0,37.0,5.0,0.0,False,Active
2937,16,1282,74012.52,343,964,0.48,0.52,115.0,4813.0,0.0,2865.0,0.0,2987.0,12822.0,1545.0,6625.0,0.0,851.0,7099.0,0.0,0.0,25330.0,129.0,8831.0,0.0,0.0,65036.46,5443.8,0.0,0.0,0.0,3532.26,976.0,84.0,1.0,12.0,44.0,64.0,42.0,False,Active
2938,24,1908,93205.95,765,963,0.55,0.45,7495.0,9552.0,0.0,2178.0,0.0,1165.0,9063.0,1577.0,24043.0,0.0,577.0,17824.0,0.0,2629.0,9688.0,78.0,7337.0,0.0,0.0,42914.73,34860.18,80.27,0.0,5191.28,10159.49,1291.0,75.0,49.0,40.0,49.0,21.0,80.0,False,Active
2939,14,2317,90435.06,556,964,0.9,0.1,0.0,668.0,0.0,1656.0,0.0,2794.0,23802.0,6446.0,4002.0,0.0,0.0,17720.0,0.0,1509.0,27535.0,551.0,3753.0,0.0,0.0,75007.47,14496.77,0.0,0.0,0.0,148.03,1986.0,44.0,13.0,14.0,26.0,59.0,0.0,False,Active
2941,3,57,2646.18,29,86,0.89,0.11,0.0,299.0,0.0,0.0,0.0,0.0,1663.0,48.0,0.0,0.0,0.0,199.0,0.0,0.0,18.0,11.0,408.0,0.0,0.0,2541.79,104.39,0.0,0.0,0.0,0.0,52.0,0.0,0.0,0.0,1.0,4.0,0.0,False,Active
2942,14,612,32784.77,262,428,0.73,0.27,0.0,266.0,0.0,296.0,0.0,685.0,8568.0,553.0,7084.0,0.0,0.0,6030.0,0.0,0.0,6334.0,0.0,2968.0,0.0,0.0,29196.57,2892.63,0.0,0.0,0.0,94.3,504.0,8.0,12.0,2.0,2.0,12.0,3.0,False,Active
2943,4,164,7172.64,85,390,0.95,0.05,2592.0,172.0,0.0,56.0,0.0,70.0,717.0,695.0,280.0,0.0,360.0,1330.0,0.0,0.0,721.0,0.0,181.0,0.0,0.0,1378.39,5794.25,0.0,0.0,0.0,0.0,34.0,0.0,0.0,0.0,0.0,128.0,0.0,False,Active
2944,3,159,3737.44,58,925,0.74,0.26,647.0,12.0,0.0,59.0,0.0,0.0,1454.0,14.0,84.0,0.0,0.0,620.0,0.0,466.0,284.0,9.0,89.0,0.0,0.0,3737.44,0.0,0.0,0.0,0.0,0.0,148.0,1.0,0.0,10.0,0.0,0.0,0.0,False,Active
2946,18,2849,100207.57,545,964,0.36,0.64,4010.0,3302.0,0.0,4005.0,0.0,838.0,9039.0,1918.0,18572.0,0.0,264.0,19292.0,0.0,0.0,32514.0,539.0,5915.0,0.0,0.0,72216.99,13201.06,610.37,0.0,0.0,8893.74,2201.0,70.0,54.0,8.0,15.0,0.0,135.0,False,Active
2948,11,195,19463.86,134,429,0.61,0.39,0.0,539.0,0.0,1426.0,0.0,0.0,2472.0,89.0,4009.0,0.0,522.0,1382.0,0.0,0.0,6942.0,50.0,2034.0,0.0,0.0,3229.01,16120.66,0.0,0.0,0.0,0.0,18.0,38.0,0.0,3.0,0.0,32.0,1.0,False,Active
2951,6,39,1567.18,32,404,1.0,0.0,420.0,0.0,0.0,0.0,0.0,0.0,0.0,0.0,305.0,0.0,0.0,556.0,0.0,0.0,0.0,0.0,286.0,0.0,0.0,465.25,1101.93,0.0,0.0,0.0,0.0,4.0,1.0,25.0,0.0,0.0,0.0,0.0,False,Active
2952,11,364,11210.89,219,964,0.81,0.19,201.0,132.0,0.0,601.0,0.0,247.0,910.0,355.0,382.0,0.0,0.0,3346.0,0.0,0.0,3423.0,62.0,1551.0,0.0,0.0,6180.36,385.71,0.0,0.0,0.0,2200.96,194.0,0.0,10.0,0.0,2.0,3.0,71.0,False,Active
2953,8,1682,53343.76,414,956,0.81,0.19,2548.0,1526.0,0.0,955.0,0.0,1392.0,13406.0,1147.0,3042.0,0.0,0.0,10424.0,0.0,0.0,15754.0,431.0,2720.0,0.0,0.0,28516.87,250.14,22209.08,0.0,0.0,2164.4,1196.0,1.0,0.0,414.0,0.0,0.0,55.0,False,Active
2956,1,85,2904.35,29,609,0.76,0.24,0.0,0.0,0.0,130.0,0.0,0.0,163.0,0.0,36.0,0.0,0.0,109.0,0.0,0.0,72.0,12.0,2383.0,0.0,0.0,2904.35,0.0,0.0,0.0,0.0,0.0,85.0,0.0,0.0,0.0,0.0,0.0,0.0,False,Active
2957,15,199,6267.74,154,423,0.57,0.43,0.0,46.0,0.0,128.0,0.0,530.0,1322.0,20.0,1746.0,0.0,12.0,1152.0,0.0,0.0,815.0,0.0,497.0,0.0,0.0,2443.02,2626.46,0.0,0.0,0.0,0.0,48.0,9.0,27.0,5.0,4.0,5.0,0.0,False,Active
2958,6,447,17887.51,103,817,0.94,0.06,20.0,77.0,0.0,460.0,0.0,0.0,9804.0,1548.0,160.0,0.0,269.0,507.0,0.0,0.0,3674.0,187.0,1179.0,0.0,0.0,15304.0,2576.61,0.0,0.0,0.0,0.0,389.0,29.0,0.0,0.0,6.0,0.0,0.0,False,Active
2967,9,328,7583.6,126,586,0.88,0.12,386.0,295.0,0.0,56.0,0.0,465.0,1856.0,1476.0,121.0,0.0,0.0,1356.0,0.0,0.0,1452.0,0.0,121.0,0.0,0.0,6268.49,1203.77,102.09,0.0,0.0,9.25,287.0,6.0,0.0,6.0,0.0,18.0,0.0,False,Active
2968,8,355,13260.28,54,954,0.0,1.0,0.0,1549.0,0.0,1618.0,0.0,34.0,301.0,0.0,1817.0,0.0,265.0,54.0,0.0,0.0,3939.0,0.0,3685.0,0.0,0.0,11041.67,2151.7,0.0,0.0,0.0,66.91,281.0,13.0,2.0,1.0,51.0,0.0,1.0,False,Active
2970,6,225,7251.06,92,959,0.81,0.19,0.0,48.0,0.0,275.0,0.0,0.0,332.0,1421.0,115.0,0.0,0.0,1498.0,0.0,0.0,1837.0,61.0,1663.0,0.0,0.0,6385.74,462.98,402.34,0.0,0.0,0.0,187.0,5.0,0.0,25.0,1.0,0.0,1.0,False,Active
2972,12,174,3870.49,59,961,0.28,0.72,150.0,1604.0,0.0,755.0,0.0,0.0,252.0,158.0,95.0,0.0,33.0,273.0,0.0,0.0,308.0,0.0,242.0,0.0,0.0,3662.02,180.41,0.0,0.0,0.0,28.06,74.0,2.0,2.0,21.0,27.0,0.0,8.0,False,Active
2976,4,167,1707.55,33,322,0.65,0.35,0.0,589.0,0.0,4.0,0.0,0.0,486.0,44.0,0.0,0.0,0.0,357.0,0.0,0.0,20.0,0.0,207.0,0.0,0.0,1707.55,0.0,0.0,0.0,0.0,0.0,129.0,0.0,0.0,0.0,21.0,0.0,0.0,False,Active
2979,12,390,23000.21,210,579,0.88,0.12,8923.0,233.0,0.0,39.0,0.0,62.0,2742.0,849.0,3612.0,0.0,388.0,3026.0,0.0,0.0,2678.0,177.0,269.0,0.0,0.0,1856.91,123.81,62.65,0.0,0.0,1013.54,17.0,0.0,0.0,7.0,0.0,3.0,2.0,False,Active
2982,3,31,2868.64,5,166,0.88,0.12,2530.0,339.0,0.0,0.0,0.0,0.0,0.0,0.0,0.0,0.0,0.0,0.0,0.0,0.0,0.0,0.0,0.0,0.0,0.0,2864.9,3.74,0.0,0.0,0.0,0.0,13.0,0.0,0.0,0.0,16.0,0.0,0.0,False,Active
2983,3,21,465.99,19,169,0.91,0.09,0.0,29.0,0.0,59.0,0.0,0.0,53.0,11.0,0.0,0.0,0.0,173.0,0.0,0.0,106.0,0.0,34.0,0.0,0.0,171.4,294.59,0.0,0.0,0.0,0.0,9.0,0.0,0.0,1.0,0.0,11.0,0.0,False,Active
2987,4,71,2958.25,52,639,0.97,0.03,0.0,17.0,0.0,0.0,0.0,0.0,82.0,508.0,323.0,0.0,0.0,424.0,0.0,0.0,1501.0,57.0,45.0,0.0,0.0,2364.6,144.41,449.24,0.0,0.0,0.0,34.0,0.0,6.0,17.0,0.0,0.0,0.0,False,Active
2994,4,36,309.0,15,429,0.6,0.4,0.0,1.0,0.0,35.0,0.0,0.0,119.0,0.0,0.0,0.0,0.0,0.0,0.0,0.0,98.0,0.0,57.0,0.0,0.0,309.0,0.0,0.0,0.0,0.0,0.0,23.0,0.0,0.0,5.0,0.0,0.0,1.0,False,Active
2997,13,449,16582.7,39,957,0.04,0.96,908.0,3537.0,0.0,3800.0,0.0,46.0,296.0,0.0,17.0,0.0,0.0,392.0,0.0,7264.0,104.0,172.0,47.0,0.0,0.0,8727.18,7720.27,0.0,0.0,0.0,101.44,183.0,4.0,1.0,16.0,197.0,0.0,1.0,False,Active
3003,12,1630,41580.79,385,964,0.47,0.53,185.0,4094.0,0.0,1112.0,0.0,1010.0,7173.0,2055.0,4986.0,0.0,674.0,6454.0,0.0,0.0,10099.0,270.0,3470.0,0.0,0.0,25814.56,13762.59,47.85,0.0,0.0,1955.79,1225.0,92.0,58.0,24.0,47.0,0.0,17.0,False,Active
3004,4,458,16956.62,228,946,0.99,0.01,200.0,116.0,0.0,660.0,0.0,46.0,3706.0,319.0,1333.0,0.0,0.0,4783.0,0.0,0.0,4419.0,158.0,1218.0,0.0,0.0,16313.43,446.64,196.55,0.0,0.0,0.0,448.0,5.0,0.0,4.0,0.0,1.0,0.0,False,Active
3012,2,65,620.29,15,281,0.54,0.46,0.0,8.0,0.0,101.0,0.0,0.0,178.0,0.0,0.0,0.0,0.0,67.0,0.0,0.0,88.0,0.0,178.0,0.0,0.0,620.29,0.0,0.0,0.0,0.0,0.0,64.0,0.0,0.0,0.0,0.0,0.0,1.0,False,Active
3017,2,2,404.19,2,18,1.0,0.0,0.0,0.0,0.0,0.0,0.0,0.0,0.0,59.0,0.0,0.0,0.0,0.0,0.0,0.0,345.0,0.0,0.0,0.0,0.0,344.8,0.0,0.0,0.0,0.0,59.39,1.0,0.0,0.0,0.0,0.0,0.0,1.0,False,Active
3018,1,4,170.35,3,9,1.0,0.0,0.0,0.0,0.0,0.0,0.0,0.0,0.0,90.0,0.0,0.0,0.0,22.0,0.0,0.0,0.0,0.0,58.0,0.0,0.0,170.35,0.0,0.0,0.0,0.0,0.0,4.0,0.0,0.0,0.0,0.0,0.0,0.0,False,Active
3019,6,88,1433.54,82,903,0.96,0.04,0.0,39.0,0.0,56.0,0.0,9.0,317.0,15.0,11.0,0.0,0.0,634.0,0.0,0.0,148.0,16.0,189.0,0.0,0.0,140.05,467.27,0.0,826.22,0.0,0.0,13.0,2.0,0.0,0.0,0.0,4.0,0.0,False,Active
3021,3,11,113.08,4,343,0.07,0.93,0.0,75.0,0.0,0.0,0.0,0.0,8.0,0.0,0.0,0.0,0.0,0.0,0.0,0.0,30.0,0.0,0.0,0.0,0.0,83.0,30.08,0.0,0.0,0.0,0.0,2.0,0.0,0.0,0.0,8.0,0.0,0.0,False,Active
3029,7,1402,18345.83,386,964,0.97,0.03,0.0,117.0,0.0,273.0,0.0,22.0,8359.0,314.0,299.0,0.0,0.0,7216.0,0.0,0.0,1192.0,0.0,554.0,0.0,0.0,18073.02,135.26,0.0,0.0,0.0,137.55,1369.0,8.0,0.0,0.0,0.0,0.0,6.0,False,Active
3030,9,747,10038.24,201,366,0.7,0.3,455.0,0.0,0.0,305.0,0.0,185.0,867.0,871.0,186.0,0.0,0.0,2639.0,0.0,0.0,2830.0,0.0,1700.0,0.0,0.0,536.81,855.07,9.11,0.0,0.0,8594.53,53.0,42.0,1.0,3.0,0.0,1.0,616.0,False,Active
3031,4,230,3403.2,23,865,0.9,0.1,1100.0,69.0,0.0,88.0,0.0,9.0,68.0,0.0,9.0,0.0,16.0,0.0,0.0,0.0,1769.0,40.0,236.0,0.0,0.0,3403.2,0.0,0.0,0.0,0.0,0.0,220.0,6.0,0.0,1.0,0.0,0.0,0.0,False,Active
3034,14,1024,80826.82,324,745,0.68,0.32,12335.0,2006.0,0.0,1750.0,0.0,0.0,10076.0,4345.0,104.0,0.0,0.0,3196.0,0.0,515.0,45006.0,104.0,1389.0,0.0,0.0,58660.51,20186.6,1152.27,0.0,0.0,0.0,637.0,21.0,8.0,53.0,1.0,246.0,0.0,False,Active
3037,8,142,5576.26,44,804,0.09,0.91,0.0,1567.0,0.0,400.0,0.0,290.0,372.0,264.0,58.0,0.0,0.0,53.0,0.0,0.0,1340.0,0.0,1232.0,0.0,0.0,5022.4,509.02,44.84,0.0,0.0,0.0,48.0,15.0,0.0,3.0,43.0,0.0,0.0,False,Active
3038,8,343,18146.24,154,578,0.6,0.4,1507.0,347.0,0.0,661.0,0.0,0.0,2907.0,584.0,3204.0,0.0,0.0,1706.0,0.0,5104.0,1110.0,216.0,802.0,0.0,0.0,8895.09,7716.05,0.0,0.0,0.0,308.84,293.0,12.0,2.0,2.0,0.0,0.0,0.0,False,Active
3040,13,322,6735.13,36,951,0.0,1.0,632.0,547.0,0.0,508.0,0.0,0.0,13.0,0.0,1766.0,0.0,0.0,1.0,0.0,0.0,1839.0,0.0,1429.0,0.0,0.0,6371.26,126.05,0.0,0.0,0.0,237.82,240.0,21.0,2.0,18.0,1.0,0.0,7.0,False,Active
3043,20,1489,39456.71,518,963,0.6,0.4,1294.0,1947.0,0.0,5269.0,0.0,280.0,6878.0,691.0,4467.0,0.0,0.0,8067.0,0.0,0.0,3890.0,70.0,6603.0,0.0,0.0,31840.27,6758.6,0.0,0.0,0.0,184.15,976.0,119.0,11.0,41.0,1.0,16.0,94.0,False,Active
3045,2,9,1360.07,4,139,0.81,0.19,1080.0,0.0,0.0,237.0,0.0,0.0,25.0,0.0,0.0,0.0,0.0,0.0,0.0,0.0,0.0,18.0,0.0,0.0,0.0,1123.0,237.07,0.0,0.0,0.0,0.0,5.0,0.0,0.0,0.0,0.0,0.0,0.0,False,Active
3046,5,29,1945.59,20,478,0.38,0.62,100.0,31.0,0.0,68.0,0.0,0.0,101.0,0.0,306.0,0.0,0.0,108.0,0.0,0.0,815.0,0.0,418.0,0.0,0.0,1549.08,396.51,0.0,0.0,0.0,0.0,16.0,0.0,4.0,2.0,6.0,1.0,0.0,False,Active
3047,11,653,19253.78,486,364,0.8,0.2,63.0,121.0,0.0,2094.0,0.0,249.0,4965.0,60.0,1701.0,0.0,24.0,1771.0,0.0,0.0,2316.0,164.0,5725.0,0.0,0.0,320.91,3312.84,0.0,0.0,0.0,6818.04,20.0,20.0,0.0,0.0,0.0,0.0,233.0,False,Active
3048,13,596,29378.83,303,939,0.71,0.29,431.0,601.0,0.0,377.0,0.0,1879.0,5599.0,349.0,5380.0,0.0,250.0,7316.0,0.0,0.0,3328.0,100.0,3769.0,0.0,0.0,25584.25,3794.58,0.0,0.0,0.0,0.0,459.0,3.0,31.0,1.0,1.0,3.0,12.0,False,Active
3049,3,205,10310.3,79,959,0.92,0.08,0.0,0.0,0.0,0.0,0.0,0.0,6586.0,270.0,0.0,0.0,0.0,169.0,0.0,0.0,3286.0,0.0,0.0,0.0,0.0,9325.1,181.5,0.0,0.0,0.0,803.7,198.0,6.0,0.0,0.0,0.0,0.0,1.0,False,Active
3050,6,46,18730.49,23,907,0.83,0.17,14202.0,0.0,0.0,173.0,0.0,3052.0,623.0,22.0,0.0,0.0,39.0,77.0,0.0,0.0,541.0,0.0,0.0,0.0,0.0,9103.61,9118.23,0.0,508.65,0.0,0.0,6.0,20.0,0.0,1.0,0.0,0.0,0.0,False,Active
3053,9,976,12582.52,220,415,0.62,0.38,705.0,1122.0,0.0,112.0,0.0,36.0,4232.0,491.0,210.0,0.0,0.0,1656.0,0.0,0.0,964.0,0.0,3055.0,0.0,0.0,11778.76,686.82,93.82,0.0,0.0,23.12,839.0,10.0,5.0,27.0,0.0,16.0,63.0,False,Active
3055,4,381,12946.48,93,676,0.51,0.49,0.0,518.0,0.0,246.0,0.0,0.0,1815.0,300.0,4730.0,0.0,0.0,2227.0,0.0,0.0,2082.0,52.0,977.0,0.0,0.0,12239.91,0.0,22.34,0.0,684.23,0.0,333.0,2.0,0.0,1.0,45.0,0.0,0.0,False,Active
3057,4,5,527.7,5,120,0.05,0.95,0.0,0.0,0.0,0.0,0.0,332.0,24.0,0.0,0.0,0.0,0.0,0.0,0.0,0.0,154.0,17.0,0.0,0.0,0.0,195.36,0.0,197.19,0.0,0.0,135.15,2.0,0.0,0.0,1.0,0.0,0.0,1.0,False,Active
3058,6,203,16105.38,156,949,0.95,0.05,0.0,40.0,0.0,2454.0,0.0,369.0,1480.0,106.0,3615.0,0.0,0.0,5506.0,0.0,0.0,1246.0,180.0,1108.0,0.0,0.0,1102.7,8336.39,2377.05,0.0,0.0,4289.24,38.0,9.0,0.0,59.0,0.0,60.0,36.0,False,Active
3062,6,466,17849.53,237,848,0.98,0.02,0.0,6.0,0.0,67.0,0.0,77.0,4223.0,212.0,6410.0,0.0,125.0,3131.0,0.0,0.0,2385.0,67.0,1146.0,0.0,0.0,6425.3,11420.91,0.0,0.0,0.0,0.0,308.0,104.0,28.0,0.0,0.0,24.0,0.0,False,Active
3067,1,139,988.5,33,222,1.0,0.0,0.0,30.0,0.0,12.0,0.0,0.0,624.0,0.0,0.0,0.0,0.0,227.0,0.0,0.0,69.0,12.0,15.0,0.0,0.0,988.5,0.0,0.0,0.0,0.0,0.0,139.0,0.0,0.0,0.0,0.0,0.0,0.0,False,Active
3068,2,26,1386.8,21,40,0.97,0.03,0.0,0.0,0.0,335.0,0.0,0.0,247.0,85.0,218.0,0.0,0.0,62.0,0.0,0.0,396.0,0.0,45.0,0.0,0.0,1386.8,0.0,0.0,0.0,0.0,0.0,25.0,0.0,0.0,1.0,0.0,0.0,0.0,False,Active
3069,3,14,158.31,12,33,0.42,0.58,0.0,0.0,0.0,0.0,0.0,0.0,14.0,1.0,0.0,0.0,0.0,35.0,0.0,0.0,16.0,0.0,93.0,0.0,0.0,1.2,76.83,80.28,0.0,0.0,0.0,1.0,2.0,0.0,11.0,0.0,0.0,0.0,False,Active
3070,2,48,456.63,28,51,0.93,0.07,0.0,0.0,0.0,0.0,0.0,0.0,168.0,39.0,3.0,0.0,0.0,109.0,0.0,0.0,69.0,0.0,68.0,0.0,0.0,432.13,24.5,0.0,0.0,0.0,0.0,44.0,0.0,0.0,0.0,0.0,0.0,0.0,False,Active
3072,3,73,4214.46,25,36,0.31,0.69,0.0,0.0,0.0,2927.0,0.0,0.0,562.0,0.0,0.0,0.0,28.0,87.0,0.0,0.0,67.0,0.0,544.0,0.0,0.0,943.75,1246.32,0.0,0.0,0.0,2024.39,35.0,0.0,0.0,15.0,0.0,23.0,0.0,False,Active
3073,2,6,2536.68,2,35,0.0,1.0,2527.0,0.0,0.0,0.0,0.0,0.0,10.0,0.0,0.0,0.0,0.0,0.0,0.0,0.0,0.0,0.0,0.0,0.0,0.0,2536.68,0.0,0.0,0.0,0.0,0.0,1.0,0.0,0.0,0.0,5.0,0.0,0.0,False,Active
3080,7,171,14237.25,68,388,0.93,0.07,1018.0,0.0,0.0,1281.0,0.0,66.0,771.0,0.0,8596.0,0.0,16.0,742.0,0.0,0.0,289.0,0.0,1460.0,0.0,0.0,2561.25,11518.12,145.01,0.0,0.0,12.87,103.0,4.0,4.0,3.0,0.0,0.0,0.0,False,Active
3081,1,19,217.03,9,18,0.82,0.18,0.0,17.0,0.0,0.0,0.0,0.0,5.0,102.0,0.0,0.0,0.0,72.0,0.0,0.0,18.0,0.0,2.0,0.0,0.0,0.0,0.0,217.03,0.0,0.0,0.0,0.0,0.0,0.0,19.0,0.0,0.0,0.0,False,Active
3082,3,78,2857.71,45,230,0.84,0.16,1300.0,307.0,0.0,18.0,0.0,0.0,386.0,11.0,13.0,0.0,0.0,133.0,0.0,0.0,443.0,31.0,216.0,0.0,0.0,2857.71,0.0,0.0,0.0,0.0,0.0,63.0,0.0,0.0,0.0,0.0,0.0,12.0,False,Active
3084,19,641,29365.74,325,776,0.45,0.55,0.0,3731.0,0.0,1155.0,0.0,423.0,2708.0,536.0,6480.0,0.0,114.0,4088.0,0.0,0.0,9318.0,13.0,801.0,0.0,0.0,16821.64,10876.67,0.0,0.0,0.0,243.82,379.0,19.0,5.0,2.0,25.0,52.0,10.0,False,Active
3087,5,39,563.98,16,899,1.0,0.0,0.0,0.0,0.0,0.0,0.0,0.0,49.0,0.0,0.0,0.0,0.0,321.0,0.0,0.0,0.0,0.0,194.0,0.0,0.0,196.7,326.96,40.32,0.0,0.0,0.0,22.0,0.0,2.0,5.0,0.0,0.0,0.0,False,Active
3090,3,20,261.88,16,116,0.89,0.11,0.0,0.0,0.0,0.0,0.0,0.0,115.0,0.0,0.0,0.0,0.0,117.0,0.0,0.0,30.0,0.0,0.0,0.0,0.0,256.97,4.91,0.0,0.0,0.0,0.0,18.0,0.0,1.0,0.0,0.0,0.0,0.0,False,Active
3091,8,305,2916.08,55,380,0.8,0.2,0.0,147.0,0.0,378.0,0.0,42.0,210.0,160.0,0.0,0.0,0.0,1648.0,0.0,0.0,193.0,92.0,47.0,0.0,0.0,2822.07,60.95,0.0,0.0,0.0,33.06,274.0,9.0,0.0,1.0,11.0,0.0,1.0,False,Active
3097,5,205,7057.16,33,617,0.37,0.63,609.0,883.0,0.0,221.0,0.0,0.0,1921.0,57.0,0.0,0.0,0.0,200.0,0.0,0.0,2582.0,0.0,584.0,0.0,0.0,6717.0,340.16,0.0,0.0,0.0,0.0,160.0,13.0,1.0,0.0,14.0,0.0,17.0,False,Active
3101,9,161,2952.85,80,926,0.8,0.2,0.0,273.0,0.0,76.0,0.0,17.0,484.0,280.0,13.0,0.0,0.0,1158.0,0.0,0.0,301.0,150.0,203.0,0.0,0.0,2562.6,381.57,0.0,0.0,0.0,0.0,124.0,1.0,3.0,2.0,15.0,0.0,0.0,False,Active
3115,3,15,197.65,5,175,0.38,0.62,60.0,7.0,0.0,115.0,0.0,0.0,16.0,0.0,0.0,0.0,0.0,0.0,0.0,0.0,0.0,0.0,0.0,0.0,0.0,197.65,0.0,0.0,0.0,0.0,0.0,7.0,0.0,0.0,0.0,2.0,0.0,0.0,False,Active
3117,5,41,2214.74,13,86,0.63,0.37,553.0,717.0,0.0,0.0,0.0,0.0,617.0,0.0,0.0,0.0,59.0,0.0,0.0,0.0,106.0,0.0,162.0,0.0,0.0,1185.95,311.7,0.0,0.0,0.0,717.09,34.0,1.0,3.0,1.0,0.0,0.0,2.0,False,Active
3129,3,30,8609.81,25,666,1.0,0.0,0.0,0.0,0.0,0.0,0.0,0.0,235.0,0.0,1163.0,0.0,0.0,736.0,0.0,0.0,6477.0,0.0,0.0,0.0,0.0,8167.4,442.41,0.0,0.0,0.0,0.0,25.0,0.0,0.0,1.0,0.0,0.0,0.0,False,Active
3134,1,1,63.37,1,1,0.0,1.0,0.0,0.0,0.0,0.0,0.0,0.0,0.0,0.0,0.0,0.0,0.0,0.0,0.0,0.0,63.0,0.0,0.0,0.0,0.0,0.0,63.37,0.0,0.0,0.0,0.0,0.0,0.0,0.0,0.0,0.0,0.0,1.0,False,Active
3145,2,20,442.74,11,62,1.0,0.0,0.0,0.0,0.0,0.0,0.0,0.0,210.0,14.0,0.0,0.0,0.0,51.0,0.0,0.0,168.0,0.0,0.0,0.0,0.0,429.0,13.74,0.0,0.0,0.0,0.0,19.0,1.0,0.0,0.0,0.0,0.0,0.0,False,Active
3157,2,16,540.0,1,725,0.0,1.0,330.0,0.0,0.0,0.0,0.0,0.0,0.0,0.0,0.0,0.0,0.0,0.0,0.0,210.0,0.0,0.0,0.0,0.0,0.0,540.0,0.0,0.0,0.0,0.0,0.0,4.0,0.0,0.0,12.0,0.0,0.0,0.0,False,Active
3161,1,31,581.35,15,45,1.0,0.0,0.0,0.0,0.0,0.0,0.0,0.0,510.0,0.0,0.0,0.0,0.0,0.0,0.0,0.0,0.0,0.0,71.0,0.0,0.0,581.35,0.0,0.0,0.0,0.0,0.0,31.0,0.0,0.0,0.0,0.0,0.0,0.0,False,Active
3198,10,192,7396.8,139,251,0.84,0.16,634.0,111.0,0.0,62.0,0.0,0.0,740.0,174.0,2441.0,0.0,88.0,1506.0,0.0,0.0,1450.0,0.0,192.0,0.0,0.0,1349.2,79.38,0.0,2245.59,0.0,342.54,32.0,0.0,1.0,1.0,0.0,0.0,1.0,False,Active
3199,18,1502,39387.1,354,964,0.73,0.27,0.0,3853.0,0.0,3242.0,0.0,126.0,3162.0,495.0,6670.0,0.0,0.0,15821.0,0.0,0.0,3186.0,193.0,2640.0,0.0,0.0,32892.03,5465.74,55.08,0.0,0.0,512.94,1311.0,5.0,3.0,18.0,9.0,4.0,66.0,False,Active
3200,6,149,18248.57,105,811,0.96,0.04,0.0,3.0,0.0,203.0,0.0,167.0,1645.0,1131.0,1686.0,0.0,54.0,2153.0,0.0,0.0,11010.0,0.0,197.0,0.0,0.0,17149.9,1098.67,0.0,0.0,0.0,0.0,138.0,1.0,1.0,0.0,0.0,5.0,0.0,False,Active
3206,10,473,22348.53,188,236,0.73,0.27,2696.0,344.0,0.0,1682.0,0.0,2719.0,3958.0,305.0,1655.0,0.0,109.0,1141.0,0.0,0.0,3717.0,177.0,3847.0,0.0,0.0,11920.79,8546.56,37.67,0.0,0.0,79.91,268.0,0.0,139.0,10.0,0.0,0.0,0.0,False,Active
3208,3,57,1699.4,39,493,0.88,0.12,0.0,21.0,0.0,48.0,0.0,0.0,211.0,273.0,271.0,0.0,0.0,674.0,0.0,0.0,145.0,0.0,56.0,0.0,0.0,1692.0,0.0,0.0,0.0,0.0,7.4,54.0,0.0,0.0,1.0,2.0,0.0,0.0,False,Active
3209,5,135,5375.29,47,252,0.77,0.23,3240.0,313.0,0.0,710.0,0.0,0.0,556.0,0.0,0.0,0.0,0.0,123.0,0.0,0.0,268.0,0.0,166.0,0.0,0.0,5228.75,146.54,0.0,0.0,0.0,0.0,117.0,1.0,0.0,0.0,0.0,0.0,12.0,False,Active
3211,6,322,14008.79,133,958,0.73,0.27,600.0,1365.0,0.0,1609.0,0.0,453.0,2434.0,1529.0,36.0,0.0,13.0,665.0,0.0,0.0,4928.0,91.0,286.0,0.0,0.0,12020.49,1988.3,0.0,0.0,0.0,0.0,206.0,9.0,0.0,0.0,87.0,0.0,1.0,False,Active
3212,8,87,2609.21,62,810,0.56,0.44,0.0,55.0,0.0,0.0,0.0,383.0,325.0,50.0,200.0,0.0,0.0,242.0,0.0,0.0,1206.0,0.0,149.0,0.0,0.0,1536.44,1063.87,8.9,0.0,0.0,0.0,47.0,0.0,22.0,5.0,5.0,0.0,0.0,False,Active
3213,11,721,32151.94,129,591,0.3,0.7,8325.0,5241.0,0.0,13954.0,0.0,993.0,648.0,10.0,28.0,0.0,0.0,765.0,0.0,100.0,1297.0,51.0,740.0,0.0,0.0,30270.73,1517.98,0.0,0.0,0.0,363.23,330.0,3.0,8.0,314.0,10.0,0.0,3.0,False,Active
3217,6,189,10404.44,37,525,0.76,0.24,0.0,0.0,0.0,150.0,0.0,13.0,5258.0,98.0,547.0,0.0,3036.0,79.0,0.0,600.0,207.0,0.0,415.0,0.0,0.0,2955.36,7449.08,0.0,0.0,0.0,0.0,69.0,87.0,0.0,0.0,0.0,8.0,0.0,False,Active
3221,19,1495,63796.33,448,964,0.65,0.35,524.0,832.0,0.0,2964.0,0.0,327.0,23720.0,1269.0,20518.0,0.0,24.0,4639.0,0.0,0.0,5518.0,192.0,3269.0,0.0,0.0,47265.99,7192.22,22.92,0.0,0.0,7444.37,1279.0,22.0,11.0,4.0,4.0,28.0,50.0,False,Active
3226,16,466,18679.51,163,912,0.18,0.82,7888.0,2143.0,0.0,1936.0,0.0,221.0,883.0,78.0,818.0,0.0,0.0,2386.0,0.0,75.0,1745.0,42.0,465.0,0.0,0.0,13693.22,3101.23,0.0,0.0,0.0,1879.31,203.0,22.0,0.0,42.0,28.0,22.0,24.0,False,Active
3228,7,65,9931.07,28,671,0.09,0.91,3346.0,2.0,0.0,0.0,0.0,961.0,275.0,0.0,0.0,0.0,0.0,0.0,0.0,4591.0,279.0,0.0,478.0,0.0,0.0,8967.49,961.46,0.0,0.0,0.0,2.12,37.0,0.0,3.0,20.0,2.0,0.0,0.0,False,Active
3229,14,1123,57114.5,476,964,0.77,0.23,2309.0,1013.0,0.0,611.0,0.0,140.0,20238.0,1752.0,12936.0,0.0,0.0,9678.0,0.0,30.0,5837.0,128.0,2443.0,0.0,0.0,41320.7,12936.13,0.0,0.0,0.0,34.53,931.0,26.0,16.0,1.0,1.0,67.0,0.0,False,Active
3231,18,1570,74129.62,290,907,0.27,0.73,22572.0,1165.0,0.0,11017.0,0.0,766.0,6694.0,340.0,1537.0,0.0,0.0,8044.0,0.0,15346.0,4888.0,78.0,1682.0,0.0,0.0,59143.59,14564.61,0.0,0.0,0.0,19.65,1179.0,18.0,3.0,216.0,25.0,22.0,1.0,False,Active
3233,6,54,1347.39,29,406,0.4,0.6,0.0,141.0,0.0,12.0,0.0,16.0,200.0,0.0,154.0,0.0,28.0,218.0,0.0,0.0,164.0,0.0,415.0,0.0,0.0,1067.31,251.02,0.0,0.0,0.0,29.06,36.0,10.0,0.0,0.0,0.0,0.0,4.0,False,Active
3236,8,71,797.3,36,624,0.43,0.57,0.0,45.0,0.0,0.0,0.0,5.0,59.0,15.0,50.0,0.0,0.0,158.0,0.0,0.0,278.0,12.0,175.0,0.0,0.0,379.91,415.01,0.0,0.0,0.0,0.0,42.0,9.0,11.0,3.0,0.0,0.0,0.0,False,Active
3237,8,367,7372.47,79,578,0.58,0.42,5540.0,361.0,0.0,132.0,0.0,7.0,521.0,28.0,430.0,0.0,0.0,29.0,0.0,95.0,120.0,0.0,110.0,0.0,0.0,7268.38,104.09,0.0,0.0,0.0,0.0,234.0,0.0,0.0,34.0,2.0,0.0,89.0,False,Active
3238,14,471,13661.23,189,555,0.46,0.54,2023.0,147.0,0.0,960.0,0.0,313.0,1901.0,250.0,2104.0,0.0,0.0,2867.0,0.0,30.0,2034.0,10.0,1022.0,0.0,76.28,5449.86,7573.27,30.14,0.0,0.0,329.54,268.0,0.0,21.0,7.0,14.0,78.0,7.0,False,Active
3239,31,3345,45586.3,836,752,0.67,0.33,5239.0,2003.0,0.0,1008.0,0.0,1695.0,8714.0,639.0,7785.0,0.0,85.0,8317.0,0.0,0.0,2355.0,734.0,7012.0,0.0,200.87,27921.26,9224.17,2010.12,0.0,867.55,208.87,2153.0,74.0,56.0,176.0,28.0,72.0,30.0,False,Active
3241,4,815,26742.31,154,878,1.0,0.0,410.0,115.0,0.0,187.0,0.0,0.0,12599.0,1045.0,445.0,0.0,581.0,1430.0,0.0,0.0,2844.0,70.0,7016.0,0.0,0.0,26376.01,366.3,0.0,0.0,0.0,0.0,806.0,1.0,2.0,0.0,0.0,6.0,0.0,False,Active
3242,13,601,26419.81,251,863,0.54,0.46,343.0,6609.0,0.0,1403.0,0.0,1690.0,850.0,69.0,4863.0,0.0,926.0,3075.0,0.0,0.0,1052.0,234.0,5303.0,0.0,0.0,15319.01,11046.29,0.0,0.0,0.0,54.51,212.0,34.0,21.0,4.0,167.0,42.0,35.0,False,Active
3243,7,105,8033.88,27,581,0.0,1.0,4450.0,133.0,0.0,1258.0,0.0,39.0,216.0,0.0,239.0,0.0,448.0,0.0,0.0,0.0,936.0,0.0,313.0,0.0,2278.81,2310.58,3399.5,0.0,0.0,0.0,44.99,66.0,9.0,1.0,0.0,1.0,0.0,6.0,False,Active
3244,1,14,469.2,9,122,1.0,0.0,240.0,0.0,0.0,0.0,0.0,0.0,201.0,0.0,20.0,0.0,0.0,0.0,0.0,0.0,9.0,0.0,0.0,0.0,0.0,469.2,0.0,0.0,0.0,0.0,0.0,14.0,0.0,0.0,0.0,0.0,0.0,0.0,False,Active
3246,11,645,36230.87,232,959,0.57,0.43,0.0,1339.0,0.0,1835.0,0.0,442.0,4309.0,1839.0,831.0,0.0,535.0,7049.0,0.0,0.0,10536.0,666.0,6850.0,0.0,0.0,26053.14,5537.85,2987.97,0.0,0.0,1142.74,489.0,60.0,1.0,46.0,7.0,0.0,5.0,False,Active
3251,7,104,2843.98,44,315,0.87,0.13,510.0,9.0,0.0,23.0,0.0,0.0,237.0,96.0,0.0,0.0,0.0,515.0,0.0,0.0,480.0,0.0,973.0,0.0,0.0,2518.54,325.44,0.0,0.0,0.0,0.0,53.0,2.0,0.0,0.0,2.0,0.0,0.0,False,Active
3252,3,128,730.05,41,961,0.94,0.06,120.0,0.0,0.0,67.0,0.0,0.0,248.0,5.0,0.0,0.0,0.0,135.0,0.0,0.0,105.0,5.0,46.0,0.0,0.0,707.5,22.55,0.0,0.0,0.0,0.0,123.0,0.0,0.0,0.0,0.0,0.0,0.0,False,Active
3253,17,1134,17787.95,293,690,0.8,0.2,5095.0,257.0,0.0,89.0,0.0,230.0,7099.0,56.0,456.0,0.0,41.0,1313.0,0.0,0.0,1557.0,180.0,1415.0,0.0,0.0,10562.5,3107.49,0.0,0.0,3270.49,838.4,923.0,21.0,10.0,13.0,4.0,0.0,16.0,False,Active
3256,2,3,31.16,3,22,1.0,0.0,0.0,0.0,0.0,0.0,0.0,0.0,3.0,0.0,0.0,0.0,0.0,20.0,0.0,0.0,8.0,0.0,0.0,0.0,0.0,27.8,3.36,0.0,0.0,0.0,0.0,2.0,0.0,0.0,0.0,0.0,0.0,0.0,False,Active
3258,4,75,4537.24,55,732,0.85,0.15,0.0,43.0,0.0,278.0,0.0,6.0,211.0,595.0,883.0,0.0,0.0,1376.0,0.0,0.0,969.0,0.0,177.0,0.0,0.0,3940.37,596.87,0.0,0.0,0.0,0.0,71.0,1.0,1.0,0.0,0.0,2.0,0.0,False,Active
3265,15,1734,59099.48,517,962,0.51,0.49,230.0,1660.0,0.0,2712.0,0.0,90.0,9436.0,1045.0,2659.0,0.0,311.0,8323.0,0.0,3692.0,23409.0,75.0,4696.0,764.0,0.0,51467.9,5709.08,106.74,0.0,0.0,1773.04,1494.0,24.0,77.0,9.0,19.0,12.0,19.0,False,Active
3284,9,68,1243.58,44,75,0.83,0.17,361.0,5.0,0.0,67.0,0.0,0.0,74.0,47.0,0.0,0.0,0.0,193.0,0.0,0.0,434.0,0.0,63.0,0.0,0.0,405.57,174.12,0.0,0.0,505.6,8.58,29.0,0.0,1.0,1.0,0.0,2.0,2.0,False,Active
3286,5,85,2638.29,49,162,1.0,0.0,0.0,0.0,0.0,17.0,0.0,0.0,402.0,48.0,283.0,0.0,0.0,621.0,0.0,0.0,1064.0,10.0,193.0,0.0,0.0,74.4,1929.84,634.05,0.0,0.0,0.0,2.0,2.0,10.0,22.0,0.0,49.0,0.0,False,Active
3288,1,8,248.45,6,18,1.0,0.0,190.0,0.0,0.0,0.0,0.0,0.0,41.0,0.0,0.0,0.0,0.0,0.0,0.0,0.0,0.0,0.0,17.0,0.0,0.0,248.45,0.0,0.0,0.0,0.0,0.0,8.0,0.0,0.0,0.0,0.0,0.0,0.0,False,Active
3293,11,42,11479.31,39,460,0.5,0.5,135.0,1212.0,0.0,194.0,0.0,220.0,137.0,0.0,4443.0,0.0,221.0,901.0,0.0,0.0,1573.0,1235.0,1207.0,0.0,2045.74,3655.15,301.01,4128.22,0.0,0.0,0.0,18.0,1.0,0.0,3.0,1.0,0.0,0.0,False,Active
3297,16,837,37114.94,187,961,0.54,0.46,200.0,3612.0,0.0,902.0,0.0,96.0,10293.0,281.0,6693.0,0.0,3.0,2750.0,0.0,0.0,10697.0,804.0,785.0,0.0,0.0,29057.95,2203.38,0.0,0.0,0.0,1819.21,696.0,21.0,7.0,2.0,1.0,0.0,26.0,False,Active
3302,1,8,146.0,6,8,1.0,0.0,0.0,0.0,0.0,0.0,0.0,0.0,39.0,0.0,0.0,0.0,16.0,0.0,0.0,0.0,62.0,0.0,30.0,0.0,0.0,146.0,0.0,0.0,0.0,0.0,0.0,8.0,0.0,0.0,0.0,0.0,0.0,0.0,False,Active
3306,18,629,26849.93,340,907,0.79,0.21,0.0,373.0,0.0,2241.0,0.0,524.0,1657.0,667.0,9867.0,0.0,3.0,6428.0,0.0,0.0,3147.0,69.0,1873.0,0.0,47.63,7461.34,5173.93,642.56,681.19,0.0,1992.0,154.0,64.0,0.0,10.0,0.0,2.0,1.0,False,Active
3308,9,102,2311.58,24,552,0.0,1.0,0.0,457.0,0.0,459.0,0.0,99.0,0.0,0.0,6.0,0.0,0.0,0.0,0.0,0.0,1291.0,0.0,0.0,0.0,0.0,2151.87,159.71,0.0,0.0,0.0,0.0,23.0,1.0,0.0,23.0,5.0,0.0,10.0,False,Active
3310,6,431,18540.49,144,463,0.77,0.23,0.0,531.0,0.0,501.0,0.0,214.0,10336.0,464.0,636.0,0.0,0.0,455.0,0.0,0.0,4848.0,468.0,88.0,0.0,0.0,17863.95,405.44,92.06,0.0,0.0,179.04,422.0,0.0,0.0,1.0,2.0,0.0,1.0,False,Active
3311,13,995,25033.59,283,964,0.96,0.04,209.0,32.0,0.0,134.0,0.0,211.0,13660.0,395.0,828.0,0.0,40.0,3992.0,0.0,0.0,3985.0,110.0,1439.0,0.0,0.0,21444.91,2135.47,910.6,0.0,0.0,7.32,855.0,2.0,62.0,40.0,0.0,1.0,1.0,False,Active
3312,12,220,10794.27,130,289,0.49,0.51,98.0,2412.0,0.0,777.0,0.0,27.0,1077.0,35.0,826.0,0.0,0.0,1797.0,0.0,225.0,2805.0,60.0,656.0,0.0,0.0,8753.45,1986.18,0.0,0.0,0.0,54.64,145.0,4.0,13.0,2.0,17.0,5.0,1.0,False,Active
3313,10,325,8652.65,137,473,0.58,0.42,0.0,1095.0,0.0,519.0,0.0,241.0,517.0,376.0,798.0,0.0,0.0,2748.0,0.0,0.0,1098.0,49.0,1186.0,25.0,0.0,5938.27,1429.9,5.02,0.0,0.0,33.64,190.0,4.0,0.0,2.0,3.0,0.0,4.0,False,Active
3314,8,1568,41649.38,442,964,0.92,0.08,7547.0,294.0,0.0,1230.0,0.0,526.0,10093.0,1462.0,983.0,0.0,1717.0,5810.0,0.0,0.0,9555.0,104.0,2331.0,0.0,0.0,24789.4,16677.66,0.0,0.0,0.0,0.0,1075.0,439.0,0.0,0.0,31.0,15.0,0.0,False,Active
3315,17,1058,26223.06,323,710,0.56,0.44,1105.0,6013.0,0.0,437.0,0.0,217.0,2995.0,1296.0,632.0,0.0,259.0,5080.0,0.0,0.0,5200.0,26.0,2963.0,0.0,0.0,22688.53,2116.36,0.0,0.0,0.0,1418.17,812.0,31.0,30.0,9.0,90.0,8.0,17.0,False,Active
3317,5,273,3759.28,93,324,0.51,0.49,962.0,11.0,0.0,502.0,0.0,2.0,310.0,48.0,660.0,0.0,0.0,214.0,0.0,588.0,220.0,0.0,242.0,0.0,0.0,1752.85,1418.22,0.0,0.0,0.0,588.21,82.0,1.0,0.0,0.0,0.0,0.0,0.0,False,Active
3318,3,46,525.55,27,197,1.0,0.0,24.0,16.0,0.0,18.0,0.0,33.0,293.0,0.0,0.0,0.0,0.0,113.0,0.0,0.0,0.0,0.0,28.0,0.0,0.0,399.6,125.95,0.0,0.0,0.0,0.0,37.0,0.0,7.0,0.0,0.0,0.0,0.0,False,Active
3320,7,144,2945.75,48,566,0.27,0.73,0.0,1208.0,0.0,544.0,0.0,25.0,128.0,0.0,18.0,0.0,0.0,132.0,0.0,0.0,832.0,0.0,59.0,0.0,0.0,2355.77,0.0,0.0,0.0,0.0,8.36,7.0,0.0,0.0,21.0,0.0,0.0,78.0,False,Active
3322,10,1658,38822.2,278,964,0.58,0.42,600.0,400.0,0.0,3731.0,0.0,385.0,9196.0,803.0,2006.0,0.0,13.0,3782.0,0.0,0.0,8755.0,32.0,9088.0,30.0,0.0,34456.54,3980.19,2.99,0.0,0.0,382.48,1511.0,10.0,45.0,8.0,0.0,3.0,13.0,False,Active
3323,19,1693,67336.47,450,815,0.59,0.41,3130.0,541.0,379.0,778.0,0.0,1006.0,17742.0,4026.0,8131.0,0.0,892.0,4440.0,0.0,0.0,20780.0,1282.0,3969.0,239.0,549.07,56793.0,6346.36,146.98,0.0,0.0,2190.91,1452.0,34.0,3.0,13.0,7.0,28.0,11.0,False,Active
3324,9,161,1018.31,42,507,0.2,0.8,0.0,350.0,0.0,315.0,0.0,0.0,107.0,0.0,0.0,0.0,0.0,66.0,0.0,0.0,159.0,3.0,18.0,0.0,0.0,730.34,209.53,0.0,0.0,0.0,78.44,51.0,7.0,0.0,7.0,60.0,0.0,6.0,False,Active
3325,4,129,1186.54,49,485,1.0,0.0,29.0,0.0,0.0,0.0,0.0,0.0,312.0,15.0,17.0,0.0,0.0,141.0,0.0,0.0,625.0,0.0,47.0,0.0,0.0,988.67,179.35,0.0,0.0,0.0,0.0,110.0,0.0,1.0,0.0,0.0,0.0,0.0,False,Active
3326,12,168,8851.82,69,936,0.46,0.54,0.0,43.0,0.0,153.0,0.0,39.0,984.0,351.0,2020.0,0.0,31.0,1603.0,0.0,0.0,3054.0,121.0,454.0,0.0,0.0,4957.93,3893.89,0.0,0.0,0.0,0.0,78.0,19.0,8.0,8.0,13.0,2.0,16.0,False,Active
3327,9,354,17931.21,197,916,0.93,0.07,0.0,129.0,0.0,666.0,0.0,2167.0,2387.0,269.0,2271.0,0.0,0.0,3841.0,0.0,0.0,5715.0,26.0,458.0,0.0,0.0,11437.0,4886.43,0.0,0.0,0.0,0.0,215.0,21.0,52.0,5.0,0.0,4.0,0.0,False,Active
3332,21,521,7355.7,266,895,0.57,0.43,84.0,189.0,0.0,165.0,0.0,196.0,455.0,164.0,1279.0,0.0,49.0,1920.0,0.0,10.0,1470.0,25.0,1349.0,0.0,0.0,1763.76,1744.58,1594.04,0.0,0.0,112.15,42.0,18.0,0.0,167.0,29.0,7.0,6.0,False,Active
3333,3,96,2268.68,76,424,0.92,0.08,0.0,209.0,0.0,26.0,0.0,0.0,704.0,0.0,24.0,0.0,0.0,590.0,0.0,0.0,471.0,0.0,244.0,0.0,0.0,1505.13,763.55,0.0,0.0,0.0,0.0,60.0,0.0,0.0,0.0,0.0,0.0,0.0,False,Active
3336,11,509,52003.95,167,959,0.7,0.3,0.0,1047.0,0.0,0.0,0.0,66.0,23466.0,1735.0,6890.0,0.0,1155.0,2130.0,0.0,0.0,14559.0,90.0,866.0,0.0,0.0,39069.43,11373.18,0.0,0.0,0.0,1561.34,440.0,25.0,0.0,0.0,0.0,15.0,7.0,False,Active
3338,9,52,4105.58,22,742,0.0,1.0,0.0,747.0,0.0,181.0,0.0,641.0,0.0,93.0,830.0,0.0,0.0,0.0,0.0,0.0,1462.0,20.0,132.0,0.0,0.0,2347.34,1454.71,75.65,0.0,0.0,227.88,27.0,5.0,4.0,3.0,6.0,0.0,3.0,False,Active
3342,20,860,15978.83,132,640,0.08,0.92,3435.0,552.0,0.0,8227.0,0.0,598.0,587.0,22.0,0.0,0.0,21.0,101.0,0.0,1149.0,1210.0,0.0,78.0,0.0,0.0,9534.91,5616.17,0.0,0.0,0.0,826.34,396.0,6.0,0.0,253.0,9.0,0.0,40.0,False,Active
3345,11,113,12630.76,53,755,0.85,0.15,11069.0,386.0,0.0,65.0,0.0,0.0,252.0,0.0,7.0,0.0,0.0,138.0,0.0,0.0,275.0,0.0,439.0,0.0,0.0,11265.32,1354.65,0.0,0.0,0.0,0.0,69.0,6.0,0.0,4.0,16.0,0.0,0.0,False,Active
3346,16,493,24859.22,178,946,0.41,0.59,269.0,1426.0,0.0,1556.0,0.0,341.0,1030.0,212.0,6810.0,0.0,200.0,3897.0,0.0,0.0,6550.0,459.0,2110.0,0.0,0.0,18360.2,4594.55,0.0,0.0,0.0,547.34,311.0,52.0,0.0,12.0,1.0,26.0,11.0,False,Active
3351,2,24,949.16,17,74,1.0,0.0,0.0,0.0,0.0,0.0,0.0,0.0,73.0,0.0,350.0,0.0,0.0,154.0,0.0,0.0,137.0,0.0,236.0,0.0,0.0,881.02,68.14,0.0,0.0,0.0,0.0,23.0,1.0,0.0,0.0,0.0,0.0,0.0,False,Active
3352,6,168,4306.82,70,833,0.88,0.12,0.0,172.0,0.0,15.0,0.0,0.0,1185.0,519.0,96.0,0.0,0.0,431.0,0.0,0.0,1058.0,260.0,570.0,0.0,0.0,3914.13,392.69,0.0,0.0,0.0,0.0,147.0,10.0,0.0,0.0,1.0,4.0,1.0,False,Active
3386,6,106,9548.01,18,654,0.67,0.33,6200.0,721.0,0.0,2220.0,0.0,0.0,91.0,43.0,0.0,0.0,0.0,0.0,0.0,0.0,199.0,0.0,74.0,0.0,0.0,9548.01,0.0,0.0,0.0,0.0,0.0,82.0,0.0,0.0,2.0,17.0,0.0,0.0,False,Active
3389,1,18,419.68,9,9,1.0,0.0,0.0,0.0,0.0,10.0,0.0,0.0,79.0,0.0,0.0,0.0,0.0,310.0,0.0,0.0,0.0,0.0,21.0,0.0,0.0,0.0,419.68,0.0,0.0,0.0,0.0,0.0,0.0,0.0,0.0,0.0,18.0,0.0,False,Active
3390,4,131,1246.61,53,578,0.71,0.29,0.0,60.0,0.0,172.0,0.0,0.0,103.0,46.0,3.0,0.0,0.0,195.0,0.0,0.0,464.0,7.0,195.0,0.0,0.0,1122.86,123.75,0.0,0.0,0.0,0.0,116.0,10.0,0.0,0.0,0.0,0.0,0.0,False,Active
3391,4,35,1409.27,23,182,0.79,0.21,0.0,0.0,0.0,116.0,0.0,0.0,280.0,93.0,89.0,0.0,182.0,121.0,0.0,0.0,221.0,0.0,308.0,0.0,0.0,3.45,1130.73,0.0,0.0,0.0,0.0,1.0,0.0,1.0,0.0,0.0,21.0,0.0,False,Active
3393,5,65,5428.48,45,220,0.62,0.38,0.0,263.0,0.0,202.0,0.0,527.0,2361.0,65.0,638.0,0.0,0.0,285.0,0.0,40.0,674.0,0.0,373.0,0.0,0.0,3474.77,1953.71,0.0,0.0,0.0,0.0,38.0,24.0,0.0,0.0,1.0,0.0,0.0,False,Active
3395,1,126,2070.5,47,247,1.0,0.0,0.0,23.0,0.0,8.0,0.0,0.0,995.0,232.0,0.0,0.0,0.0,342.0,0.0,0.0,110.0,0.0,360.0,0.0,0.0,2070.5,0.0,0.0,0.0,0.0,0.0,126.0,0.0,0.0,0.0,0.0,0.0,0.0,False,Active
3399,6,541,6312.34,165,929,0.91,0.09,0.0,12.0,0.0,38.0,0.0,3.0,2868.0,372.0,36.0,0.0,0.0,1826.0,0.0,0.0,787.0,0.0,369.0,0.0,0.0,5391.93,526.47,371.65,0.0,0.0,22.29,424.0,6.0,19.0,68.0,0.0,0.0,1.0,False,Active
3403,1,14,607.6,4,225,0.15,0.85,0.0,0.0,0.0,0.0,0.0,0.0,0.0,0.0,0.0,0.0,0.0,0.0,0.0,0.0,55.0,0.0,553.0,0.0,0.0,607.6,0.0,0.0,0.0,0.0,0.0,14.0,0.0,0.0,0.0,0.0,0.0,0.0,False,Active
3404,3,65,3813.06,34,610,1.0,0.0,1307.0,0.0,0.0,0.0,0.0,0.0,891.0,1448.0,0.0,0.0,0.0,53.0,0.0,0.0,109.0,0.0,5.0,0.0,0.0,1647.13,21.49,0.0,0.0,2144.44,0.0,50.0,2.0,0.0,0.0,0.0,0.0,0.0,False,Active
3405,4,233,5271.24,161,439,0.71,0.29,0.0,482.0,0.0,333.0,0.0,127.0,617.0,316.0,397.0,0.0,0.0,653.0,0.0,0.0,2092.0,132.0,122.0,0.0,0.0,1154.73,0.0,0.0,0.0,0.0,4078.49,61.0,0.0,0.0,1.0,0.0,0.0,165.0,False,Active
3407,9,227,10835.3,22,921,0.19,0.81,0.0,2609.0,0.0,818.0,0.0,0.0,199.0,0.0,0.0,0.0,0.0,843.0,0.0,0.0,6326.0,0.0,40.0,0.0,0.0,7022.22,3813.08,0.0,0.0,0.0,0.0,45.0,3.0,0.0,15.0,120.0,5.0,2.0,False,Active
3413,2,42,1785.76,24,481,0.67,0.33,50.0,0.0,0.0,105.0,0.0,35.0,238.0,280.0,52.0,0.0,0.0,314.0,0.0,0.0,437.0,0.0,275.0,0.0,0.0,1785.76,0.0,0.0,0.0,0.0,0.0,39.0,3.0,0.0,0.0,0.0,0.0,0.0,False,Active
3418,11,310,17930.03,205,242,0.37,0.63,1530.0,161.0,0.0,642.0,0.0,65.0,1053.0,98.0,10702.0,0.0,0.0,1201.0,0.0,0.0,1059.0,163.0,1257.0,0.0,0.0,5570.67,108.12,0.0,0.0,0.0,12128.53,21.0,1.0,1.0,20.0,6.0,0.0,250.0,False,Active
3421,12,573,13540.88,117,205,0.43,0.57,600.0,1948.0,0.0,625.0,0.0,939.0,2855.0,138.0,6.0,0.0,0.0,835.0,0.0,0.0,4625.0,0.0,970.0,0.0,0.0,13119.2,231.38,0.0,0.0,0.0,190.3,397.0,12.0,2.0,12.0,15.0,3.0,111.0,False,Active
3423,9,35,623.81,17,544,0.07,0.93,0.0,1.0,0.0,66.0,0.0,162.0,34.0,11.0,0.0,0.0,0.0,0.0,0.0,0.0,230.0,103.0,16.0,0.0,0.0,27.35,167.06,1.12,0.0,0.0,161.84,3.0,3.0,0.0,1.0,0.0,0.0,3.0,False,Active
3427,4,123,2674.16,60,558,0.94,0.06,0.0,140.0,0.0,36.0,0.0,0.0,1111.0,50.0,85.0,0.0,0.0,772.0,0.0,0.0,233.0,0.0,247.0,0.0,0.0,2484.63,189.53,0.0,0.0,0.0,0.0,103.0,1.0,0.0,0.0,14.0,5.0,0.0,False,Active
3429,8,79,4378.91,49,908,0.59,0.41,0.0,248.0,0.0,38.0,0.0,0.0,442.0,0.0,0.0,0.0,0.0,179.0,0.0,0.0,3463.0,3.0,6.0,0.0,0.0,3764.44,567.59,0.0,0.0,0.0,46.88,58.0,4.0,3.0,5.0,2.0,0.0,0.0,False,Active
3430,1,14,623.21,2,686,0.0,1.0,0.0,0.0,0.0,180.0,0.0,0.0,0.0,0.0,0.0,0.0,0.0,443.0,0.0,0.0,0.0,0.0,0.0,0.0,0.0,623.21,0.0,0.0,0.0,0.0,0.0,14.0,0.0,0.0,0.0,0.0,0.0,0.0,False,Active
3440,15,265,12060.42,98,511,0.11,0.89,150.0,3289.0,0.0,29.0,0.0,1584.0,65.0,286.0,1657.0,0.0,19.0,253.0,0.0,0.0,3898.0,65.0,765.0,0.0,0.0,2619.91,2074.48,0.0,0.0,0.0,7042.97,78.0,10.0,1.0,4.0,78.0,19.0,27.0,False,Active
3441,7,1070,15322.64,247,474,1.0,0.0,200.0,59.0,0.0,535.0,0.0,18.0,5293.0,515.0,187.0,0.0,79.0,3122.0,0.0,0.0,3327.0,76.0,1912.0,0.0,0.0,14916.28,406.36,0.0,0.0,0.0,0.0,1053.0,1.0,5.0,0.0,0.0,7.0,0.0,False,Active
3445,2,651,3537.0,93,757,0.93,0.07,20.0,0.0,0.0,181.0,0.0,0.0,2012.0,19.0,0.0,0.0,0.0,562.0,0.0,0.0,224.0,0.0,519.0,0.0,0.0,3431.25,105.75,0.0,0.0,0.0,0.0,642.0,9.0,0.0,0.0,0.0,0.0,0.0,False,Active
3448,16,302,8253.43,152,528,0.43,0.57,40.0,515.0,0.0,322.0,0.0,509.0,1296.0,78.0,1055.0,0.0,0.0,734.0,0.0,0.0,2192.0,0.0,1512.0,0.0,0.0,2600.6,5231.21,0.0,0.0,0.0,421.62,91.0,3.0,5.0,4.0,1.0,141.0,7.0,False,Active
3449,2,36,6047.31,15,591,1.0,0.0,4830.0,0.0,0.0,55.0,0.0,0.0,71.0,0.0,298.0,0.0,0.0,8.0,0.0,0.0,0.0,12.0,773.0,0.0,0.0,6047.31,0.0,0.0,0.0,0.0,0.0,30.0,0.0,0.0,6.0,0.0,0.0,0.0,False,Active
3450,10,111,7632.52,77,435,0.81,0.19,0.0,0.0,0.0,1190.0,0.0,442.0,834.0,130.0,2253.0,0.0,111.0,1235.0,0.0,0.0,850.0,0.0,588.0,0.0,0.0,3928.13,2038.91,0.0,0.0,0.0,92.19,69.0,11.0,0.0,1.0,0.0,1.0,3.0,False,Active
3453,5,92,1881.28,69,605,0.98,0.02,0.0,0.0,0.0,12.0,0.0,19.0,477.0,3.0,0.0,0.0,0.0,714.0,0.0,0.0,415.0,0.0,242.0,0.0,0.0,926.1,769.71,0.0,0.0,0.0,0.0,46.0,15.0,20.0,0.0,0.0,0.0,0.0,False,Active
3457,7,63,2235.23,27,203,0.6,0.4,1100.0,116.0,0.0,0.0,0.0,3.0,154.0,0.0,0.0,0.0,0.0,11.0,0.0,25.0,823.0,0.0,3.0,0.0,0.0,2210.03,25.2,0.0,0.0,0.0,0.0,45.0,0.0,0.0,2.0,5.0,0.0,0.0,False,Active
3460,1,3,11.4,3,1,1.0,0.0,0.0,0.0,0.0,0.0,0.0,0.0,2.0,0.0,0.0,0.0,0.0,8.0,0.0,0.0,0.0,0.0,1.0,0.0,0.0,11.4,0.0,0.0,0.0,0.0,0.0,3.0,0.0,0.0,0.0,0.0,0.0,0.0,False,Active
3463,3,22,264.3,7,564,0.83,0.17,0.0,46.0,0.0,0.0,0.0,0.0,12.0,103.0,0.0,0.0,0.0,0.0,0.0,0.0,104.0,0.0,0.0,0.0,0.0,264.3,0.0,0.0,0.0,0.0,0.0,5.0,0.0,0.0,0.0,16.0,0.0,1.0,False,Active
3478,5,72,6053.91,21,296,0.54,0.46,3130.0,0.0,0.0,2025.0,0.0,0.0,66.0,0.0,0.0,0.0,0.0,71.0,0.0,0.0,701.0,0.0,60.0,0.0,0.0,5773.62,27.37,0.0,0.0,0.0,252.92,62.0,2.0,0.0,1.0,0.0,0.0,1.0,False,Active
3479,3,61,3851.58,42,126,0.96,0.04,0.0,0.0,0.0,62.0,0.0,128.0,1855.0,18.0,477.0,0.0,0.0,196.0,0.0,0.0,153.0,0.0,963.0,0.0,0.0,2035.6,1815.98,0.0,0.0,0.0,0.0,27.0,4.0,0.0,0.0,0.0,30.0,0.0,False,Active
3482,1,6,498.2,3,3,0.04,0.96,0.0,0.0,0.0,478.0,0.0,0.0,6.0,0.0,0.0,0.0,0.0,0.0,0.0,0.0,14.0,0.0,0.0,0.0,0.0,498.2,0.0,0.0,0.0,0.0,0.0,6.0,0.0,0.0,0.0,0.0,0.0,0.0,False,Active
3483,1,1,9.95,1,1,1.0,0.0,0.0,0.0,0.0,0.0,0.0,0.0,10.0,0.0,0.0,0.0,0.0,0.0,0.0,0.0,0.0,0.0,0.0,0.0,0.0,9.95,0.0,0.0,0.0,0.0,0.0,1.0,0.0,0.0,0.0,0.0,0.0,0.0,False,Active
3487,5,147,7762.12,87,933,0.73,0.27,0.0,142.0,0.0,0.0,0.0,2047.0,941.0,180.0,709.0,0.0,0.0,1689.0,0.0,0.0,1372.0,0.0,683.0,0.0,76.17,7390.5,218.39,0.0,0.0,0.0,48.69,133.0,5.0,0.0,0.0,0.0,0.0,6.0,False,Active
3499,2,10,299.52,6,94,1.0,0.0,0.0,0.0,0.0,0.0,0.0,0.0,5.0,0.0,4.0,0.0,0.0,0.0,0.0,0.0,234.0,0.0,57.0,0.0,0.0,203.1,0.0,96.42,0.0,0.0,0.0,3.0,0.0,0.0,7.0,0.0,0.0,0.0,False,Active
3515,5,93,13787.99,7,287,0.0,1.0,0.0,76.0,0.0,11668.0,0.0,0.0,0.0,0.0,947.0,0.0,0.0,0.0,0.0,0.0,0.0,0.0,1096.0,0.0,0.0,13747.32,0.0,0.0,0.0,0.0,40.67,60.0,2.0,0.0,17.0,5.0,0.0,9.0,False,Active
3530,11,178,11080.65,139,809,0.85,0.15,0.0,77.0,0.0,0.0,0.0,0.0,882.0,300.0,6985.0,0.0,0.0,1417.0,0.0,0.0,511.0,0.0,909.0,0.0,0.0,384.23,5303.09,154.04,0.0,0.0,211.1,16.0,21.0,0.0,10.0,0.0,41.0,1.0,False,Active
3535,2,9,459.11,7,580,0.28,0.72,0.0,330.0,0.0,0.0,0.0,0.0,4.0,0.0,12.0,0.0,0.0,0.0,0.0,0.0,0.0,0.0,114.0,0.0,0.0,447.93,11.18,0.0,0.0,0.0,0.0,8.0,0.0,0.0,1.0,0.0,0.0,0.0,False,Active
3547,3,7,150.66,3,54,0.66,0.34,135.0,0.0,0.0,16.0,0.0,0.0,0.0,0.0,0.0,0.0,0.0,0.0,0.0,0.0,0.0,0.0,0.0,0.0,0.0,100.0,50.66,0.0,0.0,0.0,0.0,1.0,0.0,0.0,0.0,0.0,0.0,0.0,False,Active
3561,8,398,8473.17,62,268,0.81,0.19,500.0,311.0,0.0,292.0,0.0,0.0,1699.0,10.0,266.0,0.0,92.0,3322.0,0.0,0.0,1563.0,204.0,214.0,0.0,0.0,7585.77,726.5,90.06,0.0,0.0,70.84,375.0,0.0,10.0,3.0,5.0,0.0,2.0,False,Active
3562,20,1389,40513.74,363,963,0.6,0.4,426.0,621.0,0.0,1067.0,0.0,314.0,9532.0,957.0,3690.0,0.0,278.0,7999.0,0.0,0.0,11344.0,0.0,4285.0,0.0,0.0,31213.88,3425.59,118.46,0.0,0.0,4587.18,1186.0,18.0,4.0,6.0,38.0,2.0,49.0,False,Active
3564,7,245,6529.63,103,431,0.91,0.09,549.0,80.0,0.0,449.0,0.0,8.0,1965.0,257.0,131.0,0.0,42.0,623.0,0.0,0.0,1508.0,0.0,917.0,0.0,0.0,4332.88,623.07,0.0,0.0,0.0,0.0,163.0,23.0,0.0,0.0,1.0,0.0,0.0,False,Active
3565,5,678,23029.27,151,782,0.92,0.08,0.0,228.0,0.0,519.0,0.0,0.0,15832.0,206.0,711.0,0.0,0.0,3203.0,0.0,0.0,1423.0,0.0,907.0,0.0,0.0,22521.89,507.38,0.0,0.0,0.0,0.0,668.0,4.0,0.0,3.0,0.0,2.0,0.0,False,Active
3566,15,1815,90404.98,281,964,0.73,0.27,930.0,368.0,0.0,1204.0,0.0,0.0,30287.0,3800.0,943.0,0.0,0.0,16986.0,0.0,370.0,30688.0,16.0,4534.0,280.0,0.0,78353.59,3078.85,932.21,0.0,0.0,6747.22,1636.0,5.0,19.0,58.0,1.0,0.0,19.0,False,Active
3567,9,194,4149.4,86,420,0.77,0.23,0.0,106.0,0.0,374.0,0.0,24.0,587.0,873.0,0.0,0.0,0.0,183.0,0.0,0.0,1323.0,0.0,680.0,0.0,0.0,3183.02,936.1,30.28,0.0,0.0,0.0,113.0,17.0,2.0,14.0,32.0,0.0,4.0,False,Active
3569,5,182,3265.09,6,766,0.0,1.0,0.0,47.0,0.0,18.0,0.0,0.0,0.0,0.0,1125.0,0.0,0.0,0.0,0.0,0.0,2076.0,0.0,0.0,0.0,0.0,1189.35,0.0,0.0,0.0,0.0,2075.74,3.0,0.0,1.0,170.0,7.0,0.0,1.0,False,Active
3570,7,58,890.09,30,55,0.08,0.92,0.0,15.0,0.0,173.0,0.0,268.0,54.0,0.0,0.0,0.0,0.0,14.0,0.0,0.0,5.0,2.0,359.0,0.0,0.0,761.49,128.6,0.0,0.0,0.0,0.0,38.0,3.0,3.0,0.0,6.0,0.0,5.0,False,Active
3571,1,53,7922.7,15,365,0.17,0.83,0.0,0.0,0.0,6586.0,0.0,88.0,740.0,11.0,0.0,0.0,24.0,0.0,0.0,0.0,445.0,0.0,30.0,0.0,0.0,7922.7,0.0,0.0,0.0,0.0,0.0,53.0,0.0,0.0,0.0,0.0,0.0,0.0,False,Active
3572,13,1821,93755.87,580,791,0.56,0.44,8080.0,2450.0,0.0,3836.0,0.0,6051.0,14478.0,6483.0,13008.0,0.0,365.0,20134.0,0.0,390.0,12389.0,363.0,5729.0,0.0,0.0,73968.18,11182.11,2807.05,0.0,0.0,4824.98,1481.0,14.0,0.0,8.0,74.0,130.0,45.0,False,Active
3574,12,1933,44434.57,382,961,0.57,0.43,578.0,370.0,0.0,6898.0,0.0,231.0,8973.0,136.0,635.0,0.0,92.0,9199.0,0.0,0.0,12029.0,0.0,3866.0,1430.0,0.0,43387.43,555.59,12.95,0.0,0.0,478.26,1628.0,111.0,5.0,9.0,3.0,0.0,61.0,False,Active
3575,11,298,11701.95,123,371,0.76,0.24,149.0,282.0,0.0,192.0,0.0,763.0,2796.0,1586.0,107.0,0.0,34.0,832.0,0.0,0.0,3076.0,95.0,1791.0,0.0,0.0,9710.6,1088.14,0.0,0.0,0.0,650.64,248.0,13.0,1.0,1.0,0.0,3.0,4.0,False,Active
3577,8,1065,52835.39,231,963,0.94,0.06,119.0,105.0,0.0,1194.0,0.0,86.0,28578.0,319.0,4077.0,0.0,855.0,8188.0,0.0,0.0,3451.0,124.0,5741.0,0.0,0.0,49932.3,2903.09,0.0,0.0,0.0,0.0,995.0,34.0,0.0,0.0,0.0,6.0,0.0,False,Active
3578,20,375,33322.46,238,539,0.71,0.29,306.0,462.0,0.0,1031.0,0.0,721.0,2018.0,3348.0,10192.0,0.0,3293.0,2067.0,0.0,0.0,7650.0,697.0,1537.0,0.0,0.0,6014.88,3280.3,3264.11,0.0,779.04,83.59,115.0,2.0,41.0,45.0,3.0,0.0,0.0,False,Active
3580,14,333,18696.5,169,959,0.44,0.56,102.0,737.0,0.0,1346.0,0.0,441.0,1535.0,311.0,5169.0,0.0,481.0,1860.0,0.0,0.0,5402.0,28.0,1286.0,0.0,0.0,1302.33,14644.26,8.22,0.0,0.0,403.17,21.0,84.0,8.0,3.0,5.0,25.0,5.0,False,Active
3581,6,681,15545.7,133,793,0.94,0.06,1300.0,632.0,0.0,274.0,0.0,173.0,6225.0,419.0,0.0,0.0,59.0,1666.0,0.0,0.0,2510.0,0.0,2289.0,0.0,0.0,14797.51,722.54,0.0,0.0,0.0,25.65,655.0,10.0,0.0,1.0,8.0,0.0,1.0,False,Active
3582,19,1375,59767.59,428,964,0.58,0.42,0.0,5341.0,0.0,438.0,0.0,911.0,18391.0,2757.0,7920.0,0.0,833.0,5466.0,0.0,0.0,12310.0,119.0,5282.0,0.0,0.0,48229.5,9081.89,0.0,0.0,0.0,175.24,976.0,63.0,33.0,16.0,107.0,1.0,13.0,False,Active
3584,15,268,25575.36,66,921,0.03,0.97,0.0,2631.0,0.0,316.0,0.0,10632.0,2069.0,0.0,0.0,0.0,0.0,4.0,0.0,0.0,9770.0,7.0,146.0,0.0,201.69,7129.14,5709.82,1213.45,0.0,0.0,11011.43,73.0,32.0,0.0,3.0,1.0,1.0,56.0,False,Active
3586,21,1035,71291.09,432,804,0.44,0.56,436.0,3736.0,2292.0,2103.0,0.0,1850.0,2977.0,1788.0,20770.0,0.0,8.0,21128.0,0.0,1181.0,4835.0,1765.0,6422.0,0.0,0.0,47595.07,12307.11,551.77,0.0,0.0,1563.85,743.0,46.0,36.0,43.0,34.0,20.0,5.0,False,Active
3587,13,631,24508.66,204,828,0.85,0.15,177.0,413.0,0.0,305.0,0.0,8.0,11708.0,268.0,1157.0,0.0,26.0,3144.0,0.0,420.0,3560.0,176.0,3144.0,0.0,0.0,19966.53,2928.66,547.62,0.0,0.0,167.74,440.0,29.0,13.0,21.0,0.0,0.0,52.0,False,Active
3589,14,526,88456.3,275,953,0.37,0.63,2884.0,96.0,0.0,311.0,0.0,53174.0,4214.0,1255.0,5018.0,0.0,99.0,4118.0,0.0,0.0,15513.0,5.0,1769.0,0.0,0.0,76880.0,2571.92,0.0,0.0,0.0,83.31,312.0,1.0,6.0,59.0,0.0,9.0,0.0,False,Active
3592,4,145,4972.87,43,887,0.81,0.19,0.0,291.0,0.0,100.0,0.0,32.0,2156.0,0.0,380.0,0.0,199.0,225.0,0.0,0.0,1380.0,0.0,210.0,0.0,0.0,4868.63,104.24,0.0,0.0,0.0,0.0,122.0,2.0,0.0,0.0,18.0,0.0,0.0,False,Active
3596,2,360,6016.58,101,963,0.79,0.21,150.0,0.0,0.0,73.0,0.0,0.0,2393.0,16.0,234.0,0.0,90.0,1972.0,0.0,0.0,1035.0,0.0,53.0,0.0,0.0,5576.15,0.0,0.0,0.0,0.0,440.43,320.0,0.0,0.0,40.0,0.0,0.0,0.0,False,Active
3599,13,754,41078.69,365,856,0.69,0.31,1924.0,135.0,0.0,2816.0,0.0,572.0,2804.0,1189.0,11456.0,0.0,113.0,4750.0,0.0,0.0,10193.0,56.0,5070.0,0.0,0.0,995.27,36431.25,0.0,0.0,0.0,115.18,22.0,364.0,76.0,5.0,1.0,49.0,0.0,False,Active
3601,6,251,18936.54,87,863,0.92,0.08,0.0,3.0,0.0,350.0,0.0,0.0,15108.0,139.0,146.0,0.0,94.0,472.0,0.0,0.0,2203.0,0.0,422.0,0.0,0.0,18259.94,352.96,0.0,0.0,0.0,0.0,229.0,9.0,0.0,0.0,0.0,0.0,0.0,False,Active
3602,9,447,17605.01,211,641,0.66,0.34,1411.0,112.0,0.0,1463.0,0.0,74.0,2637.0,29.0,1096.0,0.0,32.0,1265.0,0.0,0.0,6301.0,200.0,2984.0,0.0,0.0,14995.52,2609.49,0.0,0.0,0.0,0.0,387.0,43.0,2.0,2.0,0.0,0.0,0.0,False,Active
3603,8,175,8997.25,133,555,0.93,0.07,0.0,0.0,0.0,0.0,0.0,26.0,905.0,384.0,3244.0,0.0,35.0,1854.0,0.0,0.0,1857.0,0.0,690.0,0.0,0.0,117.21,5463.2,1305.35,0.0,0.0,0.0,4.0,31.0,68.0,40.0,0.0,3.0,0.0,False,Active
3604,2,196,2770.94,63,161,0.97,0.03,0.0,0.0,0.0,49.0,0.0,0.0,633.0,163.0,153.0,0.0,20.0,879.0,0.0,0.0,185.0,0.0,689.0,0.0,0.0,2597.46,0.0,0.0,0.0,0.0,0.0,182.0,0.0,0.0,0.0,0.0,0.0,0.0,False,Active
3605,15,595,8240.61,112,905,0.59,0.41,1407.0,107.0,0.0,2358.0,0.0,246.0,1271.0,20.0,129.0,0.0,291.0,399.0,0.0,0.0,1092.0,0.0,920.0,0.0,0.0,5577.42,1314.29,0.0,0.0,0.0,564.34,445.0,1.0,1.0,1.0,1.0,0.0,3.0,False,Active
3606,7,138,23103.3,65,432,0.42,0.58,9283.0,60.0,0.0,10701.0,0.0,1033.0,616.0,61.0,0.0,0.0,0.0,161.0,0.0,0.0,546.0,34.0,608.0,0.0,0.0,21432.01,1671.29,0.0,0.0,0.0,0.0,79.0,2.0,4.0,0.0,0.0,0.0,0.0,False,Active
3610,2,10,44.53,5,175,0.44,0.56,0.0,0.0,0.0,0.0,0.0,0.0,8.0,0.0,0.0,0.0,0.0,0.0,0.0,0.0,35.0,0.0,2.0,0.0,0.0,44.53,0.0,0.0,0.0,0.0,0.0,7.0,0.0,0.0,0.0,0.0,0.0,0.0,False,Active
3612,7,462,20333.36,173,391,1.0,0.0,485.0,56.0,0.0,264.0,0.0,488.0,6985.0,930.0,387.0,0.0,643.0,1780.0,0.0,0.0,4019.0,323.0,3973.0,0.0,0.0,8843.1,11490.26,0.0,0.0,0.0,0.0,257.0,14.0,4.0,0.0,0.0,25.0,0.0,False,Active
3617,6,162,18363.44,73,572,0.83,0.17,17293.0,161.0,0.0,15.0,0.0,0.0,395.0,0.0,0.0,0.0,0.0,181.0,0.0,0.0,276.0,20.0,22.0,0.0,0.0,15847.99,151.56,0.0,0.0,0.0,2363.89,143.0,6.0,0.0,0.0,1.0,0.0,2.0,False,Active
3631,8,41,1365.29,15,826,0.08,0.92,0.0,80.0,0.0,15.0,0.0,157.0,5.0,0.0,483.0,0.0,0.0,13.0,0.0,0.0,91.0,0.0,521.0,0.0,0.0,743.28,405.63,0.0,0.0,0.0,125.11,15.0,7.0,1.0,1.0,0.0,0.0,5.0,False,Active
3634,21,415,17951.64,155,506,0.32,0.68,732.0,411.0,0.0,103.0,0.0,8801.0,1121.0,151.0,2112.0,0.0,0.0,2389.0,0.0,0.0,155.0,35.0,1943.0,0.0,0.0,11048.72,1101.85,0.0,0.0,4632.17,71.75,58.0,3.0,0.0,53.0,3.0,0.0,2.0,False,Active
3637,4,570,13885.88,131,314,0.88,0.12,1140.0,745.0,0.0,72.0,0.0,0.0,5204.0,647.0,141.0,0.0,2.0,1728.0,0.0,0.0,2337.0,0.0,1871.0,0.0,0.0,13885.88,0.0,0.0,0.0,0.0,0.0,542.0,0.0,0.0,0.0,22.0,0.0,0.0,False,Active
3652,4,27,1656.9,13,101,0.99,0.01,1178.0,0.0,0.0,0.0,0.0,0.0,27.0,45.0,0.0,0.0,263.0,13.0,0.0,0.0,120.0,0.0,10.0,0.0,0.0,1542.88,114.02,0.0,0.0,0.0,0.0,22.0,1.0,0.0,0.0,0.0,0.0,0.0,False,Active
3653,3,12,622.56,4,230,0.75,0.25,143.0,0.0,0.0,11.0,0.0,0.0,227.0,0.0,0.0,0.0,0.0,0.0,0.0,0.0,0.0,0.0,241.0,0.0,0.0,479.56,143.0,0.0,0.0,0.0,0.0,10.0,1.0,0.0,0.0,0.0,0.0,0.0,False,Active
3654,9,413,6800.49,171,953,0.65,0.35,60.0,1198.0,0.0,504.0,0.0,22.0,1628.0,186.0,400.0,0.0,0.0,1520.0,0.0,0.0,592.0,61.0,628.0,0.0,0.0,6080.26,599.62,0.0,0.0,0.0,0.0,301.0,1.0,0.0,1.0,14.0,17.0,42.0,False,Active
3659,29,1043,50333.33,467,642,0.66,0.34,11897.0,3637.0,0.0,1947.0,0.0,2172.0,4954.0,1157.0,6905.0,0.0,292.0,4117.0,0.0,0.0,6656.0,131.0,6468.0,0.0,0.0,18432.48,9680.55,1956.08,0.0,3401.86,1451.22,206.0,20.0,97.0,58.0,52.0,31.0,145.0,False,Active
3664,2,16,1140.8,10,59,1.0,0.0,320.0,0.0,0.0,0.0,0.0,0.0,414.0,208.0,0.0,0.0,0.0,53.0,0.0,0.0,145.0,0.0,0.0,0.0,0.0,902.15,238.65,0.0,0.0,0.0,0.0,11.0,0.0,0.0,0.0,0.0,5.0,0.0,False,Active
3665,5,75,1062.49,43,244,0.93,0.07,0.0,9.0,0.0,14.0,0.0,64.0,99.0,0.0,33.0,0.0,0.0,522.0,0.0,0.0,61.0,0.0,261.0,0.0,0.0,785.0,268.54,0.0,0.0,0.0,8.95,51.0,9.0,5.0,0.0,0.0,0.0,1.0,False,Active
3666,19,717,17923.18,280,384,0.41,0.59,1336.0,3629.0,0.0,235.0,0.0,1880.0,950.0,299.0,2996.0,0.0,319.0,1817.0,0.0,0.0,1573.0,62.0,2826.0,0.0,0.0,12587.4,511.71,1549.11,0.0,0.0,2424.31,431.0,4.0,13.0,30.0,69.0,0.0,41.0,False,Active
3667,9,716,23171.58,257,615,0.88,0.12,879.0,122.0,0.0,880.0,0.0,890.0,5089.0,984.0,1217.0,0.0,787.0,3893.0,0.0,216.0,4540.0,0.0,3674.0,0.0,0.0,18575.61,4217.1,106.13,0.0,0.0,272.74,604.0,3.0,24.0,6.0,0.0,0.0,1.0,False,Active
3668,2,305,20663.16,114,961,0.86,0.14,150.0,90.0,0.0,167.0,0.0,41.0,1204.0,162.0,1198.0,0.0,4.0,4568.0,0.0,0.0,2716.0,70.0,10293.0,0.0,0.0,20465.37,197.79,0.0,0.0,0.0,0.0,303.0,0.0,0.0,0.0,0.0,0.0,0.0,False,Active
3671,2,29,510.86,20,215,1.0,0.0,0.0,0.0,0.0,0.0,0.0,0.0,316.0,28.0,7.0,0.0,0.0,133.0,0.0,0.0,27.0,0.0,0.0,0.0,0.0,391.25,119.61,0.0,0.0,0.0,0.0,16.0,0.0,0.0,0.0,0.0,0.0,0.0,False,Active
3673,4,82,775.12,56,341,1.0,0.0,0.0,0.0,0.0,23.0,0.0,0.0,119.0,34.0,10.0,0.0,11.0,320.0,0.0,0.0,246.0,9.0,1.0,0.0,0.0,129.7,645.42,0.0,0.0,0.0,0.0,34.0,22.0,11.0,0.0,0.0,0.0,0.0,False,Active
3674,15,1404,43559.37,388,963,0.72,0.28,1181.0,344.0,0.0,1186.0,0.0,708.0,11083.0,214.0,5160.0,0.0,0.0,15588.0,0.0,0.0,3098.0,53.0,4945.0,0.0,1649.45,33842.96,2678.76,322.38,0.0,0.0,0.0,1198.0,6.0,1.0,9.0,58.0,3.0,0.0,False,Active
3675,23,1923,55729.35,558,964,0.35,0.65,2243.0,2342.0,0.0,2585.0,0.0,2054.0,6563.0,2219.0,12982.0,0.0,77.0,6223.0,0.0,0.0,10989.0,0.0,7453.0,0.0,0.0,25115.11,28174.16,69.27,0.0,0.0,302.6,1022.0,494.0,24.0,18.0,18.0,14.0,10.0,False,Active
3677,20,2559,51960.76,514,869,0.7,0.3,5275.0,2074.0,60.0,1067.0,0.0,989.0,16346.0,1824.0,7323.0,0.0,190.0,2613.0,0.0,113.0,7390.0,79.0,6311.0,307.0,0.0,34724.71,13590.35,0.0,0.0,240.96,72.15,2037.0,100.0,23.0,18.0,3.0,24.0,15.0,False,Active
3681,9,307,9566.95,118,417,0.5,0.5,505.0,50.0,0.0,3869.0,0.0,387.0,2001.0,6.0,217.0,0.0,194.0,725.0,0.0,480.0,491.0,0.0,641.0,0.0,0.0,7800.74,1738.05,0.0,0.0,0.0,28.16,231.0,15.0,19.0,5.0,0.0,6.0,1.0,False,Active
3684,11,682,35707.27,226,907,0.6,0.4,500.0,2391.0,0.0,790.0,0.0,317.0,6731.0,891.0,4167.0,0.0,314.0,9337.0,0.0,0.0,5858.0,0.0,4411.0,0.0,0.0,31438.74,3894.01,0.0,0.0,0.0,374.52,595.0,13.0,0.0,4.0,19.0,2.0,8.0,False,Active
3686,9,154,5483.81,123,625,0.97,0.03,0.0,44.0,0.0,37.0,0.0,55.0,346.0,69.0,1865.0,0.0,0.0,531.0,0.0,0.0,1503.0,464.0,571.0,0.0,0.0,554.5,3869.51,0.0,0.0,0.0,433.39,6.0,25.0,25.0,0.0,32.0,28.0,0.0,False,Active
3688,12,328,6646.3,79,895,0.91,0.09,9.0,70.0,0.0,29.0,0.0,2.0,4150.0,266.0,1052.0,0.0,0.0,190.0,0.0,0.0,288.0,0.0,590.0,0.0,0.0,4828.51,713.58,0.0,0.0,0.0,0.0,276.0,9.0,1.0,0.0,0.0,4.0,0.0,False,Active
3692,3,70,2233.21,32,602,0.75,0.25,0.0,211.0,240.0,72.0,0.0,0.0,73.0,363.0,0.0,0.0,0.0,814.0,0.0,0.0,273.0,65.0,122.0,0.0,0.0,2233.21,0.0,0.0,0.0,0.0,0.0,67.0,0.0,0.0,1.0,0.0,0.0,0.0,False,Active
3693,2,136,11220.28,76,956,0.98,0.02,0.0,413.0,0.0,40.0,0.0,0.0,1829.0,1530.0,1682.0,0.0,127.0,241.0,0.0,0.0,4967.0,41.0,349.0,0.0,0.0,11050.55,169.73,0.0,0.0,0.0,0.0,135.0,0.0,0.0,0.0,0.0,0.0,0.0,False,Active
3695,6,52,7566.26,15,346,0.0,1.0,2136.0,58.0,0.0,101.0,0.0,173.0,0.0,0.0,4819.0,0.0,0.0,177.0,0.0,0.0,95.0,0.0,7.0,0.0,0.0,5476.82,561.72,0.0,0.0,0.0,1527.72,9.0,0.0,0.0,22.0,0.0,0.0,0.0,False,Active
3696,12,202,38146.24,127,800,0.46,0.54,502.0,406.0,0.0,79.0,0.0,1223.0,2627.0,1470.0,5426.0,0.0,69.0,1667.0,0.0,0.0,21736.0,6.0,2934.0,0.0,0.0,5595.13,29761.39,0.0,0.0,0.0,2088.69,1.0,93.0,0.0,0.0,2.0,21.0,2.0,False,Active
3698,4,64,3207.69,27,580,0.71,0.29,2412.0,246.0,0.0,0.0,0.0,0.0,124.0,0.0,0.0,0.0,0.0,309.0,0.0,0.0,23.0,0.0,95.0,0.0,0.0,2516.78,682.14,0.0,0.0,0.0,8.77,54.0,0.0,0.0,0.0,1.0,0.0,2.0,False,Active
3699,3,57,3696.7,49,725,0.8,0.2,0.0,5.0,0.0,15.0,0.0,0.0,462.0,247.0,761.0,0.0,19.0,663.0,0.0,0.0,451.0,12.0,1061.0,0.0,0.0,2658.99,316.37,0.0,0.0,0.0,0.0,37.0,0.0,0.0,0.0,0.0,12.0,0.0,False,Active
3703,6,223,2673.94,45,736,0.73,0.27,613.0,179.0,0.0,23.0,0.0,0.0,920.0,0.0,0.0,0.0,0.0,295.0,0.0,25.0,291.0,0.0,329.0,0.0,0.0,2484.14,25.25,0.0,0.0,0.0,164.55,166.0,2.0,0.0,17.0,0.0,0.0,20.0,False,Active
3705,5,24,516.88,16,515,0.86,0.14,50.0,20.0,0.0,0.0,0.0,0.0,43.0,0.0,234.0,0.0,0.0,96.0,0.0,0.0,41.0,0.0,35.0,0.0,0.0,164.88,69.33,0.0,0.0,0.0,0.0,14.0,5.0,0.0,0.0,1.0,0.0,0.0,False,Active
3717,7,118,10636.35,65,907,0.36,0.64,0.0,555.0,0.0,340.0,0.0,0.0,105.0,95.0,912.0,0.0,0.0,536.0,0.0,0.0,7966.0,0.0,127.0,0.0,0.0,2736.38,7324.24,575.73,0.0,0.0,0.0,9.0,54.0,0.0,26.0,0.0,9.0,0.0,False,Active
3718,4,663,25839.69,213,422,0.94,0.06,0.0,31.0,0.0,1730.0,0.0,89.0,3700.0,587.0,1229.0,0.0,137.0,9374.0,0.0,0.0,4709.0,387.0,3866.0,0.0,0.0,25833.86,5.83,0.0,0.0,0.0,0.0,657.0,1.0,0.0,2.0,0.0,0.0,0.0,False,Active
3719,7,254,12867.64,178,285,0.61,0.39,0.0,0.0,14.0,889.0,0.0,275.0,137.0,63.0,6440.0,0.0,8.0,2085.0,0.0,0.0,1878.0,15.0,1063.0,0.0,0.0,1612.33,6956.92,0.0,0.0,0.0,4298.39,11.0,2.0,0.0,1.0,0.0,0.0,99.0,False,Active
3720,8,117,11337.79,63,126,0.5,0.5,3200.0,563.0,0.0,0.0,0.0,4828.0,838.0,77.0,0.0,0.0,37.0,135.0,0.0,97.0,424.0,122.0,1017.0,0.0,0.0,6789.33,4548.46,0.0,0.0,0.0,0.0,48.0,46.0,0.0,10.0,4.0,0.0,1.0,False,Active
3723,12,124,4915.54,75,271,0.33,0.67,102.0,0.0,0.0,2064.0,0.0,154.0,50.0,0.0,725.0,0.0,0.0,1285.0,0.0,0.0,30.0,0.0,505.0,0.0,0.0,1828.13,2604.76,0.0,0.0,0.0,34.11,11.0,1.0,1.0,0.0,0.0,30.0,0.0,False,Active
3725,4,18,1105.07,6,496,0.0,1.0,559.0,25.0,0.0,0.0,0.0,219.0,0.0,0.0,0.0,0.0,0.0,0.0,0.0,0.0,302.0,0.0,0.0,0.0,0.0,1105.07,0.0,0.0,0.0,0.0,0.0,4.0,1.0,0.0,5.0,0.0,0.0,0.0,False,Active
3727,11,377,7074.17,117,748,0.6,0.4,25.0,29.0,0.0,112.0,0.0,199.0,1174.0,1601.0,106.0,0.0,0.0,693.0,0.0,0.0,3030.0,41.0,65.0,0.0,0.0,1429.35,5625.79,0.0,0.0,0.0,0.0,23.0,313.0,10.0,2.0,3.0,0.0,0.0,False,Active
3732,7,748,14367.4,138,957,0.83,0.17,0.0,47.0,0.0,192.0,0.0,131.0,6818.0,1059.0,1902.0,0.0,0.0,475.0,0.0,0.0,3319.0,212.0,213.0,0.0,0.0,4622.86,7708.2,0.0,0.0,0.0,47.38,334.0,290.0,3.0,0.0,0.0,0.0,0.0,False,Active
3733,1,48,514.2,33,628,1.0,0.0,0.0,0.0,0.0,0.0,0.0,50.0,127.0,0.0,0.0,0.0,0.0,189.0,0.0,0.0,148.0,0.0,0.0,0.0,0.0,514.2,0.0,0.0,0.0,0.0,0.0,48.0,0.0,0.0,0.0,0.0,0.0,0.0,False,Active
3738,3,23,18241.71,14,120,0.03,0.97,17433.0,29.0,0.0,39.0,0.0,63.0,92.0,13.0,0.0,0.0,240.0,33.0,0.0,0.0,283.0,18.0,0.0,0.0,0.0,17432.7,809.01,0.0,0.0,0.0,0.0,0.0,0.0,15.0,6.0,0.0,0.0,0.0,False,Active
3739,1,7,21.8,5,921,0.47,0.53,0.0,0.0,0.0,0.0,0.0,0.0,7.0,0.0,0.0,0.0,0.0,4.0,0.0,0.0,0.0,0.0,12.0,0.0,0.0,21.8,0.0,0.0,0.0,0.0,0.0,7.0,0.0,0.0,0.0,0.0,0.0,0.0,False,Active
3740,1,47,2607.2,16,775,0.96,0.04,1000.0,0.0,0.0,0.0,0.0,0.0,644.0,60.0,0.0,0.0,0.0,23.0,0.0,0.0,99.0,0.0,782.0,0.0,0.0,2607.2,0.0,0.0,0.0,0.0,0.0,47.0,0.0,0.0,0.0,0.0,0.0,0.0,False,Active
3741,6,378,4850.56,113,745,0.81,0.19,543.0,225.0,0.0,57.0,0.0,196.0,1050.0,408.0,0.0,0.0,0.0,1364.0,0.0,0.0,738.0,0.0,270.0,0.0,0.0,3855.59,757.94,0.0,0.0,0.0,0.0,310.0,2.0,0.0,0.0,44.0,0.0,0.0,False,Active
3742,3,33,735.16,21,112,0.49,0.51,100.0,180.0,0.0,68.0,0.0,0.0,85.0,0.0,25.0,0.0,0.0,139.0,0.0,0.0,106.0,0.0,32.0,0.0,0.0,735.16,0.0,0.0,0.0,0.0,0.0,28.0,0.0,0.0,0.0,3.0,0.0,0.0,False,Active
3743,7,223,27467.62,72,455,0.8,0.2,19987.0,239.0,0.0,2965.0,0.0,107.0,760.0,632.0,929.0,0.0,0.0,288.0,0.0,0.0,1379.0,163.0,18.0,0.0,0.0,3519.8,2518.22,0.0,0.0,21420.09,9.51,20.0,137.0,0.0,1.0,0.0,0.0,4.0,False,Active
3744,2,5,48.2,5,12,0.38,0.62,0.0,0.0,0.0,30.0,0.0,0.0,9.0,0.0,0.0,0.0,0.0,0.0,0.0,0.0,0.0,0.0,9.0,0.0,0.0,48.2,0.0,0.0,0.0,0.0,0.0,4.0,0.0,0.0,1.0,0.0,0.0,0.0,False,Active
3750,15,135,8884.54,60,557,0.4,0.6,1817.0,865.0,0.0,621.0,0.0,1915.0,222.0,109.0,1209.0,0.0,65.0,500.0,0.0,0.0,1270.0,102.0,190.0,0.0,0.0,4160.83,1418.75,0.0,0.0,0.0,102.68,43.0,16.0,4.0,2.0,33.0,0.0,6.0,False,Active
3751,19,2260,73512.42,326,963,0.65,0.35,4447.0,18522.0,0.0,142.0,0.0,676.0,22886.0,1421.0,5314.0,0.0,24.0,4764.0,0.0,0.0,10058.0,505.0,4754.0,0.0,0.0,52892.31,9449.1,0.0,0.0,0.0,11171.01,1741.0,139.0,17.0,32.0,63.0,49.0,149.0,False,Active
3754,15,2494,58706.17,822,926,0.9,0.1,4357.0,656.0,0.0,1897.0,0.0,134.0,16747.0,3683.0,2566.0,0.0,64.0,19359.0,0.0,0.0,6111.0,222.0,2910.0,0.0,0.0,49548.24,5817.71,0.0,0.0,0.0,2170.6,2089.0,21.0,3.0,2.0,41.0,32.0,70.0,False,Active
3759,3,47,5349.17,37,941,0.78,0.22,0.0,65.0,0.0,122.0,0.0,136.0,547.0,447.0,217.0,0.0,0.0,195.0,0.0,0.0,1747.0,20.0,1853.0,0.0,0.0,5252.78,96.39,0.0,0.0,0.0,0.0,44.0,0.0,0.0,0.0,0.0,0.0,0.0,False,Active
3760,3,122,7364.36,66,721,0.66,0.34,574.0,182.0,0.0,178.0,0.0,0.0,736.0,1629.0,2120.0,0.0,39.0,606.0,0.0,0.0,331.0,167.0,803.0,0.0,0.0,3216.08,4148.28,0.0,0.0,0.0,0.0,37.0,82.0,0.0,0.0,0.0,0.0,0.0,False,Active
3763,2,6,596.68,5,570,0.08,0.92,443.0,0.0,0.0,0.0,0.0,0.0,10.0,0.0,0.0,0.0,0.0,39.0,0.0,0.0,105.0,0.0,0.0,0.0,0.0,153.55,443.13,0.0,0.0,0.0,0.0,5.0,0.0,0.0,0.0,0.0,0.0,0.0,False,Active
3769,9,234,6524.6,107,961,0.77,0.23,0.0,21.0,0.0,19.0,0.0,58.0,1133.0,15.0,889.0,0.0,98.0,1712.0,0.0,0.0,664.0,73.0,1842.0,0.0,0.0,3571.68,2952.92,0.0,0.0,0.0,0.0,148.0,0.0,62.0,2.0,0.0,2.0,0.0,False,Active
3782,1,3,27.65,2,116,1.0,0.0,20.0,0.0,0.0,0.0,0.0,0.0,8.0,0.0,0.0,0.0,0.0,0.0,0.0,0.0,0.0,0.0,0.0,0.0,0.0,27.65,0.0,0.0,0.0,0.0,0.0,3.0,0.0,0.0,0.0,0.0,0.0,0.0,False,Active
3784,14,1788,101898.93,443,963,0.72,0.28,71.0,2749.0,0.0,1807.0,0.0,348.0,33750.0,3365.0,29616.0,0.0,685.0,6065.0,0.0,0.0,19659.0,346.0,3436.0,0.0,0.0,72410.56,27200.31,0.0,0.0,0.0,55.09,1402.0,67.0,0.0,6.0,88.0,49.0,2.0,False,Active
3785,2,23,117.01,8,32,0.86,0.14,0.0,17.0,0.0,0.0,0.0,0.0,46.0,0.0,0.0,0.0,0.0,40.0,0.0,0.0,14.0,0.0,0.0,0.0,0.0,101.57,0.0,0.0,0.0,0.0,15.44,20.0,0.0,0.0,0.0,3.0,0.0,0.0,False,Active
3788,5,39,921.71,31,510,0.99,0.01,0.0,0.0,0.0,0.0,0.0,0.0,412.0,82.0,114.0,0.0,0.0,262.0,0.0,0.0,41.0,0.0,10.0,0.0,0.0,652.47,269.24,0.0,0.0,0.0,0.0,30.0,1.0,0.0,0.0,0.0,3.0,0.0,False,Active
3790,11,665,25546.74,292,533,0.65,0.35,0.0,705.0,0.0,1032.0,0.0,100.0,5442.0,1135.0,3561.0,0.0,87.0,5621.0,0.0,0.0,3487.0,407.0,3834.0,135.0,0.0,17329.94,7365.18,0.0,0.0,0.0,851.62,448.0,5.0,63.0,19.0,6.0,50.0,30.0,False,Active
3795,3,68,2778.24,44,749,0.99,0.01,0.0,0.0,0.0,16.0,0.0,0.0,581.0,719.0,115.0,0.0,0.0,290.0,0.0,0.0,1014.0,0.0,43.0,0.0,0.0,1940.79,0.0,0.0,0.0,0.0,178.2,52.0,0.0,0.0,0.0,0.0,0.0,1.0,False,Active
3796,11,311,10849.37,172,906,0.86,0.14,0.0,325.0,0.0,1178.0,0.0,12.0,2182.0,160.0,2201.0,0.0,0.0,2012.0,0.0,0.0,522.0,3.0,2255.0,0.0,0.0,4556.91,4708.6,0.0,0.0,0.0,1144.18,197.0,34.0,5.0,0.0,13.0,6.0,0.0,False,Active
3797,10,95,3410.72,42,880,0.03,0.97,0.0,481.0,0.0,149.0,0.0,23.0,244.0,75.0,0.0,0.0,0.0,0.0,0.0,0.0,2432.0,0.0,6.0,0.0,0.0,1548.19,1862.53,0.0,0.0,0.0,0.0,14.0,21.0,8.0,20.0,6.0,3.0,6.0,False,Active
3798,1,6,98.0,2,49,0.0,1.0,0.0,0.0,0.0,98.0,0.0,0.0,0.0,0.0,0.0,0.0,0.0,0.0,0.0,0.0,0.0,0.0,0.0,0.0,0.0,98.0,0.0,0.0,0.0,0.0,0.0,6.0,0.0,0.0,0.0,0.0,0.0,0.0,False,Active
3800,10,73,1088.65,56,327,0.93,0.07,178.0,0.0,0.0,0.0,0.0,0.0,145.0,0.0,547.0,0.0,0.0,39.0,0.0,0.0,142.0,0.0,37.0,0.0,8.38,87.85,757.54,0.0,0.0,0.0,19.6,20.0,2.0,0.0,1.0,0.0,2.0,0.0,False,Active
3815,3,10,438.4,8,465,0.4,0.6,0.0,3.0,0.0,0.0,0.0,261.0,75.0,0.0,0.0,0.0,0.0,100.0,0.0,0.0,0.0,0.0,0.0,0.0,0.0,177.85,0.0,0.0,0.0,0.0,260.55,7.0,0.0,0.0,0.0,0.0,0.0,2.0,False,Active
3826,1,14,294.0,10,28,1.0,0.0,0.0,0.0,0.0,0.0,0.0,0.0,122.0,50.0,0.0,0.0,0.0,59.0,0.0,0.0,63.0,0.0,0.0,0.0,0.0,294.0,0.0,0.0,0.0,0.0,0.0,14.0,0.0,0.0,0.0,0.0,0.0,0.0,False,Active
3866,5,113,2004.43,78,99,1.0,0.0,0.0,0.0,0.0,0.0,0.0,0.0,339.0,88.0,247.0,0.0,0.0,894.0,0.0,0.0,311.0,0.0,125.0,0.0,0.0,894.5,242.95,858.08,0.0,0.0,0.0,53.0,2.0,0.0,56.0,0.0,0.0,0.0,False,Active
3876,2,10,108.46,9,14,1.0,0.0,0.0,0.0,0.0,0.0,0.0,0.0,39.0,14.0,0.0,0.0,0.0,23.0,0.0,0.0,22.0,0.0,10.0,0.0,0.0,55.75,52.71,0.0,0.0,0.0,0.0,7.0,0.0,3.0,0.0,0.0,0.0,0.0,False,Active
3886,1,12,253.22,1,148,0.0,1.0,0.0,0.0,0.0,0.0,0.0,253.0,0.0,0.0,0.0,0.0,0.0,0.0,0.0,0.0,0.0,0.0,0.0,0.0,0.0,253.22,0.0,0.0,0.0,0.0,0.0,0.0,0.0,0.0,12.0,0.0,0.0,0.0,False,Active
3893,1,2,174.7,2,3,0.0,1.0,0.0,0.0,0.0,0.0,0.0,0.0,0.0,0.0,0.0,0.0,0.0,0.0,0.0,0.0,175.0,0.0,0.0,0.0,0.0,174.7,0.0,0.0,0.0,0.0,0.0,2.0,0.0,0.0,0.0,0.0,0.0,0.0,False,Active
3899,5,65,6671.56,50,119,0.76,0.24,0.0,0.0,0.0,139.0,0.0,3.0,518.0,0.0,3260.0,0.0,130.0,1492.0,0.0,0.0,83.0,0.0,1046.0,0.0,0.0,2910.48,3761.08,0.0,0.0,0.0,0.0,20.0,9.0,25.0,0.0,0.0,0.0,0.0,False,Active
3900,13,288,21675.28,170,365,0.55,0.45,2020.0,469.0,0.0,1224.0,0.0,100.0,3341.0,854.0,4688.0,0.0,334.0,1837.0,0.0,0.0,5414.0,204.0,1190.0,0.0,0.0,2882.34,9458.64,0.0,0.0,0.0,1855.48,26.0,84.0,0.0,9.0,5.0,0.0,7.0,False,Active
3902,4,60,799.88,6,114,0.0,1.0,0.0,508.0,0.0,196.0,0.0,0.0,0.0,0.0,0.0,0.0,0.0,0.0,0.0,0.0,0.0,0.0,96.0,0.0,0.0,179.0,96.07,0.0,0.0,0.0,524.81,0.0,1.0,0.0,1.0,0.0,0.0,55.0,False,Active
3904,13,167,13195.83,137,825,0.93,0.07,817.0,79.0,0.0,339.0,0.0,3.0,922.0,788.0,2643.0,0.0,0.0,3064.0,0.0,0.0,4056.0,0.0,486.0,0.0,0.0,4065.62,6560.5,21.05,0.0,0.0,14.28,70.0,2.0,0.0,4.0,0.0,7.0,0.0,False,Active
3905,10,314,6335.55,148,668,0.94,0.06,0.0,15.0,0.0,6.0,0.0,0.0,1049.0,981.0,727.0,0.0,0.0,2515.0,0.0,0.0,756.0,7.0,282.0,0.0,0.0,4247.0,1969.52,16.93,0.0,0.0,0.0,265.0,1.0,0.0,3.0,3.0,32.0,0.0,False,Active
3906,19,1008,163125.24,380,511,0.67,0.33,76565.0,1373.0,0.0,44368.0,0.0,2465.0,3880.0,1374.0,7206.0,0.0,599.0,9414.0,0.0,588.0,7228.0,0.0,8065.0,0.0,0.0,122184.12,38091.91,0.0,0.0,0.0,942.62,527.0,88.0,0.0,9.0,0.0,0.0,0.0,False,Active
3907,9,894,29208.06,322,959,0.99,0.01,1900.0,103.0,0.0,884.0,0.0,458.0,3388.0,508.0,4129.0,0.0,650.0,11616.0,0.0,0.0,3772.0,38.0,1761.0,0.0,0.0,21455.51,7752.55,0.0,0.0,0.0,0.0,794.0,32.0,30.0,0.0,0.0,22.0,0.0,False,Active
3910,7,209,14596.53,125,720,0.98,0.02,0.0,65.0,0.0,408.0,0.0,48.0,1641.0,1106.0,4617.0,0.0,0.0,4435.0,0.0,0.0,926.0,0.0,1350.0,0.0,0.0,7963.65,6632.88,0.0,0.0,0.0,0.0,130.0,12.0,18.0,0.0,0.0,17.0,0.0,False,Active
3911,6,320,22778.74,159,962,0.49,0.51,0.0,1097.0,0.0,1897.0,0.0,970.0,457.0,2914.0,1163.0,0.0,0.0,2678.0,0.0,0.0,11196.0,18.0,390.0,0.0,0.0,20355.02,574.61,0.0,0.0,0.0,275.85,218.0,48.0,0.0,0.0,4.0,0.0,1.0,False,Active
3912,4,135,2519.65,72,641,0.66,0.34,344.0,0.0,0.0,0.0,0.0,37.0,310.0,14.0,41.0,0.0,208.0,0.0,0.0,0.0,1059.0,0.0,506.0,0.0,0.0,1299.57,1220.08,0.0,0.0,0.0,0.0,110.0,4.0,0.0,0.0,0.0,0.0,0.0,False,Active
3913,2,269,3675.68,45,728,0.84,0.16,0.0,24.0,0.0,316.0,0.0,0.0,2424.0,0.0,0.0,0.0,0.0,533.0,0.0,0.0,10.0,0.0,369.0,0.0,0.0,3675.68,0.0,0.0,0.0,0.0,0.0,267.0,0.0,0.0,0.0,0.0,0.0,2.0,False,Active
3914,11,123,22478.89,89,701,0.69,0.31,0.0,60.0,0.0,199.0,0.0,0.0,52.0,1225.0,15814.0,0.0,0.0,2204.0,0.0,0.0,1380.0,0.0,1544.0,0.0,0.0,3245.9,19142.25,0.0,0.0,0.0,0.0,9.0,8.0,0.0,1.0,0.0,38.0,0.0,False,Active
3916,3,47,26497.12,19,460,0.06,0.94,1300.0,0.0,0.0,24846.0,0.0,0.0,0.0,0.0,0.0,0.0,0.0,15.0,0.0,0.0,129.0,0.0,207.0,0.0,0.0,16619.96,9877.16,0.0,0.0,0.0,0.0,28.0,0.0,0.0,16.0,0.0,0.0,0.0,False,Active
3918,7,387,3788.27,54,653,0.92,0.08,0.0,46.0,0.0,0.0,0.0,0.0,1644.0,0.0,0.0,0.0,4.0,1114.0,0.0,0.0,736.0,0.0,244.0,0.0,75.75,3569.4,6.55,0.0,0.0,0.0,0.0,49.0,5.0,0.0,0.0,0.0,0.0,0.0,False,Active
3919,6,110,3386.49,69,393,0.89,0.11,0.0,117.0,0.0,0.0,0.0,78.0,373.0,0.0,447.0,0.0,33.0,316.0,0.0,0.0,374.0,0.0,1649.0,0.0,0.0,1152.29,625.25,0.0,0.0,0.0,0.0,42.0,17.0,2.0,0.0,0.0,3.0,0.0,False,Active
3921,11,142,1174.52,73,401,0.43,0.57,0.0,42.0,0.0,156.0,0.0,10.0,153.0,0.0,3.0,0.0,0.0,131.0,0.0,0.0,524.0,54.0,101.0,0.0,0.0,1001.51,137.91,0.0,0.0,0.0,35.1,95.0,4.0,1.0,14.0,6.0,0.0,7.0,False,Active
3924,9,282,4677.02,115,429,0.97,0.03,0.0,48.0,0.0,253.0,0.0,10.0,914.0,17.0,786.0,0.0,29.0,1790.0,0.0,0.0,662.0,0.0,169.0,0.0,0.0,2522.33,1931.84,0.0,0.0,0.0,175.71,204.0,4.0,0.0,0.0,12.0,7.0,5.0,False,Active
3925,4,405,43859.54,104,961,0.99,0.01,700.0,61.0,0.0,0.0,0.0,1159.0,20800.0,1080.0,99.0,0.0,4443.0,328.0,0.0,0.0,6963.0,10.0,8216.0,0.0,0.0,43859.54,0.0,0.0,0.0,0.0,0.0,402.0,1.0,0.0,1.0,0.0,0.0,1.0,False,Active
3928,7,759,21235.06,277,914,0.96,0.04,0.0,399.0,0.0,1140.0,0.0,7.0,7891.0,283.0,806.0,0.0,269.0,5520.0,0.0,0.0,2994.0,6.0,1921.0,0.0,0.0,20700.01,535.05,0.0,0.0,0.0,0.0,724.0,12.0,0.0,1.0,0.0,5.0,5.0,False,Active
3929,4,24,1730.5,22,372,0.87,0.13,148.0,0.0,0.0,35.0,0.0,59.0,216.0,408.0,120.0,0.0,29.0,111.0,0.0,0.0,278.0,0.0,326.0,0.0,0.0,225.82,1504.68,0.0,0.0,0.0,0.0,4.0,16.0,0.0,0.0,0.0,0.0,0.0,False,Active
3930,11,212,16776.17,99,959,0.46,0.54,0.0,161.0,0.0,1309.0,0.0,230.0,413.0,420.0,2030.0,0.0,0.0,1396.0,0.0,0.0,10684.0,20.0,115.0,0.0,0.0,14587.34,1720.92,0.0,0.0,0.0,0.0,148.0,20.0,1.0,1.0,6.0,0.0,0.0,False,Active
3933,9,639,25670.02,132,589,0.72,0.28,9050.0,212.0,0.0,4143.0,0.0,28.0,6273.0,443.0,0.0,0.0,0.0,731.0,0.0,0.0,3905.0,0.0,885.0,0.0,0.0,25397.89,157.28,0.0,0.0,0.0,114.85,610.0,3.0,0.0,3.0,3.0,0.0,1.0,False,Active
3934,2,57,1537.49,44,407,0.96,0.04,865.0,0.0,0.0,37.0,0.0,0.0,185.0,54.0,0.0,0.0,0.0,226.0,0.0,0.0,164.0,0.0,6.0,0.0,0.0,163.45,0.0,0.0,0.0,0.0,1374.04,19.0,0.0,0.0,0.0,0.0,0.0,38.0,False,Active
3935,4,179,5093.23,84,935,0.98,0.02,0.0,4.0,0.0,87.0,0.0,0.0,1278.0,89.0,0.0,0.0,237.0,108.0,0.0,0.0,2204.0,0.0,1086.0,0.0,0.0,5006.41,86.82,0.0,0.0,0.0,0.0,175.0,1.0,0.0,0.0,0.0,0.0,1.0,False,Active
3936,5,181,7603.27,94,619,0.82,0.18,1250.0,53.0,0.0,201.0,0.0,0.0,1678.0,19.0,400.0,0.0,0.0,1027.0,0.0,0.0,1581.0,351.0,1043.0,0.0,0.0,6463.94,1139.33,0.0,0.0,0.0,0.0,169.0,4.0,0.0,1.0,3.0,0.0,0.0,False,Active
3937,14,612,43899.9,276,767,0.64,0.36,9997.0,162.0,0.0,326.0,0.0,1532.0,1598.0,304.0,9911.0,0.0,427.0,5388.0,0.0,0.0,10602.0,224.0,3430.0,0.0,0.0,14114.35,11165.36,0.0,0.0,0.0,4373.14,347.0,1.0,49.0,5.0,3.0,45.0,91.0,False,Active
3938,11,407,10382.96,168,963,0.94,0.06,936.0,110.0,0.0,775.0,0.0,99.0,2288.0,429.0,640.0,0.0,0.0,2879.0,0.0,0.0,628.0,78.0,1522.0,0.0,0.0,9018.72,524.47,380.44,0.0,0.0,0.0,351.0,2.0,2.0,14.0,9.0,0.0,0.0,False,Active
3939,2,18,108.05,12,800,1.0,0.0,0.0,0.0,0.0,0.0,0.0,0.0,26.0,0.0,0.0,0.0,0.0,60.0,0.0,0.0,22.0,0.0,0.0,0.0,0.0,106.75,1.3,0.0,0.0,0.0,0.0,17.0,1.0,0.0,0.0,0.0,0.0,0.0,False,Active
3941,11,270,20207.07,159,913,0.88,0.12,1946.0,542.0,0.0,516.0,0.0,126.0,310.0,649.0,2887.0,0.0,0.0,2071.0,0.0,0.0,9401.0,9.0,1748.0,0.0,0.0,12644.42,6571.15,0.0,0.0,0.0,134.55,178.0,13.0,4.0,2.0,0.0,0.0,30.0,False,Active
3943,11,423,26640.0,167,372,0.66,0.34,250.0,210.0,0.0,275.0,0.0,245.0,9119.0,1005.0,4377.0,0.0,4.0,953.0,0.0,0.0,8367.0,1.0,1833.0,0.0,0.0,18984.5,4175.1,0.0,0.0,0.0,0.0,297.0,13.0,0.0,3.0,0.0,0.0,0.0,False,Active
3947,6,142,12000.58,34,711,0.0,1.0,9322.0,311.0,0.0,473.0,0.0,200.0,198.0,0.0,0.0,0.0,0.0,0.0,0.0,228.0,790.0,0.0,478.0,0.0,0.0,7836.08,1665.42,0.0,0.0,0.0,2499.08,51.0,2.0,0.0,29.0,0.0,0.0,23.0,False,Active
3958,8,95,5680.13,27,947,0.09,0.91,0.0,1848.0,0.0,570.0,0.0,533.0,84.0,25.0,568.0,0.0,0.0,747.0,0.0,0.0,1003.0,0.0,302.0,0.0,0.0,5384.0,29.23,266.9,0.0,0.0,0.0,24.0,1.0,0.0,13.0,5.0,0.0,15.0,False,Active
3962,14,357,17831.05,189,927,0.68,0.32,2546.0,1030.0,0.0,1285.0,0.0,344.0,424.0,191.0,8023.0,0.0,36.0,2082.0,0.0,434.0,899.0,215.0,321.0,0.0,0.0,5331.43,9919.04,617.9,0.0,0.0,291.53,161.0,20.0,32.0,12.0,4.0,0.0,14.0,False,Active
3969,3,38,3503.14,23,924,0.72,0.28,0.0,1102.0,0.0,0.0,0.0,153.0,8.0,43.0,0.0,0.0,192.0,339.0,0.0,0.0,1450.0,0.0,216.0,0.0,0.0,3246.8,256.34,0.0,0.0,0.0,0.0,27.0,0.0,3.0,0.0,8.0,0.0,0.0,False,Active
3975,3,30,4480.33,10,16,0.0,1.0,1595.0,1990.0,0.0,730.0,0.0,0.0,0.0,0.0,0.0,0.0,0.0,39.0,0.0,0.0,126.0,0.0,0.0,0.0,0.0,4353.85,0.0,0.0,0.0,0.0,126.48,11.0,0.0,0.0,16.0,0.0,0.0,3.0,False,Active
3977,6,142,3317.85,74,182,0.94,0.06,511.0,0.0,0.0,60.0,0.0,10.0,1212.0,289.0,0.0,0.0,29.0,298.0,0.0,0.0,468.0,0.0,442.0,0.0,0.0,2147.91,1169.94,0.0,0.0,0.0,0.0,85.0,1.0,0.0,0.0,0.0,49.0,0.0,False,Active
3980,7,57,1145.94,15,587,0.01,0.99,0.0,813.0,0.0,95.0,0.0,215.0,0.0,0.0,0.0,0.0,0.0,14.0,0.0,0.0,0.0,9.0,0.0,0.0,0.0,848.72,36.32,0.0,0.0,0.0,252.21,9.0,2.0,0.0,0.0,24.0,0.0,14.0,False,Active
3981,3,174,5691.77,74,525,0.91,0.09,400.0,12.0,0.0,120.0,0.0,0.0,2584.0,89.0,0.0,0.0,42.0,1862.0,0.0,5.0,371.0,7.0,200.0,0.0,0.0,5589.47,102.3,0.0,0.0,0.0,0.0,172.0,0.0,0.0,1.0,0.0,0.0,0.0,False,Active
3982,7,69,1167.83,34,257,0.56,0.44,0.0,208.0,0.0,394.0,0.0,0.0,289.0,63.0,0.0,0.0,32.0,53.0,0.0,0.0,39.0,0.0,90.0,0.0,0.0,1003.18,163.34,0.0,0.0,0.0,1.31,54.0,2.0,0.0,5.0,2.0,0.0,4.0,False,Active
3983,8,503,8611.37,169,488,0.93,0.07,1314.0,54.0,0.0,183.0,0.0,33.0,2236.0,158.0,325.0,0.0,10.0,1710.0,0.0,0.0,1744.0,29.0,749.0,68.0,0.0,4457.34,4154.03,0.0,0.0,0.0,0.0,334.0,20.0,0.0,0.0,0.0,130.0,1.0,False,Active
3994,1,2,27.3,2,2,1.0,0.0,0.0,0.0,0.0,0.0,0.0,0.0,16.0,0.0,0.0,0.0,0.0,0.0,0.0,0.0,0.0,0.0,11.0,0.0,0.0,27.3,0.0,0.0,0.0,0.0,0.0,2.0,0.0,0.0,0.0,0.0,0.0,0.0,False,Active
3995,3,439,14482.68,120,654,0.98,0.02,0.0,0.0,17.0,520.0,0.0,0.0,6452.0,82.0,337.0,0.0,625.0,1012.0,0.0,0.0,3948.0,51.0,1438.0,0.0,0.0,10156.27,4326.41,0.0,0.0,0.0,0.0,324.0,14.0,101.0,0.0,0.0,0.0,0.0,False,Active
3996,10,619,20018.71,259,403,0.67,0.33,2327.0,584.0,0.0,150.0,0.0,405.0,2901.0,840.0,2406.0,0.0,0.0,763.0,0.0,0.0,4906.0,45.0,4691.0,0.0,0.0,10139.24,7879.81,0.0,0.0,0.0,0.0,220.0,132.0,2.0,3.0,2.0,0.0,2.0,False,Active
3997,9,350,6515.48,161,398,0.58,0.42,0.0,44.0,0.0,177.0,0.0,412.0,611.0,173.0,206.0,0.0,3.0,1077.0,0.0,0.0,2782.0,0.0,1031.0,0.0,0.0,1685.77,751.78,0.0,0.0,0.0,4077.93,54.0,4.0,15.0,1.0,0.0,24.0,236.0,False,Active
3998,14,600,30298.91,196,394,0.52,0.48,1732.0,1063.0,702.0,4867.0,0.0,598.0,4974.0,189.0,4522.0,0.0,0.0,2083.0,0.0,0.0,3788.0,57.0,5724.0,0.0,0.0,19978.96,9044.79,0.0,0.0,0.0,444.81,523.0,42.0,1.0,0.0,2.0,0.0,1.0,False,Active
3999,3,57,6835.16,32,935,0.7,0.3,0.0,695.0,0.0,500.0,0.0,179.0,102.0,2747.0,112.0,0.0,48.0,0.0,0.0,0.0,2453.0,0.0,0.0,0.0,0.0,5959.53,875.63,0.0,0.0,0.0,0.0,47.0,7.0,0.0,0.0,0.0,0.0,0.0,False,Active
4000,31,3143,118179.7,662,964,0.5,0.5,6457.0,9958.0,0.0,4065.0,0.0,1169.0,11267.0,1642.0,5428.0,0.0,119.0,22025.0,0.0,0.0,36969.0,370.0,18711.0,0.0,10.89,102162.62,8783.23,2315.94,0.0,0.0,4878.08,2138.0,59.0,31.0,228.0,126.0,49.0,317.0,False,Active
4001,23,2871,126803.64,829,964,0.7,0.3,5877.0,3868.0,0.0,4580.0,0.0,2741.0,12795.0,1862.0,33288.0,0.0,275.0,22883.0,0.0,3549.0,13486.0,645.0,20956.0,0.0,0.0,85793.15,36210.3,1457.79,0.0,0.0,530.3,1748.0,447.0,45.0,81.0,146.0,12.0,0.0,False,Active
4002,9,867,51027.93,216,964,0.81,0.19,0.0,58.0,0.0,102.0,0.0,428.0,25776.0,1065.0,2722.0,0.0,110.0,6333.0,0.0,0.0,11570.0,93.0,2771.0,0.0,0.0,44603.58,6424.35,0.0,0.0,0.0,0.0,769.0,42.0,7.0,4.0,33.0,4.0,0.0,False,Active
4003,4,283,13492.43,75,577,0.33,0.67,11115.0,0.0,0.0,13.0,0.0,0.0,973.0,96.0,96.0,0.0,0.0,503.0,0.0,0.0,601.0,0.0,97.0,0.0,0.0,13441.02,51.41,0.0,0.0,0.0,0.0,157.0,0.0,3.0,122.0,0.0,0.0,0.0,False,Active
4004,21,1043,72985.67,294,963,0.66,0.34,17245.0,1001.0,0.0,199.0,0.0,111.0,19150.0,1508.0,3876.0,0.0,568.0,13644.0,0.0,0.0,5973.0,21.0,9689.0,0.0,0.0,66947.8,4267.81,0.0,0.0,0.0,1255.17,907.0,4.0,1.0,9.0,55.0,0.0,2.0,False,Active
4005,23,708,91065.18,389,879,0.62,0.38,2584.0,4108.0,0.0,2287.0,0.0,1918.0,3947.0,443.0,41693.0,0.0,478.0,14547.0,0.0,0.0,16201.0,13.0,2847.0,0.0,0.0,51759.41,30779.51,1922.79,0.0,0.0,2919.45,284.0,35.0,75.0,16.0,114.0,20.0,2.0,False,Active
4006,11,805,25491.68,251,682,0.64,0.36,240.0,1010.0,0.0,561.0,0.0,20.0,4774.0,947.0,4056.0,0.0,69.0,2885.0,80.0,0.0,6418.0,56.0,4376.0,0.0,0.0,21349.95,4132.38,0.0,0.0,0.0,0.0,734.0,36.0,1.0,0.0,1.0,2.0,3.0,False,Active
4008,8,233,5046.99,75,639,0.44,0.56,100.0,100.0,0.0,49.0,0.0,45.0,1552.0,108.0,0.0,0.0,38.0,506.0,0.0,188.0,1303.0,0.0,1059.0,0.0,0.0,2899.62,1236.48,0.0,0.0,5.38,905.51,127.0,72.0,0.0,8.0,13.0,0.0,1.0,False,Active
4009,17,647,23961.26,212,894,0.38,0.62,0.0,3975.0,0.0,1226.0,0.0,5510.0,3244.0,128.0,7.0,0.0,109.0,2798.0,0.0,0.0,4779.0,89.0,2098.0,0.0,0.0,16876.81,3118.17,0.0,0.0,0.0,3918.72,373.0,162.0,9.0,27.0,3.0,0.0,13.0,False,Active
4010,2,47,2981.29,26,506,0.91,0.09,0.0,0.0,0.0,0.0,0.0,0.0,267.0,165.0,317.0,0.0,0.0,1194.0,0.0,0.0,824.0,0.0,215.0,0.0,0.0,2916.88,64.41,0.0,0.0,0.0,0.0,46.0,1.0,0.0,0.0,0.0,0.0,0.0,False,Active
4011,7,78,3247.25,50,701,0.85,0.15,2070.0,32.0,0.0,0.0,0.0,69.0,138.0,2.0,256.0,0.0,0.0,363.0,0.0,0.0,178.0,17.0,123.0,0.0,0.0,2976.84,270.41,0.0,0.0,0.0,0.0,67.0,1.0,4.0,1.0,1.0,0.0,0.0,False,Active
4013,4,696,24396.6,177,962,0.7,0.3,0.0,2499.0,146.0,797.0,0.0,0.0,7672.0,1817.0,164.0,0.0,123.0,2147.0,0.0,0.0,3897.0,445.0,4641.0,50.0,0.0,24063.43,286.0,0.0,0.0,0.0,47.17,687.0,1.0,0.0,0.0,3.0,0.0,5.0,False,Active
4015,7,157,13655.67,55,714,0.9,0.1,9535.0,708.0,0.0,631.0,0.0,0.0,234.0,0.0,0.0,0.0,0.0,188.0,0.0,0.0,1414.0,0.0,947.0,0.0,0.0,4454.35,536.4,0.0,0.0,0.0,105.95,70.0,2.0,0.0,0.0,26.0,0.0,0.0,False,Active
4020,12,415,23014.34,186,921,0.56,0.44,99.0,456.0,0.0,133.0,0.0,135.0,6915.0,1386.0,3224.0,0.0,0.0,981.0,0.0,0.0,8249.0,167.0,1270.0,0.0,0.0,14805.56,7718.29,0.0,0.0,0.0,113.77,261.0,46.0,1.0,1.0,1.0,35.0,0.0,False,Active
4022,14,436,19664.71,217,919,0.44,0.56,0.0,626.0,0.0,1262.0,0.0,957.0,2909.0,1103.0,3160.0,0.0,0.0,355.0,0.0,0.0,3698.0,0.0,5595.0,0.0,5194.9,9375.11,3879.13,1066.0,0.0,0.0,149.57,95.0,30.0,3.0,6.0,13.0,0.0,2.0,False,Active
4023,9,115,3349.73,90,437,0.81,0.19,0.0,106.0,0.0,436.0,0.0,18.0,229.0,17.0,576.0,0.0,0.0,1004.0,0.0,0.0,787.0,8.0,168.0,0.0,0.0,1113.13,1550.21,646.41,0.0,0.0,39.98,31.0,17.0,29.0,25.0,0.0,0.0,3.0,False,Active
4024,9,204,12366.99,100,621,0.65,0.35,0.0,1351.0,0.0,651.0,0.0,0.0,457.0,82.0,896.0,0.0,0.0,6253.0,0.0,0.0,2483.0,0.0,195.0,0.0,0.0,10932.36,1338.07,0.0,0.0,0.0,18.42,156.0,25.0,0.0,2.0,2.0,0.0,3.0,False,Active
4025,14,531,24605.97,230,623,0.25,0.75,53.0,39.0,0.0,116.0,0.0,579.0,1939.0,795.0,18075.0,0.0,53.0,759.0,0.0,0.0,888.0,29.0,1280.0,0.0,380.17,18174.85,284.86,0.0,1099.16,0.0,100.94,3.0,21.0,0.0,145.0,0.0,0.0,0.0,False,Active
4027,8,761,59916.18,353,955,0.8,0.2,1350.0,611.0,0.0,1364.0,0.0,1120.0,10513.0,2905.0,6866.0,0.0,478.0,10321.0,0.0,0.0,19635.0,63.0,4689.0,0.0,0.0,54180.89,3132.26,2124.92,0.0,0.0,0.0,604.0,21.0,2.0,91.0,1.0,0.0,0.0,False,Active
4028,4,720,24529.96,280,961,0.99,0.01,0.0,200.0,0.0,898.0,0.0,36.0,8533.0,2855.0,171.0,0.0,5.0,4546.0,0.0,0.0,6093.0,0.0,1192.0,0.0,0.0,21898.31,2625.68,0.0,0.0,0.0,5.97,660.0,2.0,57.0,0.0,0.0,0.0,0.0,False,Active
4030,12,500,58534.65,168,745,0.32,0.68,13336.0,3096.0,0.0,27362.0,0.0,775.0,3067.0,26.0,2830.0,0.0,355.0,2150.0,0.0,1100.0,1943.0,477.0,2018.0,0.0,0.0,53407.93,5126.72,0.0,0.0,0.0,0.0,360.0,57.0,2.0,31.0,22.0,10.0,1.0,False,Active
4035,7,40,613.47,23,402,0.57,0.43,0.0,94.0,0.0,166.0,0.0,0.0,19.0,69.0,0.0,0.0,0.0,63.0,0.0,0.0,202.0,0.0,0.0,0.0,0.0,527.05,69.45,0.0,0.0,0.0,16.97,19.0,2.0,1.0,0.0,2.0,0.0,11.0,False,Active
4038,8,477,32762.02,147,932,0.81,0.19,22150.0,171.0,0.0,0.0,0.0,28.0,5368.0,230.0,337.0,0.0,0.0,477.0,0.0,100.0,1546.0,2.0,2352.0,0.0,0.0,32049.12,712.9,0.0,0.0,0.0,0.0,437.0,3.0,20.0,2.0,0.0,0.0,0.0,False,Active
4039,10,149,4597.56,41,322,0.52,0.48,520.0,144.0,0.0,136.0,0.0,832.0,758.0,8.0,27.0,0.0,159.0,261.0,0.0,0.0,1357.0,0.0,397.0,0.0,0.0,1897.04,2588.67,0.0,0.0,0.0,111.85,83.0,46.0,1.0,0.0,2.0,9.0,1.0,False,Active
4059,10,47,2499.34,26,925,0.29,0.71,0.0,341.0,0.0,178.0,0.0,61.0,0.0,160.0,63.0,0.0,0.0,26.0,0.0,0.0,1562.0,43.0,66.0,0.0,0.0,1937.03,473.34,0.0,0.0,0.0,88.97,12.0,5.0,0.0,1.0,1.0,0.0,16.0,False,Active
4065,5,28,915.16,17,490,0.94,0.06,640.0,0.0,0.0,0.0,0.0,0.0,28.0,0.0,0.0,0.0,0.0,31.0,0.0,0.0,179.0,0.0,37.0,0.0,0.0,771.85,136.97,0.0,0.0,0.0,0.0,15.0,0.0,2.0,0.0,0.0,0.0,0.0,False,Active
4071,5,42,2509.51,25,453,0.25,0.75,0.0,129.0,0.0,0.0,0.0,0.0,210.0,12.0,166.0,0.0,0.0,23.0,0.0,511.0,1385.0,0.0,74.0,0.0,0.0,892.82,1124.08,0.0,0.0,0.0,492.61,19.0,0.0,1.0,4.0,0.0,0.0,3.0,False,Active
4073,15,256,14180.02,159,777,0.92,0.08,0.0,272.0,0.0,936.0,0.0,77.0,650.0,1020.0,6170.0,0.0,0.0,2048.0,0.0,0.0,2581.0,2.0,424.0,0.0,0.0,3447.95,7262.28,273.6,0.0,12.66,327.73,134.0,20.0,0.0,10.0,0.0,0.0,8.0,False,Active
4074,4,56,1224.02,32,49,0.61,0.39,413.0,0.0,0.0,0.0,0.0,0.0,221.0,10.0,0.0,0.0,0.0,42.0,0.0,0.0,248.0,0.0,290.0,0.0,0.0,774.5,449.52,0.0,0.0,0.0,0.0,29.0,0.0,0.0,7.0,0.0,2.0,0.0,False,Active
4077,1,57,2051.19,27,749,0.49,0.51,0.0,7.0,0.0,0.0,0.0,0.0,286.0,80.0,0.0,0.0,0.0,1433.0,0.0,0.0,182.0,0.0,64.0,0.0,0.0,2051.19,0.0,0.0,0.0,0.0,0.0,57.0,0.0,0.0,0.0,0.0,0.0,0.0,False,Active
4079,2,2,2380.57,2,233,0.91,0.09,0.0,0.0,0.0,0.0,0.0,0.0,0.0,2176.0,205.0,0.0,0.0,0.0,0.0,0.0,0.0,0.0,0.0,0.0,0.0,205.0,2175.57,0.0,0.0,0.0,0.0,1.0,0.0,0.0,0.0,0.0,1.0,0.0,False,Active
4088,3,25,1525.6,5,20,0.1,0.9,0.0,44.0,0.0,1335.0,0.0,0.0,133.0,0.0,0.0,0.0,0.0,0.0,0.0,0.0,13.0,0.0,0.0,0.0,0.0,1525.6,0.0,0.0,0.0,0.0,0.0,3.0,0.0,0.0,0.0,4.0,0.0,0.0,False,Active
4089,20,839,30900.76,235,942,0.68,0.32,1226.0,1001.0,0.0,624.0,0.0,894.0,6685.0,776.0,9307.0,0.0,0.0,2640.0,0.0,0.0,3323.0,65.0,4360.0,0.0,92.4,22153.5,3548.37,0.0,0.0,0.0,3595.45,682.0,16.0,11.0,6.0,21.0,0.0,13.0,False,Active
4090,4,31,457.27,20,225,0.52,0.48,220.0,0.0,0.0,5.0,0.0,0.0,128.0,0.0,0.0,0.0,0.0,60.0,0.0,0.0,19.0,0.0,26.0,0.0,0.0,389.35,67.92,0.0,0.0,0.0,0.0,21.0,0.0,0.0,1.0,0.0,0.0,0.0,False,Active
4091,1,90,1677.26,23,263,0.31,0.69,0.0,0.0,0.0,1162.0,0.0,0.0,210.0,12.0,0.0,0.0,0.0,75.0,0.0,0.0,115.0,0.0,103.0,0.0,0.0,1677.26,0.0,0.0,0.0,0.0,0.0,90.0,0.0,0.0,0.0,0.0,0.0,0.0,False,Active
4092,1,3,8.1,1,1,0.0,1.0,0.0,0.0,0.0,0.0,0.0,0.0,0.0,0.0,0.0,0.0,0.0,0.0,0.0,0.0,0.0,0.0,8.0,0.0,0.0,8.1,0.0,0.0,0.0,0.0,0.0,3.0,0.0,0.0,0.0,0.0,0.0,0.0,False,Active
4093,10,556,26915.13,287,726,0.56,0.44,11.0,441.0,0.0,327.0,0.0,185.0,944.0,138.0,9457.0,0.0,0.0,7989.0,0.0,0.0,4046.0,121.0,3256.0,0.0,0.0,20143.92,3677.69,1385.79,0.0,0.0,609.42,355.0,51.0,14.0,29.0,0.0,9.0,0.0,False,Active
4097,14,1170,77631.98,349,510,0.57,0.43,12526.0,6982.0,0.0,5413.0,0.0,713.0,9584.0,1050.0,3488.0,0.0,73.0,5630.0,0.0,7686.0,20480.0,497.0,3509.0,0.0,0.0,73978.45,3039.44,0.0,0.0,0.0,148.36,748.0,48.0,1.0,12.0,176.0,6.0,72.0,False,Active
4098,5,92,1061.2,18,370,0.16,0.84,0.0,6.0,0.0,69.0,0.0,96.0,79.0,0.0,0.0,0.0,0.0,40.0,0.0,0.0,720.0,0.0,52.0,0.0,0.0,987.96,73.24,0.0,0.0,0.0,0.0,22.0,0.0,0.0,4.0,0.0,6.0,7.0,False,Active
4100,4,89,697.21,28,690,0.9,0.1,0.0,0.0,0.0,15.0,0.0,0.0,161.0,19.0,0.0,0.0,0.0,150.0,0.0,0.0,334.0,0.0,19.0,0.0,0.0,640.6,4.73,0.0,0.0,0.0,0.0,85.0,1.0,0.0,0.0,0.0,1.0,0.0,False,Active
4101,32,513,35612.45,324,389,0.51,0.49,9852.0,353.0,0.0,353.0,0.0,561.0,1568.0,331.0,14254.0,0.0,300.0,2349.0,0.0,0.0,1681.0,486.0,3525.0,0.0,4778.76,1101.91,4763.73,0.0,1235.26,401.95,6003.57,10.0,4.0,29.0,4.0,1.0,0.0,40.0,False,Active
4105,4,63,6947.11,35,200,0.73,0.27,0.0,40.0,0.0,0.0,0.0,0.0,157.0,131.0,12.0,0.0,0.0,301.0,0.0,0.0,5153.0,0.0,1152.0,0.0,0.0,4609.43,2337.68,0.0,0.0,0.0,0.0,32.0,5.0,0.0,0.0,0.0,25.0,0.0,False,Active
4107,4,813,29857.23,140,960,0.85,0.15,0.0,57.0,0.0,146.0,0.0,642.0,9614.0,966.0,1896.0,0.0,31.0,2800.0,0.0,0.0,2681.0,145.0,10880.0,0.0,0.0,25510.1,3355.6,991.53,0.0,0.0,0.0,794.0,4.0,4.0,11.0,0.0,0.0,0.0,False,Active
4109,15,966,35454.77,415,960,0.73,0.27,0.0,1848.0,0.0,242.0,0.0,89.0,6248.0,2315.0,1665.0,0.0,266.0,6990.0,0.0,0.0,12811.0,42.0,2940.0,0.0,0.0,30934.95,4259.66,0.0,0.0,0.0,260.16,768.0,4.0,15.0,3.0,89.0,36.0,6.0,False,Active
4114,3,29,505.87,18,906,0.4,0.6,77.0,0.0,0.0,19.0,0.0,13.0,139.0,79.0,0.0,0.0,0.0,79.0,0.0,23.0,44.0,10.0,23.0,0.0,0.0,471.1,34.77,0.0,0.0,0.0,0.0,23.0,0.0,0.0,1.0,0.0,0.0,0.0,False,Active
4125,5,32,802.12,24,876,0.95,0.05,0.0,0.0,0.0,0.0,0.0,0.0,298.0,8.0,134.0,0.0,0.0,313.0,0.0,0.0,49.0,0.0,0.0,0.0,0.0,584.45,4.32,0.0,0.0,0.0,198.81,24.0,0.0,0.0,0.0,0.0,0.0,0.0,False,Active
4127,8,62,3993.67,35,492,0.48,0.52,829.0,213.0,0.0,0.0,0.0,345.0,130.0,119.0,0.0,0.0,0.0,214.0,0.0,0.0,1589.0,162.0,393.0,0.0,0.0,3303.85,458.91,0.0,0.0,0.0,98.44,35.0,6.0,0.0,0.0,0.0,0.0,1.0,False,Active
4130,7,164,2500.4,74,677,0.82,0.18,250.0,40.0,0.0,18.0,0.0,0.0,206.0,7.0,0.0,0.0,0.0,520.0,0.0,0.0,1113.0,1.0,346.0,0.0,0.0,2014.57,55.26,430.57,0.0,0.0,0.0,147.0,0.0,0.0,9.0,3.0,0.0,0.0,False,Active
4137,3,37,1530.34,29,443,0.81,0.19,0.0,23.0,0.0,0.0,0.0,0.0,62.0,20.0,1009.0,0.0,0.0,284.0,0.0,0.0,59.0,17.0,57.0,0.0,0.0,1356.1,174.24,0.0,0.0,0.0,0.0,27.0,8.0,0.0,0.0,0.0,0.0,0.0,False,Active
4138,8,2035,114582.33,319,962,0.96,0.04,0.0,4041.0,0.0,3075.0,0.0,243.0,60014.0,7276.0,406.0,0.0,614.0,2082.0,0.0,0.0,35205.0,84.0,1543.0,0.0,0.0,112830.64,1751.69,0.0,0.0,0.0,0.0,1768.0,4.0,0.0,1.0,215.0,3.0,0.0,False,Active
4139,15,208,20265.62,79,611,0.12,0.88,250.0,658.0,0.0,95.0,0.0,587.0,1489.0,1350.0,613.0,0.0,0.0,141.0,0.0,0.0,14571.0,160.0,354.0,0.0,3462.01,6938.0,2977.47,437.6,0.0,0.0,6450.54,35.0,21.0,3.0,10.0,27.0,15.0,41.0,False,Active
4141,1,23,295.39,4,546,0.0,1.0,0.0,206.0,0.0,89.0,0.0,0.0,0.0,0.0,0.0,0.0,0.0,0.0,0.0,0.0,0.0,0.0,0.0,0.0,0.0,295.39,0.0,0.0,0.0,0.0,0.0,0.0,0.0,0.0,0.0,0.0,0.0,23.0,False,Active
4142,8,202,10607.68,95,919,0.85,0.15,0.0,33.0,0.0,171.0,0.0,0.0,3990.0,635.0,905.0,0.0,0.0,1329.0,0.0,0.0,2959.0,0.0,586.0,0.0,0.0,9407.68,719.03,0.0,0.0,0.0,0.0,161.0,5.0,0.0,0.0,0.0,6.0,0.0,False,Active
4145,10,57,9232.97,31,634,0.15,0.85,0.0,622.0,0.0,103.0,0.0,0.0,356.0,0.0,0.0,0.0,0.0,0.0,0.0,0.0,8152.0,0.0,0.0,0.0,0.0,6137.64,774.06,85.89,0.0,0.0,2235.38,21.0,12.0,2.0,3.0,3.0,0.0,4.0,False,Active
4147,5,60,2425.53,40,296,0.41,0.59,0.0,127.0,0.0,208.0,0.0,50.0,369.0,0.0,0.0,0.0,27.0,653.0,0.0,0.0,919.0,0.0,72.0,0.0,0.0,1610.71,814.82,0.0,0.0,0.0,0.0,33.0,0.0,15.0,0.0,1.0,0.0,0.0,False,Active
4150,6,174,11844.07,70,915,0.61,0.39,858.0,347.0,0.0,69.0,0.0,48.0,667.0,715.0,256.0,0.0,0.0,2022.0,0.0,0.0,5469.0,20.0,1374.0,0.0,0.0,11509.22,334.85,0.0,0.0,0.0,0.0,151.0,11.0,0.0,0.0,7.0,0.0,3.0,False,Active
4151,3,22,258.05,10,360,0.46,0.54,0.0,0.0,0.0,18.0,0.0,0.0,27.0,0.0,0.0,0.0,0.0,75.0,0.0,0.0,139.0,0.0,0.0,0.0,0.0,244.88,13.17,0.0,0.0,0.0,0.0,19.0,0.0,0.0,0.0,0.0,0.0,0.0,False,Active
4167,4,137,3616.97,41,264,0.81,0.19,0.0,75.0,0.0,0.0,0.0,6.0,1916.0,267.0,39.0,0.0,0.0,354.0,0.0,0.0,744.0,0.0,216.0,0.0,0.0,3616.97,0.0,0.0,0.0,0.0,0.0,128.0,0.0,0.0,1.0,0.0,0.0,1.0,False,Active
4179,1,2,300.0,2,7,1.0,0.0,300.0,0.0,0.0,0.0,0.0,0.0,0.0,0.0,0.0,0.0,0.0,0.0,0.0,0.0,0.0,0.0,0.0,0.0,0.0,300.0,0.0,0.0,0.0,0.0,0.0,2.0,0.0,0.0,0.0,0.0,0.0,0.0,False,Active
4180,2,63,825.33,4,432,1.0,0.0,0.0,0.0,0.0,0.0,0.0,0.0,80.0,0.0,0.0,0.0,658.0,8.0,0.0,0.0,80.0,0.0,0.0,0.0,0.0,817.6,0.0,7.73,0.0,0.0,0.0,62.0,0.0,0.0,1.0,0.0,0.0,0.0,False,Active
4182,1,70,1175.25,22,939,1.0,0.0,0.0,0.0,0.0,0.0,0.0,0.0,1030.0,10.0,0.0,0.0,5.0,0.0,0.0,0.0,130.0,0.0,0.0,0.0,0.0,1175.25,0.0,0.0,0.0,0.0,0.0,70.0,0.0,0.0,0.0,0.0,0.0,0.0,False,Active
4202,1,1,50.0,1,1,0.0,1.0,0.0,50.0,0.0,0.0,0.0,0.0,0.0,0.0,0.0,0.0,0.0,0.0,0.0,0.0,0.0,0.0,0.0,0.0,0.0,50.0,0.0,0.0,0.0,0.0,0.0,1.0,0.0,0.0,0.0,0.0,0.0,0.0,False,Active
4215,11,135,10922.01,74,915,0.81,0.19,0.0,651.0,0.0,0.0,0.0,30.0,208.0,132.0,5935.0,0.0,0.0,2014.0,0.0,0.0,1240.0,52.0,659.0,0.0,0.0,2272.46,711.29,51.97,0.0,0.0,347.9,22.0,3.0,0.0,0.0,1.0,9.0,0.0,False,Active
4222,4,80,14342.98,11,127,0.0,1.0,0.0,0.0,0.0,14307.0,0.0,0.0,0.0,0.0,0.0,0.0,0.0,0.0,0.0,0.0,36.0,0.0,0.0,0.0,0.0,14330.01,12.97,0.0,0.0,0.0,0.0,66.0,9.0,0.0,0.0,0.0,0.0,3.0,False,Active
4231,1,3,6.29,1,46,1.0,0.0,0.0,0.0,0.0,0.0,0.0,0.0,6.0,0.0,0.0,0.0,0.0,0.0,0.0,0.0,0.0,0.0,0.0,0.0,0.0,0.0,6.29,0.0,0.0,0.0,0.0,0.0,3.0,0.0,0.0,0.0,0.0,0.0,False,Active
4242,9,175,6916.38,52,742,0.29,0.71,0.0,1443.0,0.0,638.0,0.0,408.0,664.0,0.0,0.0,0.0,17.0,755.0,0.0,0.0,1592.0,0.0,1400.0,0.0,0.0,4798.64,1868.52,0.0,0.0,0.0,249.22,102.0,32.0,6.0,0.0,0.0,0.0,8.0,False,Active
4243,5,131,3540.03,85,118,0.74,0.26,919.0,105.0,0.0,225.0,0.0,65.0,860.0,59.0,160.0,0.0,0.0,73.0,0.0,0.0,873.0,0.0,201.0,0.0,0.0,2951.27,588.76,0.0,0.0,0.0,0.0,103.0,25.0,0.0,0.0,0.0,0.0,1.0,False,Active
4248,12,515,23591.66,210,963,0.68,0.32,100.0,4739.0,0.0,967.0,0.0,12.0,957.0,26.0,3931.0,0.0,0.0,9258.0,0.0,0.0,2705.0,158.0,738.0,0.0,0.0,19949.53,2910.42,0.0,0.0,0.0,363.21,348.0,4.0,0.0,4.0,73.0,20.0,1.0,False,Active
4250,20,1417,39827.35,526,961,0.65,0.35,1810.0,3259.0,0.0,409.0,0.0,1711.0,4630.0,1016.0,2611.0,0.0,59.0,12787.0,0.0,218.0,7007.0,439.0,3871.0,0.0,0.0,20830.23,13802.76,225.02,0.0,0.0,4537.39,780.0,153.0,31.0,70.0,36.0,72.0,146.0,False,Active
4251,7,787,33345.26,200,957,0.67,0.33,0.0,653.0,0.0,79.0,0.0,3472.0,11752.0,537.0,93.0,0.0,531.0,2063.0,0.0,0.0,12779.0,202.0,1182.0,0.0,0.0,31021.45,2203.76,0.0,0.0,0.0,0.0,706.0,51.0,0.0,0.0,0.0,0.0,9.0,False,Active
4252,11,308,15257.71,209,815,0.89,0.11,0.0,228.0,0.0,359.0,0.0,273.0,1154.0,2259.0,1339.0,0.0,60.0,2915.0,0.0,0.0,4140.0,57.0,2475.0,0.0,0.0,1704.88,12908.94,38.28,0.0,0.0,0.0,17.0,94.0,0.0,1.0,0.0,16.0,0.0,False,Active
4253,10,235,14113.38,144,956,0.33,0.67,0.0,91.0,0.0,282.0,0.0,5.0,495.0,1089.0,1960.0,0.0,0.0,1045.0,0.0,0.0,8141.0,0.0,1007.0,0.0,0.0,918.31,10362.51,401.21,0.0,0.0,998.49,5.0,96.0,8.0,9.0,2.0,0.0,29.0,False,Active
4254,17,534,21798.12,250,714,0.67,0.33,840.0,951.0,0.0,201.0,0.0,248.0,3650.0,2365.0,1880.0,0.0,388.0,2733.0,0.0,0.0,6670.0,214.0,1659.0,0.0,0.0,8127.16,3945.19,0.0,0.0,0.0,9254.92,173.0,0.0,1.0,1.0,3.0,66.0,237.0,False,Active
4255,7,61,13557.23,50,600,0.0,1.0,920.0,109.0,0.0,261.0,0.0,13.0,9946.0,0.0,0.0,0.0,0.0,10.0,0.0,2000.0,284.0,0.0,15.0,0.0,0.0,13557.23,0.0,0.0,0.0,0.0,0.0,6.0,0.0,0.0,6.0,2.0,0.0,3.0,False,Active
4262,8,815,42769.73,209,946,0.72,0.28,8877.0,382.0,0.0,2534.0,0.0,25.0,1474.0,497.0,3169.0,0.0,301.0,18040.0,0.0,813.0,2144.0,40.0,4475.0,0.0,0.0,31488.87,7378.59,0.0,0.0,0.0,3902.27,740.0,20.0,0.0,1.0,0.0,34.0,1.0,False,Active
4263,17,1455,79068.94,400,876,0.34,0.66,6849.0,5981.0,0.0,1646.0,0.0,3957.0,5196.0,817.0,9440.0,0.0,653.0,8243.0,0.0,3852.0,15476.0,754.0,16205.0,0.0,0.0,57245.09,7085.47,10328.18,0.0,0.0,3698.72,913.0,30.0,26.0,232.0,68.0,0.0,46.0,False,Active
4264,11,1294,42334.4,270,959,0.83,0.17,0.0,948.0,0.0,2079.0,0.0,15.0,14381.0,1795.0,2953.0,0.0,557.0,6113.0,0.0,0.0,2123.0,390.0,10981.0,0.0,0.0,29781.88,12542.52,0.0,0.0,0.0,0.0,1031.0,2.0,1.0,2.0,66.0,27.0,0.0,False,Active
4266,12,126,62631.5,32,866,0.0,1.0,5640.0,855.0,0.0,0.0,0.0,48158.0,0.0,0.0,1032.0,0.0,141.0,0.0,0.0,1832.0,2509.0,264.0,2200.0,0.0,0.0,35155.09,27459.44,0.0,0.0,0.0,0.0,31.0,4.0,22.0,8.0,0.0,0.0,0.0,False,Active
4267,9,92,9846.46,34,619,0.0,1.0,0.0,156.0,0.0,825.0,0.0,135.0,84.0,0.0,2361.0,0.0,63.0,0.0,0.0,0.0,4637.0,0.0,1586.0,0.0,0.0,6304.92,1283.68,0.0,0.0,0.0,72.36,57.0,6.0,3.0,0.0,1.0,0.0,0.0,False,Active
4268,5,25,305.96,4,441,0.18,0.82,0.0,48.0,0.0,0.0,0.0,0.0,0.0,0.0,55.0,0.0,0.0,0.0,0.0,0.0,203.0,0.0,0.0,0.0,0.0,157.8,148.16,0.0,0.0,0.0,0.0,2.0,0.0,0.0,5.0,0.0,0.0,10.0,False,Active
4271,13,411,24333.6,278,446,0.75,0.25,5231.0,1207.0,0.0,1478.0,0.0,903.0,1767.0,304.0,4983.0,0.0,0.0,2729.0,0.0,0.0,2659.0,446.0,2626.0,0.0,19.84,12892.3,526.6,0.0,0.0,0.0,4453.6,177.0,5.0,3.0,4.0,1.0,0.0,90.0,False,Active
4273,1,141,950.3,49,743,1.0,0.0,50.0,33.0,0.0,52.0,0.0,8.0,475.0,4.0,0.0,0.0,0.0,81.0,0.0,0.0,195.0,4.0,49.0,0.0,0.0,950.3,0.0,0.0,0.0,0.0,0.0,141.0,0.0,0.0,0.0,0.0,0.0,0.0,False,Active
4275,17,878,36044.34,325,620,0.74,0.26,800.0,2253.0,0.0,1385.0,0.0,676.0,8595.0,743.0,3747.0,0.0,659.0,7332.0,0.0,0.0,7231.0,0.0,2624.0,0.0,0.0,29633.86,2722.23,0.0,0.0,0.0,959.59,706.0,11.0,6.0,5.0,1.0,0.0,26.0,False,Active
4278,4,376,11864.89,123,963,0.97,0.03,0.0,64.0,0.0,0.0,0.0,0.0,4359.0,36.0,496.0,0.0,254.0,2657.0,0.0,0.0,2350.0,0.0,1622.0,27.0,0.0,11678.84,186.05,0.0,0.0,0.0,0.0,372.0,1.0,0.0,0.0,0.0,2.0,0.0,False,Active
4279,10,270,11439.23,109,495,0.84,0.16,5405.0,412.0,0.0,629.0,0.0,106.0,1582.0,151.0,0.0,0.0,0.0,1505.0,0.0,0.0,481.0,60.0,1107.0,0.0,0.0,11287.78,45.27,0.0,0.0,0.0,106.18,250.0,2.0,0.0,0.0,0.0,0.0,1.0,False,Active
4282,7,207,5869.66,131,343,0.81,0.19,1883.0,37.0,0.0,306.0,0.0,0.0,259.0,294.0,34.0,0.0,10.0,1226.0,0.0,0.0,1772.0,0.0,47.0,0.0,0.0,858.95,35.42,0.0,0.0,0.0,4968.95,21.0,1.0,0.0,0.0,1.0,0.0,181.0,False,Active
4284,17,721,37590.42,377,962,0.8,0.2,0.0,1200.0,0.0,420.0,0.0,31.0,1685.0,474.0,20479.0,0.0,42.0,5330.0,0.0,0.0,5022.0,56.0,2850.0,0.0,0.0,12718.06,21522.24,42.37,0.0,0.0,267.68,457.0,38.0,6.0,13.0,35.0,32.0,1.0,False,Active
4287,11,374,18605.7,117,716,0.46,0.54,1560.0,212.0,0.0,4013.0,0.0,163.0,1586.0,0.0,3290.0,0.0,76.0,1846.0,0.0,0.0,4142.0,0.0,1717.0,0.0,0.0,13936.67,3784.02,100.56,0.0,0.0,277.08,209.0,13.0,55.0,27.0,2.0,0.0,8.0,False,Active
4290,10,494,23727.25,86,964,0.25,0.75,571.0,6509.0,0.0,170.0,0.0,48.0,4919.0,300.0,0.0,0.0,0.0,772.0,0.0,2007.0,6233.0,44.0,2153.0,0.0,0.0,22117.82,909.12,0.0,0.0,0.0,700.31,416.0,18.0,0.0,33.0,9.0,1.0,6.0,False,Active
4294,11,188,7319.72,86,256,0.51,0.49,33.0,90.0,0.0,143.0,0.0,72.0,839.0,393.0,1243.0,0.0,21.0,889.0,0.0,0.0,3243.0,0.0,353.0,0.0,0.0,4717.0,2602.72,0.0,0.0,0.0,0.0,83.0,2.0,7.0,4.0,0.0,30.0,0.0,False,Active
4299,2,67,5652.37,22,456,0.72,0.28,3800.0,0.0,0.0,1568.0,0.0,0.0,237.0,0.0,0.0,0.0,0.0,27.0,0.0,0.0,21.0,0.0,0.0,0.0,0.0,5423.55,228.82,0.0,0.0,0.0,0.0,65.0,0.0,0.0,0.0,0.0,0.0,0.0,False,Active
4316,1,1,97.36,1,1,0.0,1.0,97.0,0.0,0.0,0.0,0.0,0.0,0.0,0.0,0.0,0.0,0.0,0.0,0.0,0.0,0.0,0.0,0.0,0.0,0.0,97.36,0.0,0.0,0.0,0.0,0.0,0.0,0.0,0.0,0.0,1.0,0.0,0.0,False,Active
4317,16,168,11066.0,118,112,0.73,0.27,1634.0,23.0,0.0,0.0,0.0,665.0,1714.0,89.0,2233.0,0.0,0.0,1205.0,0.0,0.0,1774.0,0.0,1728.0,0.0,0.0,3149.17,3038.27,0.0,0.0,360.76,2763.35,71.0,32.0,0.0,2.0,6.0,0.0,2.0,False,Active
4318,10,495,27994.14,152,495,0.31,0.69,829.0,42.0,0.0,16940.0,0.0,582.0,1609.0,93.0,1500.0,0.0,51.0,2107.0,0.0,0.0,2089.0,123.0,2031.0,0.0,0.0,24630.02,2834.16,529.96,0.0,0.0,0.0,400.0,52.0,1.0,17.0,1.0,0.0,4.0,False,Active
4319,9,105,3759.74,52,519,0.2,0.8,51.0,510.0,0.0,351.0,0.0,27.0,131.0,0.0,8.0,0.0,0.0,42.0,0.0,0.0,1936.0,44.0,659.0,0.0,0.0,1006.64,2484.93,268.17,0.0,0.0,0.0,42.0,2.0,2.0,16.0,1.0,27.0,0.0,False,Active
4323,4,85,3978.97,33,906,0.0,1.0,0.0,215.0,0.0,50.0,0.0,9.0,0.0,0.0,0.0,0.0,0.0,947.0,0.0,0.0,2728.0,0.0,31.0,0.0,0.0,3978.97,0.0,0.0,0.0,0.0,0.0,62.0,5.0,0.0,0.0,0.0,0.0,16.0,False,Active
4326,5,162,15915.24,92,719,0.77,0.23,0.0,0.0,0.0,34.0,0.0,194.0,683.0,0.0,2954.0,0.0,0.0,5918.0,0.0,0.0,3113.0,100.0,2919.0,0.0,193.67,13258.9,2462.67,0.0,0.0,0.0,0.0,138.0,1.0,0.0,0.0,0.0,19.0,0.0,False,Active
4330,4,98,16645.52,23,273,0.08,0.92,0.0,1609.0,0.0,14087.0,0.0,0.0,559.0,0.0,0.0,0.0,0.0,119.0,0.0,0.0,80.0,0.0,192.0,0.0,0.0,16586.81,58.71,0.0,0.0,0.0,0.0,91.0,4.0,0.0,0.0,0.0,0.0,2.0,False,Active
4331,3,70,2499.7,32,131,0.62,0.38,755.0,0.0,0.0,0.0,0.0,25.0,272.0,0.0,0.0,0.0,0.0,50.0,0.0,0.0,5.0,11.0,1382.0,0.0,0.0,2287.66,212.04,0.0,0.0,0.0,0.0,62.0,2.0,0.0,6.0,0.0,0.0,0.0,False,Active
4333,6,729,24475.47,21,915,0.48,0.52,11146.0,9.0,0.0,18.0,0.0,0.0,298.0,0.0,72.0,0.0,0.0,212.0,0.0,109.0,12612.0,0.0,0.0,0.0,0.0,2744.24,51.93,0.0,0.0,0.0,10108.29,4.0,0.0,0.0,48.0,0.0,0.0,3.0,False,Active
4334,3,616,49945.14,135,949,0.99,0.01,0.0,45.0,0.0,130.0,0.0,90.0,34178.0,849.0,1122.0,0.0,456.0,2160.0,0.0,0.0,6146.0,0.0,4770.0,0.0,0.0,49874.16,70.98,0.0,0.0,0.0,0.0,613.0,2.0,0.0,0.0,0.0,0.0,0.0,False,Active
4335,5,51,1847.75,38,133,0.31,0.69,0.0,0.0,0.0,0.0,0.0,0.0,144.0,0.0,690.0,0.0,0.0,371.0,0.0,0.0,544.0,0.0,98.0,0.0,0.0,1572.25,275.5,0.0,0.0,0.0,0.0,36.0,2.0,9.0,1.0,0.0,0.0,0.0,False,Active
4336,18,2975,183412.81,1048,962,0.73,0.27,13080.0,2946.0,0.0,6806.0,0.0,303.0,31996.0,4526.0,16615.0,0.0,647.0,57404.0,0.0,2000.0,30926.0,641.0,15523.0,0.0,0.0,152642.4,23110.23,0.0,1843.46,0.0,3515.23,2275.0,43.0,44.0,7.0,34.0,100.0,79.0,False,Active
4337,24,1779,136320.23,629,964,0.76,0.24,33131.0,1258.0,0.0,598.0,0.0,1263.0,25139.0,2834.0,7471.0,0.0,1816.0,6081.0,0.0,0.0,28611.0,1146.0,26974.0,0.0,0.0,110363.39,20214.14,2011.16,0.0,0.0,0.0,1185.0,172.0,59.0,68.0,7.0,13.0,13.0,False,Active
4340,5,17,2074.42,14,50,0.83,0.17,1319.0,0.0,0.0,0.0,0.0,0.0,0.0,35.0,699.0,0.0,0.0,3.0,0.0,0.0,12.0,0.0,6.0,0.0,0.0,41.0,13.43,0.0,0.0,0.0,621.37,2.0,1.0,0.0,0.0,0.0,0.0,0.0,False,Active
4342,20,1101,60095.11,288,964,0.57,0.43,1766.0,15610.0,0.0,558.0,0.0,2881.0,5218.0,460.0,10675.0,0.0,765.0,13817.0,0.0,0.0,6954.0,211.0,1180.0,0.0,0.0,50539.53,4662.62,396.25,0.0,0.0,1646.42,394.0,40.0,28.0,7.0,354.0,2.0,45.0,False,Active
4343,15,1269,61975.81,538,963,0.87,0.13,918.0,1421.0,0.0,2131.0,0.0,3036.0,4933.0,381.0,20985.0,0.0,77.0,13242.0,5.0,0.0,5042.0,20.0,8383.0,1401.0,0.0,27817.43,33335.05,0.0,0.0,0.0,0.0,664.0,92.0,5.0,8.0,56.0,69.0,0.0,False,Active
4345,14,808,20423.24,254,318,0.55,0.45,307.0,339.0,0.0,997.0,0.0,318.0,5268.0,350.0,1720.0,0.0,0.0,3353.0,0.0,0.0,4782.0,105.0,2884.0,0.0,0.0,18337.59,1490.16,0.0,0.0,0.0,0.0,710.0,6.0,10.0,4.0,2.0,1.0,0.0,False,Active
4347,9,65,3316.37,45,57,0.95,0.05,340.0,53.0,0.0,512.0,0.0,1.0,117.0,0.0,625.0,0.0,29.0,498.0,0.0,0.0,641.0,0.0,502.0,0.0,0.0,154.8,2807.93,0.0,0.0,0.0,0.0,5.0,16.0,0.0,0.0,0.0,0.0,0.0,False,Active
4348,11,241,8519.97,89,948,0.32,0.68,115.0,1286.0,0.0,142.0,0.0,6.0,869.0,215.0,391.0,0.0,217.0,441.0,0.0,100.0,4215.0,242.0,281.0,0.0,0.0,2510.0,5268.46,0.0,0.0,0.0,724.09,123.0,27.0,19.0,13.0,0.0,0.0,21.0,False,Active
4349,9,63,2785.76,41,315,0.52,0.48,0.0,0.0,0.0,16.0,0.0,6.0,81.0,609.0,383.0,0.0,0.0,677.0,0.0,0.0,1013.0,0.0,0.0,0.0,0.0,1035.19,312.01,0.0,0.0,0.0,67.28,4.0,3.0,0.0,0.0,0.0,0.0,0.0,False,Active
4351,9,300,13782.05,157,235,0.54,0.46,119.0,709.0,0.0,271.0,0.0,178.0,1955.0,34.0,2602.0,0.0,96.0,2997.0,0.0,0.0,3426.0,80.0,1315.0,0.0,0.0,7768.28,5936.69,0.0,0.0,0.0,77.08,186.0,83.0,1.0,4.0,1.0,0.0,5.0,False,Active
4352,8,213,1696.45,56,378,0.96,0.04,0.0,8.0,0.0,100.0,0.0,10.0,917.0,0.0,0.0,0.0,6.0,467.0,0.0,0.0,128.0,3.0,58.0,0.0,0.0,1560.79,60.53,0.0,0.0,0.0,0.0,197.0,1.0,0.0,3.0,0.0,3.0,0.0,False,Active
4353,5,165,4815.55,38,868,0.62,0.38,150.0,1131.0,0.0,0.0,0.0,6.0,1795.0,885.0,83.0,0.0,8.0,108.0,0.0,0.0,363.0,31.0,256.0,0.0,0.0,4567.4,175.73,72.42,0.0,0.0,0.0,65.0,1.0,0.0,1.0,94.0,4.0,0.0,False,Active
4354,5,710,19228.0,292,544,0.94,0.06,23.0,529.0,0.0,181.0,0.0,137.0,1517.0,40.0,1729.0,0.0,0.0,12825.0,0.0,0.0,1045.0,200.0,1002.0,0.0,0.0,15599.53,3628.47,0.0,0.0,0.0,0.0,554.0,0.0,0.0,1.0,0.0,86.0,68.0,False,Active
4355,18,1665,98758.33,354,638,0.72,0.28,5370.0,1194.0,0.0,2193.0,0.0,663.0,20796.0,4733.0,19048.0,0.0,16.0,18229.0,0.0,0.0,19717.0,25.0,6775.0,0.0,0.0,87586.56,1641.08,622.61,0.0,0.0,1800.43,1539.0,23.0,7.0,22.0,5.0,0.0,2.0,False,Active
4357,14,301,21771.12,101,742,0.47,0.53,0.0,16.0,0.0,28.0,0.0,521.0,6307.0,1052.0,0.0,0.0,54.0,104.0,0.0,0.0,13187.0,175.0,328.0,0.0,0.0,14642.44,7080.71,0.0,0.0,0.0,0.0,140.0,92.0,10.0,5.0,2.0,0.0,0.0,False,Active
4361,9,166,7257.62,115,161,0.51,0.49,438.0,219.0,0.0,37.0,0.0,41.0,1024.0,96.0,1065.0,0.0,86.0,671.0,0.0,0.0,1503.0,25.0,2052.0,0.0,0.0,4813.65,2443.97,0.0,0.0,0.0,0.0,72.0,13.0,36.0,14.0,7.0,13.0,1.0,False,Active
4362,10,435,34146.07,93,959,0.67,0.33,0.0,1589.0,0.0,521.0,0.0,2.0,18950.0,1781.0,0.0,0.0,0.0,602.0,0.0,0.0,9250.0,208.0,1243.0,0.0,0.0,32064.92,1852.12,0.0,0.0,0.0,229.03,329.0,44.0,0.0,2.0,9.0,0.0,14.0,False,Active
4365,18,320,9821.97,164,750,0.62,0.38,2578.0,132.0,0.0,248.0,0.0,150.0,506.0,150.0,1113.0,0.0,0.0,1304.0,0.0,0.0,3077.0,0.0,563.0,0.0,0.0,5666.82,2203.87,0.0,0.0,0.0,90.11,102.0,8.0,5.0,1.0,16.0,8.0,20.0,False,Active
4367,9,544,9028.44,150,384,0.74,0.26,440.0,198.0,0.0,203.0,0.0,1002.0,1823.0,261.0,132.0,0.0,0.0,1350.0,0.0,0.0,1031.0,273.0,2315.0,0.0,0.0,7430.87,1562.16,0.0,0.0,0.0,35.41,525.0,1.0,4.0,0.0,6.0,0.0,3.0,False,Active
4368,10,80,4109.46,20,544,0.04,0.96,0.0,578.0,0.0,611.0,0.0,140.0,894.0,0.0,248.0,0.0,0.0,148.0,0.0,0.0,1471.0,19.0,0.0,0.0,0.0,3955.32,0.0,0.0,0.0,0.0,154.14,20.0,9.0,1.0,7.0,12.0,0.0,21.0,False,Active
4372,9,499,16577.32,177,961,0.89,0.11,1387.0,453.0,0.0,348.0,0.0,64.0,2398.0,69.0,385.0,0.0,9.0,8966.0,0.0,0.0,2141.0,132.0,226.0,0.0,0.0,15352.73,1180.39,0.0,0.0,0.0,44.2,452.0,13.0,11.0,10.0,1.0,7.0,2.0,False,Active
4373,3,121,2811.5,41,190,0.84,0.16,520.0,10.0,0.0,0.0,0.0,87.0,1207.0,155.0,0.0,0.0,0.0,183.0,0.0,0.0,142.0,90.0,417.0,0.0,0.0,2809.54,1.96,0.0,0.0,0.0,0.0,119.0,0.0,1.0,1.0,0.0,0.0,0.0,False,Active
4374,7,119,7854.48,68,924,0.93,0.07,3092.0,400.0,0.0,0.0,0.0,110.0,1025.0,204.0,459.0,0.0,42.0,1422.0,0.0,0.0,441.0,0.0,659.0,0.0,0.0,6058.81,1666.29,0.0,0.0,0.0,129.38,84.0,1.0,0.0,0.0,1.0,0.0,3.0,False,Active
4382,1,79,6481.77,30,723,1.0,0.0,0.0,0.0,0.0,0.0,0.0,0.0,659.0,0.0,320.0,0.0,0.0,1500.0,0.0,0.0,0.0,53.0,3950.0,0.0,0.0,6481.77,0.0,0.0,0.0,0.0,0.0,79.0,0.0,0.0,0.0,0.0,0.0,0.0,False,Active
4390,10,516,10373.85,168,943,0.94,0.06,20.0,215.0,0.0,37.0,0.0,27.0,5016.0,65.0,491.0,0.0,37.0,2720.0,0.0,0.0,1449.0,39.0,259.0,0.0,0.0,9474.06,731.23,34.46,0.0,0.0,0.0,465.0,24.0,1.0,0.0,1.0,2.0,2.0,False,Active
4398,4,23,1051.23,13,87,0.78,0.22,666.0,206.0,0.0,0.0,0.0,0.0,56.0,0.0,0.0,0.0,0.0,5.0,0.0,0.0,23.0,0.0,95.0,0.0,0.0,79.49,149.49,0.0,0.0,0.0,0.0,0.0,0.0,0.0,0.0,13.0,0.0,0.0,False,Active
4401,9,233,26532.4,69,819,0.5,0.5,12516.0,82.0,0.0,28.0,0.0,0.0,9175.0,229.0,200.0,0.0,0.0,0.0,0.0,98.0,720.0,0.0,3484.0,0.0,0.0,13803.87,11652.42,28.42,0.0,0.0,498.31,50.0,110.0,3.0,2.0,5.0,0.0,0.0,False,Active
4403,1,12,171.95,12,296,1.0,0.0,0.0,0.0,0.0,20.0,0.0,0.0,10.0,0.0,0.0,0.0,0.0,61.0,0.0,0.0,20.0,0.0,61.0,0.0,0.0,171.95,0.0,0.0,0.0,0.0,0.0,12.0,0.0,0.0,0.0,0.0,0.0,0.0,False,Active
4404,4,192,12694.26,127,758,0.98,0.02,323.0,0.0,0.0,38.0,0.0,0.0,1987.0,282.0,2506.0,0.0,75.0,4254.0,0.0,0.0,2759.0,0.0,470.0,0.0,0.0,3130.41,1942.25,0.0,0.0,0.0,1391.48,105.0,0.0,0.0,0.0,0.0,30.0,16.0,False,Active
4412,2,12,531.93,11,158,0.83,0.17,0.0,0.0,0.0,0.0,0.0,62.0,0.0,0.0,92.0,0.0,83.0,33.0,0.0,0.0,235.0,0.0,26.0,0.0,0.0,175.5,356.43,0.0,0.0,0.0,0.0,3.0,0.0,9.0,0.0,0.0,0.0,0.0,False,Active
4414,5,170,24867.81,45,241,0.25,0.75,3358.0,3.0,0.0,17619.0,0.0,48.0,449.0,0.0,295.0,0.0,0.0,2252.0,0.0,0.0,252.0,0.0,592.0,0.0,0.0,24292.04,575.77,0.0,0.0,0.0,0.0,151.0,0.0,0.0,0.0,0.0,0.0,0.0,False,Active
4415,10,1694,27273.15,302,906,0.97,0.03,0.0,41.0,0.0,55.0,0.0,64.0,18519.0,607.0,117.0,0.0,0.0,4797.0,0.0,0.0,1390.0,0.0,1681.0,0.0,0.0,26834.76,321.86,0.0,0.0,0.0,0.0,1652.0,3.0,12.0,2.0,0.0,5.0,1.0,False,Active
4416,3,325,4501.4,12,618,0.0,1.0,0.0,7.0,0.0,4445.0,0.0,0.0,50.0,0.0,0.0,0.0,0.0,0.0,0.0,0.0,0.0,0.0,0.0,0.0,0.0,4501.4,0.0,0.0,0.0,0.0,0.0,214.0,0.0,0.0,0.0,4.0,0.0,0.0,False,Active
4418,1,7,499.6,5,8,1.0,0.0,0.0,0.0,0.0,0.0,0.0,0.0,206.0,0.0,0.0,0.0,0.0,294.0,0.0,0.0,0.0,0.0,0.0,0.0,0.0,499.6,0.0,0.0,0.0,0.0,0.0,7.0,0.0,0.0,0.0,0.0,0.0,0.0,False,Active
4419,3,144,7351.04,82,141,0.83,0.17,0.0,0.0,0.0,471.0,0.0,0.0,1824.0,706.0,1387.0,0.0,0.0,504.0,0.0,0.0,1435.0,19.0,1004.0,0.0,0.0,2670.99,4680.05,0.0,0.0,0.0,0.0,54.0,82.0,0.0,0.0,0.0,0.0,0.0,False,Active
4420,9,285,4836.18,41,960,0.13,0.87,15.0,1719.0,0.0,2112.0,0.0,219.0,158.0,432.0,0.0,0.0,0.0,99.0,0.0,0.0,75.0,0.0,6.0,0.0,0.0,4471.6,104.07,0.0,0.0,0.0,260.51,42.0,46.0,1.0,46.0,5.0,0.0,141.0,False,Active
4422,3,32,2053.42,20,107,0.62,0.38,1784.0,1.0,0.0,0.0,0.0,0.0,145.0,0.0,0.0,0.0,0.0,52.0,0.0,0.0,70.0,0.0,3.0,0.0,0.0,921.55,0.0,0.0,0.0,0.0,0.0,19.0,0.0,0.0,0.0,1.0,0.0,0.0,False,Active
4423,14,341,5698.28,209,721,0.82,0.18,0.0,0.0,0.0,73.0,0.0,8.0,1173.0,585.0,1549.0,0.0,9.0,1730.0,0.0,0.0,168.0,10.0,393.0,0.0,0.0,990.57,2524.5,0.0,0.0,0.0,105.66,143.0,15.0,8.0,1.0,8.0,10.0,1.0,False,Active
4429,27,1538,65622.5,616,964,0.68,0.32,274.0,227.0,0.0,824.0,0.0,76.0,14933.0,1119.0,22453.0,0.0,778.0,12627.0,0.0,1200.0,4220.0,556.0,3926.0,2408.0,0.0,43579.88,7853.29,0.0,0.0,0.0,503.05,1111.0,28.0,1.0,5.0,38.0,5.0,2.0,False,Active
4431,11,302,4967.19,107,661,0.74,0.26,1152.0,398.0,0.0,304.0,0.0,61.0,710.0,74.0,163.0,0.0,21.0,1252.0,0.0,0.0,704.0,0.0,129.0,0.0,0.0,4737.71,129.3,0.0,0.0,0.0,100.18,221.0,0.0,4.0,14.0,33.0,0.0,5.0,False,Active
4433,10,184,12030.99,52,906,0.25,0.75,1570.0,484.0,0.0,7049.0,0.0,0.0,335.0,0.0,1218.0,0.0,0.0,869.0,0.0,100.0,196.0,2.0,209.0,0.0,0.0,11412.61,618.38,0.0,0.0,0.0,0.0,42.0,2.0,7.0,4.0,7.0,3.0,0.0,False,Active
4434,12,377,24595.38,174,921,0.67,0.33,0.0,718.0,0.0,113.0,0.0,125.0,1043.0,429.0,12997.0,0.0,45.0,4057.0,0.0,0.0,3223.0,67.0,1779.0,0.0,0.0,8056.29,15970.03,28.9,0.0,0.0,23.14,178.0,38.0,0.0,3.0,0.0,39.0,3.0,False,Active
4436,2,56,2790.06,36,610,0.43,0.57,259.0,298.0,0.0,769.0,0.0,0.0,148.0,0.0,435.0,0.0,11.0,245.0,0.0,0.0,169.0,0.0,455.0,0.0,0.0,2310.3,479.76,0.0,0.0,0.0,0.0,41.0,15.0,0.0,0.0,0.0,0.0,0.0,False,Active
4437,3,13,206.64,9,524,0.1,0.9,92.0,25.0,0.0,70.0,0.0,0.0,0.0,0.0,0.0,0.0,0.0,0.0,0.0,0.0,0.0,0.0,20.0,0.0,0.0,75.2,121.07,10.37,0.0,0.0,0.0,0.0,0.0,0.0,8.0,1.0,0.0,0.0,False,Active
4439,11,558,13053.75,241,906,0.92,0.08,1245.0,16.0,0.0,149.0,0.0,0.0,2505.0,384.0,2004.0,0.0,95.0,1561.0,0.0,0.0,2416.0,22.0,2658.0,0.0,0.0,8871.84,629.35,40.12,0.0,0.0,106.32,497.0,9.0,0.0,3.0,0.0,0.0,0.0,False,Active
4441,3,92,2598.23,38,953,1.0,0.0,0.0,0.0,0.0,0.0,0.0,0.0,2396.0,0.0,0.0,0.0,0.0,54.0,0.0,0.0,136.0,0.0,12.0,0.0,0.0,2314.55,283.68,0.0,0.0,0.0,0.0,86.0,0.0,3.0,0.0,0.0,0.0,0.0,False,Active
4446,8,248,8593.86,182,856,0.78,0.22,105.0,84.0,0.0,1207.0,0.0,0.0,997.0,220.0,422.0,0.0,0.0,2763.0,0.0,0.0,1424.0,256.0,1114.0,0.0,0.0,1744.45,2848.31,750.93,0.0,0.0,3250.17,48.0,5.0,0.0,44.0,0.0,75.0,49.0,False,Active
4450,3,4,77.0,4,276,0.27,0.73,0.0,11.0,0.0,45.0,0.0,0.0,10.0,0.0,0.0,0.0,0.0,11.0,0.0,0.0,0.0,0.0,0.0,0.0,0.0,77.0,0.0,0.0,0.0,0.0,0.0,2.0,0.0,0.0,0.0,1.0,0.0,0.0,False,Active
4454,3,29,3586.49,3,706,0.03,0.97,1908.0,6.0,0.0,0.0,0.0,0.0,0.0,0.0,0.0,0.0,0.0,0.0,0.0,1570.0,102.0,0.0,0.0,0.0,0.0,3484.01,102.48,0.0,0.0,0.0,0.0,8.0,1.0,0.0,20.0,0.0,0.0,0.0,False,Active
4455,3,569,54247.05,106,591,0.52,0.48,0.0,0.0,0.0,0.0,0.0,0.0,2526.0,12.0,44724.0,0.0,0.0,794.0,0.0,0.0,3345.0,0.0,2846.0,0.0,0.0,29283.55,24963.5,0.0,0.0,0.0,0.0,469.0,71.0,0.0,0.0,0.0,0.0,0.0,False,Active
4456,4,63,1521.73,33,445,0.46,0.54,0.0,79.0,0.0,67.0,0.0,519.0,65.0,0.0,44.0,0.0,0.0,315.0,0.0,0.0,372.0,15.0,46.0,0.0,0.0,814.13,169.08,0.0,0.0,0.0,538.52,10.0,0.0,18.0,1.0,0.0,0.0,34.0,False,Active
4457,4,184,3677.5,43,964,0.44,0.56,0.0,1554.0,0.0,30.0,0.0,0.0,876.0,111.0,0.0,0.0,0.0,318.0,0.0,0.0,648.0,0.0,141.0,0.0,0.0,3366.19,311.31,0.0,0.0,0.0,0.0,140.0,0.0,11.0,0.0,32.0,0.0,0.0,False,Active
4459,1,2,909.0,1,89,0.0,1.0,0.0,0.0,0.0,0.0,0.0,0.0,0.0,0.0,0.0,0.0,0.0,0.0,0.0,0.0,909.0,0.0,0.0,0.0,0.0,909.0,0.0,0.0,0.0,0.0,0.0,0.0,0.0,0.0,2.0,0.0,0.0,0.0,False,Active
4464,1,1023,14613.2,302,554,1.0,0.0,0.0,0.0,0.0,26.0,0.0,0.0,695.0,52.0,3284.0,0.0,0.0,10239.0,0.0,0.0,32.0,22.0,263.0,0.0,0.0,14613.2,0.0,0.0,0.0,0.0,0.0,1023.0,0.0,0.0,0.0,0.0,0.0,0.0,False,Active
4470,6,19,757.42,9,498,0.01,0.99,22.0,103.0,0.0,0.0,0.0,187.0,0.0,0.0,172.0,0.0,0.0,0.0,0.0,0.0,273.0,0.0,0.0,0.0,0.0,553.33,110.43,0.0,0.0,0.0,93.66,8.0,2.0,0.0,4.0,1.0,0.0,0.0,False,Active
4477,4,25,3343.24,18,364,0.71,0.29,2760.0,0.0,0.0,518.0,0.0,0.0,22.0,0.0,0.0,0.0,0.0,0.0,0.0,0.0,0.0,0.0,44.0,0.0,0.0,3170.52,0.0,0.0,0.0,0.0,172.72,18.0,0.0,0.0,2.0,4.0,0.0,0.0,False,Active
4496,1,11,765.45,8,182,0.88,0.12,460.0,0.0,0.0,0.0,0.0,0.0,192.0,0.0,0.0,0.0,0.0,20.0,0.0,0.0,93.0,0.0,0.0,0.0,0.0,765.45,0.0,0.0,0.0,0.0,0.0,11.0,0.0,0.0,0.0,0.0,0.0,0.0,False,Active
4514,1,6,129.05,3,793,0.05,0.95,0.0,0.0,0.0,123.0,0.0,0.0,6.0,0.0,0.0,0.0,0.0,0.0,0.0,0.0,0.0,0.0,0.0,0.0,0.0,129.05,0.0,0.0,0.0,0.0,0.0,6.0,0.0,0.0,0.0,0.0,0.0,0.0,False,Active
4518,2,11,202.17,9,600,0.64,0.36,0.0,0.0,0.0,0.0,0.0,63.0,61.0,0.0,0.0,0.0,0.0,47.0,0.0,0.0,29.0,0.0,3.0,0.0,0.0,199.09,3.08,0.0,0.0,0.0,0.0,10.0,0.0,0.0,0.0,0.0,1.0,0.0,False,Active
4529,1,9,89.91,1,245,0.0,1.0,0.0,90.0,0.0,0.0,0.0,0.0,0.0,0.0,0.0,0.0,0.0,0.0,0.0,0.0,0.0,0.0,0.0,0.0,0.0,89.91,0.0,0.0,0.0,0.0,0.0,0.0,0.0,0.0,9.0,0.0,0.0,0.0,False,Active
4549,1,1,2.0,1,1,0.0,1.0,0.0,0.0,0.0,2.0,0.0,0.0,0.0,0.0,0.0,0.0,0.0,0.0,0.0,0.0,0.0,0.0,0.0,0.0,0.0,2.0,0.0,0.0,0.0,0.0,0.0,1.0,0.0,0.0,0.0,0.0,0.0,0.0,False,Active
4553,3,127,19669.76,66,629,0.97,0.03,1521.0,122.0,0.0,0.0,0.0,155.0,1244.0,667.0,1117.0,0.0,984.0,2046.0,0.0,0.0,11389.0,18.0,405.0,0.0,0.0,2640.23,0.0,0.0,0.0,0.0,0.0,6.0,0.0,0.0,0.0,0.0,0.0,0.0,False,Active
4554,4,240,9177.73,127,457,0.79,0.21,2766.0,202.0,0.0,5.0,0.0,556.0,1588.0,32.0,1015.0,0.0,0.0,1111.0,0.0,0.0,1784.0,0.0,120.0,0.0,0.0,927.71,40.64,0.0,0.0,0.0,8209.38,94.0,2.0,0.0,0.0,0.0,0.0,143.0,False,Active
4555,4,75,975.33,13,541,0.96,0.04,0.0,41.0,0.0,0.0,0.0,16.0,757.0,0.0,0.0,0.0,0.0,91.0,0.0,0.0,0.0,0.0,70.0,0.0,0.0,975.33,0.0,0.0,0.0,0.0,0.0,69.0,0.0,0.0,3.0,1.0,0.0,2.0,False,Active
4556,1,237,19927.62,100,532,1.0,0.0,0.0,0.0,0.0,0.0,0.0,0.0,763.0,0.0,2095.0,0.0,0.0,11300.0,0.0,0.0,166.0,0.0,5604.0,0.0,0.0,19927.62,0.0,0.0,0.0,0.0,0.0,237.0,0.0,0.0,0.0,0.0,0.0,0.0,False,Active
4557,11,546,21311.6,112,614,0.14,0.86,80.0,14007.0,0.0,796.0,0.0,353.0,2375.0,439.0,0.0,0.0,6.0,1605.0,0.0,0.0,447.0,144.0,1060.0,0.0,0.0,18739.89,2177.98,0.0,0.0,0.0,34.77,228.0,25.0,0.0,2.0,275.0,1.0,4.0,False,Active
4558,16,2046,113167.99,362,964,0.88,0.12,337.0,314.0,0.0,2612.0,0.0,320.0,62187.0,5493.0,3385.0,0.0,45.0,14942.0,0.0,0.0,13884.0,1273.0,8376.0,0.0,0.0,108994.61,3934.01,0.0,0.0,0.0,114.78,1880.0,54.0,0.0,2.0,22.0,8.0,2.0,False,Active
4559,5,308,7030.76,161,961,0.93,0.07,0.0,0.0,0.0,22.0,0.0,323.0,2329.0,110.0,142.0,0.0,42.0,1885.0,0.0,0.0,1476.0,56.0,646.0,0.0,0.0,6692.27,320.21,0.0,0.0,0.0,18.28,293.0,9.0,3.0,0.0,0.0,1.0,2.0,False,Active
4561,14,558,3492.91,150,626,0.84,0.16,28.0,39.0,0.0,307.0,0.0,6.0,1861.0,87.0,14.0,0.0,10.0,501.0,0.0,0.0,491.0,18.0,133.0,0.0,0.0,3159.78,159.95,51.21,0.0,0.0,28.79,499.0,9.0,0.0,4.0,1.0,1.0,14.0,False,Active
4562,15,1467,59998.87,330,964,0.43,0.57,0.0,4140.0,0.0,1289.0,0.0,1024.0,5653.0,1338.0,3485.0,0.0,134.0,7703.0,0.0,0.0,30643.0,873.0,3716.0,0.0,0.0,51141.69,6511.47,309.08,0.0,0.0,2036.63,1204.0,55.0,1.0,7.0,92.0,5.0,48.0,False,Active
4564,13,799,60520.65,206,512,0.24,0.76,25130.0,2913.0,0.0,721.0,0.0,771.0,6515.0,1338.0,12214.0,0.0,38.0,909.0,0.0,1046.0,7017.0,240.0,1669.0,0.0,0.0,52046.29,8428.02,0.0,0.0,0.0,46.34,589.0,39.0,2.0,46.0,75.0,7.0,4.0,False,Active
4565,8,1251,32688.05,282,916,0.72,0.28,7492.0,444.0,0.0,399.0,0.0,52.0,9675.0,543.0,2307.0,0.0,0.0,2150.0,0.0,0.0,7141.0,111.0,2375.0,0.0,0.0,29744.94,2943.11,0.0,0.0,0.0,0.0,1206.0,5.0,0.0,4.0,0.0,19.0,0.0,False,Active
4567,12,1298,38161.81,557,950,0.85,0.15,555.0,506.0,0.0,1750.0,0.0,227.0,14039.0,592.0,4137.0,0.0,0.0,8942.0,0.0,0.0,4741.0,167.0,2506.0,0.0,0.0,26099.57,5556.37,2788.47,0.0,226.02,3269.01,919.0,6.0,49.0,120.0,10.0,68.0,100.0,False,Active
4572,6,1131,32721.87,178,781,0.74,0.26,1096.0,404.0,0.0,0.0,0.0,199.0,17560.0,241.0,7117.0,0.0,0.0,2136.0,0.0,0.0,1922.0,0.0,2046.0,0.0,0.0,26622.18,4298.01,1801.68,0.0,0.0,0.0,953.0,1.0,13.0,49.0,114.0,1.0,0.0,False,Active
4574,12,994,9744.16,292,438,0.97,0.03,0.0,22.0,0.0,47.0,0.0,28.0,3161.0,570.0,732.0,0.0,32.0,2895.0,0.0,0.0,1596.0,60.0,601.0,0.0,0.0,1502.52,6270.01,0.0,0.0,1.5,657.14,136.0,618.0,0.0,1.0,0.0,0.0,0.0,False,Active
4575,13,438,21867.89,227,911,0.47,0.53,0.0,15.0,0.0,274.0,0.0,463.0,917.0,949.0,1052.0,0.0,0.0,4041.0,0.0,0.0,13596.0,44.0,517.0,0.0,0.0,16586.81,4051.85,0.0,0.0,0.0,0.0,273.0,12.0,18.0,4.0,0.0,24.0,0.0,False,Active
4578,15,1780,61941.73,556,964,0.51,0.49,5139.0,820.0,800.0,2765.0,0.0,1127.0,10909.0,381.0,4735.0,0.0,26.0,8494.0,0.0,5560.0,17194.0,30.0,3962.0,0.0,0.0,52582.33,4968.57,31.91,0.0,0.0,97.83,1361.0,46.0,2.0,63.0,39.0,2.0,1.0,False,Active
4581,2,305,11267.85,107,605,1.0,0.0,0.0,0.0,0.0,116.0,0.0,0.0,4796.0,50.0,266.0,0.0,4.0,5276.0,0.0,0.0,655.0,8.0,98.0,0.0,0.0,11207.9,59.95,0.0,0.0,0.0,0.0,304.0,1.0,0.0,0.0,0.0,0.0,0.0,False,Active
4582,14,517,16730.98,239,914,0.55,0.45,1165.0,66.0,0.0,105.0,0.0,144.0,1651.0,587.0,2664.0,0.0,265.0,3303.0,0.0,0.0,4908.0,99.0,1776.0,0.0,0.0,10113.48,4064.12,28.26,1651.54,0.0,710.06,378.0,12.0,15.0,4.0,1.0,16.0,5.0,False,Active
4586,18,304,20846.27,161,959,0.13,0.87,220.0,8915.0,0.0,2108.0,0.0,827.0,541.0,175.0,2262.0,0.0,125.0,1342.0,0.0,0.0,3331.0,188.0,812.0,0.0,61.91,10752.52,4585.93,712.77,0.0,0.0,4677.57,80.0,42.0,4.0,20.0,28.0,31.0,48.0,False,Active
4587,6,152,7709.18,96,906,0.99,0.01,0.0,0.0,0.0,0.0,0.0,0.0,2765.0,276.0,484.0,0.0,122.0,153.0,0.0,0.0,1266.0,104.0,2538.0,0.0,0.0,2910.4,4798.78,0.0,0.0,0.0,0.0,70.0,11.0,56.0,1.0,0.0,3.0,0.0,False,Active
4588,9,346,5892.84,207,397,0.93,0.07,0.0,64.0,0.0,82.0,0.0,44.0,1405.0,16.0,362.0,0.0,0.0,1858.0,0.0,0.0,1385.0,255.0,422.0,0.0,0.0,2122.37,2487.12,0.0,0.0,0.0,0.0,197.0,22.0,0.0,0.0,3.0,17.0,0.0,False,Active
4589,13,362,15337.38,171,956,0.63,0.37,0.0,2048.0,0.0,131.0,0.0,152.0,1227.0,242.0,3726.0,0.0,149.0,3338.0,0.0,0.0,1647.0,0.0,2677.0,0.0,0.0,5227.66,8031.18,652.19,0.0,0.0,1426.35,127.0,9.0,0.0,34.0,11.0,24.0,36.0,False,Active
4594,13,1172,23351.67,345,921,0.67,0.33,98.0,348.0,0.0,1044.0,0.0,73.0,8049.0,241.0,1225.0,0.0,127.0,2528.0,0.0,0.0,3787.0,525.0,5306.0,0.0,0.0,21058.9,2246.86,0.0,0.0,0.0,0.0,1020.0,8.0,50.0,1.0,44.0,24.0,2.0,False,Active
4598,12,314,31452.5,124,952,0.4,0.6,1049.0,1904.0,0.0,1341.0,0.0,227.0,3369.0,75.0,8068.0,0.0,293.0,2743.0,0.0,1246.0,10227.0,0.0,909.0,0.0,0.0,17104.05,13105.12,0.0,0.0,0.0,121.06,131.0,23.0,0.0,18.0,13.0,0.0,47.0,False,Active
4601,14,1277,38047.27,335,945,0.78,0.22,248.0,70.0,0.0,2059.0,0.0,4392.0,7980.0,2495.0,1850.0,0.0,160.0,10438.0,0.0,0.0,6551.0,28.0,1776.0,0.0,0.0,32127.85,5010.65,0.0,0.0,0.0,908.77,1238.0,8.0,0.0,2.0,1.0,3.0,0.0,False,Active
4603,3,278,9127.76,85,289,0.94,0.06,2000.0,753.0,0.0,114.0,0.0,0.0,2070.0,28.0,9.0,0.0,27.0,500.0,0.0,0.0,1036.0,448.0,2141.0,0.0,0.0,8964.22,0.0,0.0,0.0,163.54,0.0,262.0,0.0,0.0,0.0,1.0,0.0,0.0,False,Active
4604,3,23,7463.19,21,191,0.95,0.05,6679.0,0.0,0.0,0.0,0.0,0.0,6.0,0.0,371.0,0.0,0.0,279.0,0.0,0.0,0.0,0.0,128.0,0.0,0.0,6906.81,503.57,0.0,0.0,0.0,0.0,5.0,5.0,0.0,0.0,0.0,0.0,0.0,False,Active
4610,17,1672,84246.12,429,963,0.39,0.61,614.0,15211.0,0.0,824.0,0.0,4652.0,5060.0,1385.0,12267.0,0.0,60.0,7705.0,0.0,0.0,30491.0,7.0,5970.0,0.0,0.0,68489.68,13516.94,51.39,0.0,0.0,2183.01,766.0,147.0,113.0,31.0,358.0,30.0,55.0,False,Active
4614,7,50,10834.82,40,904,0.8,0.2,0.0,19.0,0.0,387.0,0.0,449.0,722.0,330.0,0.0,0.0,0.0,3188.0,0.0,0.0,2825.0,136.0,2779.0,0.0,0.0,10119.39,715.43,0.0,0.0,0.0,0.0,42.0,1.0,0.0,0.0,1.0,2.0,0.0,False,Active
4621,7,76,1533.44,32,346,0.55,0.45,0.0,70.0,88.0,128.0,0.0,379.0,641.0,0.0,28.0,0.0,0.0,169.0,0.0,0.0,30.0,0.0,0.0,0.0,0.0,1148.9,68.5,0.0,0.0,0.0,316.04,66.0,2.0,1.0,1.0,2.0,0.0,3.0,False,Active
4625,2,8,1687.25,8,75,1.0,0.0,0.0,0.0,0.0,0.0,0.0,0.0,0.0,0.0,1235.0,0.0,0.0,99.0,0.0,0.0,354.0,0.0,0.0,0.0,0.0,250.0,1437.25,0.0,0.0,0.0,0.0,1.0,7.0,0.0,0.0,0.0,0.0,0.0,False,Active
4626,2,4,28.65,2,150,0.79,0.21,0.0,0.0,0.0,0.0,0.0,0.0,23.0,0.0,0.0,0.0,0.0,6.0,0.0,0.0,0.0,0.0,0.0,0.0,0.0,28.65,0.0,0.0,0.0,0.0,0.0,3.0,0.0,0.0,0.0,0.0,0.0,0.0,False,Active
4629,2,19,166.11,9,255,0.64,0.36,25.0,60.0,0.0,0.0,0.0,0.0,67.0,0.0,0.0,0.0,3.0,0.0,0.0,0.0,6.0,0.0,4.0,0.0,0.0,87.2,78.91,0.0,0.0,0.0,0.0,12.0,7.0,0.0,0.0,0.0,0.0,0.0,False,Active
4631,4,107,2276.14,58,50,0.89,0.11,50.0,0.0,0.0,104.0,0.0,14.0,335.0,29.0,0.0,0.0,0.0,623.0,0.0,0.0,541.0,0.0,580.0,0.0,0.0,1804.68,267.21,0.0,0.0,0.0,204.25,88.0,2.0,0.0,0.0,0.0,0.0,0.0,False,Active
4632,1,13,379.1,9,10,1.0,0.0,0.0,95.0,0.0,0.0,0.0,0.0,51.0,194.0,0.0,0.0,0.0,39.0,0.0,0.0,0.0,0.0,0.0,0.0,0.0,379.1,0.0,0.0,0.0,0.0,0.0,13.0,0.0,0.0,0.0,0.0,0.0,0.0,False,Active
4640,3,121,2336.46,33,673,0.27,0.73,0.0,145.0,0.0,25.0,0.0,1145.0,381.0,0.0,0.0,0.0,0.0,185.0,0.0,0.0,279.0,8.0,169.0,0.0,0.0,2023.35,3.8,309.31,0.0,0.0,0.0,106.0,0.0,2.0,13.0,0.0,0.0,0.0,False,Active
4641,6,231,2532.44,101,437,0.74,0.26,0.0,80.0,0.0,3.0,0.0,0.0,536.0,52.0,7.0,0.0,0.0,360.0,0.0,0.0,1254.0,0.0,239.0,0.0,0.0,769.78,660.35,1101.43,0.0,0.0,0.88,83.0,20.0,0.0,117.0,3.0,7.0,1.0,False,Active
4642,5,67,3245.48,51,238,0.75,0.25,0.0,0.0,0.0,15.0,0.0,0.0,690.0,202.0,682.0,0.0,0.0,273.0,101.0,0.0,1271.0,0.0,12.0,0.0,0.0,1982.16,1263.32,0.0,0.0,0.0,0.0,47.0,2.0,0.0,0.0,0.0,0.0,0.0,False,Active
4643,16,1124,68091.9,403,964,0.6,0.4,2167.0,1308.0,3045.0,1442.0,0.0,2415.0,11908.0,4972.0,2736.0,0.0,111.0,3664.0,0.0,161.0,15457.0,546.0,12601.0,5558.0,0.0,49973.08,15782.54,0.0,0.0,0.0,2161.95,874.0,114.0,1.0,9.0,42.0,1.0,11.0,False,Active
4644,6,445,16732.82,136,578,0.9,0.1,1460.0,24.0,0.0,27.0,0.0,233.0,4490.0,246.0,0.0,0.0,42.0,522.0,0.0,0.0,4653.0,609.0,4427.0,0.0,0.0,15902.77,572.2,30.34,0.0,0.0,227.51,431.0,2.0,0.0,4.0,6.0,0.0,1.0,False,Active
4647,5,1135,14935.62,187,683,0.86,0.14,0.0,375.0,0.0,545.0,0.0,0.0,6355.0,0.0,85.0,0.0,36.0,5300.0,0.0,0.0,1036.0,0.0,1205.0,0.0,0.0,13508.39,389.99,0.0,0.0,0.0,0.0,1078.0,3.0,8.0,0.0,0.0,0.0,0.0,False,Active
4648,7,592,37718.8,299,928,1.0,0.0,0.0,91.0,0.0,1003.0,0.0,1383.0,9571.0,2385.0,1475.0,0.0,317.0,5164.0,0.0,0.0,14238.0,195.0,1897.0,0.0,0.0,30060.98,7657.82,0.0,0.0,0.0,0.0,472.0,23.0,9.0,0.0,0.0,71.0,0.0,False,Active
4650,13,398,12247.36,199,940,0.46,0.54,0.0,10.0,0.0,618.0,0.0,153.0,1133.0,76.0,2368.0,0.0,5.0,1599.0,0.0,0.0,2997.0,62.0,3227.0,0.0,0.0,9016.48,3216.51,0.0,0.0,0.0,0.0,259.0,6.0,27.0,15.0,0.0,26.0,1.0,False,Active
4653,17,1452,54360.3,506,964,0.71,0.29,0.0,2834.0,0.0,1341.0,0.0,487.0,8472.0,1337.0,2807.0,0.0,0.0,18432.0,0.0,0.0,13625.0,329.0,4697.0,0.0,0.0,40785.75,7513.87,36.34,0.0,0.0,2845.16,923.0,34.0,71.0,112.0,71.0,14.0,53.0,False,Active
4654,5,17,233.82,6,10,0.0,1.0,0.0,20.0,0.0,0.0,0.0,0.0,0.0,0.0,71.0,0.0,0.0,0.0,0.0,0.0,0.0,96.0,47.0,0.0,0.0,20.0,135.03,0.0,0.0,0.0,78.79,0.0,0.0,1.0,0.0,5.0,0.0,1.0,False,Active
4655,1,50,3385.81,27,179,0.77,0.23,0.0,0.0,0.0,200.0,0.0,0.0,1464.0,448.0,25.0,0.0,0.0,556.0,0.0,0.0,46.0,0.0,447.0,199.0,0.0,3385.81,0.0,0.0,0.0,0.0,0.0,50.0,0.0,0.0,0.0,0.0,0.0,0.0,False,Active
4656,3,73,2997.22,40,400,1.0,0.0,0.0,0.0,0.0,0.0,0.0,0.0,273.0,0.0,125.0,0.0,0.0,1336.0,0.0,0.0,1027.0,0.0,237.0,0.0,0.0,0.0,2997.22,0.0,0.0,0.0,0.0,0.0,4.0,0.0,0.0,0.0,36.0,0.0,False,Active
4657,1,413,17040.71,66,962,1.0,0.0,0.0,0.0,0.0,0.0,0.0,0.0,14479.0,37.0,0.0,0.0,60.0,769.0,0.0,0.0,1233.0,0.0,463.0,0.0,0.0,17040.71,0.0,0.0,0.0,0.0,0.0,413.0,0.0,0.0,0.0,0.0,0.0,0.0,False,Active
4658,11,1027,31737.32,280,679,0.67,0.33,0.0,353.0,0.0,1488.0,0.0,787.0,2567.0,3614.0,3002.0,0.0,30.0,5509.0,0.0,0.0,11170.0,379.0,2839.0,0.0,0.0,22283.82,9406.13,27.13,0.0,0.0,20.24,893.0,77.0,23.0,2.0,0.0,12.0,1.0,False,Active
4660,13,288,9392.5,96,930,0.36,0.64,433.0,2273.0,0.0,708.0,0.0,1462.0,1458.0,28.0,967.0,0.0,0.0,363.0,0.0,0.0,1097.0,15.0,588.0,0.0,0.0,8086.88,564.79,0.0,0.0,0.0,491.48,176.0,9.0,0.0,4.0,54.0,0.0,12.0,False,Active
4662,17,1597,138842.56,450,652,0.5,0.5,7617.0,15555.0,0.0,21627.0,0.0,2356.0,11568.0,1199.0,33057.0,0.0,978.0,18860.0,0.0,0.0,7343.0,209.0,18473.0,0.0,0.0,110763.86,14135.23,0.0,0.0,0.0,1238.02,1146.0,39.0,2.0,12.0,152.0,69.0,8.0,False,Active
4664,5,111,2381.09,48,715,0.71,0.29,0.0,437.0,0.0,54.0,0.0,57.0,87.0,102.0,12.0,0.0,0.0,840.0,0.0,0.0,489.0,0.0,304.0,0.0,0.0,2226.1,154.99,0.0,0.0,0.0,0.0,78.0,0.0,1.0,1.0,30.0,0.0,0.0,False,Active
4665,21,1574,38960.81,591,964,0.7,0.3,1163.0,1510.0,0.0,1468.0,0.0,1597.0,6581.0,1009.0,5480.0,0.0,0.0,12288.0,0.0,650.0,4706.0,67.0,2443.0,0.0,0.0,27409.95,9375.54,28.67,0.0,0.0,191.26,1174.0,12.0,9.0,4.0,81.0,78.0,2.0,False,Active
4666,13,1025,90949.84,320,949,0.36,0.64,37869.0,4749.0,0.0,1837.0,0.0,668.0,8488.0,834.0,2257.0,0.0,766.0,7384.0,0.0,4016.0,17507.0,20.0,4554.0,1.0,0.0,88761.77,1442.36,22.29,0.0,0.0,707.56,706.0,15.0,0.0,148.0,54.0,0.0,31.0,False,Active
4675,8,111,3007.67,44,835,0.78,0.22,1829.0,167.0,0.0,23.0,0.0,81.0,185.0,51.0,70.0,0.0,14.0,173.0,0.0,0.0,410.0,0.0,5.0,0.0,0.0,1141.89,83.72,0.0,0.0,0.0,0.0,63.0,0.0,0.0,0.0,14.0,0.0,0.0,False,Active
4676,5,102,3634.28,68,605,0.82,0.18,150.0,178.0,0.0,0.0,0.0,76.0,455.0,127.0,0.0,0.0,0.0,206.0,0.0,0.0,1720.0,32.0,691.0,0.0,0.0,3295.13,124.17,0.0,0.0,0.0,214.98,92.0,5.0,0.0,0.0,1.0,0.0,3.0,False,Active
4678,9,137,3011.57,27,931,0.04,0.96,0.0,1033.0,0.0,395.0,0.0,154.0,25.0,73.0,177.0,0.0,0.0,96.0,0.0,0.0,940.0,18.0,100.0,0.0,0.0,2638.42,365.71,0.0,0.0,0.0,7.44,21.0,7.0,6.0,2.0,89.0,0.0,3.0,False,Active
4679,3,45,1456.23,24,576,0.44,0.56,678.0,45.0,0.0,4.0,0.0,0.0,95.0,0.0,33.0,0.0,0.0,202.0,0.0,0.0,159.0,6.0,233.0,0.0,0.0,1256.43,199.8,0.0,0.0,0.0,0.0,41.0,0.0,3.0,0.0,1.0,0.0,0.0,False,Active
4680,3,158,3512.89,97,241,0.98,0.02,160.0,94.0,0.0,105.0,0.0,0.0,939.0,117.0,383.0,0.0,80.0,962.0,0.0,0.0,313.0,0.0,359.0,0.0,0.0,3303.75,209.14,0.0,0.0,0.0,0.0,138.0,0.0,0.0,0.0,0.0,0.0,0.0,False,Active
4681,4,252,10547.52,105,317,0.95,0.05,4651.0,17.0,0.0,0.0,0.0,10.0,2896.0,49.0,575.0,0.0,116.0,402.0,0.0,0.0,965.0,0.0,867.0,0.0,0.0,9676.04,871.48,0.0,0.0,0.0,0.0,233.0,6.0,0.0,0.0,7.0,0.0,0.0,False,Active
4682,10,256,6031.01,127,962,0.9,0.1,200.0,147.0,0.0,12.0,0.0,51.0,2320.0,185.0,13.0,0.0,0.0,1264.0,0.0,0.0,575.0,70.0,1195.0,0.0,0.0,4624.6,1406.41,0.0,0.0,0.0,0.0,217.0,7.0,15.0,0.0,6.0,1.0,4.0,False,Active
4684,10,336,22419.58,110,246,0.6,0.4,3131.0,624.0,0.0,3288.0,0.0,776.0,1505.0,594.0,7315.0,0.0,0.0,1131.0,0.0,0.0,1046.0,90.0,2919.0,0.0,0.0,14745.77,2885.34,0.0,0.0,0.0,0.96,209.0,0.0,1.0,0.0,49.0,7.0,0.0,False,Active
4686,4,118,2983.25,66,172,1.0,0.0,0.0,0.0,0.0,410.0,0.0,25.0,531.0,40.0,171.0,0.0,0.0,1066.0,0.0,0.0,464.0,0.0,276.0,0.0,0.0,1496.37,426.39,0.0,0.0,0.0,0.0,60.0,11.0,0.0,0.0,0.0,8.0,0.0,False,Active
4697,8,296,17590.55,20,553,0.0,1.0,648.0,1883.0,0.0,12990.0,0.0,88.0,75.0,0.0,1288.0,0.0,0.0,0.0,0.0,430.0,177.0,0.0,12.0,0.0,0.0,12531.89,4885.24,0.0,0.0,0.0,85.18,8.0,0.0,6.0,221.0,22.0,0.0,0.0,False,Active
4698,4,400,17786.27,14,535,0.07,0.93,414.0,6968.0,0.0,8696.0,0.0,233.0,256.0,0.0,234.0,0.0,0.0,0.0,0.0,0.0,985.0,0.0,0.0,0.0,0.0,17552.05,234.22,0.0,0.0,0.0,0.0,140.0,0.0,0.0,3.0,178.0,0.0,79.0,False,Active
4713,7,590,9330.65,268,954,1.0,0.0,0.0,12.0,0.0,199.0,0.0,30.0,3128.0,256.0,147.0,0.0,34.0,2299.0,0.0,0.0,2993.0,30.0,203.0,0.0,1383.24,6103.25,1146.9,686.64,0.0,0.0,0.0,471.0,13.0,24.0,22.0,0.0,1.0,0.0,False,Active
4714,1,44,740.0,10,658,1.0,0.0,0.0,0.0,0.0,12.0,0.0,0.0,618.0,0.0,0.0,0.0,0.0,0.0,0.0,0.0,99.0,0.0,11.0,0.0,0.0,740.0,0.0,0.0,0.0,0.0,0.0,44.0,0.0,0.0,0.0,0.0,0.0,0.0,False,Active
4717,2,9,227.95,8,15,0.6,0.4,0.0,0.0,0.0,38.0,0.0,0.0,2.0,0.0,53.0,0.0,0.0,22.0,0.0,0.0,111.0,0.0,2.0,0.0,0.0,90.0,0.0,0.0,0.0,0.0,137.95,2.0,0.0,0.0,0.0,0.0,0.0,7.0,False,Active
4718,1,35,2362.9,12,36,1.0,0.0,0.0,0.0,0.0,0.0,0.0,0.0,2310.0,0.0,0.0,0.0,0.0,17.0,0.0,0.0,36.0,0.0,0.0,0.0,0.0,2362.9,0.0,0.0,0.0,0.0,0.0,35.0,0.0,0.0,0.0,0.0,0.0,0.0,False,Active
4727,8,366,6755.11,147,917,0.98,0.02,234.0,0.0,0.0,30.0,0.0,0.0,2889.0,1015.0,75.0,0.0,0.0,1823.0,0.0,0.0,560.0,0.0,129.0,0.0,0.0,5883.09,284.96,337.54,0.0,0.0,0.0,328.0,10.0,0.0,2.0,0.0,0.0,0.0,False,Active
4728,3,45,7183.6,4,515,0.0,1.0,6890.0,0.0,0.0,30.0,0.0,136.0,4.0,0.0,0.0,0.0,0.0,124.0,0.0,0.0,0.0,0.0,0.0,0.0,0.0,7034.89,148.71,0.0,0.0,0.0,0.0,2.0,0.0,0.0,42.0,0.0,0.0,0.0,False,Active
4729,18,1723,94125.74,642,890,0.62,0.38,11932.0,1884.0,0.0,2082.0,0.0,853.0,25404.0,1100.0,10392.0,0.0,88.0,4263.0,0.0,5030.0,17930.0,678.0,12470.0,20.0,0.0,44846.47,48680.5,0.0,0.0,0.0,401.51,766.0,320.0,15.0,65.0,18.0,231.0,37.0,False,Active
4733,7,1312,44059.11,423,963,0.76,0.24,3649.0,828.0,0.0,1008.0,0.0,654.0,8380.0,4118.0,730.0,0.0,1325.0,3766.0,0.0,1320.0,8380.0,499.0,9401.0,0.0,0.0,42127.59,1862.49,0.0,0.0,0.0,69.03,1235.0,49.0,1.0,19.0,0.0,0.0,6.0,False,Active
4735,22,2731,129234.2,715,964,0.35,0.65,10727.0,4470.0,0.0,4307.0,0.0,20331.0,11800.0,2324.0,5702.0,0.0,1434.0,7957.0,0.0,0.0,51821.0,172.0,8190.0,0.0,0.0,37963.13,84805.52,1796.68,0.0,0.0,1722.54,730.0,1300.0,34.0,64.0,83.0,19.0,22.0,False,Active
4736,8,489,10570.74,140,411,0.78,0.22,1250.0,559.0,0.0,651.0,0.0,0.0,2683.0,0.0,452.0,0.0,144.0,1348.0,0.0,0.0,3006.0,0.0,478.0,0.0,0.0,8137.44,2184.25,0.0,0.0,0.0,249.05,370.0,12.0,1.0,34.0,1.0,0.0,5.0,False,Active
4738,7,53,1345.38,10,642,0.45,0.55,0.0,148.0,0.0,0.0,0.0,55.0,78.0,41.0,0.0,0.0,0.0,559.0,0.0,0.0,428.0,0.0,35.0,0.0,0.0,585.69,715.7,0.0,0.0,0.0,43.99,14.0,17.0,4.0,2.0,2.0,0.0,0.0,False,Active
4741,5,46,5596.54,8,301,0.0,1.0,5295.0,36.0,0.0,260.0,0.0,0.0,0.0,0.0,0.0,0.0,0.0,0.0,0.0,0.0,6.0,0.0,0.0,0.0,0.0,5577.21,19.33,0.0,0.0,0.0,0.0,5.0,1.0,0.0,32.0,0.0,0.0,1.0,False,Active
4742,3,131,5380.87,37,328,0.84,0.16,660.0,21.0,0.0,315.0,0.0,0.0,117.0,66.0,257.0,0.0,0.0,3704.0,0.0,0.0,161.0,0.0,79.0,0.0,0.0,5359.7,21.17,0.0,0.0,0.0,0.0,116.0,0.0,3.0,0.0,0.0,0.0,0.0,False,Active
4753,14,675,28753.47,222,963,0.29,0.71,0.0,1141.0,0.0,209.0,0.0,105.0,8801.0,3016.0,2653.0,0.0,207.0,2297.0,0.0,0.0,7378.0,3.0,2943.0,0.0,0.0,19249.35,4696.72,391.4,0.0,0.0,1781.47,540.0,17.0,1.0,12.0,0.0,35.0,13.0,False,Active
4756,5,120,4365.63,71,126,0.55,0.45,1388.0,93.0,0.0,13.0,0.0,4.0,755.0,285.0,518.0,0.0,0.0,932.0,0.0,0.0,162.0,0.0,216.0,0.0,0.0,3151.55,1014.51,0.0,0.0,0.0,0.0,97.0,3.0,13.0,6.0,0.0,0.0,0.0,False,Active
4759,4,445,7771.62,142,359,0.72,0.28,662.0,171.0,0.0,37.0,0.0,7.0,676.0,212.0,91.0,0.0,0.0,1512.0,0.0,0.0,3621.0,69.0,713.0,0.0,0.0,637.86,0.0,320.16,0.0,0.0,6813.6,10.0,0.0,0.0,11.0,0.0,0.0,422.0,False,Active
4762,1,27,11491.0,6,18,0.0,1.0,0.0,0.0,0.0,11323.0,0.0,0.0,0.0,0.0,0.0,0.0,0.0,0.0,0.0,0.0,168.0,0.0,0.0,0.0,0.0,11491.0,0.0,0.0,0.0,0.0,0.0,27.0,0.0,0.0,0.0,0.0,0.0,0.0,False,Active
4763,7,84,22200.52,23,124,0.08,0.92,684.0,0.0,0.0,18928.0,0.0,143.0,102.0,0.0,2215.0,0.0,0.0,113.0,0.0,0.0,6.0,0.0,10.0,0.0,0.0,19347.75,1272.43,0.0,0.0,0.0,0.0,72.0,0.0,1.0,0.0,0.0,0.0,0.0,False,Active
4768,8,261,5364.48,72,905,0.64,0.36,36.0,688.0,0.0,0.0,0.0,276.0,185.0,68.0,2129.0,0.0,0.0,719.0,0.0,0.0,252.0,0.0,1011.0,0.0,0.0,3962.06,575.2,827.22,0.0,0.0,0.0,195.0,17.0,8.0,22.0,13.0,3.0,0.0,False,Active
4771,3,53,707.22,15,180,0.76,0.24,0.0,0.0,0.0,0.0,0.0,18.0,159.0,0.0,0.0,0.0,0.0,0.0,0.0,0.0,194.0,0.0,336.0,0.0,0.0,689.65,0.0,0.0,0.0,0.0,17.57,43.0,0.0,0.0,0.0,1.0,0.0,0.0,False,Active
4772,2,11,325.87,6,148,0.75,0.25,242.0,0.0,0.0,81.0,0.0,0.0,3.0,0.0,0.0,0.0,0.0,0.0,0.0,0.0,0.0,0.0,0.0,0.0,0.0,81.0,244.87,0.0,0.0,0.0,0.0,5.0,6.0,0.0,0.0,0.0,0.0,0.0,False,Active
4775,14,971,83125.34,523,959,0.74,0.26,0.0,2060.0,0.0,2559.0,0.0,260.0,7465.0,677.0,15207.0,0.0,369.0,16569.0,0.0,0.0,24306.0,70.0,13583.0,0.0,0.0,55034.91,25523.15,0.0,0.0,0.0,2567.28,658.0,84.0,2.0,3.0,24.0,64.0,6.0,False,Active
4777,8,117,2871.59,74,769,0.58,0.42,0.0,0.0,0.0,12.0,0.0,72.0,243.0,78.0,1270.0,0.0,16.0,476.0,0.0,0.0,447.0,18.0,239.0,0.0,0.0,1206.66,1638.71,0.0,0.0,0.0,26.22,4.0,0.0,88.0,1.0,0.0,11.0,3.0,False,Active
4780,5,289,17050.09,79,347,0.9,0.1,2243.0,63.0,0.0,0.0,0.0,1120.0,7196.0,180.0,535.0,0.0,142.0,829.0,0.0,0.0,2460.0,38.0,2245.0,0.0,0.0,13382.74,3615.09,0.0,0.0,0.0,52.26,223.0,63.0,0.0,0.0,1.0,0.0,1.0,False,Active
4782,9,527,19502.45,109,780,0.2,0.8,0.0,164.0,0.0,188.0,0.0,12690.0,2432.0,150.0,1197.0,0.0,0.0,771.0,0.0,0.0,1091.0,19.0,800.0,0.0,0.0,18412.41,365.89,0.0,0.0,0.0,724.15,320.0,40.0,0.0,61.0,7.0,0.0,28.0,False,Active
4792,3,33,555.24,3,915,0.0,1.0,0.0,450.0,0.0,0.0,0.0,0.0,0.0,0.0,0.0,0.0,0.0,0.0,0.0,0.0,105.0,0.0,0.0,0.0,0.0,507.43,47.81,0.0,0.0,0.0,0.0,1.0,0.0,1.0,0.0,0.0,0.0,0.0,False,Active
4793,1,26,769.95,4,259,1.0,0.0,0.0,0.0,0.0,0.0,0.0,0.0,104.0,0.0,0.0,0.0,0.0,0.0,0.0,0.0,0.0,0.0,666.0,0.0,0.0,769.95,0.0,0.0,0.0,0.0,0.0,26.0,0.0,0.0,0.0,0.0,0.0,0.0,False,Active
4796,13,521,10872.68,218,959,1.0,0.0,0.0,21.0,0.0,95.0,0.0,2.0,1895.0,214.0,383.0,0.0,0.0,4318.0,0.0,0.0,1325.0,0.0,2618.0,0.0,0.0,5068.08,2523.36,0.0,0.0,0.0,1911.0,309.0,7.0,1.0,1.0,0.0,32.0,48.0,False,Active
4799,6,50,3519.69,46,181,0.7,0.3,0.0,0.0,0.0,413.0,0.0,0.0,627.0,80.0,188.0,0.0,472.0,215.0,0.0,0.0,1347.0,0.0,178.0,0.0,0.0,634.2,2735.49,0.0,0.0,0.0,47.74,15.0,29.0,0.0,0.0,1.0,0.0,1.0,False,Active
4800,1,279,1673.0,18,733,0.95,0.05,0.0,0.0,0.0,85.0,0.0,0.0,1332.0,0.0,0.0,0.0,0.0,179.0,0.0,0.0,74.0,3.0,0.0,0.0,0.0,1673.0,0.0,0.0,0.0,0.0,0.0,279.0,0.0,0.0,0.0,0.0,0.0,0.0,False,Active
4801,2,33,257.5,13,91,0.96,0.04,0.0,10.0,0.0,0.0,0.0,0.0,89.0,0.0,0.0,0.0,0.0,125.0,0.0,0.0,0.0,0.0,33.0,0.0,0.0,257.5,0.0,0.0,0.0,0.0,0.0,30.0,0.0,0.0,0.0,3.0,0.0,0.0,False,Active
4802,2,25,557.75,9,876,0.44,0.56,0.0,147.0,0.0,0.0,0.0,92.0,60.0,0.0,0.0,0.0,17.0,180.0,4.0,0.0,41.0,0.0,17.0,0.0,0.0,557.75,0.0,0.0,0.0,0.0,0.0,14.0,0.0,0.0,0.0,11.0,0.0,0.0,False,Active
4829,2,2,19.8,2,3,0.24,0.76,0.0,0.0,0.0,0.0,0.0,0.0,0.0,0.0,0.0,0.0,0.0,0.0,0.0,15.0,0.0,0.0,5.0,0.0,0.0,19.8,0.0,0.0,0.0,0.0,0.0,1.0,0.0,0.0,1.0,0.0,0.0,0.0,False,Active
4845,2,10,1202.37,8,41,1.0,0.0,0.0,0.0,0.0,694.0,0.0,0.0,0.0,0.0,125.0,0.0,0.0,383.0,0.0,0.0,0.0,0.0,0.0,0.0,0.0,659.0,543.37,0.0,0.0,0.0,0.0,5.0,5.0,0.0,0.0,0.0,0.0,0.0,False,Active
4857,2,3,28.04,2,296,0.0,1.0,0.0,0.0,0.0,10.0,0.0,0.0,0.0,0.0,0.0,0.0,0.0,0.0,0.0,0.0,18.0,0.0,0.0,0.0,0.0,10.0,0.0,0.0,0.0,0.0,18.04,0.0,0.0,0.0,2.0,0.0,0.0,0.0,False,Active
4858,6,87,5157.51,18,138,0.28,0.72,0.0,0.0,0.0,0.0,0.0,0.0,0.0,408.0,0.0,0.0,0.0,370.0,0.0,0.0,4379.0,0.0,0.0,0.0,0.0,1019.59,1048.9,830.73,0.0,0.0,2258.29,61.0,0.0,0.0,4.0,0.0,0.0,7.0,False,Active
4861,1,23,26.0,1,669,0.0,1.0,0.0,26.0,0.0,0.0,0.0,0.0,0.0,0.0,0.0,0.0,0.0,0.0,0.0,0.0,0.0,0.0,0.0,0.0,0.0,26.0,0.0,0.0,0.0,0.0,0.0,0.0,0.0,0.0,0.0,23.0,0.0,0.0,False,Active
4862,5,5,62.94,5,131,0.0,1.0,0.0,0.0,0.0,0.0,0.0,22.0,0.0,0.0,0.0,0.0,0.0,0.0,0.0,0.0,41.0,0.0,0.0,0.0,0.0,39.98,22.96,0.0,0.0,0.0,0.0,1.0,0.0,1.0,0.0,0.0,0.0,0.0,False,Active
4863,1,2,996.0,2,1,0.0,1.0,0.0,0.0,0.0,996.0,0.0,0.0,0.0,0.0,0.0,0.0,0.0,0.0,0.0,0.0,0.0,0.0,0.0,0.0,0.0,996.0,0.0,0.0,0.0,0.0,0.0,2.0,0.0,0.0,0.0,0.0,0.0,0.0,False,Active
4878,11,316,20527.33,186,853,0.96,0.04,4514.0,0.0,0.0,109.0,0.0,0.0,3031.0,1419.0,3310.0,0.0,164.0,3539.0,0.0,0.0,2171.0,45.0,2226.0,0.0,0.0,1973.88,12504.84,0.0,0.0,0.0,0.0,5.0,121.0,4.0,1.0,0.0,12.0,0.0,False,Active
4879,16,806,20478.98,306,484,0.85,0.15,360.0,78.0,0.0,861.0,0.0,77.0,3942.0,299.0,1857.0,0.0,14.0,3613.0,0.0,0.0,3758.0,464.0,5157.0,0.0,0.0,14314.94,2874.61,4.04,255.88,321.86,1867.4,605.0,67.0,0.0,8.0,0.0,2.0,38.0,False,Active
4880,14,427,55160.82,64,324,0.03,0.97,17534.0,950.0,0.0,29856.0,0.0,1861.0,262.0,0.0,148.0,0.0,200.0,170.0,0.0,1654.0,2189.0,0.0,336.0,0.0,0.0,32986.97,4730.89,0.0,0.0,0.0,17442.96,235.0,2.0,0.0,7.0,0.0,0.0,4.0,False,Active
4881,17,2245,70334.59,423,963,0.52,0.48,1094.0,5490.0,0.0,1159.0,0.0,3883.0,9013.0,544.0,8141.0,0.0,434.0,12123.0,0.0,0.0,11180.0,708.0,16565.0,0.0,0.0,53956.17,12780.73,2205.24,0.0,0.0,1392.45,1875.0,76.0,16.0,68.0,105.0,22.0,19.0,False,Active
4887,11,340,29295.85,124,857,0.85,0.15,2252.0,586.0,0.0,351.0,0.0,49.0,11121.0,6477.0,1127.0,0.0,103.0,494.0,0.0,0.0,5176.0,330.0,1229.0,0.0,0.0,23888.77,5127.79,0.0,0.0,0.0,279.29,267.0,15.0,1.0,1.0,0.0,46.0,1.0,False,Active
4888,10,830,17143.07,252,448,0.71,0.29,540.0,154.0,0.0,1916.0,0.0,262.0,2185.0,284.0,1152.0,0.0,0.0,7215.0,0.0,0.0,1768.0,254.0,1415.0,0.0,0.0,14854.37,2251.54,0.0,0.0,0.0,0.0,738.0,6.0,42.0,3.0,11.0,3.0,0.0,False,Active
4891,5,87,4843.55,42,628,0.51,0.49,0.0,1299.0,0.0,16.0,0.0,0.0,207.0,6.0,1894.0,0.0,0.0,965.0,0.0,0.0,162.0,20.0,276.0,0.0,0.0,4843.55,0.0,0.0,0.0,0.0,0.0,77.0,0.0,1.0,3.0,1.0,0.0,0.0,False,Active
4894,4,50,10096.46,6,378,0.04,0.96,9877.0,0.0,0.0,0.0,0.0,0.0,0.0,91.0,0.0,0.0,0.0,0.0,0.0,0.0,118.0,0.0,10.0,0.0,0.0,8759.91,1336.55,0.0,0.0,0.0,0.0,8.0,0.0,1.0,21.0,20.0,0.0,0.0,False,Active
4898,9,288,3544.44,103,938,0.79,0.21,469.0,533.0,0.0,19.0,0.0,27.0,1192.0,52.0,8.0,0.0,0.0,538.0,0.0,0.0,62.0,1.0,644.0,0.0,0.0,1980.09,978.77,0.0,0.0,0.0,0.0,139.0,0.0,7.0,1.0,24.0,8.0,0.0,False,Active
4900,2,167,1270.55,18,450,0.96,0.04,0.0,0.0,0.0,60.0,0.0,3.0,715.0,0.0,0.0,0.0,0.0,476.0,0.0,0.0,14.0,3.0,0.0,0.0,0.0,1215.1,0.0,0.0,0.0,0.0,55.45,161.0,0.0,0.0,0.0,0.0,0.0,0.0,False,Active
4906,7,246,12269.08,25,911,0.01,0.99,0.0,471.0,0.0,734.0,0.0,1176.0,6228.0,0.0,968.0,0.0,0.0,0.0,0.0,0.0,1993.0,0.0,699.0,0.0,0.0,11555.17,438.42,0.0,0.0,0.0,275.49,179.0,2.0,0.0,3.0,0.0,0.0,0.0,False,Active
4908,4,178,4002.76,6,598,0.0,1.0,821.0,0.0,0.0,50.0,0.0,0.0,0.0,0.0,0.0,0.0,0.0,0.0,0.0,2853.0,279.0,0.0,0.0,0.0,0.0,1489.21,2513.55,0.0,0.0,0.0,0.0,1.0,0.0,0.0,172.0,2.0,0.0,0.0,False,Active
4909,10,91,5032.24,68,659,0.51,0.49,104.0,370.0,0.0,110.0,0.0,317.0,338.0,147.0,1105.0,0.0,0.0,1225.0,0.0,0.0,1016.0,13.0,288.0,0.0,0.0,1124.34,3810.69,0.0,0.0,0.0,97.21,31.0,0.0,2.0,4.0,2.0,44.0,0.0,False,Active
4911,7,210,4839.02,119,559,0.78,0.22,0.0,22.0,0.0,567.0,0.0,100.0,389.0,176.0,297.0,0.0,0.0,1415.0,0.0,0.0,982.0,0.0,892.0,0.0,0.0,2563.25,2275.77,0.0,0.0,0.0,0.0,134.0,3.0,0.0,1.0,1.0,68.0,0.0,False,Active
4914,10,644,24630.25,302,702,0.98,0.02,472.0,0.0,0.0,264.0,0.0,723.0,10027.0,557.0,1958.0,0.0,41.0,5436.0,0.0,0.0,2265.0,55.0,2833.0,0.0,0.0,20063.58,2428.3,0.0,0.0,0.0,253.83,485.0,25.0,0.0,0.0,0.0,0.0,0.0,False,Active
4918,11,149,14442.42,59,954,0.17,0.83,0.0,922.0,0.0,4992.0,0.0,1901.0,150.0,105.0,1566.0,0.0,0.0,985.0,0.0,0.0,3025.0,0.0,797.0,0.0,0.0,1452.02,8871.01,0.0,0.0,0.0,4063.71,19.0,29.0,0.0,2.0,0.0,0.0,14.0,False,Active
4919,18,429,28154.15,247,601,0.77,0.23,123.0,690.0,0.0,33.0,0.0,2825.0,2920.0,2401.0,216.0,0.0,497.0,2640.0,0.0,0.0,15727.0,19.0,63.0,0.0,0.0,21418.95,681.5,0.0,24.12,0.0,331.22,252.0,0.0,3.0,7.0,1.0,2.0,7.0,False,Active
4920,14,433,9999.27,172,823,0.45,0.55,1013.0,718.0,0.0,1831.0,0.0,21.0,1815.0,253.0,529.0,0.0,59.0,852.0,0.0,0.0,2837.0,0.0,72.0,0.0,0.0,5854.01,1484.43,30.56,0.0,0.0,449.14,173.0,44.0,2.0,65.0,31.0,7.0,39.0,False,Active
4922,16,293,7704.77,138,894,0.47,0.53,0.0,1110.0,0.0,290.0,0.0,401.0,1520.0,42.0,93.0,0.0,0.0,1509.0,0.0,662.0,858.0,2.0,1219.0,0.0,0.0,6228.93,1132.12,0.0,0.0,0.0,287.01,194.0,22.0,1.0,16.0,8.0,1.0,10.0,False,Active
4923,7,287,2324.02,79,757,0.59,0.41,40.0,0.0,0.0,237.0,0.0,0.0,606.0,40.0,0.0,0.0,0.0,208.0,0.0,0.0,772.0,8.0,414.0,0.0,0.0,2175.05,148.97,0.0,0.0,0.0,0.0,236.0,27.0,2.0,0.0,0.0,0.0,3.0,False,Active
4924,8,32,1960.95,22,695,0.26,0.74,0.0,539.0,0.0,55.0,0.0,25.0,77.0,107.0,0.0,0.0,0.0,409.0,0.0,0.0,749.0,0.0,0.0,0.0,0.0,1605.66,189.31,0.0,0.0,0.0,165.98,12.0,3.0,5.0,0.0,0.0,0.0,2.0,False,Active
4925,4,53,4440.5,41,617,0.99,0.01,555.0,0.0,0.0,139.0,0.0,0.0,175.0,0.0,2767.0,0.0,0.0,652.0,0.0,0.0,153.0,0.0,0.0,0.0,0.0,1688.25,2752.25,0.0,0.0,0.0,0.0,23.0,3.0,0.0,0.0,0.0,0.0,0.0,False,Active
4926,3,47,9943.96,27,367,0.99,0.01,9135.0,0.0,0.0,145.0,0.0,0.0,88.0,46.0,68.0,0.0,0.0,61.0,0.0,0.0,207.0,0.0,194.0,0.0,0.0,617.55,9326.41,0.0,0.0,0.0,0.0,10.0,25.0,0.0,0.0,0.0,12.0,0.0,False,Active
4930,8,70,1829.27,39,276,0.21,0.79,173.0,274.0,0.0,198.0,0.0,0.0,111.0,37.0,418.0,0.0,0.0,87.0,0.0,0.0,455.0,0.0,77.0,0.0,0.0,1125.64,703.63,0.0,0.0,0.0,0.0,25.0,0.0,0.0,4.0,0.0,0.0,18.0,False,Active
4931,7,220,3065.04,82,579,0.6,0.4,0.0,66.0,0.0,106.0,0.0,1.0,548.0,61.0,0.0,0.0,0.0,539.0,0.0,0.0,1060.0,0.0,684.0,0.0,0.0,2938.25,126.79,0.0,0.0,0.0,0.0,178.0,6.0,0.0,1.0,7.0,0.0,0.0,False,Active
4932,4,14,328.76,10,276,0.94,0.06,0.0,18.0,0.0,0.0,0.0,0.0,0.0,94.0,3.0,0.0,0.0,7.0,0.0,0.0,116.0,0.0,90.0,0.0,0.0,304.24,24.52,0.0,0.0,0.0,0.0,11.0,0.0,1.0,1.0,0.0,0.0,0.0,False,Active
4933,2,71,13913.65,6,330,0.0,1.0,0.0,0.0,0.0,7859.0,0.0,6055.0,0.0,0.0,0.0,0.0,0.0,0.0,0.0,0.0,0.0,0.0,0.0,0.0,0.0,13913.65,0.0,0.0,0.0,0.0,0.0,62.0,0.0,0.0,9.0,0.0,0.0,0.0,False,Active
4935,18,589,19767.37,266,577,0.34,0.66,213.0,590.0,38.0,341.0,0.0,101.0,4556.0,1107.0,2859.0,0.0,42.0,2506.0,0.0,0.0,5956.0,243.0,979.0,235.0,0.0,13390.34,4249.11,436.19,0.0,0.0,505.47,359.0,11.0,1.0,25.0,5.0,40.0,21.0,False,Active
4940,5,51,7046.07,19,155,0.08,0.92,80.0,2.0,0.0,6470.0,0.0,0.0,260.0,0.0,45.0,0.0,56.0,69.0,0.0,0.0,48.0,0.0,16.0,0.0,0.0,6931.59,114.48,0.0,0.0,0.0,0.0,42.0,0.0,1.0,1.0,0.0,0.0,1.0,False,Active
4942,11,38,3199.34,26,478,0.0,1.0,202.0,412.0,0.0,2.0,0.0,0.0,92.0,0.0,1431.0,0.0,0.0,0.0,0.0,0.0,926.0,10.0,125.0,0.0,0.0,2359.89,758.05,0.0,0.0,0.0,1.21,16.0,4.0,3.0,2.0,0.0,2.0,2.0,False,Active
4946,8,382,21332.23,91,517,0.53,0.47,0.0,843.0,0.0,0.0,0.0,120.0,7874.0,2244.0,0.0,0.0,797.0,477.0,0.0,0.0,5872.0,0.0,3106.0,0.0,0.0,20480.09,595.54,0.0,0.0,0.0,256.6,344.0,1.0,0.0,1.0,4.0,0.0,4.0,False,Active
4959,5,1078,16480.92,114,964,1.0,0.0,0.0,29.0,0.0,139.0,0.0,200.0,3660.0,0.0,500.0,0.0,0.0,9134.0,0.0,0.0,1157.0,0.0,1662.0,0.0,0.0,16071.41,102.33,0.0,0.0,0.0,0.0,1059.0,4.0,0.0,0.0,0.0,0.0,0.0,False,Active
4977,3,23,1605.51,7,312,0.12,0.88,146.0,0.0,0.0,1271.0,0.0,0.0,41.0,0.0,0.0,0.0,0.0,0.0,0.0,0.0,145.0,0.0,3.0,0.0,0.0,1459.74,145.77,0.0,0.0,0.0,0.0,21.0,0.0,0.0,0.0,0.0,1.0,0.0,False,Active
4978,7,151,1898.49,38,311,0.39,0.61,0.0,71.0,0.0,528.0,0.0,0.0,234.0,0.0,0.0,0.0,0.0,888.0,0.0,0.0,178.0,0.0,0.0,0.0,0.0,1606.04,292.45,0.0,0.0,0.0,0.0,118.0,7.0,1.0,0.0,14.0,0.0,2.0,False,Active
4981,3,54,1178.08,8,16,0.04,0.96,0.0,81.0,0.0,0.0,0.0,0.0,157.0,0.0,0.0,0.0,0.0,0.0,0.0,0.0,940.0,0.0,0.0,0.0,0.0,1178.08,0.0,0.0,0.0,0.0,0.0,7.0,0.0,0.0,0.0,27.0,0.0,20.0,False,Active
4984,4,45,1195.97,26,244,0.82,0.18,0.0,0.0,0.0,0.0,0.0,0.0,68.0,0.0,287.0,0.0,0.0,275.0,0.0,0.0,350.0,0.0,217.0,0.0,0.0,211.4,851.2,0.0,0.0,0.0,0.0,3.0,0.0,0.0,0.0,0.0,0.0,0.0,False,Active
4992,11,646,29192.9,262,812,0.79,0.21,399.0,1242.0,0.0,195.0,0.0,67.0,10638.0,1363.0,1213.0,0.0,0.0,3172.0,0.0,0.0,9752.0,209.0,943.0,0.0,0.0,18115.62,4155.73,0.0,0.0,0.0,6921.55,321.0,25.0,17.0,0.0,69.0,1.0,127.0,False,Active
4993,7,234,4462.38,115,150,0.66,0.34,0.0,0.0,0.0,1.0,0.0,51.0,746.0,185.0,49.0,0.0,34.0,894.0,0.0,0.0,2480.0,0.0,22.0,0.0,0.0,3017.3,1445.08,0.0,0.0,0.0,0.0,171.0,9.0,42.0,0.0,0.0,3.0,0.0,False,Active
4995,6,112,1927.27,17,905,0.12,0.88,0.0,1047.0,0.0,26.0,0.0,158.0,223.0,9.0,0.0,0.0,0.0,0.0,0.0,0.0,464.0,0.0,0.0,0.0,0.0,1154.17,9.72,0.0,0.0,0.0,763.38,38.0,2.0,0.0,14.0,1.0,0.0,30.0,False,Active
4996,15,1238,68186.76,441,683,0.63,0.37,0.0,1162.0,0.0,3111.0,0.0,29.0,7093.0,3239.0,12498.0,0.0,428.0,17922.0,0.0,0.0,18191.0,158.0,4355.0,0.0,0.0,56253.66,6748.31,0.0,0.0,0.0,259.9,990.0,11.0,0.0,2.0,17.0,0.0,2.0,False,Active
4997,11,932,95703.59,335,936,0.77,0.23,2446.0,3769.0,0.0,3171.0,0.0,1261.0,18779.0,2420.0,26513.0,0.0,128.0,15914.0,0.0,0.0,19145.0,79.0,2078.0,0.0,0.0,64376.89,25683.09,0.0,0.0,0.0,5448.44,603.0,3.0,49.0,0.0,182.0,5.0,38.0,False,Active
5000,14,2449,134210.82,321,964,0.55,0.45,3392.0,4028.0,0.0,3847.0,0.0,4240.0,40539.0,3296.0,1190.0,0.0,120.0,12762.0,0.0,0.0,44252.0,27.0,16518.0,0.0,0.0,130389.3,3670.98,0.0,0.0,0.0,150.54,2017.0,65.0,1.0,53.0,161.0,6.0,3.0,False,Active
5002,19,980,29014.7,460,956,0.79,0.21,1079.0,525.0,0.0,928.0,0.0,244.0,7466.0,471.0,2573.0,0.0,29.0,7345.0,0.0,2412.0,3791.0,16.0,2136.0,0.0,0.0,14973.97,6287.14,57.25,0.0,0.0,1026.44,489.0,6.0,12.0,6.0,4.0,80.0,3.0,False,Active
5003,17,631,34817.52,341,963,0.68,0.32,2716.0,2341.0,0.0,1155.0,0.0,734.0,2745.0,69.0,5999.0,0.0,152.0,6891.0,0.0,141.0,4058.0,194.0,7622.0,0.0,0.0,9672.77,23634.83,0.0,0.0,0.0,709.58,92.0,51.0,11.0,21.0,111.0,208.0,39.0,False,Active
5004,5,69,1103.52,62,12,0.98,0.02,0.0,23.0,0.0,0.0,0.0,0.0,150.0,28.0,0.0,0.0,17.0,288.0,0.0,0.0,573.0,0.0,24.0,0.0,0.0,12.85,266.22,0.0,0.0,0.0,0.0,0.0,16.0,0.0,0.0,0.0,0.0,0.0,False,Active
5005,14,518,11851.64,258,961,0.56,0.44,0.0,491.0,0.0,334.0,0.0,989.0,1843.0,128.0,3233.0,0.0,12.0,2767.0,0.0,101.0,1153.0,103.0,699.0,0.0,0.0,7664.57,2556.62,0.0,0.0,0.0,0.0,297.0,24.0,0.0,5.0,26.0,47.0,0.0,False,Active
5006,15,585,15483.57,143,961,0.12,0.88,2612.0,874.0,0.0,617.0,0.0,195.0,1655.0,35.0,239.0,0.0,0.0,934.0,0.0,142.0,4301.0,237.0,3643.0,0.0,0.0,8365.93,6413.13,22.51,0.0,0.0,631.26,258.0,11.0,1.0,20.0,5.0,0.0,46.0,False,Active
5011,7,535,7257.69,172,924,0.87,0.13,0.0,18.0,0.0,21.0,0.0,5.0,2889.0,284.0,12.0,0.0,453.0,2445.0,0.0,0.0,566.0,0.0,565.0,0.0,0.0,6467.03,330.56,0.0,0.0,0.0,460.1,474.0,28.0,0.0,0.0,0.0,2.0,8.0,False,Active
5013,4,284,6173.25,140,792,0.89,0.11,0.0,0.0,0.0,406.0,0.0,115.0,738.0,190.0,1372.0,0.0,9.0,1561.0,0.0,0.0,383.0,1.0,1398.0,0.0,0.0,6156.65,16.6,0.0,0.0,0.0,0.0,275.0,1.0,0.0,0.0,0.0,0.0,0.0,False,Active
5016,2,7,1186.98,5,113,0.3,0.7,0.0,0.0,300.0,0.0,0.0,0.0,0.0,0.0,0.0,0.0,0.0,0.0,0.0,0.0,837.0,0.0,50.0,0.0,0.0,658.9,528.08,0.0,0.0,0.0,0.0,6.0,1.0,0.0,0.0,0.0,0.0,0.0,False,Active
5017,3,80,19184.05,23,893,1.0,0.0,18467.0,0.0,0.0,0.0,0.0,0.0,205.0,104.0,0.0,0.0,0.0,45.0,0.0,0.0,261.0,0.0,102.0,0.0,0.0,3079.79,434.23,0.0,0.0,0.0,0.0,6.0,0.0,6.0,0.0,0.0,0.0,0.0,False,Active
5019,25,477,39210.07,242,901,0.45,0.55,4476.0,1915.0,0.0,230.0,0.0,1048.0,789.0,176.0,14874.0,0.0,1346.0,1813.0,0.0,0.0,6937.0,959.0,4647.0,0.0,0.0,12752.72,13944.47,28.82,0.0,0.0,3528.92,108.0,43.0,6.0,9.0,23.0,10.0,2.0,False,Active
5023,12,415,18208.77,209,878,0.6,0.4,0.0,4.0,0.0,56.0,0.0,2470.0,2771.0,3409.0,168.0,0.0,4.0,1788.0,0.0,0.0,4786.0,17.0,1393.0,1343.0,0.0,13793.18,4097.98,0.0,0.0,0.0,317.61,293.0,2.0,36.0,1.0,0.0,34.0,2.0,False,Active
5025,6,182,3263.97,90,830,0.51,0.49,0.0,111.0,0.0,696.0,0.0,101.0,453.0,0.0,51.0,0.0,3.0,553.0,0.0,845.0,115.0,0.0,336.0,0.0,0.0,2001.27,1208.34,54.36,0.0,0.0,0.0,123.0,3.0,0.0,43.0,7.0,0.0,0.0,False,Active
5027,17,812,42884.19,306,623,0.54,0.46,8732.0,521.0,0.0,547.0,0.0,716.0,2380.0,780.0,13370.0,0.0,45.0,6520.0,0.0,0.0,1738.0,84.0,7451.0,0.0,0.0,29315.19,3423.69,2963.36,0.0,0.0,256.31,621.0,0.0,44.0,39.0,8.0,6.0,0.0,False,Active
5028,15,725,33247.09,98,580,0.47,0.53,13713.0,3667.0,0.0,12169.0,0.0,30.0,1261.0,0.0,0.0,0.0,0.0,396.0,0.0,267.0,1339.0,0.0,406.0,0.0,0.0,27941.47,5053.08,0.0,0.0,0.0,252.54,383.0,1.0,0.0,59.0,29.0,0.0,12.0,False,Active
5030,15,718,57101.66,176,873,0.22,0.78,6688.0,481.0,0.0,795.0,0.0,5056.0,6394.0,173.0,8.0,0.0,0.0,239.0,0.0,1314.0,28684.0,0.0,7269.0,0.0,0.0,47294.62,3083.96,11.02,0.0,0.0,6712.06,642.0,7.0,0.0,21.0,8.0,1.0,14.0,False,Active
5031,5,944,20463.03,250,952,0.98,0.02,23.0,7.0,0.0,0.0,0.0,185.0,12774.0,170.0,29.0,0.0,5.0,1927.0,0.0,0.0,3393.0,402.0,1549.0,0.0,0.0,20302.88,160.15,0.0,0.0,0.0,0.0,932.0,9.0,1.0,1.0,0.0,1.0,0.0,False,Active
5032,1,34,674.08,19,832,1.0,0.0,0.0,0.0,0.0,0.0,0.0,55.0,0.0,0.0,0.0,0.0,0.0,0.0,0.0,0.0,0.0,40.0,579.0,0.0,0.0,674.08,0.0,0.0,0.0,0.0,0.0,34.0,0.0,0.0,0.0,0.0,0.0,0.0,False,Active
5036,7,108,19665.79,67,269,0.74,0.26,0.0,0.0,0.0,0.0,0.0,518.0,164.0,3118.0,7619.0,0.0,141.0,3162.0,0.0,0.0,4670.0,0.0,274.0,0.0,0.0,7840.81,537.13,6187.32,0.0,0.0,0.0,38.0,0.0,4.0,16.0,0.0,0.0,0.0,False,Active
5037,3,87,7180.91,43,565,0.35,0.65,0.0,758.0,0.0,140.0,0.0,579.0,127.0,0.0,492.0,0.0,0.0,14.0,0.0,0.0,3391.0,30.0,1650.0,0.0,0.0,6555.09,625.82,0.0,0.0,0.0,0.0,77.0,0.0,0.0,0.0,9.0,0.0,0.0,False,Active
5038,7,182,9827.35,86,603,0.96,0.04,925.0,31.0,0.0,157.0,0.0,69.0,4080.0,273.0,1547.0,0.0,75.0,1521.0,0.0,0.0,800.0,0.0,351.0,0.0,0.0,4637.05,1505.65,0.0,0.0,0.0,0.0,109.0,0.0,0.0,0.0,0.0,0.0,0.0,False,Active
5042,10,1189,38707.41,176,795,0.55,0.45,2100.0,2792.0,0.0,646.0,0.0,490.0,4029.0,404.0,0.0,0.0,132.0,3282.0,0.0,0.0,23915.0,0.0,917.0,0.0,0.0,32909.01,2478.27,253.03,0.0,0.0,3067.1,1078.0,19.0,2.0,35.0,3.0,0.0,21.0,False,Active
5043,7,547,10582.47,218,811,0.97,0.03,0.0,217.0,0.0,1282.0,0.0,61.0,3656.0,238.0,1074.0,0.0,1.0,1642.0,0.0,0.0,875.0,5.0,1533.0,0.0,0.0,9864.67,623.09,0.0,0.0,0.0,94.71,522.0,4.0,0.0,2.0,0.0,1.0,4.0,False,Active
5045,4,122,3890.66,71,215,0.61,0.39,0.0,113.0,0.0,149.0,0.0,53.0,1109.0,26.0,0.0,0.0,0.0,728.0,0.0,0.0,332.0,0.0,1380.0,0.0,0.0,1940.81,1949.85,0.0,0.0,0.0,0.0,76.0,0.0,42.0,0.0,0.0,0.0,0.0,False,Active
5051,17,1404,37234.37,544,867,0.66,0.34,0.0,706.0,0.0,4775.0,0.0,1393.0,6806.0,1337.0,5940.0,0.0,19.0,7236.0,0.0,0.0,4243.0,178.0,4601.0,0.0,0.0,28993.94,5367.12,0.0,0.0,0.0,541.67,1096.0,65.0,6.0,4.0,1.0,14.0,2.0,False,Active
5054,5,139,6041.76,16,579,0.0,1.0,0.0,4298.0,0.0,1057.0,0.0,99.0,0.0,0.0,0.0,0.0,0.0,4.0,0.0,0.0,583.0,0.0,2.0,0.0,0.0,5680.91,360.85,0.0,0.0,0.0,0.0,39.0,1.0,6.0,0.0,90.0,0.0,3.0,False,Active
5059,6,98,4473.6,33,956,0.08,0.92,303.0,1046.0,0.0,310.0,0.0,529.0,164.0,0.0,553.0,0.0,142.0,252.0,0.0,100.0,966.0,85.0,23.0,0.0,0.0,2927.54,1134.01,0.0,0.0,0.0,412.05,20.0,18.0,0.0,52.0,0.0,0.0,2.0,False,Active
5074,2,31,291.21,12,370,0.61,0.39,2.0,58.0,0.0,12.0,0.0,0.0,132.0,0.0,0.0,0.0,0.0,13.0,0.0,0.0,71.0,0.0,3.0,0.0,0.0,291.21,0.0,0.0,0.0,0.0,0.0,29.0,0.0,0.0,0.0,2.0,0.0,0.0,False,Active
5075,11,954,37888.05,263,723,0.93,0.07,373.0,119.0,0.0,216.0,0.0,331.0,1942.0,1299.0,6600.0,0.0,254.0,7764.0,0.0,0.0,13922.0,35.0,5033.0,0.0,0.0,29247.37,8640.68,0.0,0.0,0.0,0.0,779.0,38.0,107.0,1.0,0.0,2.0,0.0,False,Active
5077,7,473,49248.54,119,408,0.98,0.02,0.0,1399.0,0.0,0.0,0.0,15.0,19866.0,460.0,4569.0,0.0,9350.0,1697.0,0.0,0.0,10448.0,0.0,1444.0,0.0,0.0,1280.35,12220.18,21.61,0.0,0.0,0.0,3.0,0.0,0.0,2.0,0.0,1.0,0.0,False,Active
5078,3,16,873.6,3,24,0.0,1.0,0.0,533.0,0.0,130.0,0.0,0.0,0.0,0.0,0.0,0.0,0.0,0.0,0.0,0.0,211.0,0.0,0.0,0.0,0.0,663.0,210.6,0.0,0.0,0.0,0.0,1.0,0.0,0.0,0.0,14.0,0.0,0.0,False,Active
5081,9,250,3772.11,48,961,0.06,0.94,0.0,202.0,0.0,66.0,0.0,73.0,104.0,0.0,652.0,0.0,39.0,147.0,0.0,0.0,1185.0,0.0,1304.0,0.0,0.0,2506.43,651.25,594.16,0.0,0.0,20.27,147.0,0.0,3.0,25.0,39.0,1.0,19.0,False,Active
5082,1,7,585.5,7,610,1.0,0.0,0.0,0.0,0.0,99.0,0.0,0.0,18.0,0.0,0.0,0.0,0.0,0.0,0.0,0.0,449.0,0.0,19.0,0.0,0.0,585.5,0.0,0.0,0.0,0.0,0.0,7.0,0.0,0.0,0.0,0.0,0.0,0.0,False,Active
5085,1,108,11491.4,38,364,0.57,0.43,0.0,0.0,0.0,0.0,0.0,0.0,6653.0,437.0,0.0,0.0,0.0,0.0,0.0,0.0,4402.0,0.0,0.0,0.0,0.0,11491.4,0.0,0.0,0.0,0.0,0.0,108.0,0.0,0.0,0.0,0.0,0.0,0.0,False,Active
5086,5,787,35088.57,27,393,0.03,0.97,200.0,614.0,0.0,32424.0,0.0,0.0,543.0,0.0,0.0,0.0,112.0,0.0,0.0,0.0,1165.0,0.0,31.0,0.0,0.0,35049.63,0.0,0.0,0.0,0.0,38.94,783.0,1.0,0.0,0.0,1.0,0.0,0.0,False,Active
5087,12,553,35041.41,50,960,0.01,0.99,100.0,7099.0,0.0,761.0,0.0,717.0,891.0,730.0,0.0,0.0,0.0,44.0,0.0,0.0,24041.0,225.0,434.0,0.0,0.0,33180.81,1315.45,0.0,0.0,0.0,545.15,159.0,76.0,2.0,16.0,128.0,3.0,21.0,False,Active
5088,15,2350,75054.93,408,963,0.57,0.43,3001.0,6206.0,0.0,3184.0,0.0,652.0,23864.0,1907.0,2315.0,0.0,179.0,20606.0,0.0,166.0,8389.0,560.0,4026.0,0.0,0.0,68361.04,2795.82,0.0,0.0,0.0,955.53,1669.0,47.0,6.0,36.0,256.0,0.0,115.0,False,Active
5089,2,26,357.33,23,64,0.83,0.17,0.0,0.0,0.0,8.0,0.0,60.0,4.0,31.0,31.0,0.0,0.0,46.0,0.0,0.0,176.0,0.0,2.0,0.0,0.0,5.0,0.0,0.0,0.0,0.0,352.33,1.0,0.0,0.0,0.0,0.0,0.0,25.0,False,Active
5090,2,10,531.06,7,36,0.81,0.19,0.0,0.0,0.0,0.0,0.0,99.0,342.0,20.0,0.0,0.0,0.0,0.0,0.0,0.0,0.0,0.0,70.0,0.0,0.0,431.82,99.24,0.0,0.0,0.0,0.0,9.0,0.0,0.0,0.0,0.0,0.0,0.0,False,Active
5091,14,1133,63148.53,318,465,0.39,0.61,10408.0,3550.0,0.0,19977.0,0.0,590.0,7207.0,385.0,4064.0,0.0,201.0,5972.0,0.0,2185.0,5338.0,189.0,3083.0,0.0,0.0,51912.98,8146.77,0.0,0.0,0.0,2084.64,672.0,57.0,17.0,76.0,133.0,29.0,6.0,False,Active
5095,2,14,1978.82,7,756,1.0,0.0,0.0,0.0,0.0,0.0,0.0,35.0,0.0,0.0,40.0,0.0,0.0,1903.0,0.0,0.0,0.0,0.0,0.0,0.0,0.0,1943.4,35.42,0.0,0.0,0.0,0.0,13.0,0.0,1.0,0.0,0.0,0.0,0.0,False,Active
5096,2,13,81.93,7,94,0.14,0.86,0.0,0.0,0.0,0.0,0.0,0.0,12.0,0.0,0.0,0.0,0.0,0.0,0.0,0.0,70.0,0.0,0.0,0.0,0.0,81.93,0.0,0.0,0.0,0.0,0.0,5.0,0.0,0.0,0.0,0.0,0.0,0.0,False,Active
5106,2,8,95.5,5,447,0.94,0.06,0.0,4.0,0.0,0.0,0.0,0.0,10.0,0.0,0.0,0.0,0.0,0.0,0.0,0.0,2.0,0.0,80.0,0.0,0.0,95.5,0.0,0.0,0.0,0.0,0.0,6.0,0.0,0.0,0.0,2.0,0.0,0.0,False,Active
5115,3,235,9575.32,67,104,0.96,0.04,4600.0,239.0,0.0,125.0,0.0,39.0,824.0,21.0,104.0,0.0,282.0,795.0,0.0,0.0,890.0,13.0,1645.0,0.0,0.0,9486.14,89.18,0.0,0.0,0.0,0.0,228.0,0.0,6.0,1.0,0.0,0.0,0.0,False,Active
5116,15,932,19143.25,158,958,0.16,0.84,80.0,3640.0,0.0,3291.0,0.0,437.0,1847.0,191.0,2737.0,0.0,0.0,444.0,0.0,166.0,3591.0,39.0,2682.0,0.0,18.44,18191.13,176.85,0.0,0.0,0.0,756.83,436.0,9.0,1.0,151.0,77.0,0.0,176.0,False,Active
5118,12,202,11987.33,129,467,0.4,0.6,0.0,302.0,0.0,152.0,0.0,3214.0,315.0,56.0,3246.0,0.0,22.0,2760.0,0.0,0.0,678.0,47.0,1197.0,0.0,0.0,2885.76,8267.6,0.0,0.0,0.0,0.0,44.0,1.0,15.0,4.0,27.0,0.0,0.0,False,Active
5121,4,386,13562.89,94,468,0.91,0.09,3540.0,0.0,0.0,1205.0,0.0,106.0,2585.0,186.0,299.0,0.0,0.0,2716.0,0.0,0.0,379.0,0.0,2547.0,0.0,0.0,13254.38,308.51,0.0,0.0,0.0,0.0,363.0,11.0,0.0,0.0,0.0,0.0,0.0,False,Active
5122,11,658,9294.59,142,841,0.46,0.54,0.0,1891.0,0.0,232.0,0.0,63.0,2931.0,164.0,0.0,0.0,0.0,790.0,0.0,0.0,1820.0,47.0,1357.0,0.0,0.0,7745.68,1531.45,0.0,0.0,0.0,17.46,516.0,38.0,12.0,3.0,40.0,0.0,2.0,False,Active
5123,14,576,22418.15,167,589,0.31,0.69,4068.0,1588.0,0.0,9689.0,0.0,1423.0,1234.0,81.0,117.0,0.0,0.0,858.0,0.0,0.0,2954.0,21.0,385.0,0.0,0.0,20987.44,865.27,48.59,0.0,0.0,390.47,429.0,10.0,24.0,35.0,10.0,0.0,23.0,False,Active
5124,10,1002,18397.15,295,961,0.79,0.21,0.0,1332.0,0.0,1048.0,0.0,99.0,4681.0,953.0,2187.0,0.0,0.0,4552.0,0.0,0.0,2081.0,82.0,1383.0,0.0,0.0,17013.54,1186.63,196.98,0.0,0.0,0.0,865.0,14.0,13.0,2.0,69.0,3.0,0.0,False,Active
5125,3,184,6114.2,74,570,0.9,0.1,0.0,0.0,0.0,846.0,0.0,0.0,1923.0,279.0,15.0,0.0,10.0,1768.0,0.0,50.0,1130.0,0.0,94.0,0.0,0.0,6114.2,0.0,0.0,0.0,0.0,0.0,181.0,0.0,1.0,2.0,0.0,0.0,0.0,False,Active
5126,4,391,5573.74,123,414,0.45,0.55,0.0,11.0,0.0,41.0,0.0,1379.0,546.0,516.0,104.0,0.0,0.0,556.0,0.0,0.0,997.0,45.0,1379.0,0.0,0.0,67.49,20.55,5485.7,0.0,0.0,0.0,3.0,0.0,0.0,383.0,0.0,0.0,1.0,False,Active
5128,3,83,1216.13,12,313,0.18,0.82,0.0,182.0,0.0,676.0,0.0,0.0,115.0,0.0,0.0,0.0,0.0,0.0,0.0,0.0,243.0,0.0,0.0,0.0,0.0,603.07,0.0,0.0,0.0,0.0,613.06,17.0,0.0,0.0,2.0,64.0,0.0,0.0,False,Active
5133,1,2,2.2,2,11,1.0,0.0,0.0,0.0,0.0,0.0,0.0,0.0,2.0,0.0,0.0,0.0,0.0,0.0,0.0,0.0,0.0,0.0,0.0,0.0,0.0,2.2,0.0,0.0,0.0,0.0,0.0,2.0,0.0,0.0,0.0,0.0,0.0,0.0,False,Active
5143,3,10,741.83,6,236,0.0,1.0,0.0,0.0,0.0,0.0,0.0,0.0,164.0,0.0,3.0,0.0,0.0,0.0,0.0,0.0,493.0,0.0,82.0,0.0,0.0,738.36,3.47,0.0,0.0,0.0,0.0,2.0,0.0,0.0,3.0,0.0,0.0,0.0,False,Active
5145,2,73,1767.65,20,544,0.77,0.23,0.0,0.0,0.0,0.0,0.0,0.0,95.0,0.0,4.0,0.0,0.0,1322.0,0.0,0.0,0.0,0.0,347.0,0.0,0.0,1675.7,91.95,0.0,0.0,0.0,0.0,67.0,6.0,0.0,0.0,0.0,0.0,0.0,False,Active
5150,1,2,28.8,2,16,0.73,0.27,21.0,0.0,0.0,0.0,0.0,0.0,0.0,0.0,0.0,0.0,0.0,0.0,0.0,0.0,0.0,0.0,8.0,0.0,0.0,20.89,7.91,0.0,0.0,0.0,0.0,0.0,0.0,2.0,0.0,0.0,0.0,0.0,False,Active
5162,2,13,337.76,11,145,1.0,0.0,0.0,0.0,0.0,0.0,0.0,0.0,257.0,0.0,0.0,0.0,42.0,39.0,0.0,0.0,0.0,0.0,0.0,0.0,0.0,85.35,252.41,0.0,0.0,0.0,0.0,9.0,4.0,0.0,0.0,0.0,0.0,0.0,False,Active
5172,2,5,424.23,5,281,0.36,0.64,0.0,0.0,0.0,0.0,0.0,0.0,0.0,0.0,158.0,0.0,0.0,261.0,0.0,0.0,6.0,0.0,0.0,0.0,0.0,266.3,157.93,0.0,0.0,0.0,0.0,4.0,0.0,0.0,0.0,0.0,0.0,0.0,False,Active
5173,1,1,32.15,1,1,1.0,0.0,0.0,0.0,0.0,0.0,0.0,0.0,0.0,0.0,0.0,0.0,0.0,0.0,0.0,0.0,32.0,0.0,0.0,0.0,0.0,32.15,0.0,0.0,0.0,0.0,0.0,1.0,0.0,0.0,0.0,0.0,0.0,0.0,False,Active
5175,8,151,18795.7,91,892,0.95,0.05,0.0,0.0,0.0,0.0,0.0,1438.0,4405.0,689.0,6081.0,0.0,43.0,2401.0,0.0,0.0,2034.0,86.0,1619.0,0.0,0.0,403.94,18391.76,0.0,0.0,0.0,0.0,3.0,39.0,77.0,0.0,2.0,3.0,0.0,False,Active
5177,3,286,7985.74,91,743,0.98,0.02,0.0,72.0,0.0,0.0,0.0,0.0,2016.0,146.0,0.0,0.0,0.0,547.0,0.0,0.0,5178.0,18.0,9.0,0.0,0.0,7372.72,134.08,0.0,0.0,0.0,0.0,268.0,0.0,0.0,0.0,0.0,8.0,0.0,False,Active
5178,1,117,396.5,6,953,1.0,0.0,0.0,0.0,0.0,0.0,0.0,0.0,188.0,0.0,0.0,0.0,0.0,208.0,0.0,0.0,0.0,0.0,0.0,0.0,0.0,396.5,0.0,0.0,0.0,0.0,0.0,117.0,0.0,0.0,0.0,0.0,0.0,0.0,False,Active
5182,1,20,1207.35,16,371,0.53,0.47,0.0,0.0,0.0,0.0,0.0,0.0,20.0,0.0,581.0,0.0,0.0,503.0,0.0,0.0,0.0,0.0,104.0,0.0,0.0,1207.35,0.0,0.0,0.0,0.0,0.0,20.0,0.0,0.0,0.0,0.0,0.0,0.0,False,Active
5190,3,48,1525.04,20,99,0.68,0.32,0.0,40.0,0.0,0.0,0.0,0.0,587.0,0.0,0.0,0.0,0.0,194.0,0.0,0.0,704.0,0.0,0.0,0.0,0.0,1525.04,0.0,0.0,0.0,0.0,0.0,45.0,2.0,0.0,0.0,0.0,0.0,0.0,False,Active
5196,2,3,42.4,3,105,0.53,0.47,20.0,20.0,0.0,0.0,0.0,0.0,3.0,0.0,0.0,0.0,0.0,0.0,0.0,0.0,0.0,0.0,0.0,0.0,0.0,42.4,0.0,0.0,0.0,0.0,0.0,2.0,0.0,0.0,0.0,1.0,0.0,0.0,False,Active
5212,1,2,36.0,2,11,1.0,0.0,0.0,0.0,0.0,0.0,0.0,0.0,0.0,0.0,0.0,0.0,0.0,0.0,0.0,0.0,34.0,0.0,2.0,0.0,0.0,36.0,0.0,0.0,0.0,0.0,0.0,2.0,0.0,0.0,0.0,0.0,0.0,0.0,False,Active
5215,3,24,247.34,3,698,0.0,1.0,0.0,39.0,0.0,0.0,0.0,0.0,0.0,0.0,0.0,0.0,0.0,0.0,0.0,0.0,208.0,0.0,0.0,0.0,0.0,39.0,0.0,0.0,0.0,0.0,208.34,0.0,0.0,0.0,18.0,5.0,0.0,1.0,False,Active
5222,1,1,47.23,1,1,0.0,1.0,0.0,0.0,0.0,0.0,0.0,0.0,0.0,0.0,0.0,0.0,0.0,0.0,0.0,0.0,47.0,0.0,0.0,0.0,0.0,47.23,0.0,0.0,0.0,0.0,0.0,0.0,0.0,0.0,0.0,1.0,0.0,0.0,False,Active
5232,13,847,45908.49,335,960,0.62,0.38,700.0,1662.0,0.0,2192.0,0.0,464.0,5434.0,4.0,14668.0,0.0,130.0,11602.0,0.0,0.0,4039.0,5.0,5008.0,0.0,0.0,27147.98,14815.82,0.0,0.0,0.0,0.0,571.0,19.0,0.0,1.0,3.0,9.0,41.0,False,Active
5235,8,2861,129405.35,724,964,0.98,0.02,8514.0,611.0,0.0,841.0,0.0,2974.0,24846.0,1756.0,4840.0,0.0,60.0,37004.0,0.0,1304.0,28851.0,246.0,17559.0,0.0,0.0,99938.68,21352.9,0.0,7274.85,0.0,838.92,2434.0,1.0,0.0,16.0,0.0,0.0,13.0,False,Active
5236,4,155,1334.47,51,368,0.9,0.1,0.0,0.0,0.0,39.0,0.0,0.0,736.0,18.0,50.0,0.0,0.0,292.0,0.0,0.0,179.0,0.0,20.0,0.0,0.0,1318.02,6.53,0.0,0.0,0.0,0.0,151.0,0.0,0.0,0.0,0.0,2.0,0.0,False,Active
5237,11,1344,55040.57,407,964,0.87,0.13,218.0,1041.0,0.0,417.0,0.0,35.0,18402.0,4859.0,6685.0,0.0,46.0,5765.0,0.0,0.0,9253.0,50.0,8268.0,0.0,0.0,47399.04,3726.01,0.0,0.0,0.0,0.0,1094.0,36.0,3.0,7.0,67.0,23.0,0.0,False,Active
5238,10,492,14431.91,190,333,1.0,0.0,0.0,78.0,0.0,40.0,0.0,191.0,7471.0,317.0,335.0,0.0,0.0,3672.0,0.0,0.0,1397.0,0.0,932.0,0.0,0.0,9870.02,2483.69,345.8,0.0,1446.67,0.0,269.0,55.0,22.0,15.0,0.0,0.0,0.0,False,Active
5239,8,859,31891.27,331,720,0.68,0.32,748.0,1117.0,0.0,2263.0,0.0,300.0,6189.0,622.0,8312.0,0.0,49.0,6134.0,0.0,0.0,3951.0,482.0,1725.0,0.0,0.0,24773.5,5105.37,2012.4,0.0,0.0,0.0,697.0,6.0,36.0,62.0,34.0,2.0,0.0,False,Active
5240,1,182,2874.72,39,818,1.0,0.0,0.0,0.0,0.0,17.0,0.0,0.0,160.0,35.0,101.0,0.0,0.0,852.0,0.0,0.0,8.0,0.0,1702.0,0.0,0.0,2874.72,0.0,0.0,0.0,0.0,0.0,182.0,0.0,0.0,0.0,0.0,0.0,0.0,False,Active
5241,17,2269,63184.6,465,688,0.78,0.22,2795.0,1087.0,0.0,1636.0,0.0,228.0,20486.0,1734.0,3728.0,0.0,426.0,7579.0,0.0,0.0,11482.0,415.0,11588.0,0.0,0.0,54770.88,4881.03,0.0,0.0,0.0,523.85,1907.0,56.0,27.0,11.0,22.0,67.0,8.0,False,Active
5242,16,1785,73070.23,740,964,0.66,0.34,7790.0,438.0,0.0,2121.0,0.0,750.0,10227.0,1671.0,17936.0,0.0,245.0,14853.0,0.0,0.0,9305.0,486.0,7248.0,0.0,0.0,53590.96,5722.28,1356.45,0.0,0.0,3640.07,1278.0,92.0,4.0,49.0,0.0,31.0,1.0,False,Active
5243,4,41,1434.87,27,963,0.29,0.71,0.0,43.0,0.0,0.0,0.0,0.0,211.0,0.0,27.0,0.0,0.0,270.0,0.0,0.0,80.0,0.0,803.0,0.0,0.0,1317.35,74.25,0.0,0.0,0.0,43.27,32.0,2.0,0.0,5.0,0.0,0.0,0.0,False,Active
5244,8,86,3711.64,19,372,0.25,0.75,0.0,1270.0,0.0,2.0,0.0,94.0,929.0,10.0,0.0,0.0,101.0,0.0,0.0,144.0,869.0,0.0,293.0,0.0,0.0,2156.77,1531.32,0.0,0.0,0.0,23.55,35.0,5.0,1.0,1.0,14.0,0.0,4.0,False,Active
5249,9,1072,42739.22,234,754,0.79,0.21,50.0,677.0,0.0,1706.0,0.0,570.0,16403.0,2249.0,2900.0,0.0,0.0,2779.0,0.0,0.0,11913.0,58.0,3435.0,0.0,0.0,24873.77,17365.14,0.0,0.0,0.0,500.31,764.0,199.0,1.0,0.0,0.0,0.0,11.0,False,Active
5250,17,457,47950.46,106,530,0.08,0.92,0.0,9866.0,0.0,51.0,0.0,568.0,931.0,710.0,627.0,0.0,42.0,783.0,0.0,0.0,34022.0,36.0,314.0,0.0,0.0,30818.49,12596.09,57.03,0.0,0.0,4478.85,193.0,6.0,1.0,12.0,23.0,1.0,7.0,False,Active
5253,8,237,11527.63,106,610,0.51,0.49,0.0,755.0,0.0,1129.0,0.0,0.0,1545.0,172.0,29.0,0.0,87.0,139.0,0.0,0.0,7670.0,0.0,2.0,0.0,0.0,10543.68,983.95,0.0,0.0,0.0,0.0,206.0,11.0,0.0,2.0,0.0,0.0,0.0,False,Active
5254,11,165,4784.6,60,596,0.49,0.51,50.0,664.0,0.0,735.0,0.0,0.0,441.0,0.0,0.0,0.0,0.0,1023.0,0.0,0.0,1534.0,0.0,338.0,0.0,0.0,2957.21,1670.68,156.71,0.0,0.0,0.0,77.0,5.0,1.0,17.0,33.0,10.0,0.0,False,Active
5255,14,606,30123.13,312,917,0.33,0.67,2491.0,233.0,0.0,348.0,0.0,1985.0,2271.0,47.0,6127.0,0.0,2001.0,3320.0,0.0,9168.0,1163.0,81.0,890.0,0.0,15626.12,732.44,9345.34,189.78,0.0,0.0,24.35,5.0,2.0,6.0,2.0,0.0,0.0,0.0,False,Active
5256,6,175,5915.32,31,581,0.07,0.93,1615.0,15.0,0.0,3263.0,0.0,0.0,278.0,0.0,0.0,0.0,0.0,25.0,0.0,0.0,700.0,0.0,18.0,0.0,0.0,5915.32,0.0,0.0,0.0,0.0,0.0,17.0,0.0,0.0,66.0,0.0,0.0,3.0,False,Active
5257,4,58,2447.51,41,535,0.96,0.04,150.0,0.0,0.0,113.0,0.0,0.0,501.0,76.0,20.0,0.0,0.0,623.0,0.0,0.0,385.0,0.0,581.0,0.0,0.0,1182.09,7.46,0.0,0.0,0.0,1024.97,31.0,0.0,0.0,1.0,0.0,0.0,16.0,False,Active
5258,1,29,4513.75,22,639,0.99,0.01,0.0,0.0,0.0,0.0,0.0,0.0,64.0,0.0,68.0,0.0,0.0,253.0,0.0,0.0,4129.0,0.0,0.0,0.0,0.0,4513.75,0.0,0.0,0.0,0.0,0.0,29.0,0.0,0.0,0.0,0.0,0.0,0.0,False,Active
5261,5,309,3729.35,102,940,0.98,0.02,0.0,301.0,0.0,0.0,0.0,0.0,1414.0,166.0,31.0,0.0,0.0,1333.0,0.0,0.0,225.0,124.0,136.0,0.0,33.18,3653.75,35.9,0.0,0.0,0.0,0.0,300.0,0.0,0.0,0.0,0.0,0.0,0.0,False,Active
5262,6,242,4176.02,72,788,0.54,0.46,40.0,419.0,0.0,1171.0,0.0,0.0,1198.0,7.0,12.0,0.0,0.0,778.0,0.0,0.0,314.0,0.0,237.0,0.0,0.0,4176.02,0.0,0.0,0.0,0.0,0.0,205.0,0.0,0.0,1.0,13.0,0.0,0.0,False,Active
5263,19,1274,52614.37,492,964,0.61,0.39,8215.0,685.0,0.0,2480.0,0.0,1496.0,4361.0,1155.0,7250.0,0.0,312.0,8609.0,0.0,540.0,6915.0,642.0,9955.0,0.0,0.0,42706.81,7247.43,0.0,0.0,0.0,102.29,966.0,38.0,3.0,13.0,102.0,21.0,3.0,False,Active
5264,6,667,19400.42,332,416,0.7,0.3,100.0,1245.0,0.0,688.0,0.0,344.0,2959.0,1029.0,3245.0,0.0,30.0,2826.0,0.0,0.0,4676.0,66.0,2193.0,0.0,0.0,13077.7,116.28,6012.63,0.0,0.0,154.36,524.0,1.0,0.0,122.0,5.0,0.0,0.0,False,Active
5265,5,82,4410.83,37,494,0.9,0.1,1839.0,10.0,0.0,200.0,0.0,272.0,1034.0,0.0,0.0,0.0,365.0,78.0,0.0,0.0,506.0,0.0,106.0,0.0,0.0,4356.63,54.2,0.0,0.0,0.0,0.0,73.0,2.0,0.0,4.0,2.0,0.0,0.0,False,Active
5267,6,37,1664.28,26,764,1.0,0.0,741.0,0.0,0.0,0.0,0.0,0.0,353.0,8.0,114.0,0.0,0.0,181.0,0.0,0.0,202.0,0.0,64.0,0.0,0.0,219.62,1444.66,0.0,0.0,0.0,0.0,5.0,0.0,0.0,1.0,2.0,2.0,0.0,False,Active
5270,15,789,26398.89,147,886,0.57,0.43,5105.0,98.0,0.0,104.0,0.0,4.0,8211.0,476.0,2789.0,0.0,9.0,490.0,0.0,0.0,4832.0,159.0,4121.0,0.0,0.0,21124.39,185.89,45.72,0.0,0.0,1262.1,677.0,8.0,0.0,9.0,1.0,0.0,2.0,False,Active
5271,1,19,311.25,4,647,1.0,0.0,0.0,0.0,0.0,0.0,0.0,0.0,192.0,0.0,0.0,0.0,0.0,0.0,0.0,0.0,39.0,0.0,80.0,0.0,0.0,311.25,0.0,0.0,0.0,0.0,0.0,19.0,0.0,0.0,0.0,0.0,0.0,0.0,False,Active
5272,5,33,180.25,17,318,0.47,0.53,38.0,21.0,0.0,0.0,0.0,0.0,54.0,0.0,0.0,0.0,10.0,14.0,0.0,0.0,0.0,0.0,43.0,0.0,0.0,105.05,63.98,11.22,0.0,0.0,0.0,20.0,0.0,4.0,7.0,0.0,0.0,0.0,False,Active
5273,7,180,7337.61,71,308,0.33,0.67,1173.0,53.0,0.0,2428.0,0.0,0.0,1007.0,208.0,1503.0,0.0,0.0,543.0,0.0,0.0,89.0,0.0,334.0,0.0,0.0,5097.77,1975.08,0.0,0.0,0.0,0.0,169.0,1.0,0.0,1.0,1.0,0.0,0.0,False,Active
5278,9,704,18443.65,199,953,0.77,0.23,1950.0,2016.0,0.0,126.0,0.0,294.0,3264.0,413.0,0.0,0.0,514.0,832.0,0.0,0.0,7627.0,0.0,1408.0,0.0,0.0,18207.89,235.76,0.0,0.0,0.0,0.0,411.0,13.0,0.0,5.0,2.0,0.0,246.0,False,Active
5280,3,50,5941.23,25,237,0.55,0.45,0.0,0.0,0.0,0.0,0.0,1133.0,35.0,0.0,70.0,0.0,0.0,75.0,0.0,0.0,4615.0,0.0,13.0,0.0,0.0,3821.55,2119.68,0.0,0.0,0.0,0.0,47.0,0.0,0.0,0.0,0.0,2.0,0.0,False,Active
5281,6,74,709.5,29,816,0.63,0.37,0.0,56.0,0.0,60.0,0.0,0.0,36.0,0.0,0.0,0.0,0.0,204.0,0.0,0.0,291.0,0.0,63.0,0.0,0.0,699.99,9.51,0.0,0.0,0.0,0.0,50.0,2.0,0.0,0.0,17.0,0.0,0.0,False,Active
5282,15,454,24614.93,177,182,0.37,0.63,9526.0,1304.0,0.0,648.0,0.0,2727.0,1124.0,260.0,2786.0,0.0,276.0,2970.0,0.0,0.0,1585.0,0.0,1410.0,0.0,0.0,15020.41,890.61,0.0,0.0,2916.86,413.78,92.0,0.0,0.0,0.0,47.0,0.0,7.0,False,Active
5284,7,241,2448.97,60,462,0.92,0.08,0.0,51.0,0.0,0.0,0.0,0.0,418.0,6.0,0.0,0.0,10.0,207.0,0.0,0.0,386.0,102.0,1268.0,0.0,0.0,2393.08,44.26,0.0,0.0,0.0,0.0,221.0,12.0,2.0,0.0,1.0,1.0,0.0,False,Active
5285,10,1518,80412.56,356,943,0.95,0.05,0.0,68.0,0.0,2205.0,0.0,542.0,24838.0,964.0,9149.0,0.0,350.0,18450.0,0.0,0.0,13528.0,230.0,10089.0,0.0,0.0,62152.2,11307.55,0.0,0.0,0.0,4020.0,1353.0,13.0,0.0,1.0,0.0,50.0,38.0,False,Active
5288,7,110,9764.24,57,904,0.56,0.44,0.0,1249.0,0.0,20.0,0.0,50.0,1040.0,215.0,50.0,0.0,45.0,613.0,0.0,0.0,6342.0,0.0,141.0,0.0,0.0,7328.18,2409.64,0.0,0.0,0.0,0.0,67.0,13.0,25.0,0.0,2.0,0.0,0.0,False,Active
5290,10,1727,37484.28,246,962,0.75,0.25,0.0,138.0,0.0,2146.0,0.0,270.0,19615.0,72.0,1272.0,0.0,418.0,1147.0,0.0,0.0,10979.0,166.0,1209.0,53.0,0.0,35284.73,2199.55,0.0,0.0,0.0,0.0,1677.0,11.0,10.0,0.0,0.0,3.0,1.0,False,Active
5298,3,38,13374.47,9,919,0.03,0.97,2845.0,105.0,0.0,39.0,0.0,150.0,1.0,76.0,95.0,0.0,0.0,143.0,20.0,9887.0,0.0,0.0,15.0,0.0,0.0,13374.47,0.0,0.0,0.0,0.0,0.0,25.0,0.0,0.0,12.0,1.0,0.0,0.0,False,Active
5299,13,639,16725.99,177,951,0.48,0.52,5311.0,124.0,0.0,26.0,0.0,62.0,1586.0,343.0,5954.0,0.0,107.0,971.0,0.0,138.0,682.0,0.0,1403.0,20.0,0.0,6613.95,2977.5,8.93,6929.84,0.0,106.98,136.0,33.0,5.0,11.0,0.0,0.0,2.0,False,Active
5312,5,25,2377.71,20,276,0.89,0.11,29.0,20.0,0.0,240.0,0.0,0.0,62.0,0.0,149.0,0.0,0.0,2.0,0.0,0.0,1817.0,0.0,59.0,0.0,0.0,2268.15,2.98,0.0,0.0,0.0,0.0,16.0,0.0,1.0,1.0,1.0,0.0,0.0,False,Active
5313,5,294,7489.43,146,150,1.0,0.0,0.0,0.0,0.0,429.0,0.0,15.0,2014.0,509.0,183.0,0.0,0.0,1946.0,0.0,0.0,2174.0,60.0,161.0,0.0,0.0,7027.66,413.21,0.0,0.0,0.0,0.0,279.0,9.0,0.0,0.0,0.0,1.0,0.0,False,Active
5315,3,188,2538.29,25,159,0.89,0.11,0.0,0.0,0.0,223.0,0.0,0.0,474.0,0.0,5.0,0.0,0.0,1766.0,0.0,0.0,70.0,0.0,0.0,0.0,0.0,2285.9,252.39,0.0,0.0,0.0,0.0,179.0,0.0,6.0,0.0,0.0,0.0,0.0,False,Active
5327,3,33,3059.74,10,520,0.0,1.0,0.0,158.0,0.0,0.0,0.0,0.0,56.0,0.0,0.0,0.0,0.0,0.0,0.0,0.0,2845.0,0.0,0.0,0.0,0.0,2446.68,613.06,0.0,0.0,0.0,0.0,7.0,4.0,0.0,0.0,0.0,0.0,0.0,False,Active
5329,13,324,13164.24,253,809,0.65,0.35,16.0,6.0,0.0,326.0,0.0,1031.0,418.0,11.0,3633.0,0.0,159.0,4565.0,0.0,0.0,1666.0,38.0,1296.0,0.0,0.0,2678.05,9130.11,145.9,0.0,0.0,416.32,12.0,10.0,54.0,14.0,2.0,110.0,2.0,False,Active
5330,13,617,54688.66,357,819,0.54,0.46,0.0,845.0,0.0,1101.0,0.0,3198.0,10373.0,1006.0,7349.0,0.0,205.0,4930.0,0.0,5495.0,17233.0,164.0,2789.0,0.0,0.0,21863.52,25740.68,1425.36,0.0,0.0,521.76,175.0,6.0,30.0,25.0,0.0,241.0,1.0,False,Active
5331,17,1411,167357.92,424,964,0.32,0.68,7699.0,2307.0,1222.0,7883.0,73.0,3936.0,14618.0,9501.0,14806.0,0.0,1572.0,22277.0,0.0,4960.0,62638.0,749.0,13102.0,15.0,0.0,119783.8,33983.97,1298.37,0.0,0.0,12291.78,1002.0,45.0,0.0,51.0,45.0,30.0,27.0,False,Active
5332,13,1188,109241.77,416,935,0.89,0.11,161.0,1354.0,0.0,760.0,0.0,4233.0,23031.0,15860.0,5909.0,0.0,1141.0,8308.0,0.0,0.0,41230.0,928.0,6328.0,0.0,0.0,96148.31,12426.9,0.0,0.0,0.0,242.75,1032.0,5.0,115.0,1.0,0.0,2.0,1.0,False,Active
5333,12,776,54011.82,170,793,0.74,0.26,3800.0,12459.0,0.0,241.0,0.0,1467.0,12853.0,870.0,366.0,0.0,0.0,7516.0,0.0,0.0,12977.0,156.0,1308.0,0.0,19.05,46838.4,7154.37,0.0,0.0,0.0,0.0,464.0,3.0,142.0,11.0,87.0,0.0,0.0,False,Active
5334,20,1651,38628.51,358,964,0.48,0.52,1352.0,3500.0,0.0,4932.0,0.0,282.0,3204.0,913.0,1960.0,0.0,0.0,6780.0,0.0,328.0,14133.0,98.0,1147.0,0.0,0.0,31099.49,1694.32,39.09,0.0,0.0,1168.98,946.0,57.0,3.0,125.0,120.0,1.0,160.0,False,Active
5335,15,3087,191582.78,531,964,0.83,0.17,4370.0,5969.0,15254.0,2854.0,0.0,339.0,50316.0,5603.0,23469.0,0.0,3649.0,11112.0,0.0,0.0,46619.0,841.0,12446.0,8743.0,0.0,170964.4,9838.57,0.0,0.0,0.0,6303.41,2843.0,6.0,2.0,42.0,16.0,27.0,66.0,False,Active
5336,10,1243,51410.92,381,964,0.79,0.21,238.0,934.0,0.0,1339.0,0.0,101.0,27587.0,1372.0,3047.0,0.0,1446.0,6509.0,0.0,0.0,6546.0,170.0,2122.0,0.0,0.0,43777.42,7518.67,0.0,0.0,0.0,114.83,1043.0,70.0,19.0,0.0,1.0,0.0,1.0,False,Active
5337,21,2064,92995.76,648,925,0.51,0.49,1203.0,3666.0,0.0,4701.0,0.0,312.0,9242.0,1616.0,12597.0,0.0,184.0,18705.0,0.0,0.0,29939.0,121.0,10709.0,0.0,0.0,76701.07,10492.61,156.55,0.0,0.0,1725.62,1521.0,45.0,58.0,57.0,48.0,0.0,128.0,False,Active
5338,16,2129,51482.04,576,960,0.8,0.2,3096.0,993.0,0.0,1812.0,0.0,314.0,11372.0,847.0,1611.0,0.0,370.0,17658.0,0.0,0.0,8340.0,247.0,4822.0,0.0,0.0,42314.16,3412.76,40.01,0.0,0.0,535.79,1741.0,73.0,4.0,6.0,8.0,47.0,1.0,False,Active
5344,10,669,25902.99,237,962,0.81,0.19,1790.0,1037.0,0.0,7016.0,0.0,348.0,5064.0,1886.0,844.0,0.0,0.0,4987.0,0.0,96.0,2037.0,0.0,799.0,0.0,0.0,24923.58,369.94,0.0,0.0,0.0,609.47,570.0,6.0,6.0,3.0,4.0,0.0,18.0,False,Active
5345,13,281,27040.7,224,430,0.54,0.46,0.0,141.0,0.0,114.0,0.0,222.0,881.0,502.0,16995.0,0.0,2.0,3223.0,0.0,0.0,3367.0,21.0,1572.0,0.0,0.0,5155.99,18037.86,0.0,0.0,0.0,1327.19,83.0,20.0,37.0,0.0,0.0,63.0,0.0,False,Active
5346,8,214,5744.88,135,435,0.64,0.36,350.0,116.0,0.0,1185.0,0.0,50.0,558.0,279.0,312.0,0.0,0.0,1028.0,0.0,0.0,1697.0,86.0,85.0,0.0,0.0,1171.78,531.63,5.21,0.0,0.0,4036.26,86.0,8.0,1.0,1.0,0.0,7.0,109.0,False,Active
5347,6,147,10138.97,84,783,0.94,0.06,215.0,6.0,0.0,0.0,0.0,211.0,3109.0,35.0,807.0,0.0,0.0,2684.0,0.0,0.0,911.0,0.0,2161.0,0.0,0.0,4686.1,2926.09,2524.63,0.0,0.0,0.0,57.0,0.0,32.0,29.0,0.0,0.0,0.0,False,Active
5351,12,225,19012.69,68,480,0.81,0.19,9790.0,253.0,0.0,0.0,0.0,1213.0,1671.0,3000.0,1416.0,0.0,118.0,207.0,0.0,0.0,705.0,0.0,639.0,0.0,0.0,5384.66,10698.28,0.0,0.0,0.0,0.0,33.0,45.0,0.0,0.0,0.0,5.0,99.0,False,Active
5352,6,378,15423.41,77,643,0.97,0.03,0.0,47.0,0.0,0.0,0.0,158.0,8094.0,2068.0,80.0,0.0,1044.0,548.0,0.0,0.0,3100.0,0.0,284.0,0.0,24.26,310.2,15088.95,0.0,0.0,0.0,0.0,20.0,349.0,0.0,0.0,0.0,2.0,0.0,False,Active
5353,5,730,34293.37,180,723,1.0,0.0,0.0,0.0,0.0,362.0,0.0,20.0,27350.0,542.0,1528.0,0.0,252.0,1987.0,0.0,0.0,1167.0,95.0,991.0,0.0,0.0,27597.0,6696.37,0.0,0.0,0.0,0.0,576.0,31.0,28.0,0.0,0.0,44.0,0.0,False,Active
5354,10,206,3392.16,57,562,0.27,0.73,20.0,190.0,0.0,441.0,0.0,136.0,517.0,0.0,0.0,0.0,6.0,176.0,8.0,0.0,1061.0,8.0,830.0,0.0,0.0,2906.87,96.45,38.27,0.0,0.0,206.88,136.0,11.0,0.0,2.0,34.0,0.0,2.0,False,Active
5355,8,332,13353.83,127,529,0.77,0.23,0.0,13.0,0.0,739.0,0.0,1684.0,1565.0,3684.0,778.0,0.0,46.0,296.0,0.0,0.0,3556.0,17.0,975.0,0.0,0.0,4587.46,348.3,0.0,0.0,0.0,0.0,187.0,0.0,0.0,0.0,0.0,8.0,0.0,False,Active
5356,12,161,21655.64,126,712,0.78,0.22,665.0,0.0,0.0,325.0,0.0,18.0,474.0,2268.0,13709.0,0.0,0.0,2349.0,0.0,0.0,445.0,8.0,1395.0,0.0,0.0,1116.31,9868.71,0.0,0.0,0.0,2520.85,8.0,4.0,4.0,0.0,1.0,33.0,0.0,False,Active
5361,5,151,3040.49,60,338,0.81,0.19,1143.0,47.0,0.0,0.0,0.0,6.0,719.0,66.0,6.0,0.0,0.0,419.0,0.0,0.0,292.0,40.0,302.0,0.0,0.0,2557.3,21.77,0.0,0.0,0.0,8.3,122.0,0.0,0.0,0.0,7.0,0.0,0.0,False,Active
5364,3,61,1124.81,43,585,0.8,0.2,0.0,66.0,0.0,141.0,0.0,0.0,184.0,38.0,0.0,0.0,0.0,98.0,0.0,0.0,409.0,0.0,189.0,0.0,0.0,556.5,568.31,0.0,0.0,0.0,0.0,27.0,32.0,0.0,2.0,0.0,0.0,0.0,False,Active
5366,4,150,6255.04,17,381,1.0,0.0,1350.0,0.0,0.0,0.0,0.0,0.0,86.0,0.0,150.0,0.0,1269.0,1316.0,0.0,0.0,1891.0,0.0,193.0,0.0,0.0,4374.26,1880.78,0.0,0.0,0.0,0.0,14.0,1.0,0.0,0.0,0.0,0.0,0.0,False,Active
5376,10,307,9695.23,156,838,0.68,0.32,1002.0,40.0,0.0,130.0,0.0,81.0,1288.0,17.0,779.0,0.0,0.0,3601.0,0.0,1616.0,598.0,0.0,544.0,0.0,0.0,5836.89,2944.42,0.0,0.0,849.04,0.0,210.0,0.0,0.0,1.0,0.0,63.0,0.0,False,Active
5390,9,139,5493.52,45,950,0.02,0.98,0.0,3023.0,0.0,189.0,0.0,41.0,1175.0,15.0,0.0,0.0,114.0,195.0,0.0,0.0,741.0,0.0,0.0,0.0,0.0,4126.19,1057.63,0.0,0.0,0.0,309.7,13.0,31.0,0.0,6.0,0.0,0.0,23.0,False,Active
5396,7,98,2821.94,71,866,0.96,0.04,869.0,46.0,0.0,0.0,0.0,41.0,595.0,6.0,119.0,0.0,0.0,398.0,0.0,0.0,166.0,19.0,563.0,0.0,0.0,820.82,1120.06,0.0,0.0,0.0,0.0,45.0,8.0,36.0,0.0,0.0,0.0,2.0,False,Active
5399,8,560,12627.23,22,79,0.03,0.97,5257.0,545.0,0.0,3232.0,0.0,3142.0,344.0,20.0,0.0,0.0,0.0,0.0,0.0,0.0,60.0,0.0,26.0,0.0,0.0,5724.7,3801.57,0.0,0.0,0.0,3100.96,47.0,18.0,0.0,1.0,94.0,0.0,0.0,False,Active
5401,4,11,3657.48,10,31,0.0,1.0,0.0,249.0,0.0,1582.0,0.0,0.0,0.0,0.0,1740.0,0.0,0.0,0.0,0.0,0.0,86.0,0.0,0.0,0.0,0.0,617.0,2079.6,0.0,0.0,0.0,960.88,0.0,3.0,0.0,0.0,0.0,0.0,3.0,False,Active
5408,2,30,507.66,6,19,0.78,0.22,0.0,113.0,0.0,0.0,0.0,0.0,67.0,0.0,0.0,0.0,0.0,327.0,0.0,0.0,0.0,0.0,0.0,0.0,0.0,394.35,57.93,0.0,0.0,0.0,55.38,28.0,0.0,0.0,0.0,0.0,0.0,0.0,False,Active
5409,6,1294,26596.43,188,908,0.75,0.25,6960.0,616.0,0.0,63.0,0.0,350.0,7052.0,226.0,204.0,0.0,0.0,1087.0,0.0,0.0,7544.0,0.0,2496.0,0.0,0.0,26577.25,19.18,0.0,0.0,0.0,0.0,1211.0,10.0,0.0,1.0,0.0,0.0,1.0,False,Active
5410,10,507,7401.3,129,904,0.77,0.23,1225.0,219.0,0.0,20.0,0.0,114.0,2007.0,235.0,646.0,0.0,0.0,1813.0,0.0,0.0,128.0,0.0,993.0,0.0,0.0,4979.93,2275.02,0.0,0.0,0.0,146.35,355.0,12.0,17.0,2.0,0.0,30.0,2.0,False,Active
5411,1,161,5608.11,48,923,1.0,0.0,0.0,0.0,0.0,0.0,0.0,0.0,1662.0,58.0,0.0,0.0,0.0,37.0,0.0,0.0,217.0,0.0,3633.0,0.0,0.0,5608.11,0.0,0.0,0.0,0.0,0.0,161.0,0.0,0.0,0.0,0.0,0.0,0.0,False,Active
5413,20,1510,90730.51,348,954,0.27,0.73,11186.0,5966.0,0.0,1772.0,0.0,703.0,16557.0,2861.0,3307.0,0.0,779.0,2593.0,0.0,20214.0,22643.0,439.0,1709.0,0.0,285.08,68491.16,18563.53,120.71,0.0,0.0,2451.5,819.0,127.0,21.0,39.0,135.0,2.0,35.0,False,Active
5417,5,143,4582.24,63,482,1.0,0.0,0.0,124.0,0.0,345.0,0.0,298.0,530.0,160.0,298.0,0.0,0.0,1948.0,0.0,0.0,655.0,0.0,224.0,0.0,0.0,4391.85,190.39,0.0,0.0,0.0,0.0,136.0,0.0,3.0,2.0,0.0,1.0,0.0,False,Active
5420,2,39,732.93,6,177,0.11,0.89,0.0,0.0,0.0,655.0,0.0,0.0,75.0,0.0,0.0,0.0,0.0,0.0,0.0,0.0,0.0,0.0,3.0,0.0,0.0,732.93,0.0,0.0,0.0,0.0,0.0,12.0,0.0,0.0,0.0,0.0,0.0,0.0,False,Active
5426,7,156,3354.19,100,645,0.86,0.14,50.0,209.0,0.0,40.0,0.0,6.0,708.0,292.0,6.0,0.0,0.0,211.0,0.0,0.0,1126.0,317.0,390.0,0.0,0.0,2590.6,670.57,0.0,0.0,0.0,14.33,117.0,22.0,0.0,0.0,1.0,0.0,3.0,False,Active
5431,9,144,9512.61,67,913,0.56,0.44,59.0,74.0,0.0,324.0,0.0,518.0,1726.0,16.0,370.0,0.0,59.0,163.0,0.0,0.0,1556.0,0.0,4647.0,0.0,0.0,4229.65,3487.96,0.0,0.0,0.0,5.56,14.0,61.0,0.0,3.0,0.0,2.0,2.0,False,Active
5435,3,26,358.99,13,405,0.62,0.38,256.0,26.0,0.0,4.0,0.0,0.0,72.0,0.0,0.0,0.0,0.0,0.0,0.0,0.0,0.0,0.0,0.0,0.0,0.0,358.99,0.0,0.0,0.0,0.0,0.0,18.0,0.0,0.0,1.0,0.0,0.0,7.0,False,Active
5437,9,151,3834.34,64,929,0.65,0.35,100.0,67.0,0.0,407.0,0.0,0.0,282.0,91.0,1099.0,0.0,21.0,319.0,0.0,998.0,416.0,0.0,33.0,0.0,12.45,1091.54,498.0,0.0,0.0,0.0,31.92,17.0,0.0,0.0,1.0,26.0,0.0,1.0,False,Active
5443,3,71,4489.13,20,947,1.0,0.0,0.0,0.0,0.0,105.0,0.0,0.0,93.0,0.0,25.0,0.0,7.0,0.0,0.0,0.0,0.0,3.0,4257.0,0.0,0.0,4232.31,256.82,0.0,0.0,0.0,0.0,56.0,2.0,13.0,0.0,0.0,0.0,0.0,False,Active
5444,2,5,51.39,2,139,0.0,1.0,0.0,31.0,0.0,0.0,0.0,0.0,20.0,0.0,0.0,0.0,0.0,0.0,0.0,0.0,0.0,0.0,0.0,0.0,0.0,0.0,51.39,0.0,0.0,0.0,0.0,0.0,1.0,4.0,0.0,0.0,0.0,0.0,False,Active
5446,5,14,2359.13,6,698,0.0,1.0,1185.0,10.0,0.0,0.0,0.0,0.0,0.0,0.0,1080.0,0.0,0.0,0.0,0.0,0.0,82.0,0.0,3.0,0.0,0.0,112.8,0.0,0.0,0.0,0.0,1166.32,2.0,0.0,0.0,1.0,0.0,0.0,3.0,False,Active
5449,2,3,17.0,2,197,0.0,1.0,0.0,11.0,0.0,0.0,0.0,0.0,0.0,0.0,0.0,0.0,0.0,0.0,0.0,0.0,6.0,0.0,0.0,0.0,0.0,17.0,0.0,0.0,0.0,0.0,0.0,0.0,0.0,0.0,0.0,2.0,0.0,0.0,False,Active
5450,2,160,8300.05,16,704,0.92,0.08,0.0,21.0,0.0,0.0,0.0,0.0,8095.0,88.0,0.0,0.0,0.0,0.0,0.0,0.0,0.0,80.0,16.0,0.0,0.0,8279.55,20.5,0.0,0.0,0.0,0.0,158.0,0.0,0.0,0.0,0.0,0.0,0.0,False,Active
5451,1,36,920.5,29,951,0.94,0.06,0.0,0.0,0.0,15.0,0.0,0.0,171.0,8.0,200.0,0.0,0.0,442.0,0.0,0.0,60.0,0.0,24.0,0.0,0.0,920.5,0.0,0.0,0.0,0.0,0.0,36.0,0.0,0.0,0.0,0.0,0.0,0.0,False,Active
5452,7,120,10039.16,62,362,0.8,0.2,0.0,826.0,0.0,326.0,0.0,110.0,312.0,0.0,404.0,0.0,7.0,5738.0,0.0,0.0,1044.0,0.0,1273.0,0.0,0.0,9508.61,434.66,0.0,0.0,0.0,95.89,82.0,1.0,1.0,0.0,1.0,2.0,18.0,False,Active
5455,6,125,1486.54,13,785,0.0,1.0,0.0,778.0,0.0,123.0,0.0,115.0,67.0,0.0,76.0,0.0,0.0,0.0,0.0,0.0,328.0,0.0,0.0,0.0,0.0,883.1,96.21,0.0,0.0,0.0,507.23,35.0,0.0,0.0,31.0,25.0,0.0,4.0,False,Active
5456,4,40,870.32,11,963,0.77,0.23,303.0,0.0,0.0,160.0,0.0,0.0,42.0,0.0,93.0,0.0,0.0,145.0,0.0,0.0,128.0,0.0,0.0,0.0,0.0,401.9,468.42,0.0,0.0,0.0,0.0,35.0,0.0,1.0,0.0,0.0,1.0,0.0,False,Active
5457,2,886,12981.21,231,959,1.0,0.0,0.0,83.0,0.0,212.0,0.0,1.0,6039.0,490.0,354.0,0.0,24.0,3179.0,0.0,0.0,1934.0,20.0,647.0,0.0,0.0,12878.99,102.22,0.0,0.0,0.0,0.0,872.0,0.0,0.0,0.0,0.0,0.0,0.0,False,Active
5460,1,109,12670.6,28,461,1.0,0.0,0.0,0.0,0.0,0.0,0.0,0.0,11992.0,207.0,34.0,0.0,0.0,0.0,0.0,0.0,324.0,0.0,114.0,0.0,0.0,12670.6,0.0,0.0,0.0,0.0,0.0,109.0,0.0,0.0,0.0,0.0,0.0,0.0,False,Active
5481,3,36,1684.96,8,190,0.16,0.84,0.0,545.0,0.0,790.0,0.0,41.0,121.0,156.0,0.0,0.0,0.0,32.0,0.0,0.0,0.0,0.0,0.0,0.0,0.0,1684.96,0.0,0.0,0.0,0.0,0.0,11.0,0.0,0.0,0.0,24.0,0.0,0.0,False,Active
5484,7,751,6848.57,173,676,0.99,0.01,0.0,0.0,0.0,30.0,0.0,16.0,2407.0,151.0,31.0,0.0,0.0,3277.0,0.0,0.0,753.0,19.0,164.0,0.0,0.0,6091.32,317.5,222.27,0.0,0.0,0.0,697.0,4.0,5.0,11.0,0.0,21.0,0.0,False,Active
5485,1,46,822.01,19,566,1.0,0.0,0.0,0.0,0.0,0.0,0.0,0.0,288.0,2.0,0.0,0.0,0.0,89.0,0.0,0.0,0.0,0.0,443.0,0.0,0.0,822.01,0.0,0.0,0.0,0.0,0.0,46.0,0.0,0.0,0.0,0.0,0.0,0.0,False,Active
5511,2,3,346.91,3,317,0.0,1.0,0.0,0.0,0.0,0.0,0.0,0.0,271.0,0.0,0.0,0.0,0.0,0.0,0.0,0.0,76.0,0.0,0.0,0.0,0.0,76.15,0.0,0.0,0.0,0.0,270.76,1.0,0.0,0.0,0.0,0.0,0.0,0.0,False,Active
5513,2,17,178.12,13,169,1.0,0.0,0.0,0.0,0.0,0.0,0.0,0.0,48.0,0.0,0.0,0.0,0.0,101.0,0.0,0.0,30.0,0.0,0.0,0.0,0.0,159.3,0.0,0.0,0.0,0.0,18.82,16.0,0.0,0.0,0.0,0.0,0.0,1.0,False,Active
5518,1,1,14.9,1,1,1.0,0.0,0.0,0.0,0.0,0.0,0.0,0.0,15.0,0.0,0.0,0.0,0.0,0.0,0.0,0.0,0.0,0.0,0.0,0.0,0.0,14.9,0.0,0.0,0.0,0.0,0.0,1.0,0.0,0.0,0.0,0.0,0.0,0.0,False,Active
5522,1,1,7.7,1,1,1.0,0.0,0.0,0.0,0.0,0.0,0.0,0.0,0.0,0.0,0.0,0.0,0.0,8.0,0.0,0.0,0.0,0.0,0.0,0.0,0.0,7.7,0.0,0.0,0.0,0.0,0.0,1.0,0.0,0.0,0.0,0.0,0.0,0.0,False,Active
5534,3,21,265.66,3,104,0.0,1.0,0.0,0.0,0.0,266.0,0.0,0.0,0.0,0.0,0.0,0.0,0.0,0.0,0.0,0.0,0.0,0.0,0.0,0.0,0.0,124.9,140.76,0.0,0.0,0.0,0.0,4.0,0.0,0.0,0.0,0.0,0.0,0.0,False,Active
5550,3,95,1280.58,30,660,0.93,0.07,0.0,0.0,0.0,0.0,0.0,0.0,16.0,0.0,0.0,0.0,0.0,589.0,0.0,0.0,118.0,0.0,558.0,0.0,0.0,1225.32,55.26,0.0,0.0,0.0,0.0,93.0,1.0,1.0,0.0,0.0,0.0,0.0,False,Active
5553,1,3,17.95,3,13,1.0,0.0,0.0,0.0,0.0,0.0,0.0,0.0,18.0,0.0,0.0,0.0,0.0,0.0,0.0,0.0,0.0,0.0,0.0,0.0,0.0,17.95,0.0,0.0,0.0,0.0,0.0,3.0,0.0,0.0,0.0,0.0,0.0,0.0,False,Active
5556,1,4,1326.99,2,409,0.0,1.0,0.0,0.0,0.0,0.0,0.0,0.0,0.0,0.0,0.0,0.0,0.0,0.0,0.0,0.0,1327.0,0.0,0.0,0.0,0.0,1326.99,0.0,0.0,0.0,0.0,0.0,4.0,0.0,0.0,0.0,0.0,0.0,0.0,False,Active
5569,2,4,24.5,2,157,0.0,1.0,0.0,25.0,0.0,0.0,0.0,0.0,0.0,0.0,0.0,0.0,0.0,0.0,0.0,0.0,0.0,0.0,0.0,0.0,0.0,10.0,14.5,0.0,0.0,0.0,0.0,1.0,3.0,0.0,0.0,0.0,0.0,0.0,False,Active
