customer_id,n_country,n_transactions,total_amount,n_counterparts,days_active,pos_perc,ecom_perc,cat_cash,cat_communication,cat_education,cat_entertainment,cat_fitness,cat_general,cat_groceries,cat_health,cat_holidays,cat_hotel,cat_living,cat_restaurant,cat_salary,cat_savings,cat_shopping,cat_tax,cat_transport,cat_wellness,cur_aud,cur_chf,cur_eur,cur_gbp,cur_mxn,cur_thb,cur_usd,country_ch,country_de,country_fr,country_gb,country_ie,country_it,country_us,churned,segment
18,11,127,17251.64,58,163,0.19,0.81,9240.0,153.0,0.0,116.0,0.0,210.0,450.0,15.0,0.0,0.0,0.0,441.0,0.0,5789.0,717.0,0.0,120.0,0.0,0.0,7005.09,5873.01,0.0,0.0,0.0,4051.32,64.0,2.0,2.0,24.0,3.0,0.0,0.0,True,Churned
23,5,218,4036.36,45,341,0.97,0.03,0.0,22.0,0.0,0.0,0.0,0.0,1188.0,195.0,0.0,0.0,34.0,1563.0,0.0,0.0,342.0,0.0,693.0,0.0,0.0,3977.5,58.86,0.0,0.0,0.0,0.0,212.0,1.0,0.0,0.0,1.0,0.0,0.0,True,Churned
24,3,137,26690.15,60,583,0.2,0.8,0.0,0.0,3628.0,202.0,0.0,0.0,2005.0,527.0,276.0,0.0,68.0,769.0,0.0,17041.0,1226.0,0.0,947.0,0.0,0.0,8763.37,17926.78,0.0,0.0,0.0,0.0,105.0,15.0,0.0,0.0,0.0,0.0,0.0,True,Churned
26,1,23,300.45,10,153,1.0,0.0,0.0,0.0,0.0,0.0,0.0,0.0,144.0,0.0,0.0,0.0,0.0,146.0,0.0,0.0,0.0,11.0,0.0,0.0,0.0,300.45,0.0,0.0,0.0,0.0,0.0,23.0,0.0,0.0,0.0,0.0,0.0,0.0,True,Churned
29,13,302,12695.09,226,668,0.66,0.34,780.0,0.0,0.0,653.0,0.0,58.0,932.0,123.0,3540.0,0.0,0.0,3138.0,0.0,0.0,1794.0,183.0,1494.0,0.0,0.0,4017.36,5832.71,0.0,0.0,0.0,347.33,93.0,48.0,0.0,1.0,13.0,38.0,0.0,True,Churned
30,6,54,1208.55,51,359,0.78,0.22,0.0,12.0,0.0,52.0,0.0,0.0,72.0,6.0,185.0,0.0,0.0,559.0,0.0,0.0,211.0,0.0,112.0,0.0,0.0,23.29,164.17,496.06,0.0,0.0,202.05,2.0,0.0,9.0,12.0,0.0,0.0,5.0,True,Churned
34,1,114,5835.0,18,284,0.16,0.84,0.0,0.0,0.0,4937.0,0.0,0.0,500.0,0.0,0.0,0.0,0.0,142.0,0.0,0.0,141.0,115.0,0.0,0.0,0.0,5835.0,0.0,0.0,0.0,0.0,0.0,114.0,0.0,0.0,0.0,0.0,0.0,0.0,True,Churned
38,7,514,15642.88,320,387,0.63,0.37,716.0,26.0,0.0,468.0,0.0,28.0,407.0,73.0,5769.0,0.0,115.0,3368.0,0.0,0.0,2469.0,51.0,2155.0,0.0,0.0,1730.9,1577.3,107.12,0.0,0.0,11169.87,17.0,16.0,0.0,7.0,0.0,0.0,378.0,True,Churned
42,2,137,1404.53,20,792,0.94,0.06,25.0,24.0,0.0,71.0,0.0,0.0,167.0,0.0,270.0,0.0,0.0,733.0,0.0,0.0,0.0,0.0,114.0,0.0,0.0,1404.53,0.0,0.0,0.0,0.0,0.0,136.0,0.0,0.0,1.0,0.0,0.0,0.0,True,Churned
47,3,105,1698.68,51,712,0.79,0.21,0.0,206.0,0.0,97.0,0.0,0.0,326.0,24.0,0.0,0.0,11.0,598.0,0.0,0.0,280.0,0.0,157.0,0.0,0.0,1047.87,650.81,0.0,0.0,0.0,0.0,74.0,0.0,13.0,0.0,0.0,18.0,0.0,True,Churned
48,18,286,8620.71,148,372,0.41,0.59,2599.0,331.0,0.0,199.0,0.0,19.0,148.0,81.0,4001.0,0.0,0.0,450.0,0.0,0.0,184.0,176.0,432.0,0.0,0.0,1184.27,2168.71,0.0,43.48,943.9,986.0,41.0,1.0,0.0,10.0,0.0,0.0,4.0,True,Churned
54,1,19,79.85,13,61,1.0,0.0,0.0,1.0,0.0,0.0,0.0,0.0,51.0,0.0,0.0,0.0,1.0,0.0,0.0,0.0,26.0,0.0,2.0,0.0,0.0,79.85,0.0,0.0,0.0,0.0,0.0,19.0,0.0,0.0,0.0,0.0,0.0,0.0,True,Churned
60,5,101,1168.38,54,287,0.62,0.38,20.0,293.0,0.0,130.0,0.0,0.0,342.0,61.0,0.0,0.0,0.0,166.0,0.0,16.0,108.0,0.0,33.0,0.0,0.0,1106.39,61.99,0.0,0.0,0.0,0.0,83.0,2.0,0.0,9.0,0.0,0.0,6.0,True,Churned
61,1,7,111.55,4,125,1.0,0.0,0.0,0.0,0.0,0.0,0.0,0.0,93.0,0.0,0.0,0.0,0.0,9.0,0.0,0.0,10.0,0.0,0.0,0.0,0.0,111.55,0.0,0.0,0.0,0.0,0.0,7.0,0.0,0.0,0.0,0.0,0.0,0.0,True,Churned
63,3,63,3297.1,45,61,0.62,0.38,200.0,9.0,0.0,0.0,0.0,14.0,958.0,76.0,0.0,0.0,0.0,510.0,0.0,888.0,446.0,6.0,190.0,0.0,0.0,3176.63,106.6,0.0,0.0,0.0,13.87,60.0,0.0,0.0,0.0,0.0,0.0,2.0,True,Churned
64,5,178,3523.37,44,364,0.46,0.54,0.0,1474.0,0.0,36.0,0.0,50.0,105.0,0.0,50.0,0.0,0.0,481.0,0.0,0.0,1274.0,0.0,54.0,0.0,0.0,3307.24,50.01,0.0,0.0,0.0,94.11,61.0,2.0,0.0,4.0,83.0,0.0,28.0,True,Churned
65,3,152,11540.26,51,120,0.93,0.07,9053.0,20.0,0.0,0.0,0.0,1.0,512.0,55.0,0.0,0.0,126.0,198.0,0.0,0.0,1538.0,0.0,38.0,0.0,0.0,310.73,615.32,0.0,0.0,0.0,106.35,0.0,0.0,0.0,1.0,0.0,0.0,0.0,True,Churned
68,8,38,5321.31,27,560,0.05,0.95,3173.0,88.0,0.0,50.0,0.0,0.0,180.0,0.0,0.0,0.0,0.0,44.0,0.0,300.0,1464.0,0.0,22.0,0.0,0.0,2079.67,3206.09,0.0,0.0,0.0,35.55,23.0,3.0,0.0,0.0,2.0,0.0,0.0,True,Churned
69,11,333,11876.12,192,895,0.57,0.43,250.0,116.0,0.0,132.0,0.0,48.0,1193.0,125.0,1568.0,0.0,144.0,2846.0,0.0,2555.0,2380.0,0.0,520.0,0.0,0.0,7701.69,3862.83,0.0,0.0,0.0,178.91,278.0,6.0,0.0,6.0,0.0,2.0,1.0,True,Churned
70,4,237,10759.96,87,206,0.59,0.41,0.0,137.0,0.0,0.0,0.0,0.0,2389.0,27.0,90.0,0.0,45.0,157.0,0.0,3901.0,2668.0,0.0,1347.0,0.0,0.0,10681.2,78.76,0.0,0.0,0.0,0.0,228.0,1.0,0.0,3.0,0.0,0.0,0.0,True,Churned
71,3,44,1500.33,26,325,1.0,0.0,0.0,0.0,0.0,0.0,0.0,0.0,349.0,93.0,0.0,0.0,0.0,174.0,0.0,0.0,477.0,0.0,407.0,0.0,0.0,1208.77,249.52,0.0,0.0,0.0,0.0,36.0,0.0,0.0,0.0,0.0,0.0,0.0,True,Churned
73,2,5,148.93,3,9,0.03,0.97,89.0,0.0,0.0,0.0,0.0,0.0,0.0,0.0,0.0,0.0,0.0,4.0,0.0,0.0,55.0,0.0,0.0,0.0,0.0,93.55,0.0,55.38,0.0,0.0,0.0,3.0,0.0,0.0,2.0,0.0,0.0,0.0,True,Churned
74,1,29,812.45,18,88,1.0,0.0,510.0,0.0,0.0,0.0,0.0,0.0,214.0,0.0,0.0,0.0,0.0,75.0,0.0,0.0,0.0,0.0,14.0,0.0,0.0,812.45,0.0,0.0,0.0,0.0,0.0,29.0,0.0,0.0,0.0,0.0,0.0,0.0,True,Churned
75,2,6,102.25,6,19,0.36,0.64,0.0,66.0,0.0,0.0,0.0,0.0,13.0,0.0,0.0,0.0,0.0,9.0,0.0,0.0,14.0,0.0,0.0,0.0,0.0,36.3,0.0,0.0,0.0,0.0,65.95,5.0,0.0,0.0,0.0,0.0,0.0,1.0,True,Churned
80,2,36,3020.2,23,185,0.99,0.01,2340.0,0.0,0.0,0.0,0.0,0.0,413.0,0.0,0.0,0.0,0.0,81.0,0.0,0.0,130.0,0.0,56.0,0.0,0.0,3020.2,0.0,0.0,0.0,0.0,0.0,35.0,0.0,0.0,0.0,0.0,0.0,0.0,True,Churned
84,12,518,25632.7,160,433,0.53,0.47,0.0,1649.0,0.0,1470.0,0.0,156.0,2269.0,317.0,1278.0,0.0,29.0,3444.0,171.0,0.0,11125.0,114.0,3580.0,31.0,0.0,22149.71,3028.13,0.0,0.0,0.0,61.12,407.0,43.0,17.0,1.0,16.0,3.0,1.0,True,Churned
85,11,1012,25816.49,403,631,0.79,0.21,377.0,1005.0,0.0,788.0,0.0,1975.0,5656.0,561.0,3416.0,0.0,56.0,5936.0,0.0,530.0,2864.0,0.0,2653.0,0.0,0.0,21930.82,3885.67,0.0,0.0,0.0,0.0,879.0,11.0,38.0,6.0,11.0,31.0,8.0,True,Churned
87,3,4,1181.13,3,12,0.0,1.0,0.0,81.0,0.0,0.0,0.0,0.0,0.0,0.0,0.0,0.0,0.0,0.0,0.0,105.0,995.0,0.0,0.0,0.0,0.0,1075.81,105.32,0.0,0.0,0.0,0.0,0.0,1.0,0.0,2.0,0.0,0.0,0.0,True,Churned
88,1,1,1.0,1,1,1.0,0.0,0.0,0.0,0.0,0.0,0.0,0.0,0.0,0.0,0.0,0.0,0.0,0.0,0.0,0.0,0.0,0.0,1.0,0.0,0.0,1.0,0.0,0.0,0.0,0.0,0.0,1.0,0.0,0.0,0.0,0.0,0.0,0.0,True,Churned
89,2,2,3050.0,2,203,0.0,1.0,0.0,0.0,0.0,0.0,0.0,0.0,0.0,0.0,0.0,0.0,0.0,0.0,0.0,1830.0,1220.0,0.0,0.0,0.0,0.0,3050.0,0.0,0.0,0.0,0.0,0.0,0.0,1.0,0.0,1.0,0.0,0.0,0.0,True,Churned
112,12,246,12015.64,61,928,0.2,0.8,0.0,279.0,0.0,193.0,0.0,374.0,1069.0,120.0,801.0,0.0,76.0,1649.0,0.0,0.0,7204.0,92.0,158.0,0.0,0.0,11090.66,29.48,0.0,0.0,0.0,94.17,221.0,9.0,0.0,1.0,1.0,1.0,2.0,True,Churned
121,3,7,300.12,5,219,0.8,0.2,240.0,6.0,0.0,30.0,0.0,0.0,0.0,0.0,0.0,0.0,0.0,0.0,0.0,0.0,24.0,0.0,0.0,0.0,0.0,276.0,0.0,0.0,0.0,0.0,24.12,4.0,0.0,0.0,1.0,0.0,0.0,2.0,True,Churned
129,3,57,1112.15,28,867,0.74,0.26,0.0,0.0,0.0,0.0,0.0,0.0,685.0,0.0,17.0,0.0,0.0,164.0,0.0,0.0,101.0,0.0,145.0,0.0,0.0,1112.15,0.0,0.0,0.0,0.0,0.0,55.0,1.0,0.0,1.0,0.0,0.0,0.0,True,Churned
131,2,14,675.46,12,633,1.0,0.0,0.0,0.0,0.0,0.0,0.0,0.0,80.0,0.0,51.0,0.0,0.0,198.0,0.0,0.0,337.0,0.0,10.0,0.0,0.0,432.1,243.36,0.0,0.0,0.0,0.0,9.0,0.0,0.0,0.0,0.0,5.0,0.0,True,Churned
135,5,42,1001.97,23,179,0.63,0.37,0.0,0.0,0.0,0.0,0.0,0.0,141.0,30.0,175.0,0.0,0.0,355.0,0.0,0.0,234.0,0.0,67.0,0.0,0.0,768.35,98.41,0.0,0.0,0.0,135.21,37.0,1.0,0.0,2.0,0.0,0.0,0.0,True,Churned
143,2,20,1063.35,17,660,0.92,0.08,0.0,60.0,0.0,0.0,0.0,0.0,114.0,0.0,36.0,0.0,0.0,710.0,0.0,0.0,57.0,0.0,86.0,0.0,0.0,1063.35,0.0,0.0,0.0,0.0,0.0,19.0,0.0,0.0,0.0,1.0,0.0,0.0,True,Churned
144,11,124,5499.31,81,619,0.35,0.65,154.0,349.0,0.0,20.0,0.0,605.0,824.0,102.0,136.0,0.0,0.0,1428.0,0.0,258.0,1028.0,360.0,237.0,0.0,0.0,4746.3,487.37,0.0,0.0,0.0,265.64,106.0,2.0,3.0,4.0,1.0,0.0,2.0,True,Churned
145,1,10,423.05,8,18,1.0,0.0,0.0,0.0,0.0,0.0,0.0,0.0,237.0,0.0,0.0,0.0,0.0,10.0,0.0,0.0,166.0,0.0,10.0,0.0,0.0,423.05,0.0,0.0,0.0,0.0,0.0,10.0,0.0,0.0,0.0,0.0,0.0,0.0,True,Churned
146,3,12,946.73,8,104,0.07,0.93,0.0,563.0,0.0,0.0,0.0,214.0,5.0,0.0,0.0,0.0,0.0,32.0,0.0,0.0,108.0,0.0,25.0,0.0,0.0,946.73,0.0,0.0,0.0,0.0,0.0,10.0,0.0,0.0,0.0,1.0,0.0,0.0,True,Churned
148,6,142,6335.87,65,312,1.0,0.0,2530.0,1166.0,0.0,0.0,0.0,0.0,769.0,74.0,26.0,0.0,0.0,319.0,0.0,0.0,221.0,0.0,1230.0,0.0,0.0,5180.33,1128.57,8.67,0.0,0.0,0.0,88.0,0.0,45.0,1.0,0.0,0.0,0.0,True,Churned
149,13,311,8861.93,151,604,0.47,0.53,0.0,2032.0,0.0,50.0,0.0,60.0,960.0,99.0,1661.0,0.0,2.0,1359.0,0.0,0.0,1405.0,63.0,1171.0,0.0,0.0,6426.33,1735.23,289.39,0.0,0.0,410.98,209.0,12.0,36.0,43.0,2.0,1.0,0.0,True,Churned
150,5,263,5888.2,86,249,0.72,0.28,312.0,501.0,0.0,0.0,0.0,113.0,621.0,84.0,885.0,0.0,8.0,1791.0,0.0,0.0,633.0,0.0,942.0,0.0,0.0,1522.55,311.97,0.0,0.0,0.0,0.0,100.0,0.0,0.0,0.0,0.0,0.0,1.0,True,Churned
151,9,182,4440.48,63,534,0.41,0.59,0.0,1150.0,0.0,101.0,0.0,80.0,1325.0,96.0,0.0,0.0,45.0,359.0,0.0,0.0,959.0,292.0,33.0,0.0,0.0,4312.55,0.0,0.0,0.0,0.0,127.93,139.0,2.0,6.0,14.0,3.0,0.0,15.0,True,Churned
152,4,9,2405.29,7,120,0.12,0.88,0.0,0.0,0.0,0.0,0.0,2032.0,20.0,0.0,0.0,0.0,0.0,0.0,0.0,0.0,353.0,0.0,0.0,0.0,0.0,69.65,2335.64,0.0,0.0,0.0,0.0,2.0,1.0,0.0,0.0,0.0,0.0,0.0,True,Churned
154,1,103,1009.1,39,634,1.0,0.0,0.0,7.0,0.0,0.0,0.0,0.0,356.0,10.0,28.0,0.0,0.0,452.0,0.0,0.0,140.0,0.0,17.0,0.0,0.0,1009.1,0.0,0.0,0.0,0.0,0.0,103.0,0.0,0.0,0.0,0.0,0.0,0.0,True,Churned
155,14,263,12999.45,115,372,0.69,0.31,1848.0,1326.0,0.0,344.0,0.0,192.0,2234.0,299.0,4060.0,0.0,127.0,893.0,0.0,0.0,1392.0,0.0,285.0,0.0,0.0,6780.48,4903.46,0.0,0.0,0.0,1315.51,187.0,14.0,0.0,2.0,11.0,0.0,20.0,True,Churned
156,3,66,1361.7,42,243,0.95,0.05,0.0,33.0,0.0,15.0,0.0,0.0,710.0,66.0,52.0,0.0,0.0,155.0,0.0,0.0,136.0,0.0,195.0,0.0,0.0,1361.7,0.0,0.0,0.0,0.0,0.0,64.0,1.0,0.0,0.0,0.0,0.0,1.0,True,Churned
160,2,13,249.68,7,372,0.32,0.68,75.0,0.0,0.0,0.0,0.0,40.0,72.0,0.0,0.0,0.0,0.0,56.0,0.0,0.0,0.0,0.0,7.0,0.0,0.0,249.68,0.0,0.0,0.0,0.0,0.0,11.0,0.0,0.0,2.0,0.0,0.0,0.0,True,Churned
163,3,11,955.1,8,83,0.83,0.17,0.0,2.0,0.0,0.0,0.0,0.0,0.0,0.0,0.0,0.0,0.0,136.0,0.0,0.0,390.0,0.0,427.0,0.0,0.0,897.01,58.09,0.0,0.0,0.0,0.0,9.0,1.0,0.0,0.0,0.0,0.0,0.0,True,Churned
164,1,12,141.2,9,230,1.0,0.0,0.0,0.0,0.0,0.0,0.0,8.0,84.0,0.0,0.0,0.0,5.0,44.0,0.0,0.0,0.0,0.0,0.0,0.0,0.0,141.2,0.0,0.0,0.0,0.0,0.0,12.0,0.0,0.0,0.0,0.0,0.0,0.0,True,Churned
166,1,10,138.5,3,45,1.0,0.0,0.0,0.0,0.0,0.0,0.0,0.0,75.0,24.0,0.0,0.0,0.0,40.0,0.0,0.0,0.0,0.0,0.0,0.0,0.0,138.5,0.0,0.0,0.0,0.0,0.0,10.0,0.0,0.0,0.0,0.0,0.0,0.0,True,Churned
167,1,1,0.55,1,1,1.0,0.0,0.0,0.0,0.0,0.0,0.0,0.0,1.0,0.0,0.0,0.0,0.0,0.0,0.0,0.0,0.0,0.0,0.0,0.0,0.0,0.55,0.0,0.0,0.0,0.0,0.0,1.0,0.0,0.0,0.0,0.0,0.0,0.0,True,Churned
168,2,4,53.25,3,665,0.32,0.68,0.0,0.0,0.0,0.0,0.0,0.0,7.0,0.0,0.0,0.0,0.0,0.0,0.0,0.0,36.0,0.0,10.0,0.0,0.0,53.25,0.0,0.0,0.0,0.0,0.0,2.0,0.0,0.0,0.0,0.0,0.0,0.0,True,Churned
170,1,21,189.2,6,71,1.0,0.0,0.0,0.0,0.0,0.0,0.0,0.0,39.0,0.0,0.0,0.0,0.0,151.0,0.0,0.0,0.0,0.0,0.0,0.0,0.0,189.2,0.0,0.0,0.0,0.0,0.0,21.0,0.0,0.0,0.0,0.0,0.0,0.0,True,Churned
171,1,15,565.35,8,555,1.0,0.0,0.0,0.0,0.0,0.0,0.0,0.0,476.0,0.0,0.0,0.0,0.0,0.0,0.0,0.0,80.0,0.0,10.0,0.0,0.0,565.35,0.0,0.0,0.0,0.0,0.0,15.0,0.0,0.0,0.0,0.0,0.0,0.0,True,Churned
173,1,8,31.65,7,7,0.81,0.19,0.0,0.0,0.0,0.0,0.0,0.0,21.0,0.0,0.0,0.0,0.0,0.0,0.0,0.0,0.0,0.0,10.0,0.0,0.0,31.65,0.0,0.0,0.0,0.0,0.0,8.0,0.0,0.0,0.0,0.0,0.0,0.0,True,Churned
180,4,10,91.61,7,903,0.02,0.98,0.0,45.0,0.0,0.0,0.0,0.0,2.0,0.0,0.0,0.0,0.0,8.0,0.0,0.0,35.0,0.0,1.0,0.0,0.0,46.49,45.12,0.0,0.0,0.0,0.0,3.0,2.0,0.0,0.0,0.0,0.0,0.0,True,Churned
182,2,41,8377.8,11,137,0.53,0.47,5537.0,0.0,0.0,2644.0,0.0,0.0,0.0,0.0,0.0,0.0,0.0,80.0,0.0,0.0,0.0,0.0,117.0,0.0,0.0,8377.8,0.0,0.0,0.0,0.0,0.0,36.0,0.0,0.0,5.0,0.0,0.0,0.0,True,Churned
183,2,61,969.87,12,298,0.21,0.79,0.0,0.0,0.0,728.0,0.0,0.0,104.0,0.0,0.0,0.0,0.0,35.0,0.0,0.0,0.0,0.0,103.0,0.0,0.0,969.87,0.0,0.0,0.0,0.0,0.0,56.0,0.0,0.0,5.0,0.0,0.0,0.0,True,Churned
185,1,53,723.45,24,281,1.0,0.0,0.0,0.0,0.0,0.0,0.0,0.0,499.0,0.0,0.0,0.0,0.0,12.0,0.0,0.0,204.0,0.0,9.0,0.0,0.0,723.45,0.0,0.0,0.0,0.0,0.0,53.0,0.0,0.0,0.0,0.0,0.0,0.0,True,Churned
186,1,2,13.1,2,11,1.0,0.0,0.0,0.0,0.0,0.0,0.0,0.0,0.0,0.0,0.0,0.0,0.0,13.0,0.0,0.0,0.0,0.0,0.0,0.0,0.0,13.1,0.0,0.0,0.0,0.0,0.0,2.0,0.0,0.0,0.0,0.0,0.0,0.0,True,Churned
193,12,1065,30775.06,300,834,0.52,0.48,978.0,4938.0,0.0,2968.0,0.0,463.0,2836.0,4373.0,552.0,0.0,110.0,8298.0,0.0,0.0,3813.0,194.0,1252.0,0.0,0.0,27783.69,2201.24,541.63,0.0,0.0,248.5,762.0,9.0,26.0,34.0,132.0,0.0,3.0,True,Churned
198,4,143,1878.57,88,49,0.85,0.15,164.0,6.0,0.0,16.0,0.0,0.0,90.0,79.0,308.0,0.0,0.0,434.0,0.0,0.0,294.0,0.0,487.0,0.0,0.0,714.15,16.39,0.0,0.0,0.0,0.0,3.0,2.0,0.0,2.0,0.0,0.0,0.0,True,Churned
208,2,5,10.7,4,93,0.96,0.04,0.0,0.0,0.0,0.0,0.0,0.0,10.0,0.0,0.0,0.0,0.0,0.0,0.0,0.0,0.0,0.0,0.0,0.0,0.0,10.7,0.0,0.0,0.0,0.0,0.0,4.0,0.0,0.0,0.0,1.0,0.0,0.0,True,Churned
210,2,9,39.35,5,105,0.93,0.07,0.0,3.0,0.0,0.0,0.0,0.0,11.0,0.0,0.0,0.0,0.0,26.0,0.0,0.0,0.0,0.0,0.0,0.0,0.0,39.35,0.0,0.0,0.0,0.0,0.0,6.0,0.0,0.0,0.0,0.0,0.0,3.0,True,Churned
211,1,50,378.15,14,84,1.0,0.0,0.0,0.0,0.0,38.0,0.0,0.0,138.0,20.0,0.0,0.0,0.0,85.0,0.0,0.0,83.0,0.0,14.0,0.0,0.0,378.15,0.0,0.0,0.0,0.0,0.0,50.0,0.0,0.0,0.0,0.0,0.0,0.0,True,Churned
212,1,1,50.0,1,1,1.0,0.0,0.0,0.0,0.0,0.0,0.0,0.0,0.0,0.0,0.0,0.0,0.0,50.0,0.0,0.0,0.0,0.0,0.0,0.0,0.0,50.0,0.0,0.0,0.0,0.0,0.0,1.0,0.0,0.0,0.0,0.0,0.0,0.0,True,Churned
213,3,13,101.01,13,348,1.0,0.0,0.0,0.0,0.0,0.0,0.0,0.0,62.0,0.0,23.0,0.0,0.0,16.0,0.0,0.0,0.0,0.0,0.0,0.0,0.0,76.8,7.55,16.66,0.0,0.0,0.0,8.0,0.0,2.0,3.0,0.0,0.0,0.0,True,Churned
215,6,10,381.52,8,595,0.0,1.0,36.0,16.0,0.0,0.0,0.0,1.0,0.0,0.0,0.0,0.0,0.0,0.0,0.0,0.0,328.0,0.0,0.0,0.0,0.0,288.25,74.67,0.0,0.0,0.0,3.49,4.0,0.0,0.0,1.0,0.0,0.0,0.0,True,Churned
216,5,14,107.06,12,391,0.09,0.91,30.0,36.0,0.0,16.0,0.0,5.0,5.0,0.0,0.0,0.0,0.0,0.0,0.0,10.0,4.0,0.0,0.0,0.0,0.0,61.23,15.76,0.0,0.0,0.0,30.07,6.0,2.0,0.0,1.0,1.0,0.0,4.0,True,Churned
217,5,32,571.11,19,143,0.26,0.74,245.0,0.0,0.0,0.0,0.0,2.0,62.0,0.0,0.0,0.0,0.0,51.0,0.0,104.0,96.0,0.0,10.0,0.0,0.0,29.0,542.11,0.0,0.0,0.0,0.0,3.0,0.0,0.0,2.0,0.0,0.0,0.0,True,Churned
220,2,5,115.44,4,4,0.29,0.71,0.0,74.0,0.0,0.0,0.0,0.0,24.0,0.0,0.0,0.0,0.0,8.0,0.0,0.0,0.0,0.0,10.0,0.0,0.0,115.44,0.0,0.0,0.0,0.0,0.0,4.0,0.0,0.0,0.0,0.0,0.0,0.0,True,Churned
224,10,348,14626.73,151,612,0.6,0.4,100.0,1842.0,0.0,541.0,0.0,45.0,1530.0,170.0,431.0,0.0,0.0,2225.0,0.0,0.0,7228.0,226.0,237.0,52.0,0.0,13347.58,1221.76,0.0,0.0,0.0,57.39,283.0,7.0,2.0,9.0,14.0,17.0,0.0,True,Churned
225,2,6,3011.55,3,597,0.03,0.97,2914.0,0.0,0.0,0.0,0.0,0.0,83.0,14.0,0.0,0.0,0.0,0.0,0.0,0.0,0.0,0.0,0.0,0.0,0.0,3011.55,0.0,0.0,0.0,0.0,0.0,2.0,0.0,0.0,4.0,0.0,0.0,0.0,True,Churned
226,1,1,2.52,1,1,1.0,0.0,0.0,0.0,0.0,0.0,0.0,0.0,0.0,0.0,0.0,0.0,0.0,0.0,0.0,0.0,0.0,0.0,3.0,0.0,0.0,0.0,2.52,0.0,0.0,0.0,0.0,0.0,0.0,0.0,0.0,0.0,1.0,0.0,True,Churned
227,3,28,2810.82,17,222,0.66,0.34,0.0,14.0,0.0,950.0,0.0,6.0,770.0,0.0,0.0,0.0,55.0,10.0,0.0,0.0,952.0,0.0,53.0,0.0,0.0,1630.05,1180.77,0.0,0.0,0.0,0.0,13.0,0.0,0.0,1.0,0.0,14.0,0.0,True,Churned
228,4,25,232.2,18,467,1.0,0.0,0.0,0.0,0.0,0.0,0.0,0.0,127.0,11.0,8.0,0.0,0.0,28.0,0.0,0.0,15.0,0.0,43.0,0.0,0.0,71.7,94.1,47.44,0.0,0.0,0.0,11.0,0.0,9.0,3.0,0.0,0.0,0.0,True,Churned
233,1,9,80.9,8,211,1.0,0.0,0.0,0.0,0.0,0.0,0.0,0.0,41.0,0.0,0.0,0.0,0.0,22.0,0.0,0.0,0.0,0.0,18.0,0.0,0.0,80.9,0.0,0.0,0.0,0.0,0.0,9.0,0.0,0.0,0.0,0.0,0.0,0.0,True,Churned
234,2,4,1199.01,3,98,1.0,0.0,1187.0,0.0,0.0,0.0,0.0,0.0,12.0,0.0,0.0,0.0,0.0,0.0,0.0,0.0,0.0,0.0,0.0,0.0,0.0,212.0,987.01,0.0,0.0,0.0,0.0,3.0,1.0,0.0,0.0,0.0,0.0,0.0,True,Churned
235,2,4,23.8,3,593,0.0,1.0,0.0,0.0,0.0,0.0,0.0,0.0,0.0,0.0,0.0,0.0,0.0,6.0,0.0,0.0,0.0,0.0,18.0,0.0,0.0,23.8,0.0,0.0,0.0,0.0,0.0,3.0,0.0,0.0,0.0,0.0,0.0,0.0,True,Churned
237,2,9,256.45,9,357,0.34,0.66,0.0,0.0,0.0,110.0,0.0,4.0,14.0,0.0,0.0,0.0,0.0,20.0,0.0,0.0,89.0,10.0,9.0,0.0,0.0,202.35,54.1,0.0,0.0,0.0,0.0,8.0,0.0,0.0,0.0,0.0,0.0,1.0,True,Churned
238,11,316,10839.79,212,588,0.6,0.4,202.0,267.0,0.0,62.0,0.0,129.0,1539.0,511.0,2933.0,0.0,0.0,2824.0,0.0,0.0,1732.0,34.0,608.0,0.0,0.0,6030.47,2132.26,2643.33,0.0,0.0,33.73,120.0,2.0,0.0,110.0,1.0,1.0,1.0,True,Churned
239,1,2,14.4,2,88,1.0,0.0,0.0,0.0,0.0,0.0,0.0,0.0,2.0,0.0,0.0,0.0,0.0,12.0,0.0,0.0,0.0,0.0,0.0,0.0,0.0,14.4,0.0,0.0,0.0,0.0,0.0,2.0,0.0,0.0,0.0,0.0,0.0,0.0,True,Churned
240,1,1,10.7,1,1,1.0,0.0,0.0,0.0,0.0,0.0,0.0,0.0,0.0,11.0,0.0,0.0,0.0,0.0,0.0,0.0,0.0,0.0,0.0,0.0,0.0,10.7,0.0,0.0,0.0,0.0,0.0,1.0,0.0,0.0,0.0,0.0,0.0,0.0,True,Churned
241,1,17,7120.0,3,298,1.0,0.0,6920.0,0.0,0.0,0.0,0.0,0.0,0.0,0.0,0.0,0.0,176.0,0.0,0.0,0.0,0.0,0.0,24.0,0.0,0.0,7120.0,0.0,0.0,0.0,0.0,0.0,17.0,0.0,0.0,0.0,0.0,0.0,0.0,True,Churned
242,1,5,60.8,4,44,1.0,0.0,20.0,0.0,0.0,0.0,0.0,0.0,14.0,0.0,0.0,0.0,0.0,0.0,0.0,0.0,0.0,0.0,27.0,0.0,0.0,60.8,0.0,0.0,0.0,0.0,0.0,5.0,0.0,0.0,0.0,0.0,0.0,0.0,True,Churned
243,1,23,636.3,13,407,1.0,0.0,60.0,0.0,0.0,0.0,0.0,100.0,252.0,0.0,5.0,0.0,0.0,85.0,0.0,0.0,131.0,0.0,3.0,0.0,0.0,636.3,0.0,0.0,0.0,0.0,0.0,23.0,0.0,0.0,0.0,0.0,0.0,0.0,True,Churned
252,2,35,3966.37,5,254,1.0,0.0,3911.0,0.0,0.0,0.0,0.0,0.0,55.0,0.0,0.0,0.0,0.0,0.0,0.0,0.0,0.0,0.0,0.0,0.0,0.0,2475.3,1491.07,0.0,0.0,0.0,0.0,20.0,0.0,15.0,0.0,0.0,0.0,0.0,True,Churned
254,2,7,59.87,7,18,0.88,0.12,0.0,0.0,0.0,7.0,0.0,0.0,24.0,0.0,0.0,0.0,0.0,29.0,0.0,0.0,0.0,0.0,0.0,0.0,0.0,59.87,0.0,0.0,0.0,0.0,0.0,5.0,0.0,0.0,2.0,0.0,0.0,0.0,True,Churned
260,1,14,449.77,14,3,1.0,0.0,0.0,0.0,0.0,0.0,0.0,20.0,17.0,0.0,0.0,0.0,0.0,247.0,0.0,0.0,166.0,0.0,0.0,0.0,0.0,0.0,449.77,0.0,0.0,0.0,0.0,0.0,0.0,14.0,0.0,0.0,0.0,0.0,True,Churned
261,9,35,3326.28,23,215,0.82,0.18,217.0,221.0,0.0,0.0,0.0,80.0,1031.0,83.0,449.0,0.0,0.0,11.0,0.0,0.0,842.0,0.0,391.0,0.0,0.0,304.2,2802.65,0.0,0.0,0.0,35.3,7.0,12.0,0.0,1.0,0.0,0.0,4.0,True,Churned
262,1,62,209.55,29,458,1.0,0.0,0.0,0.0,0.0,7.0,0.0,0.0,160.0,0.0,0.0,0.0,0.0,9.0,0.0,0.0,17.0,0.0,17.0,0.0,0.0,209.55,0.0,0.0,0.0,0.0,0.0,62.0,0.0,0.0,0.0,0.0,0.0,0.0,True,Churned
263,2,5,36.48,5,184,1.0,0.0,0.0,0.0,0.0,0.0,0.0,0.0,19.0,0.0,0.0,0.0,0.0,0.0,0.0,0.0,10.0,0.0,8.0,0.0,0.0,0.0,36.48,0.0,0.0,0.0,0.0,0.0,2.0,0.0,0.0,0.0,0.0,0.0,True,Churned
264,1,13,107.8,10,154,1.0,0.0,0.0,0.0,0.0,0.0,0.0,0.0,46.0,0.0,0.0,0.0,0.0,29.0,0.0,0.0,8.0,0.0,24.0,0.0,0.0,107.8,0.0,0.0,0.0,0.0,0.0,13.0,0.0,0.0,0.0,0.0,0.0,0.0,True,Churned
265,1,1,1.0,1,1,1.0,0.0,0.0,0.0,0.0,0.0,0.0,0.0,0.0,0.0,0.0,0.0,0.0,0.0,0.0,0.0,0.0,0.0,1.0,0.0,0.0,1.0,0.0,0.0,0.0,0.0,0.0,1.0,0.0,0.0,0.0,0.0,0.0,0.0,True,Churned
266,1,2,101.0,2,1,0.0,1.0,0.0,0.0,0.0,0.0,0.0,0.0,0.0,0.0,0.0,0.0,0.0,0.0,0.0,100.0,0.0,1.0,0.0,0.0,0.0,101.0,0.0,0.0,0.0,0.0,0.0,2.0,0.0,0.0,0.0,0.0,0.0,0.0,True,Churned
267,1,2,3.2,2,1,1.0,0.0,0.0,0.0,0.0,0.0,0.0,0.0,3.0,0.0,0.0,0.0,0.0,0.0,0.0,0.0,0.0,0.0,0.0,0.0,0.0,3.2,0.0,0.0,0.0,0.0,0.0,2.0,0.0,0.0,0.0,0.0,0.0,0.0,True,Churned
268,1,2,218.8,2,3,0.03,0.97,0.0,0.0,0.0,0.0,0.0,0.0,7.0,0.0,0.0,0.0,0.0,0.0,0.0,0.0,212.0,0.0,0.0,0.0,0.0,218.8,0.0,0.0,0.0,0.0,0.0,2.0,0.0,0.0,0.0,0.0,0.0,0.0,True,Churned
269,7,45,1556.31,18,154,0.07,0.93,0.0,204.0,0.0,89.0,0.0,136.0,0.0,0.0,0.0,0.0,0.0,86.0,0.0,0.0,919.0,0.0,122.0,0.0,0.0,1311.67,27.03,0.0,0.0,0.0,217.61,8.0,2.0,3.0,23.0,0.0,0.0,6.0,True,Churned
270,2,3,17.1,2,3,0.56,0.44,0.0,0.0,0.0,8.0,0.0,0.0,0.0,0.0,0.0,0.0,0.0,0.0,0.0,0.0,0.0,0.0,10.0,0.0,0.0,17.1,0.0,0.0,0.0,0.0,0.0,2.0,1.0,0.0,0.0,0.0,0.0,0.0,True,Churned
274,1,2,259.0,1,1,0.0,1.0,0.0,259.0,0.0,0.0,0.0,0.0,0.0,0.0,0.0,0.0,0.0,0.0,0.0,0.0,0.0,0.0,0.0,0.0,0.0,259.0,0.0,0.0,0.0,0.0,0.0,0.0,0.0,0.0,0.0,2.0,0.0,0.0,True,Churned
277,4,92,5779.88,10,105,0.12,0.88,700.0,109.0,0.0,4845.0,0.0,39.0,7.0,0.0,0.0,0.0,0.0,0.0,0.0,80.0,0.0,0.0,0.0,0.0,0.0,5631.9,0.0,0.0,0.0,0.0,147.98,84.0,0.0,0.0,0.0,0.0,0.0,0.0,True,Churned
278,1,5,125.15,5,283,1.0,0.0,0.0,0.0,0.0,0.0,0.0,0.0,48.0,0.0,0.0,0.0,0.0,21.0,0.0,0.0,50.0,0.0,7.0,0.0,0.0,125.15,0.0,0.0,0.0,0.0,0.0,5.0,0.0,0.0,0.0,0.0,0.0,0.0,True,Churned
279,1,10,113.5,8,83,1.0,0.0,0.0,10.0,0.0,0.0,0.0,0.0,95.0,0.0,0.0,0.0,0.0,0.0,0.0,0.0,8.0,0.0,0.0,0.0,0.0,113.5,0.0,0.0,0.0,0.0,0.0,10.0,0.0,0.0,0.0,0.0,0.0,0.0,True,Churned
281,2,2,12.7,2,1,0.0,1.0,0.0,0.0,0.0,0.0,0.0,0.0,0.0,0.0,0.0,0.0,0.0,0.0,0.0,0.0,13.0,0.0,0.0,0.0,0.0,12.7,0.0,0.0,0.0,0.0,0.0,0.0,0.0,0.0,0.0,0.0,0.0,1.0,True,Churned
282,1,1,5.0,1,1,0.0,1.0,0.0,0.0,0.0,0.0,0.0,0.0,0.0,0.0,0.0,0.0,0.0,0.0,0.0,0.0,5.0,0.0,0.0,0.0,0.0,5.0,0.0,0.0,0.0,0.0,0.0,0.0,1.0,0.0,0.0,0.0,0.0,0.0,True,Churned
283,2,22,613.75,12,53,1.0,0.0,0.0,0.0,0.0,0.0,0.0,0.0,201.0,27.0,67.0,0.0,0.0,151.0,0.0,0.0,169.0,0.0,0.0,0.0,0.0,613.75,0.0,0.0,0.0,0.0,0.0,21.0,1.0,0.0,0.0,0.0,0.0,0.0,True,Churned
284,1,5,89.25,4,77,1.0,0.0,0.0,0.0,0.0,0.0,0.0,0.0,81.0,0.0,0.0,0.0,0.0,0.0,0.0,0.0,0.0,0.0,8.0,0.0,0.0,89.25,0.0,0.0,0.0,0.0,0.0,5.0,0.0,0.0,0.0,0.0,0.0,0.0,True,Churned
286,2,2,81.6,2,46,0.06,0.94,0.0,77.0,0.0,0.0,0.0,0.0,5.0,0.0,0.0,0.0,0.0,0.0,0.0,0.0,0.0,0.0,0.0,0.0,0.0,81.6,0.0,0.0,0.0,0.0,0.0,1.0,0.0,0.0,1.0,0.0,0.0,0.0,True,Churned
287,1,9,89.31,3,9,1.0,0.0,0.0,0.0,0.0,0.0,0.0,0.0,74.0,0.0,0.0,0.0,0.0,0.0,0.0,0.0,0.0,0.0,15.0,0.0,0.0,89.31,0.0,0.0,0.0,0.0,0.0,9.0,0.0,0.0,0.0,0.0,0.0,0.0,True,Churned
288,1,1,34.9,1,1,0.0,1.0,0.0,0.0,0.0,0.0,0.0,0.0,0.0,0.0,0.0,0.0,0.0,0.0,0.0,35.0,0.0,0.0,0.0,0.0,0.0,34.9,0.0,0.0,0.0,0.0,0.0,1.0,0.0,0.0,0.0,0.0,0.0,0.0,True,Churned
289,2,7,1825.81,7,181,1.0,0.0,1017.0,0.0,0.0,0.0,0.0,0.0,0.0,0.0,0.0,0.0,0.0,0.0,0.0,0.0,809.0,0.0,0.0,0.0,0.0,150.0,0.0,0.0,0.0,0.0,0.0,1.0,0.0,0.0,0.0,0.0,0.0,0.0,True,Churned
291,1,2,91.0,1,1,0.0,1.0,91.0,0.0,0.0,0.0,0.0,0.0,0.0,0.0,0.0,0.0,0.0,0.0,0.0,0.0,0.0,0.0,0.0,0.0,0.0,91.0,0.0,0.0,0.0,0.0,0.0,0.0,0.0,0.0,2.0,0.0,0.0,0.0,True,Churned
292,1,2,49.97,2,1,0.0,1.0,0.0,0.0,0.0,15.0,0.0,0.0,0.0,0.0,0.0,0.0,0.0,0.0,0.0,0.0,35.0,0.0,0.0,0.0,0.0,49.97,0.0,0.0,0.0,0.0,0.0,2.0,0.0,0.0,0.0,0.0,0.0,0.0,True,Churned
295,2,3,81.82,3,224,0.28,0.72,0.0,0.0,0.0,0.0,0.0,0.0,15.0,0.0,0.0,0.0,0.0,8.0,0.0,0.0,59.0,0.0,0.0,0.0,0.0,22.9,58.92,0.0,0.0,0.0,0.0,2.0,0.0,1.0,0.0,0.0,0.0,0.0,True,Churned
296,3,6,26.1,6,43,1.0,0.0,0.0,0.0,0.0,0.0,0.0,0.0,3.0,0.0,0.0,0.0,0.0,0.0,0.0,0.0,0.0,0.0,23.0,0.0,0.0,3.25,22.85,0.0,0.0,0.0,0.0,2.0,0.0,1.0,0.0,0.0,3.0,0.0,True,Churned
297,3,80,1846.73,42,113,0.85,0.15,0.0,0.0,0.0,0.0,0.0,0.0,527.0,110.0,0.0,0.0,0.0,434.0,0.0,0.0,341.0,0.0,435.0,0.0,0.0,1846.73,0.0,0.0,0.0,0.0,0.0,74.0,0.0,0.0,0.0,0.0,0.0,0.0,True,Churned
298,1,4,19.95,3,23,1.0,0.0,0.0,0.0,0.0,0.0,0.0,0.0,9.0,0.0,0.0,0.0,0.0,11.0,0.0,0.0,0.0,0.0,0.0,0.0,0.0,19.95,0.0,0.0,0.0,0.0,0.0,4.0,0.0,0.0,0.0,0.0,0.0,0.0,True,Churned
300,1,2,245.6,2,683,0.09,0.91,0.0,0.0,0.0,0.0,0.0,0.0,246.0,0.0,0.0,0.0,0.0,0.0,0.0,0.0,0.0,0.0,0.0,0.0,0.0,245.6,0.0,0.0,0.0,0.0,0.0,2.0,0.0,0.0,0.0,0.0,0.0,0.0,True,Churned
302,1,5,136.05,5,10,1.0,0.0,0.0,0.0,0.0,0.0,0.0,0.0,64.0,33.0,0.0,0.0,0.0,0.0,0.0,0.0,0.0,0.0,39.0,0.0,0.0,136.05,0.0,0.0,0.0,0.0,0.0,5.0,0.0,0.0,0.0,0.0,0.0,0.0,True,Churned
303,1,7,190.4,2,16,1.0,0.0,0.0,0.0,0.0,0.0,0.0,0.0,190.0,0.0,0.0,0.0,0.0,0.0,0.0,0.0,0.0,0.0,0.0,0.0,0.0,190.4,0.0,0.0,0.0,0.0,0.0,7.0,0.0,0.0,0.0,0.0,0.0,0.0,True,Churned
305,1,6,120.0,4,86,1.0,0.0,0.0,0.0,0.0,0.0,0.0,0.0,10.0,0.0,0.0,0.0,0.0,110.0,0.0,0.0,0.0,0.0,0.0,0.0,0.0,120.0,0.0,0.0,0.0,0.0,0.0,6.0,0.0,0.0,0.0,0.0,0.0,0.0,True,Churned
307,1,4,29.9,2,13,1.0,0.0,0.0,0.0,0.0,0.0,0.0,0.0,29.0,0.0,0.0,0.0,0.0,0.0,0.0,0.0,0.0,0.0,1.0,0.0,0.0,29.9,0.0,0.0,0.0,0.0,0.0,4.0,0.0,0.0,0.0,0.0,0.0,0.0,True,Churned
309,1,1,260.0,1,1,1.0,0.0,260.0,0.0,0.0,0.0,0.0,0.0,0.0,0.0,0.0,0.0,0.0,0.0,0.0,0.0,0.0,0.0,0.0,0.0,0.0,260.0,0.0,0.0,0.0,0.0,0.0,1.0,0.0,0.0,0.0,0.0,0.0,0.0,True,Churned
312,2,4,246.82,2,534,0.0,1.0,0.0,0.0,0.0,0.0,0.0,0.0,0.0,0.0,0.0,0.0,0.0,0.0,0.0,69.0,178.0,0.0,0.0,0.0,0.0,69.0,177.82,0.0,0.0,0.0,0.0,2.0,0.0,0.0,0.0,0.0,0.0,0.0,True,Churned
315,1,4,103.05,2,77,0.61,0.39,0.0,40.0,0.0,0.0,0.0,0.0,63.0,0.0,0.0,0.0,0.0,0.0,0.0,0.0,0.0,0.0,0.0,0.0,0.0,103.05,0.0,0.0,0.0,0.0,0.0,4.0,0.0,0.0,0.0,0.0,0.0,0.0,True,Churned
317,1,1,3.4,1,1,1.0,0.0,0.0,0.0,0.0,0.0,0.0,0.0,3.0,0.0,0.0,0.0,0.0,0.0,0.0,0.0,0.0,0.0,0.0,0.0,0.0,3.4,0.0,0.0,0.0,0.0,0.0,1.0,0.0,0.0,0.0,0.0,0.0,0.0,True,Churned
318,1,10,106.15,9,12,0.97,0.03,0.0,0.0,0.0,0.0,0.0,0.0,54.0,0.0,0.0,0.0,0.0,36.0,0.0,0.0,14.0,0.0,3.0,0.0,0.0,106.15,0.0,0.0,0.0,0.0,0.0,10.0,0.0,0.0,0.0,0.0,0.0,0.0,True,Churned
319,1,4,110.05,4,41,1.0,0.0,0.0,0.0,0.0,0.0,0.0,0.0,92.0,0.0,0.0,0.0,0.0,18.0,0.0,0.0,0.0,0.0,0.0,0.0,0.0,110.05,0.0,0.0,0.0,0.0,0.0,4.0,0.0,0.0,0.0,0.0,0.0,0.0,True,Churned
320,1,1,90.45,1,1,0.0,1.0,90.0,0.0,0.0,0.0,0.0,0.0,0.0,0.0,0.0,0.0,0.0,0.0,0.0,0.0,0.0,0.0,0.0,0.0,0.0,90.45,0.0,0.0,0.0,0.0,0.0,0.0,0.0,0.0,1.0,0.0,0.0,0.0,True,Churned
323,2,5,315.0,4,243,0.92,0.08,230.0,0.0,0.0,25.0,0.0,0.0,0.0,0.0,0.0,0.0,0.0,0.0,0.0,0.0,0.0,0.0,60.0,0.0,0.0,315.0,0.0,0.0,0.0,0.0,0.0,4.0,0.0,0.0,0.0,0.0,0.0,0.0,True,Churned
326,3,10,199.83,10,45,0.95,0.05,0.0,0.0,0.0,0.0,0.0,0.0,165.0,0.0,0.0,0.0,0.0,14.0,0.0,0.0,21.0,0.0,0.0,0.0,0.0,195.3,0.0,0.0,4.53,0.0,0.0,8.0,0.0,0.0,0.0,0.0,0.0,0.0,True,Churned
327,2,3,43.0,2,17,0.02,0.98,23.0,0.0,0.0,1.0,0.0,0.0,0.0,0.0,0.0,0.0,0.0,0.0,0.0,19.0,0.0,0.0,0.0,0.0,0.0,24.43,0.0,0.0,0.0,0.0,18.57,1.0,0.0,0.0,2.0,0.0,0.0,0.0,True,Churned
328,1,1,113.58,1,1,0.0,1.0,0.0,0.0,0.0,0.0,0.0,0.0,0.0,0.0,0.0,0.0,0.0,0.0,0.0,0.0,114.0,0.0,0.0,0.0,0.0,0.0,0.0,0.0,0.0,0.0,113.58,0.0,0.0,0.0,0.0,0.0,0.0,1.0,True,Churned
332,1,10,112.6,9,22,1.0,0.0,0.0,40.0,0.0,0.0,0.0,0.0,26.0,0.0,0.0,0.0,0.0,16.0,0.0,0.0,0.0,0.0,31.0,0.0,0.0,112.6,0.0,0.0,0.0,0.0,0.0,10.0,0.0,0.0,0.0,0.0,0.0,0.0,True,Churned
333,1,7,108.5,5,11,1.0,0.0,0.0,0.0,0.0,0.0,0.0,0.0,70.0,0.0,0.0,0.0,0.0,39.0,0.0,0.0,0.0,0.0,0.0,0.0,0.0,108.5,0.0,0.0,0.0,0.0,0.0,7.0,0.0,0.0,0.0,0.0,0.0,0.0,True,Churned
334,2,3,113.0,3,5,0.0,1.0,0.0,11.0,0.0,0.0,0.0,0.0,0.0,0.0,0.0,0.0,0.0,0.0,0.0,51.0,52.0,0.0,0.0,0.0,0.0,113.0,0.0,0.0,0.0,0.0,0.0,1.0,0.0,0.0,2.0,0.0,0.0,0.0,True,Churned
337,1,1,23.0,1,1,0.0,1.0,0.0,0.0,0.0,0.0,0.0,0.0,0.0,0.0,0.0,0.0,0.0,0.0,0.0,23.0,0.0,0.0,0.0,0.0,0.0,23.0,0.0,0.0,0.0,0.0,0.0,0.0,0.0,0.0,1.0,0.0,0.0,0.0,True,Churned
338,1,2,110.55,2,4,1.0,0.0,60.0,0.0,0.0,0.0,0.0,0.0,0.0,0.0,0.0,0.0,0.0,0.0,0.0,0.0,0.0,0.0,51.0,0.0,0.0,110.55,0.0,0.0,0.0,0.0,0.0,2.0,0.0,0.0,0.0,0.0,0.0,0.0,True,Churned
340,2,65,9277.46,7,492,0.0,1.0,0.0,0.0,0.0,9035.0,0.0,0.0,0.0,0.0,0.0,0.0,0.0,0.0,0.0,0.0,242.0,0.0,0.0,0.0,0.0,9277.46,0.0,0.0,0.0,0.0,0.0,64.0,1.0,0.0,0.0,0.0,0.0,0.0,True,Churned
341,1,1,2.1,1,1,1.0,0.0,0.0,0.0,0.0,0.0,0.0,0.0,2.0,0.0,0.0,0.0,0.0,0.0,0.0,0.0,0.0,0.0,0.0,0.0,0.0,2.1,0.0,0.0,0.0,0.0,0.0,1.0,0.0,0.0,0.0,0.0,0.0,0.0,True,Churned
345,1,7,90.15,4,15,1.0,0.0,0.0,0.0,0.0,0.0,0.0,0.0,90.0,0.0,0.0,0.0,0.0,0.0,0.0,0.0,0.0,0.0,0.0,0.0,0.0,90.15,0.0,0.0,0.0,0.0,0.0,7.0,0.0,0.0,0.0,0.0,0.0,0.0,True,Churned
346,1,1,3.95,1,1,1.0,0.0,0.0,0.0,0.0,0.0,0.0,0.0,0.0,0.0,0.0,0.0,0.0,0.0,0.0,0.0,0.0,0.0,4.0,0.0,0.0,3.95,0.0,0.0,0.0,0.0,0.0,1.0,0.0,0.0,0.0,0.0,0.0,0.0,True,Churned
347,2,4,8.0,3,2,0.0,1.0,0.0,0.0,0.0,0.0,0.0,6.0,0.0,0.0,0.0,0.0,0.0,0.0,0.0,0.0,0.0,2.0,0.0,0.0,0.0,8.0,0.0,0.0,0.0,0.0,0.0,2.0,2.0,0.0,0.0,0.0,0.0,0.0,True,Churned
351,1,2,31.8,1,32,1.0,0.0,0.0,0.0,0.0,0.0,0.0,0.0,0.0,0.0,0.0,0.0,0.0,32.0,0.0,0.0,0.0,0.0,0.0,0.0,0.0,31.8,0.0,0.0,0.0,0.0,0.0,2.0,0.0,0.0,0.0,0.0,0.0,0.0,True,Churned
352,1,1,39.5,1,1,0.0,1.0,0.0,40.0,0.0,0.0,0.0,0.0,0.0,0.0,0.0,0.0,0.0,0.0,0.0,0.0,0.0,0.0,0.0,0.0,0.0,39.5,0.0,0.0,0.0,0.0,0.0,1.0,0.0,0.0,0.0,0.0,0.0,0.0,True,Churned
353,1,1,3.8,1,1,1.0,0.0,0.0,0.0,0.0,0.0,0.0,0.0,4.0,0.0,0.0,0.0,0.0,0.0,0.0,0.0,0.0,0.0,0.0,0.0,0.0,3.8,0.0,0.0,0.0,0.0,0.0,1.0,0.0,0.0,0.0,0.0,0.0,0.0,True,Churned
355,1,3,30.0,1,1,0.0,1.0,0.0,0.0,0.0,30.0,0.0,0.0,0.0,0.0,0.0,0.0,0.0,0.0,0.0,0.0,0.0,0.0,0.0,0.0,0.0,30.0,0.0,0.0,0.0,0.0,0.0,3.0,0.0,0.0,0.0,0.0,0.0,0.0,True,Churned
356,1,1,32.75,1,1,1.0,0.0,0.0,0.0,0.0,0.0,0.0,0.0,33.0,0.0,0.0,0.0,0.0,0.0,0.0,0.0,0.0,0.0,0.0,0.0,0.0,32.75,0.0,0.0,0.0,0.0,0.0,1.0,0.0,0.0,0.0,0.0,0.0,0.0,True,Churned
357,1,1,90.0,1,1,0.0,1.0,0.0,0.0,0.0,90.0,0.0,0.0,0.0,0.0,0.0,0.0,0.0,0.0,0.0,0.0,0.0,0.0,0.0,0.0,0.0,90.0,0.0,0.0,0.0,0.0,0.0,1.0,0.0,0.0,0.0,0.0,0.0,0.0,True,Churned
360,1,3,13.8,1,33,0.0,1.0,0.0,0.0,0.0,0.0,0.0,0.0,0.0,0.0,0.0,0.0,0.0,0.0,0.0,0.0,0.0,0.0,14.0,0.0,0.0,13.8,0.0,0.0,0.0,0.0,0.0,3.0,0.0,0.0,0.0,0.0,0.0,0.0,True,Churned
361,1,1,114.21,1,1,0.0,1.0,0.0,0.0,0.0,0.0,0.0,0.0,0.0,0.0,0.0,0.0,0.0,0.0,0.0,0.0,114.0,0.0,0.0,0.0,0.0,0.0,0.0,0.0,0.0,0.0,114.21,0.0,0.0,0.0,0.0,0.0,0.0,1.0,True,Churned
362,1,1,40.0,1,1,0.0,1.0,0.0,0.0,0.0,40.0,0.0,0.0,0.0,0.0,0.0,0.0,0.0,0.0,0.0,0.0,0.0,0.0,0.0,0.0,0.0,40.0,0.0,0.0,0.0,0.0,0.0,1.0,0.0,0.0,0.0,0.0,0.0,0.0,True,Churned
375,5,99,5613.69,59,916,0.9,0.1,213.0,3230.0,0.0,25.0,0.0,0.0,342.0,152.0,0.0,0.0,69.0,289.0,0.0,0.0,1127.0,3.0,163.0,0.0,0.0,3468.44,2145.25,0.0,0.0,0.0,0.0,6.0,0.0,0.0,0.0,0.0,0.0,9.0,True,Churned
380,12,716,53119.49,135,629,0.23,0.77,33178.0,1422.0,0.0,1042.0,0.0,166.0,7005.0,104.0,0.0,0.0,990.0,2089.0,0.0,4150.0,2501.0,0.0,472.0,0.0,0.0,43389.95,5294.87,0.0,0.0,0.0,4434.67,346.0,1.0,0.0,36.0,60.0,1.0,16.0,True,Churned
382,7,272,21666.78,86,347,0.75,0.25,188.0,21.0,0.0,19394.0,0.0,0.0,526.0,0.0,0.0,0.0,0.0,716.0,0.0,0.0,21.0,0.0,801.0,0.0,0.0,20621.07,1045.71,0.0,0.0,0.0,0.0,247.0,0.0,2.0,4.0,1.0,0.0,4.0,True,Churned
387,5,138,4301.59,30,573,0.07,0.93,1276.0,460.0,0.0,1858.0,0.0,0.0,260.0,9.0,0.0,0.0,0.0,330.0,0.0,0.0,21.0,0.0,88.0,0.0,0.0,4301.59,0.0,0.0,0.0,0.0,0.0,119.0,0.0,0.0,10.0,0.0,0.0,5.0,True,Churned
390,12,1259,37027.99,307,846,0.48,0.52,0.0,1188.0,0.0,519.0,0.0,90.0,6894.0,304.0,2182.0,0.0,0.0,9380.0,0.0,0.0,15751.0,162.0,558.0,0.0,0.0,34787.93,372.69,0.0,0.0,943.81,565.98,1113.0,9.0,0.0,12.0,55.0,0.0,9.0,True,Churned
395,1,6,4850.0,3,23,0.0,1.0,0.0,0.0,0.0,4850.0,0.0,0.0,0.0,0.0,0.0,0.0,0.0,0.0,0.0,0.0,0.0,0.0,0.0,0.0,0.0,4850.0,0.0,0.0,0.0,0.0,0.0,6.0,0.0,0.0,0.0,0.0,0.0,0.0,True,Churned
397,5,223,11763.77,114,279,0.68,0.32,1389.0,77.0,0.0,3323.0,0.0,0.0,2454.0,384.0,105.0,0.0,149.0,549.0,0.0,0.0,2894.0,0.0,441.0,0.0,0.0,10090.31,1673.46,0.0,0.0,0.0,0.0,181.0,19.0,0.0,0.0,0.0,4.0,0.0,True,Churned
399,5,63,1439.36,43,721,0.81,0.19,61.0,71.0,0.0,0.0,0.0,0.0,595.0,0.0,0.0,0.0,0.0,467.0,0.0,55.0,102.0,0.0,90.0,0.0,0.0,1439.36,0.0,0.0,0.0,0.0,0.0,59.0,1.0,0.0,1.0,0.0,0.0,1.0,True,Churned
400,16,224,10078.02,163,343,0.99,0.01,8404.0,0.0,0.0,21.0,0.0,6.0,564.0,78.0,101.0,0.0,0.0,602.0,0.0,0.0,236.0,5.0,59.0,0.0,564.57,189.96,0.0,3.14,1727.18,814.11,1090.19,2.0,0.0,0.0,1.0,0.0,0.0,3.0,True,Churned
406,1,8,449.2,8,125,0.92,0.08,100.0,0.0,0.0,0.0,0.0,0.0,291.0,23.0,0.0,0.0,0.0,35.0,0.0,0.0,0.0,0.0,0.0,0.0,0.0,449.2,0.0,0.0,0.0,0.0,0.0,8.0,0.0,0.0,0.0,0.0,0.0,0.0,True,Churned
409,7,51,839.1,40,120,0.27,0.73,50.0,0.0,0.0,100.0,0.0,0.0,32.0,15.0,42.0,0.0,0.0,217.0,0.0,0.0,252.0,19.0,111.0,0.0,0.0,203.01,295.46,0.0,0.0,0.0,340.63,5.0,0.0,3.0,0.0,0.0,0.0,13.0,True,Churned
411,2,4,503.59,3,24,0.68,0.32,340.0,1.0,0.0,163.0,0.0,0.0,0.0,0.0,0.0,0.0,0.0,0.0,0.0,0.0,0.0,0.0,0.0,0.0,0.0,503.0,0.59,0.0,0.0,0.0,0.0,3.0,0.0,0.0,0.0,0.0,0.0,0.0,True,Churned
412,2,9,251.25,6,39,0.35,0.65,0.0,2.0,0.0,160.0,0.0,0.0,89.0,0.0,0.0,0.0,0.0,0.0,0.0,0.0,0.0,0.0,0.0,0.0,0.0,251.25,0.0,0.0,0.0,0.0,0.0,7.0,0.0,0.0,0.0,2.0,0.0,0.0,True,Churned
414,4,248,2684.05,85,158,0.84,0.16,0.0,10.0,0.0,0.0,0.0,10.0,1411.0,64.0,0.0,0.0,0.0,617.0,0.0,0.0,158.0,0.0,415.0,0.0,0.0,2613.56,70.49,0.0,0.0,0.0,0.0,243.0,1.0,0.0,1.0,0.0,0.0,0.0,True,Churned
415,7,513,15220.56,146,169,0.49,0.51,931.0,749.0,0.0,136.0,0.0,213.0,1639.0,254.0,941.0,0.0,102.0,971.0,0.0,0.0,6633.0,0.0,2650.0,0.0,0.0,5933.84,677.62,0.0,0.0,0.0,156.16,58.0,0.0,0.0,1.0,0.0,0.0,1.0,True,Churned
419,9,61,2865.79,38,521,0.64,0.36,247.0,109.0,0.0,0.0,0.0,0.0,266.0,260.0,33.0,0.0,0.0,196.0,0.0,415.0,525.0,0.0,815.0,0.0,0.0,2288.75,281.51,0.0,0.0,0.0,19.12,27.0,3.0,0.0,11.0,0.0,6.0,0.0,True,Churned
423,11,499,97299.15,224,608,0.74,0.26,5105.0,737.0,0.0,95.0,0.0,16150.0,2462.0,565.0,5950.0,0.0,2010.0,7297.0,0.0,0.0,36383.0,875.0,19669.0,0.0,0.0,1104.74,96194.41,0.0,0.0,0.0,0.0,0.0,1.0,459.0,1.0,8.0,3.0,5.0,True,Churned
425,1,85,1565.5,34,107,0.95,0.05,0.0,0.0,0.0,0.0,0.0,0.0,764.0,33.0,0.0,0.0,0.0,245.0,0.0,0.0,446.0,0.0,77.0,0.0,0.0,1565.5,0.0,0.0,0.0,0.0,0.0,85.0,0.0,0.0,0.0,0.0,0.0,0.0,True,Churned
427,1,17,1433.85,8,59,0.95,0.05,0.0,1256.0,0.0,0.0,0.0,0.0,29.0,0.0,140.0,0.0,0.0,9.0,0.0,0.0,0.0,0.0,0.0,0.0,0.0,1433.85,0.0,0.0,0.0,0.0,0.0,17.0,0.0,0.0,0.0,0.0,0.0,0.0,True,Churned
429,1,15,740.33,14,943,0.74,0.26,168.0,0.0,0.0,0.0,0.0,8.0,377.0,40.0,0.0,0.0,0.0,129.0,0.0,0.0,19.0,0.0,0.0,0.0,0.0,740.33,0.0,0.0,0.0,0.0,0.0,15.0,0.0,0.0,0.0,0.0,0.0,0.0,True,Churned
430,1,6,285.65,4,381,1.0,0.0,0.0,0.0,0.0,0.0,0.0,0.0,198.0,0.0,0.0,0.0,0.0,88.0,0.0,0.0,0.0,0.0,0.0,0.0,0.0,285.65,0.0,0.0,0.0,0.0,0.0,6.0,0.0,0.0,0.0,0.0,0.0,0.0,True,Churned
431,7,418,11082.84,168,145,0.42,0.58,552.0,72.0,0.0,164.0,0.0,523.0,664.0,164.0,3469.0,0.0,153.0,1404.0,0.0,0.0,2353.0,0.0,1565.0,0.0,0.0,4969.31,6059.16,34.42,0.0,0.0,19.95,154.0,4.0,202.0,24.0,3.0,0.0,0.0,True,Churned
435,1,64,866.58,30,431,0.6,0.4,2.0,54.0,0.0,0.0,0.0,0.0,373.0,0.0,0.0,0.0,9.0,23.0,0.0,0.0,292.0,0.0,113.0,0.0,0.0,866.58,0.0,0.0,0.0,0.0,0.0,64.0,0.0,0.0,0.0,0.0,0.0,0.0,True,Churned
436,8,30,1612.46,20,317,0.02,0.98,0.0,628.0,0.0,24.0,0.0,942.0,18.0,0.0,0.0,0.0,0.0,0.0,0.0,0.0,0.0,0.0,0.0,0.0,0.0,1124.45,66.18,0.0,0.0,0.0,421.83,2.0,1.0,0.0,4.0,8.0,0.0,11.0,True,Churned
438,4,25,1610.15,14,137,0.64,0.36,0.0,576.0,0.0,0.0,0.0,0.0,704.0,58.0,55.0,0.0,0.0,27.0,0.0,0.0,22.0,133.0,35.0,0.0,0.0,815.51,794.64,0.0,0.0,0.0,0.0,13.0,0.0,1.0,0.0,0.0,4.0,0.0,True,Churned
439,2,15,139.16,8,192,0.77,0.23,11.0,0.0,0.0,0.0,0.0,0.0,40.0,0.0,0.0,0.0,0.0,86.0,0.0,0.0,0.0,0.0,2.0,0.0,0.0,128.05,11.11,0.0,0.0,0.0,0.0,14.0,0.0,1.0,0.0,0.0,0.0,0.0,True,Churned
441,1,14,536.3,3,35,0.0,1.0,0.0,0.0,0.0,0.0,0.0,0.0,0.0,0.0,0.0,0.0,0.0,0.0,0.0,0.0,536.0,0.0,0.0,0.0,0.0,0.0,0.0,0.0,0.0,0.0,536.3,0.0,0.0,0.0,14.0,0.0,0.0,0.0,True,Churned
442,2,3,220.36,3,34,0.0,1.0,101.0,0.0,0.0,104.0,0.0,0.0,0.0,0.0,0.0,0.0,0.0,0.0,0.0,0.0,16.0,0.0,0.0,0.0,0.0,119.5,0.0,0.0,0.0,0.0,100.86,2.0,0.0,0.0,0.0,0.0,0.0,0.0,True,Churned
443,1,4,97.35,4,15,0.5,0.5,0.0,0.0,0.0,0.0,0.0,0.0,17.0,0.0,0.0,0.0,0.0,49.0,0.0,0.0,0.0,0.0,31.0,0.0,0.0,97.35,0.0,0.0,0.0,0.0,0.0,4.0,0.0,0.0,0.0,0.0,0.0,0.0,True,Churned
444,2,14,308.38,9,156,0.96,0.04,0.0,0.0,0.0,0.0,0.0,0.0,52.0,0.0,0.0,0.0,0.0,150.0,0.0,0.0,18.0,0.0,89.0,0.0,0.0,299.29,0.0,0.0,0.0,0.0,9.09,11.0,0.0,0.0,0.0,0.0,0.0,0.0,True,Churned
452,4,43,26190.39,11,425,0.01,0.99,25863.0,0.0,0.0,0.0,0.0,0.0,21.0,0.0,0.0,0.0,160.0,128.0,0.0,0.0,0.0,0.0,19.0,0.0,0.0,26102.25,88.14,0.0,0.0,0.0,0.0,3.0,0.0,0.0,14.0,0.0,0.0,0.0,True,Churned
458,2,17,473.83,16,591,0.64,0.36,0.0,0.0,0.0,49.0,0.0,0.0,110.0,0.0,0.0,0.0,0.0,129.0,0.0,0.0,64.0,121.0,0.0,0.0,0.0,352.7,0.0,0.0,0.0,0.0,121.13,15.0,0.0,0.0,0.0,0.0,0.0,2.0,True,Churned
460,1,3,80.1,3,3,1.0,0.0,0.0,27.0,0.0,0.0,0.0,0.0,53.0,0.0,0.0,0.0,0.0,0.0,0.0,0.0,0.0,0.0,0.0,0.0,0.0,80.1,0.0,0.0,0.0,0.0,0.0,3.0,0.0,0.0,0.0,0.0,0.0,0.0,True,Churned
461,1,2,1390.25,2,237,0.0,1.0,0.0,0.0,0.0,1390.0,0.0,0.0,0.0,0.0,0.0,0.0,0.0,0.0,0.0,0.0,0.0,0.0,0.0,0.0,0.0,1390.25,0.0,0.0,0.0,0.0,0.0,2.0,0.0,0.0,0.0,0.0,0.0,0.0,True,Churned
465,2,89,957.99,27,93,0.94,0.06,0.0,7.0,0.0,24.0,0.0,0.0,80.0,0.0,9.0,0.0,0.0,327.0,0.0,0.0,425.0,0.0,87.0,0.0,0.0,0.0,0.0,951.24,0.0,0.0,6.75,0.0,0.0,0.0,88.0,0.0,0.0,0.0,True,Churned
467,1,1,15.0,1,1,0.0,1.0,15.0,0.0,0.0,0.0,0.0,0.0,0.0,0.0,0.0,0.0,0.0,0.0,0.0,0.0,0.0,0.0,0.0,0.0,0.0,15.0,0.0,0.0,0.0,0.0,0.0,0.0,0.0,0.0,1.0,0.0,0.0,0.0,True,Churned
469,6,37,4166.62,18,18,0.05,0.95,3200.0,208.0,0.0,196.0,0.0,0.0,79.0,0.0,0.0,0.0,0.0,63.0,0.0,0.0,338.0,0.0,82.0,0.0,0.0,3780.16,235.76,0.0,0.0,0.0,150.7,13.0,0.0,0.0,13.0,0.0,0.0,0.0,True,Churned
489,2,17,1552.43,16,259,1.0,0.0,0.0,0.0,0.0,0.0,0.0,0.0,83.0,0.0,712.0,0.0,0.0,64.0,0.0,0.0,668.0,0.0,26.0,0.0,0.0,1227.65,324.78,0.0,0.0,0.0,0.0,10.0,7.0,0.0,0.0,0.0,0.0,0.0,True,Churned
492,5,94,6371.98,50,337,0.79,0.21,2970.0,0.0,0.0,0.0,0.0,60.0,710.0,71.0,753.0,0.0,0.0,862.0,0.0,0.0,486.0,0.0,459.0,0.0,0.0,4581.84,1790.14,0.0,0.0,0.0,0.0,65.0,1.0,9.0,2.0,0.0,0.0,0.0,True,Churned
497,6,410,60307.67,162,830,0.48,0.52,21809.0,78.0,0.0,477.0,0.0,1500.0,4338.0,463.0,1986.0,0.0,0.0,3666.0,0.0,7400.0,12586.0,451.0,5554.0,0.0,0.0,60144.82,118.69,44.16,0.0,0.0,0.0,367.0,4.0,0.0,27.0,1.0,1.0,0.0,True,Churned
504,8,99,4080.35,82,118,0.99,0.01,269.0,87.0,0.0,294.0,0.0,21.0,244.0,60.0,774.0,0.0,0.0,1417.0,0.0,0.0,433.0,109.0,373.0,0.0,0.0,61.14,0.0,0.0,0.0,0.0,1229.02,0.0,0.0,0.0,0.0,0.0,0.0,25.0,True,Churned
508,4,41,1225.33,39,372,0.96,0.04,0.0,19.0,0.0,90.0,0.0,0.0,145.0,20.0,174.0,0.0,0.0,660.0,0.0,0.0,37.0,0.0,80.0,0.0,0.0,71.7,1150.36,0.0,0.0,0.0,3.27,2.0,1.0,0.0,0.0,0.0,37.0,1.0,True,Churned
509,1,1,9.0,1,1,1.0,0.0,0.0,0.0,0.0,0.0,0.0,0.0,0.0,0.0,0.0,0.0,0.0,0.0,0.0,0.0,9.0,0.0,0.0,0.0,0.0,9.0,0.0,0.0,0.0,0.0,0.0,1.0,0.0,0.0,0.0,0.0,0.0,0.0,True,Churned
511,5,178,7395.76,71,759,0.87,0.13,980.0,50.0,0.0,149.0,0.0,608.0,3064.0,248.0,58.0,0.0,0.0,1042.0,0.0,0.0,232.0,0.0,966.0,0.0,0.0,7302.02,93.74,0.0,0.0,0.0,0.0,168.0,0.0,0.0,0.0,0.0,1.0,4.0,True,Churned
520,1,83,4242.57,34,155,1.0,0.0,1800.0,0.0,0.0,48.0,0.0,0.0,314.0,56.0,0.0,0.0,0.0,430.0,0.0,0.0,1161.0,0.0,434.0,0.0,0.0,4242.57,0.0,0.0,0.0,0.0,0.0,83.0,0.0,0.0,0.0,0.0,0.0,0.0,True,Churned
524,1,9,42.85,4,24,1.0,0.0,0.0,0.0,0.0,0.0,0.0,0.0,37.0,0.0,0.0,0.0,0.0,0.0,0.0,0.0,0.0,0.0,6.0,0.0,0.0,42.85,0.0,0.0,0.0,0.0,0.0,9.0,0.0,0.0,0.0,0.0,0.0,0.0,True,Churned
525,8,125,11492.99,88,304,1.0,0.0,0.0,0.0,0.0,283.0,0.0,11.0,671.0,0.0,5190.0,0.0,0.0,2287.0,0.0,0.0,2484.0,0.0,567.0,0.0,0.0,244.28,10320.12,0.0,0.0,0.0,0.0,3.0,5.0,39.0,0.0,0.0,9.0,0.0,True,Churned
526,3,40,26893.84,17,126,0.02,0.98,300.0,92.0,0.0,25938.0,0.0,0.0,37.0,33.0,453.0,0.0,0.0,40.0,0.0,0.0,0.0,0.0,0.0,0.0,0.0,26893.84,0.0,0.0,0.0,0.0,0.0,21.0,0.0,0.0,18.0,0.0,0.0,0.0,True,Churned
528,2,121,7683.38,55,431,0.93,0.07,0.0,709.0,0.0,0.0,0.0,0.0,4199.0,185.0,155.0,0.0,81.0,1004.0,0.0,0.0,1195.0,0.0,156.0,0.0,0.0,7683.38,0.0,0.0,0.0,0.0,0.0,120.0,0.0,0.0,0.0,0.0,0.0,0.0,True,Churned
529,2,106,5045.09,33,429,0.53,0.47,0.0,0.0,0.0,0.0,0.0,0.0,1065.0,49.0,0.0,0.0,0.0,1210.0,0.0,0.0,2632.0,41.0,48.0,0.0,0.0,5045.09,0.0,0.0,0.0,0.0,0.0,103.0,0.0,0.0,0.0,0.0,0.0,0.0,True,Churned
531,4,24,1443.16,5,685,0.0,1.0,0.0,104.0,0.0,678.0,0.0,22.0,0.0,0.0,0.0,0.0,0.0,0.0,0.0,0.0,639.0,0.0,0.0,0.0,0.0,722.32,678.15,0.0,0.0,0.0,42.69,0.0,0.0,0.0,0.0,5.0,0.0,0.0,True,Churned
533,2,48,1533.33,34,549,0.97,0.03,0.0,0.0,0.0,28.0,0.0,0.0,384.0,78.0,0.0,0.0,0.0,684.0,0.0,0.0,321.0,0.0,39.0,0.0,0.0,1505.85,27.48,0.0,0.0,0.0,0.0,46.0,0.0,0.0,2.0,0.0,0.0,0.0,True,Churned
536,2,98,2420.03,20,333,0.62,0.38,865.0,0.0,0.0,0.0,0.0,0.0,216.0,19.0,0.0,0.0,0.0,787.0,0.0,0.0,0.0,0.0,533.0,0.0,0.0,100.0,0.0,0.0,0.0,0.0,0.0,1.0,0.0,0.0,0.0,0.0,0.0,0.0,True,Churned
537,1,9,2519.8,8,351,1.0,0.0,1000.0,0.0,0.0,0.0,0.0,0.0,36.0,0.0,1409.0,0.0,0.0,73.0,0.0,0.0,0.0,0.0,2.0,0.0,0.0,2519.8,0.0,0.0,0.0,0.0,0.0,9.0,0.0,0.0,0.0,0.0,0.0,0.0,True,Churned
539,1,19,259.35,11,71,1.0,0.0,0.0,0.0,0.0,0.0,0.0,0.0,149.0,0.0,0.0,0.0,0.0,0.0,0.0,0.0,0.0,0.0,111.0,0.0,0.0,259.35,0.0,0.0,0.0,0.0,0.0,19.0,0.0,0.0,0.0,0.0,0.0,0.0,True,Churned
540,1,5,105.8,3,104,0.74,0.26,0.0,0.0,0.0,0.0,0.0,27.0,79.0,0.0,0.0,0.0,0.0,0.0,0.0,0.0,0.0,0.0,0.0,0.0,0.0,105.8,0.0,0.0,0.0,0.0,0.0,5.0,0.0,0.0,0.0,0.0,0.0,0.0,True,Churned
541,1,3,115.0,2,3,0.08,0.92,0.0,0.0,0.0,0.0,0.0,0.0,10.0,0.0,0.0,0.0,0.0,0.0,0.0,106.0,0.0,0.0,0.0,0.0,0.0,115.0,0.0,0.0,0.0,0.0,0.0,3.0,0.0,0.0,0.0,0.0,0.0,0.0,True,Churned
542,1,10,109.2,6,37,1.0,0.0,0.0,0.0,0.0,0.0,0.0,0.0,109.0,0.0,0.0,0.0,0.0,0.0,0.0,0.0,0.0,0.0,0.0,0.0,0.0,109.2,0.0,0.0,0.0,0.0,0.0,10.0,0.0,0.0,0.0,0.0,0.0,0.0,True,Churned
543,1,3,107.0,3,16,0.0,1.0,0.0,0.0,0.0,70.0,0.0,0.0,0.0,0.0,0.0,0.0,0.0,0.0,0.0,36.0,1.0,0.0,0.0,0.0,0.0,107.0,0.0,0.0,0.0,0.0,0.0,3.0,0.0,0.0,0.0,0.0,0.0,0.0,True,Churned
546,1,8,110.7,8,28,1.0,0.0,0.0,0.0,0.0,0.0,0.0,0.0,52.0,30.0,0.0,0.0,0.0,0.0,0.0,0.0,29.0,0.0,0.0,0.0,0.0,110.7,0.0,0.0,0.0,0.0,0.0,8.0,0.0,0.0,0.0,0.0,0.0,0.0,True,Churned
547,2,7,103.0,5,9,0.98,0.02,0.0,2.0,0.0,0.0,0.0,0.0,97.0,0.0,0.0,0.0,0.0,4.0,0.0,0.0,0.0,0.0,0.0,0.0,0.0,101.34,1.66,0.0,0.0,0.0,0.0,6.0,0.0,0.0,0.0,0.0,0.0,0.0,True,Churned
549,3,21,748.07,7,590,0.08,0.92,0.0,97.0,0.0,0.0,0.0,0.0,37.0,0.0,97.0,0.0,0.0,13.0,0.0,0.0,0.0,0.0,504.0,0.0,0.0,631.75,116.32,0.0,0.0,0.0,0.0,18.0,0.0,0.0,0.0,0.0,0.0,0.0,True,Churned
558,1,5,89.3,5,3,1.0,0.0,0.0,0.0,0.0,0.0,0.0,0.0,2.0,0.0,0.0,0.0,0.0,87.0,0.0,0.0,0.0,0.0,0.0,0.0,0.0,89.3,0.0,0.0,0.0,0.0,0.0,5.0,0.0,0.0,0.0,0.0,0.0,0.0,True,Churned
559,1,1,700.0,1,1,0.0,1.0,0.0,0.0,0.0,0.0,0.0,0.0,0.0,0.0,0.0,0.0,0.0,0.0,0.0,700.0,0.0,0.0,0.0,0.0,0.0,700.0,0.0,0.0,0.0,0.0,0.0,0.0,0.0,0.0,1.0,0.0,0.0,0.0,True,Churned
561,1,1,15.0,1,1,0.0,1.0,0.0,0.0,0.0,15.0,0.0,0.0,0.0,0.0,0.0,0.0,0.0,0.0,0.0,0.0,0.0,0.0,0.0,0.0,0.0,15.0,0.0,0.0,0.0,0.0,0.0,0.0,1.0,0.0,0.0,0.0,0.0,0.0,True,Churned
562,4,10,325.76,7,47,0.42,0.58,106.0,13.0,0.0,74.0,0.0,0.0,4.0,0.0,0.0,0.0,0.0,60.0,0.0,0.0,61.0,0.0,8.0,0.0,0.0,150.8,0.0,8.01,0.0,0.0,166.95,6.0,0.0,0.0,2.0,0.0,0.0,1.0,True,Churned
564,3,5,399.15,5,47,0.96,0.04,375.0,0.0,0.0,0.0,0.0,4.0,3.0,0.0,14.0,0.0,0.0,4.0,0.0,0.0,0.0,0.0,0.0,0.0,0.0,0.0,23.75,0.0,0.0,375.4,0.0,0.0,3.0,0.0,0.0,0.0,0.0,0.0,True,Churned
569,13,356,15505.36,120,451,0.72,0.28,2991.0,0.0,0.0,443.0,0.0,979.0,3237.0,482.0,857.0,0.0,0.0,910.0,0.0,0.0,4211.0,143.0,1252.0,0.0,0.0,10332.83,3842.76,0.0,0.0,0.0,56.66,298.0,10.0,7.0,5.0,0.0,0.0,1.0,True,Churned
571,3,1224,18654.74,211,923,0.98,0.02,84.0,0.0,0.0,37.0,0.0,0.0,11314.0,0.0,455.0,0.0,0.0,6124.0,0.0,0.0,260.0,56.0,325.0,0.0,0.0,18327.65,0.0,3.36,0.0,0.0,239.58,1214.0,0.0,0.0,1.0,0.0,0.0,0.0,True,Churned
576,5,33,640.6,21,741,0.11,0.89,16.0,78.0,0.0,22.0,0.0,17.0,23.0,0.0,0.0,0.0,243.0,16.0,0.0,0.0,226.0,0.0,0.0,0.0,0.0,472.43,62.6,0.0,0.0,0.0,105.57,15.0,0.0,0.0,3.0,4.0,0.0,10.0,True,Churned
577,2,97,2906.63,69,411,0.93,0.07,321.0,0.0,0.0,8.0,0.0,22.0,152.0,59.0,0.0,0.0,0.0,308.0,0.0,0.0,1979.0,0.0,58.0,0.0,0.0,137.7,92.52,0.0,0.0,0.0,2676.41,0.0,2.0,0.0,0.0,0.0,0.0,95.0,True,Churned
578,2,71,1875.3,14,866,0.48,0.52,750.0,0.0,0.0,927.0,0.0,0.0,5.0,0.0,0.0,0.0,0.0,10.0,0.0,0.0,117.0,0.0,66.0,0.0,0.0,1875.3,0.0,0.0,0.0,0.0,0.0,32.0,0.0,0.0,0.0,0.0,0.0,0.0,True,Churned
581,5,9,229.35,9,314,0.28,0.72,0.0,27.0,0.0,0.0,0.0,2.0,0.0,0.0,0.0,0.0,0.0,0.0,0.0,0.0,201.0,0.0,0.0,0.0,0.0,189.0,40.35,0.0,0.0,0.0,0.0,5.0,1.0,0.0,0.0,1.0,0.0,0.0,True,Churned
583,7,209,10042.1,57,935,0.18,0.82,7588.0,44.0,0.0,386.0,0.0,0.0,870.0,0.0,0.0,0.0,0.0,11.0,0.0,327.0,293.0,0.0,523.0,0.0,0.0,9950.49,80.27,0.0,0.0,0.0,0.0,161.0,5.0,0.0,0.0,6.0,0.0,4.0,True,Churned
584,2,13,1486.01,11,251,1.0,0.0,700.0,0.0,0.0,0.0,0.0,0.0,598.0,0.0,0.0,0.0,0.0,11.0,0.0,0.0,61.0,0.0,116.0,0.0,0.0,1080.14,405.87,0.0,0.0,0.0,0.0,8.0,0.0,0.0,0.0,0.0,0.0,0.0,True,Churned
585,1,5,331.0,5,45,1.0,0.0,320.0,0.0,0.0,0.0,0.0,0.0,9.0,0.0,0.0,0.0,0.0,0.0,0.0,0.0,0.0,0.0,2.0,0.0,0.0,331.0,0.0,0.0,0.0,0.0,0.0,5.0,0.0,0.0,0.0,0.0,0.0,0.0,True,Churned
586,1,72,950.85,32,184,0.97,0.03,0.0,0.0,0.0,0.0,0.0,0.0,320.0,0.0,0.0,0.0,0.0,543.0,0.0,0.0,60.0,0.0,29.0,0.0,0.0,950.85,0.0,0.0,0.0,0.0,0.0,72.0,0.0,0.0,0.0,0.0,0.0,0.0,True,Churned
590,1,2,7.5,2,910,1.0,0.0,0.0,0.0,0.0,0.0,0.0,0.0,0.0,0.0,0.0,0.0,0.0,0.0,0.0,0.0,0.0,0.0,8.0,0.0,0.0,7.5,0.0,0.0,0.0,0.0,0.0,2.0,0.0,0.0,0.0,0.0,0.0,0.0,True,Churned
591,1,10,85.3,5,11,1.0,0.0,0.0,0.0,0.0,0.0,0.0,0.0,44.0,0.0,0.0,0.0,0.0,42.0,0.0,0.0,0.0,0.0,0.0,0.0,0.0,85.3,0.0,0.0,0.0,0.0,0.0,10.0,0.0,0.0,0.0,0.0,0.0,0.0,True,Churned
594,4,6,158.53,6,333,0.0,1.0,0.0,1.0,0.0,0.0,0.0,7.0,0.0,0.0,0.0,0.0,0.0,0.0,0.0,55.0,95.0,0.0,0.0,0.0,0.0,151.16,0.0,0.0,0.0,0.0,0.0,3.0,0.0,0.0,1.0,0.0,0.0,0.0,True,Churned
595,1,6,181.5,5,173,1.0,0.0,0.0,0.0,0.0,22.0,0.0,0.0,55.0,0.0,0.0,0.0,0.0,0.0,0.0,0.0,104.0,0.0,0.0,0.0,0.0,181.5,0.0,0.0,0.0,0.0,0.0,6.0,0.0,0.0,0.0,0.0,0.0,0.0,True,Churned
597,4,46,604.34,26,59,0.95,0.05,0.0,0.0,0.0,118.0,0.0,0.0,45.0,0.0,31.0,0.0,0.0,188.0,0.0,0.0,155.0,0.0,67.0,0.0,0.0,423.52,180.82,0.0,0.0,0.0,0.0,40.0,0.0,1.0,1.0,0.0,4.0,0.0,True,Churned
602,1,1,11.9,1,1,1.0,0.0,0.0,0.0,0.0,0.0,0.0,0.0,0.0,0.0,0.0,0.0,0.0,12.0,0.0,0.0,0.0,0.0,0.0,0.0,0.0,11.9,0.0,0.0,0.0,0.0,0.0,1.0,0.0,0.0,0.0,0.0,0.0,0.0,True,Churned
606,2,20,1608.75,11,76,0.98,0.02,400.0,0.0,0.0,26.0,0.0,0.0,1002.0,0.0,0.0,0.0,0.0,0.0,0.0,25.0,9.0,0.0,147.0,0.0,0.0,1608.75,0.0,0.0,0.0,0.0,0.0,19.0,0.0,0.0,1.0,0.0,0.0,0.0,True,Churned
619,1,4,30.9,3,2,1.0,0.0,0.0,0.0,0.0,0.0,0.0,0.0,21.0,0.0,0.0,0.0,0.0,10.0,0.0,0.0,0.0,0.0,0.0,0.0,0.0,30.9,0.0,0.0,0.0,0.0,0.0,4.0,0.0,0.0,0.0,0.0,0.0,0.0,True,Churned
620,3,43,978.13,16,392,0.4,0.6,250.0,4.0,0.0,480.0,0.0,0.0,11.0,0.0,0.0,0.0,0.0,192.0,0.0,0.0,42.0,0.0,0.0,0.0,0.0,978.13,0.0,0.0,0.0,0.0,0.0,40.0,0.0,0.0,1.0,0.0,0.0,2.0,True,Churned
621,1,8,154.75,5,6,1.0,0.0,20.0,0.0,0.0,0.0,0.0,0.0,125.0,0.0,0.0,0.0,0.0,10.0,0.0,0.0,0.0,0.0,0.0,0.0,0.0,154.75,0.0,0.0,0.0,0.0,0.0,8.0,0.0,0.0,0.0,0.0,0.0,0.0,True,Churned
624,1,4,45.35,2,1,1.0,0.0,0.0,0.0,0.0,0.0,0.0,0.0,3.0,0.0,0.0,0.0,0.0,42.0,0.0,0.0,0.0,0.0,0.0,0.0,0.0,45.35,0.0,0.0,0.0,0.0,0.0,4.0,0.0,0.0,0.0,0.0,0.0,0.0,True,Churned
626,2,2,3504.65,2,218,0.0,1.0,1504.0,0.0,0.0,0.0,0.0,0.0,0.0,0.0,0.0,0.0,0.0,0.0,0.0,2001.0,0.0,0.0,0.0,0.0,0.0,2000.92,1503.73,0.0,0.0,0.0,0.0,1.0,0.0,0.0,0.0,0.0,0.0,0.0,True,Churned
627,1,11,110.0,11,273,1.0,0.0,0.0,0.0,0.0,2.0,0.0,0.0,51.0,0.0,0.0,0.0,13.0,0.0,0.0,0.0,11.0,0.0,33.0,0.0,0.0,110.0,0.0,0.0,0.0,0.0,0.0,11.0,0.0,0.0,0.0,0.0,0.0,0.0,True,Churned
628,1,8,118.0,4,36,0.86,0.14,0.0,0.0,0.0,0.0,0.0,0.0,102.0,0.0,0.0,0.0,0.0,0.0,0.0,0.0,0.0,0.0,16.0,0.0,0.0,118.0,0.0,0.0,0.0,0.0,0.0,8.0,0.0,0.0,0.0,0.0,0.0,0.0,True,Churned
629,1,10,192.6,4,98,1.0,0.0,0.0,0.0,0.0,0.0,0.0,0.0,185.0,0.0,0.0,0.0,0.0,0.0,0.0,0.0,0.0,0.0,7.0,0.0,0.0,192.6,0.0,0.0,0.0,0.0,0.0,10.0,0.0,0.0,0.0,0.0,0.0,0.0,True,Churned
633,1,1,34.0,1,1,1.0,0.0,0.0,0.0,0.0,0.0,0.0,0.0,0.0,0.0,0.0,0.0,0.0,0.0,0.0,0.0,0.0,0.0,34.0,0.0,0.0,34.0,0.0,0.0,0.0,0.0,0.0,1.0,0.0,0.0,0.0,0.0,0.0,0.0,True,Churned
639,2,9,40.17,6,407,1.0,0.0,0.0,0.0,0.0,0.0,0.0,0.0,0.0,0.0,0.0,0.0,0.0,7.0,0.0,0.0,0.0,0.0,33.0,0.0,0.0,33.4,0.0,0.0,0.0,0.0,6.77,8.0,0.0,0.0,0.0,0.0,0.0,1.0,True,Churned
640,1,2,120.0,2,2,1.0,0.0,120.0,0.0,0.0,0.0,0.0,0.0,0.0,0.0,0.0,0.0,0.0,0.0,0.0,0.0,0.0,0.0,0.0,0.0,0.0,120.0,0.0,0.0,0.0,0.0,0.0,2.0,0.0,0.0,0.0,0.0,0.0,0.0,True,Churned
641,1,1,0.8,1,1,1.0,0.0,0.0,0.0,0.0,0.0,0.0,0.0,1.0,0.0,0.0,0.0,0.0,0.0,0.0,0.0,0.0,0.0,0.0,0.0,0.0,0.8,0.0,0.0,0.0,0.0,0.0,1.0,0.0,0.0,0.0,0.0,0.0,0.0,True,Churned
649,1,1,1.0,1,1,0.0,1.0,1.0,0.0,0.0,0.0,0.0,0.0,0.0,0.0,0.0,0.0,0.0,0.0,0.0,0.0,0.0,0.0,0.0,0.0,0.0,1.0,0.0,0.0,0.0,0.0,0.0,0.0,0.0,0.0,1.0,0.0,0.0,0.0,True,Churned
650,1,3,57.09,1,2,0.0,1.0,0.0,0.0,0.0,0.0,0.0,0.0,0.0,0.0,0.0,0.0,0.0,0.0,0.0,0.0,57.0,0.0,0.0,0.0,0.0,0.0,0.0,0.0,0.0,0.0,57.09,0.0,0.0,0.0,0.0,0.0,0.0,3.0,True,Churned
651,1,2,889.14,1,33,0.0,1.0,0.0,0.0,0.0,0.0,0.0,0.0,0.0,0.0,0.0,0.0,0.0,0.0,0.0,0.0,889.0,0.0,0.0,0.0,0.0,0.0,889.14,0.0,0.0,0.0,0.0,0.0,2.0,0.0,0.0,0.0,0.0,0.0,True,Churned
653,1,1,20.0,1,1,0.0,1.0,0.0,0.0,0.0,20.0,0.0,0.0,0.0,0.0,0.0,0.0,0.0,0.0,0.0,0.0,0.0,0.0,0.0,0.0,0.0,20.0,0.0,0.0,0.0,0.0,0.0,1.0,0.0,0.0,0.0,0.0,0.0,0.0,True,Churned
654,5,33,442.83,10,887,0.0,1.0,0.0,30.0,0.0,150.0,0.0,0.0,0.0,0.0,0.0,0.0,0.0,10.0,0.0,0.0,130.0,0.0,124.0,0.0,0.0,420.86,21.97,0.0,0.0,0.0,0.0,22.0,5.0,0.0,0.0,3.0,0.0,0.0,True,Churned
655,1,1,5.09,1,1,0.0,1.0,0.0,0.0,0.0,0.0,0.0,5.0,0.0,0.0,0.0,0.0,0.0,0.0,0.0,0.0,0.0,0.0,0.0,0.0,0.0,5.09,0.0,0.0,0.0,0.0,0.0,0.0,0.0,0.0,1.0,0.0,0.0,0.0,True,Churned
656,1,2,84.9,2,1,1.0,0.0,0.0,0.0,0.0,0.0,0.0,0.0,0.0,0.0,0.0,0.0,0.0,0.0,0.0,0.0,85.0,0.0,0.0,0.0,0.0,84.9,0.0,0.0,0.0,0.0,0.0,2.0,0.0,0.0,0.0,0.0,0.0,0.0,True,Churned
657,1,8,173.2,6,696,1.0,0.0,0.0,0.0,0.0,0.0,0.0,0.0,21.0,0.0,0.0,0.0,0.0,129.0,0.0,0.0,18.0,0.0,5.0,0.0,0.0,173.2,0.0,0.0,0.0,0.0,0.0,8.0,0.0,0.0,0.0,0.0,0.0,0.0,True,Churned
658,1,5,150.3,4,21,0.33,0.67,0.0,0.0,0.0,100.0,0.0,0.0,0.0,0.0,0.0,0.0,0.0,23.0,0.0,0.0,0.0,0.0,27.0,0.0,0.0,150.3,0.0,0.0,0.0,0.0,0.0,5.0,0.0,0.0,0.0,0.0,0.0,0.0,True,Churned
661,4,8,766.49,6,304,0.23,0.77,558.0,0.0,0.0,0.0,0.0,0.0,0.0,0.0,0.0,0.0,0.0,99.0,0.0,0.0,110.0,0.0,0.0,0.0,0.0,209.65,556.84,0.0,0.0,0.0,0.0,3.0,2.0,0.0,0.0,0.0,0.0,0.0,True,Churned
663,1,1,17.6,1,1,1.0,0.0,0.0,0.0,0.0,0.0,0.0,0.0,0.0,0.0,0.0,0.0,0.0,0.0,0.0,0.0,0.0,0.0,18.0,0.0,0.0,17.6,0.0,0.0,0.0,0.0,0.0,1.0,0.0,0.0,0.0,0.0,0.0,0.0,True,Churned
664,2,31,358.55,17,716,0.93,0.07,50.0,0.0,0.0,34.0,0.0,0.0,164.0,0.0,15.0,0.0,0.0,66.0,0.0,0.0,29.0,0.0,0.0,0.0,0.0,358.55,0.0,0.0,0.0,0.0,0.0,30.0,0.0,0.0,1.0,0.0,0.0,0.0,True,Churned
665,2,6,319.6,4,52,0.35,0.65,228.0,0.0,0.0,0.0,0.0,0.0,60.0,0.0,0.0,0.0,0.0,32.0,0.0,0.0,0.0,0.0,0.0,0.0,0.0,319.6,0.0,0.0,0.0,0.0,0.0,5.0,0.0,0.0,1.0,0.0,0.0,0.0,True,Churned
666,1,5,37.0,1,338,1.0,0.0,0.0,0.0,0.0,0.0,0.0,0.0,0.0,0.0,0.0,0.0,0.0,37.0,0.0,0.0,0.0,0.0,0.0,0.0,0.0,37.0,0.0,0.0,0.0,0.0,0.0,5.0,0.0,0.0,0.0,0.0,0.0,0.0,True,Churned
668,1,1,60.0,1,1,0.0,1.0,60.0,0.0,0.0,0.0,0.0,0.0,0.0,0.0,0.0,0.0,0.0,0.0,0.0,0.0,0.0,0.0,0.0,0.0,0.0,60.0,0.0,0.0,0.0,0.0,0.0,0.0,0.0,0.0,0.0,1.0,0.0,0.0,True,Churned
669,1,1,30.99,1,1,0.0,1.0,0.0,0.0,0.0,0.0,0.0,31.0,0.0,0.0,0.0,0.0,0.0,0.0,0.0,0.0,0.0,0.0,0.0,0.0,0.0,30.99,0.0,0.0,0.0,0.0,0.0,0.0,0.0,0.0,1.0,0.0,0.0,0.0,True,Churned
670,1,4,37.75,3,2,1.0,0.0,0.0,0.0,0.0,0.0,0.0,0.0,26.0,0.0,0.0,0.0,0.0,12.0,0.0,0.0,0.0,0.0,0.0,0.0,0.0,37.75,0.0,0.0,0.0,0.0,0.0,4.0,0.0,0.0,0.0,0.0,0.0,0.0,True,Churned
671,2,2,246.75,2,1,0.0,1.0,0.0,116.0,0.0,0.0,0.0,0.0,131.0,0.0,0.0,0.0,0.0,0.0,0.0,0.0,0.0,0.0,0.0,0.0,0.0,246.75,0.0,0.0,0.0,0.0,0.0,1.0,0.0,0.0,0.0,0.0,0.0,1.0,True,Churned
672,1,3,0.65,2,1,0.46,0.54,0.0,0.0,0.0,0.0,0.0,0.0,0.0,0.0,0.0,0.0,0.0,0.0,0.0,0.0,0.0,0.0,0.0,0.0,0.0,0.65,0.0,0.0,0.0,0.0,0.0,3.0,0.0,0.0,0.0,0.0,0.0,0.0,True,Churned
673,1,5,23.85,4,706,1.0,0.0,0.0,0.0,0.0,0.0,0.0,0.0,10.0,0.0,0.0,0.0,0.0,14.0,0.0,0.0,0.0,0.0,0.0,0.0,0.0,23.85,0.0,0.0,0.0,0.0,0.0,5.0,0.0,0.0,0.0,0.0,0.0,0.0,True,Churned
674,2,3,251.7,2,74,0.0,1.0,0.0,0.0,0.0,0.0,0.0,0.0,0.0,0.0,0.0,0.0,0.0,0.0,0.0,251.0,1.0,0.0,0.0,0.0,0.0,251.7,0.0,0.0,0.0,0.0,0.0,2.0,0.0,0.0,0.0,0.0,0.0,0.0,True,Churned
675,1,1,15.0,1,1,0.0,1.0,0.0,0.0,0.0,15.0,0.0,0.0,0.0,0.0,0.0,0.0,0.0,0.0,0.0,0.0,0.0,0.0,0.0,0.0,0.0,15.0,0.0,0.0,0.0,0.0,0.0,1.0,0.0,0.0,0.0,0.0,0.0,0.0,True,Churned
676,1,30,534.9,17,76,0.98,0.02,0.0,0.0,0.0,0.0,0.0,0.0,277.0,0.0,0.0,0.0,20.0,238.0,0.0,0.0,0.0,0.0,0.0,0.0,0.0,534.9,0.0,0.0,0.0,0.0,0.0,30.0,0.0,0.0,0.0,0.0,0.0,0.0,True,Churned
677,1,1,60.0,1,1,1.0,0.0,60.0,0.0,0.0,0.0,0.0,0.0,0.0,0.0,0.0,0.0,0.0,0.0,0.0,0.0,0.0,0.0,0.0,0.0,0.0,60.0,0.0,0.0,0.0,0.0,0.0,1.0,0.0,0.0,0.0,0.0,0.0,0.0,True,Churned
679,2,3,191.61,3,247,0.0,1.0,0.0,0.0,0.0,0.0,0.0,0.0,0.0,0.0,0.0,0.0,0.0,24.0,0.0,0.0,168.0,0.0,0.0,0.0,0.0,191.61,0.0,0.0,0.0,0.0,0.0,2.0,0.0,0.0,0.0,0.0,0.0,0.0,True,Churned
680,2,4,426.73,3,254,1.0,0.0,0.0,0.0,0.0,0.0,0.0,0.0,0.0,0.0,0.0,0.0,0.0,61.0,0.0,0.0,0.0,0.0,365.0,0.0,0.0,365.45,61.28,0.0,0.0,0.0,0.0,2.0,2.0,0.0,0.0,0.0,0.0,0.0,True,Churned
681,1,1,26.96,1,1,0.0,1.0,0.0,0.0,0.0,0.0,0.0,0.0,0.0,0.0,0.0,0.0,0.0,0.0,0.0,0.0,27.0,0.0,0.0,0.0,0.0,0.0,26.96,0.0,0.0,0.0,0.0,0.0,0.0,1.0,0.0,0.0,0.0,0.0,True,Churned
682,1,1,0.05,1,1,1.0,0.0,0.0,0.0,0.0,0.0,0.0,0.0,0.0,0.0,0.0,0.0,0.0,0.0,0.0,0.0,0.0,0.0,0.0,0.0,0.0,0.05,0.0,0.0,0.0,0.0,0.0,1.0,0.0,0.0,0.0,0.0,0.0,0.0,True,Churned
683,1,6,22.35,4,463,1.0,0.0,0.0,0.0,0.0,7.0,0.0,0.0,15.0,0.0,0.0,0.0,0.0,0.0,0.0,0.0,0.0,0.0,0.0,0.0,0.0,22.35,0.0,0.0,0.0,0.0,0.0,6.0,0.0,0.0,0.0,0.0,0.0,0.0,True,Churned
688,1,1,53.0,1,1,0.0,1.0,53.0,0.0,0.0,0.0,0.0,0.0,0.0,0.0,0.0,0.0,0.0,0.0,0.0,0.0,0.0,0.0,0.0,0.0,0.0,53.0,0.0,0.0,0.0,0.0,0.0,0.0,0.0,0.0,1.0,0.0,0.0,0.0,True,Churned
690,2,2,44.27,2,363,0.09,0.91,0.0,0.0,0.0,0.0,0.0,4.0,0.0,0.0,0.0,0.0,0.0,0.0,0.0,0.0,0.0,0.0,40.0,0.0,0.0,0.0,3.78,0.0,0.0,0.0,0.0,0.0,1.0,0.0,0.0,0.0,0.0,0.0,True,Churned
691,1,6,115.65,4,5,1.0,0.0,0.0,0.0,0.0,0.0,0.0,0.0,41.0,0.0,0.0,0.0,0.0,75.0,0.0,0.0,0.0,0.0,0.0,0.0,0.0,115.65,0.0,0.0,0.0,0.0,0.0,6.0,0.0,0.0,0.0,0.0,0.0,0.0,True,Churned
692,1,3,2900.0,3,81,1.0,0.0,2900.0,0.0,0.0,0.0,0.0,0.0,0.0,0.0,0.0,0.0,0.0,0.0,0.0,0.0,0.0,0.0,0.0,0.0,0.0,2900.0,0.0,0.0,0.0,0.0,0.0,3.0,0.0,0.0,0.0,0.0,0.0,0.0,True,Churned
693,2,16,130.95,11,435,0.9,0.1,0.0,8.0,0.0,0.0,0.0,0.0,51.0,0.0,0.0,0.0,0.0,10.0,0.0,0.0,62.0,0.0,0.0,0.0,0.0,130.95,0.0,0.0,0.0,0.0,0.0,14.0,0.0,0.0,2.0,0.0,0.0,0.0,True,Churned
695,1,1,30.0,1,1,0.0,1.0,30.0,0.0,0.0,0.0,0.0,0.0,0.0,0.0,0.0,0.0,0.0,0.0,0.0,0.0,0.0,0.0,0.0,0.0,0.0,30.0,0.0,0.0,0.0,0.0,0.0,0.0,0.0,0.0,1.0,0.0,0.0,0.0,True,Churned
696,3,3,68.29,3,36,0.0,1.0,0.0,0.0,0.0,39.0,0.0,0.0,0.0,0.0,0.0,0.0,0.0,0.0,0.0,0.0,30.0,0.0,0.0,0.0,0.0,68.29,0.0,0.0,0.0,0.0,0.0,1.0,1.0,0.0,0.0,0.0,0.0,0.0,True,Churned
697,1,3,14.8,2,20,1.0,0.0,0.0,0.0,0.0,0.0,0.0,0.0,6.0,0.0,0.0,0.0,0.0,0.0,0.0,0.0,9.0,0.0,0.0,0.0,0.0,14.8,0.0,0.0,0.0,0.0,0.0,3.0,0.0,0.0,0.0,0.0,0.0,0.0,True,Churned
698,1,1,10.0,1,1,0.0,1.0,0.0,0.0,0.0,10.0,0.0,0.0,0.0,0.0,0.0,0.0,0.0,0.0,0.0,0.0,0.0,0.0,0.0,0.0,0.0,10.0,0.0,0.0,0.0,0.0,0.0,1.0,0.0,0.0,0.0,0.0,0.0,0.0,True,Churned
699,1,1,61.9,1,1,0.0,1.0,0.0,0.0,0.0,0.0,0.0,0.0,0.0,0.0,0.0,0.0,0.0,0.0,0.0,0.0,62.0,0.0,0.0,0.0,0.0,61.9,0.0,0.0,0.0,0.0,0.0,1.0,0.0,0.0,0.0,0.0,0.0,0.0,True,Churned
702,2,7,30.5,3,54,0.0,1.0,0.0,14.0,0.0,0.0,0.0,0.0,0.0,0.0,0.0,0.0,0.0,0.0,0.0,0.0,0.0,0.0,16.0,0.0,0.0,30.5,0.0,0.0,0.0,0.0,0.0,0.0,6.0,0.0,0.0,0.0,0.0,1.0,True,Churned
704,4,7,144.84,4,27,0.0,1.0,0.0,0.0,0.0,0.0,0.0,67.0,0.0,0.0,0.0,0.0,0.0,0.0,0.0,0.0,78.0,0.0,0.0,0.0,0.0,144.84,0.0,0.0,0.0,0.0,0.0,1.0,0.0,0.0,0.0,0.0,0.0,0.0,True,Churned
706,1,1,15.68,1,1,0.0,1.0,0.0,16.0,0.0,0.0,0.0,0.0,0.0,0.0,0.0,0.0,0.0,0.0,0.0,0.0,0.0,0.0,0.0,0.0,0.0,15.68,0.0,0.0,0.0,0.0,0.0,0.0,0.0,0.0,1.0,0.0,0.0,0.0,True,Churned
707,1,1,30.9,1,1,1.0,0.0,0.0,0.0,0.0,0.0,0.0,0.0,31.0,0.0,0.0,0.0,0.0,0.0,0.0,0.0,0.0,0.0,0.0,0.0,0.0,30.9,0.0,0.0,0.0,0.0,0.0,1.0,0.0,0.0,0.0,0.0,0.0,0.0,True,Churned
708,1,1,1.5,1,1,1.0,0.0,0.0,0.0,0.0,0.0,0.0,0.0,2.0,0.0,0.0,0.0,0.0,0.0,0.0,0.0,0.0,0.0,0.0,0.0,0.0,1.5,0.0,0.0,0.0,0.0,0.0,1.0,0.0,0.0,0.0,0.0,0.0,0.0,True,Churned
709,1,1,32.9,1,1,0.0,1.0,0.0,0.0,0.0,0.0,0.0,0.0,0.0,0.0,0.0,0.0,0.0,0.0,0.0,33.0,0.0,0.0,0.0,0.0,0.0,32.9,0.0,0.0,0.0,0.0,0.0,1.0,0.0,0.0,0.0,0.0,0.0,0.0,True,Churned
711,1,1,29.33,1,1,0.0,1.0,29.0,0.0,0.0,0.0,0.0,0.0,0.0,0.0,0.0,0.0,0.0,0.0,0.0,0.0,0.0,0.0,0.0,0.0,0.0,29.33,0.0,0.0,0.0,0.0,0.0,0.0,0.0,0.0,1.0,0.0,0.0,0.0,True,Churned
712,1,2,25.8,1,218,0.0,1.0,0.0,0.0,0.0,0.0,0.0,0.0,0.0,0.0,0.0,0.0,0.0,0.0,0.0,0.0,0.0,0.0,26.0,0.0,0.0,25.8,0.0,0.0,0.0,0.0,0.0,2.0,0.0,0.0,0.0,0.0,0.0,0.0,True,Churned
713,1,1,2.61,1,1,1.0,0.0,0.0,0.0,0.0,0.0,0.0,0.0,0.0,0.0,3.0,0.0,0.0,0.0,0.0,0.0,0.0,0.0,0.0,0.0,0.0,0.0,2.61,0.0,0.0,0.0,0.0,0.0,0.0,1.0,0.0,0.0,0.0,0.0,True,Churned
714,1,1,150.0,1,1,0.0,1.0,0.0,0.0,0.0,0.0,0.0,150.0,0.0,0.0,0.0,0.0,0.0,0.0,0.0,0.0,0.0,0.0,0.0,0.0,0.0,150.0,0.0,0.0,0.0,0.0,0.0,0.0,0.0,0.0,1.0,0.0,0.0,0.0,True,Churned
715,1,1,22.2,1,1,1.0,0.0,0.0,0.0,0.0,0.0,0.0,0.0,0.0,0.0,0.0,0.0,0.0,22.0,0.0,0.0,0.0,0.0,0.0,0.0,0.0,22.2,0.0,0.0,0.0,0.0,0.0,1.0,0.0,0.0,0.0,0.0,0.0,0.0,True,Churned
716,1,1,20.0,1,1,1.0,0.0,0.0,0.0,0.0,0.0,0.0,0.0,20.0,0.0,0.0,0.0,0.0,0.0,0.0,0.0,0.0,0.0,0.0,0.0,0.0,20.0,0.0,0.0,0.0,0.0,0.0,1.0,0.0,0.0,0.0,0.0,0.0,0.0,True,Churned
719,1,1,34.84,1,1,1.0,0.0,0.0,0.0,0.0,0.0,0.0,0.0,0.0,0.0,0.0,0.0,0.0,0.0,0.0,0.0,35.0,0.0,0.0,0.0,0.0,0.0,34.84,0.0,0.0,0.0,0.0,0.0,1.0,0.0,0.0,0.0,0.0,0.0,True,Churned
720,1,1,7.9,1,1,0.0,1.0,0.0,8.0,0.0,0.0,0.0,0.0,0.0,0.0,0.0,0.0,0.0,0.0,0.0,0.0,0.0,0.0,0.0,0.0,0.0,7.9,0.0,0.0,0.0,0.0,0.0,1.0,0.0,0.0,0.0,0.0,0.0,0.0,True,Churned
721,1,1,94.94,1,1,0.0,1.0,0.0,0.0,0.0,0.0,0.0,0.0,0.0,0.0,95.0,0.0,0.0,0.0,0.0,0.0,0.0,0.0,0.0,0.0,0.0,94.94,0.0,0.0,0.0,0.0,0.0,1.0,0.0,0.0,0.0,0.0,0.0,0.0,True,Churned
744,9,271,4894.06,94,746,0.64,0.36,306.0,324.0,0.0,959.0,0.0,0.0,679.0,0.0,67.0,0.0,0.0,1616.0,0.0,0.0,641.0,0.0,302.0,0.0,0.0,4231.97,662.09,0.0,0.0,0.0,0.0,180.0,6.0,0.0,3.0,27.0,4.0,15.0,True,Churned
751,5,148,36837.37,27,553,0.03,0.97,0.0,139.0,0.0,34456.0,0.0,0.0,289.0,0.0,646.0,0.0,0.0,386.0,0.0,0.0,155.0,0.0,765.0,0.0,0.0,36748.03,89.34,0.0,0.0,0.0,0.0,133.0,0.0,1.0,2.0,11.0,0.0,0.0,True,Churned
755,6,77,10120.42,43,482,0.91,0.09,7739.0,0.0,0.0,820.0,0.0,0.0,190.0,0.0,150.0,0.0,0.0,327.0,0.0,0.0,314.0,0.0,579.0,0.0,0.0,9883.22,237.2,0.0,0.0,0.0,0.0,66.0,0.0,1.0,2.0,0.0,0.0,0.0,True,Churned
765,3,797,7690.01,162,308,0.86,0.14,492.0,88.0,0.0,554.0,0.0,0.0,1164.0,172.0,553.0,0.0,0.0,2922.0,0.0,0.0,921.0,0.0,823.0,0.0,0.0,533.96,0.0,7156.05,0.0,0.0,0.0,5.0,1.0,0.0,791.0,0.0,0.0,0.0,True,Churned
767,19,396,10394.94,214,757,0.74,0.26,0.0,91.0,0.0,756.0,0.0,0.0,2313.0,176.0,666.0,0.0,132.0,3529.0,0.0,0.0,1872.0,20.0,839.0,0.0,342.17,4696.68,5148.14,0.0,3.05,0.0,65.92,229.0,12.0,9.0,0.0,0.0,38.0,3.0,True,Churned
775,1,15,98.55,5,118,1.0,0.0,0.0,0.0,0.0,0.0,0.0,0.0,33.0,0.0,0.0,0.0,0.0,48.0,0.0,0.0,18.0,0.0,0.0,0.0,0.0,98.55,0.0,0.0,0.0,0.0,0.0,15.0,0.0,0.0,0.0,0.0,0.0,0.0,True,Churned
781,17,1244,68650.07,430,528,0.5,0.5,2165.0,8092.0,0.0,1239.0,0.0,7671.0,5009.0,2216.0,13671.0,0.0,12.0,5166.0,0.0,784.0,18469.0,130.0,4025.0,0.0,0.0,39150.41,7636.6,138.33,0.0,0.0,9059.44,646.0,125.0,6.0,16.0,96.0,27.0,121.0,True,Churned
782,4,335,8282.76,90,591,0.78,0.22,300.0,0.0,0.0,103.0,0.0,0.0,1143.0,9.0,1683.0,0.0,0.0,4949.0,0.0,0.0,38.0,0.0,57.0,0.0,0.0,6654.93,1627.83,0.0,0.0,0.0,0.0,321.0,2.0,0.0,1.0,0.0,0.0,0.0,True,Churned
784,2,29,836.75,10,163,0.96,0.04,620.0,10.0,0.0,20.0,0.0,0.0,102.0,0.0,0.0,0.0,0.0,45.0,0.0,0.0,12.0,0.0,28.0,0.0,0.0,836.75,0.0,0.0,0.0,0.0,0.0,26.0,0.0,0.0,3.0,0.0,0.0,0.0,True,Churned
785,1,62,797.85,34,381,1.0,0.0,0.0,44.0,0.0,8.0,0.0,0.0,548.0,52.0,0.0,0.0,0.0,20.0,0.0,0.0,54.0,0.0,72.0,0.0,0.0,797.85,0.0,0.0,0.0,0.0,0.0,62.0,0.0,0.0,0.0,0.0,0.0,0.0,True,Churned
786,1,331,2322.2,31,612,0.99,0.01,0.0,0.0,0.0,13.0,0.0,0.0,1103.0,0.0,0.0,0.0,0.0,1159.0,0.0,0.0,34.0,0.0,12.0,0.0,0.0,2322.2,0.0,0.0,0.0,0.0,0.0,331.0,0.0,0.0,0.0,0.0,0.0,0.0,True,Churned
788,3,34,1672.85,17,360,0.14,0.86,101.0,0.0,0.0,756.0,0.0,0.0,148.0,0.0,0.0,0.0,0.0,54.0,0.0,0.0,544.0,70.0,0.0,0.0,0.0,1552.88,119.97,0.0,0.0,0.0,0.0,28.0,0.0,0.0,0.0,0.0,0.0,0.0,True,Churned
790,5,109,60636.71,16,915,0.0,1.0,31929.0,0.0,0.0,0.0,0.0,0.0,174.0,0.0,28.0,0.0,0.0,10.0,0.0,28360.0,27.0,18.0,93.0,0.0,0.0,60609.71,27.0,0.0,0.0,0.0,0.0,70.0,0.0,0.0,34.0,0.0,0.0,0.0,True,Churned
794,4,25,239.4,18,162,0.57,0.43,0.0,95.0,0.0,0.0,0.0,0.0,62.0,0.0,0.0,0.0,0.0,13.0,0.0,0.0,60.0,0.0,9.0,0.0,0.0,216.7,22.7,0.0,0.0,0.0,0.0,15.0,0.0,0.0,2.0,0.0,0.0,5.0,True,Churned
797,1,47,1173.95,37,330,1.0,0.0,0.0,0.0,0.0,239.0,0.0,0.0,158.0,0.0,0.0,0.0,31.0,320.0,0.0,0.0,397.0,0.0,28.0,0.0,0.0,1173.95,0.0,0.0,0.0,0.0,0.0,47.0,0.0,0.0,0.0,0.0,0.0,0.0,True,Churned
798,1,1,5.95,1,1,1.0,0.0,0.0,0.0,0.0,0.0,0.0,0.0,6.0,0.0,0.0,0.0,0.0,0.0,0.0,0.0,0.0,0.0,0.0,0.0,0.0,5.95,0.0,0.0,0.0,0.0,0.0,1.0,0.0,0.0,0.0,0.0,0.0,0.0,True,Churned
800,1,14,112.35,13,70,0.61,0.39,0.0,0.0,0.0,5.0,0.0,0.0,50.0,0.0,0.0,0.0,0.0,14.0,0.0,0.0,44.0,0.0,0.0,0.0,0.0,112.35,0.0,0.0,0.0,0.0,0.0,14.0,0.0,0.0,0.0,0.0,0.0,0.0,True,Churned
801,1,11,226.06,9,562,0.32,0.68,0.0,0.0,0.0,0.0,0.0,0.0,25.0,0.0,0.0,0.0,0.0,43.0,0.0,0.0,126.0,0.0,32.0,0.0,0.0,221.1,0.0,0.0,0.0,0.0,4.96,11.0,0.0,0.0,0.0,0.0,0.0,0.0,True,Churned
802,2,9,100.5,9,45,0.95,0.05,0.0,0.0,0.0,0.0,0.0,0.0,29.0,0.0,0.0,0.0,0.0,56.0,0.0,0.0,0.0,0.0,15.0,0.0,0.0,100.5,0.0,0.0,0.0,0.0,0.0,8.0,0.0,0.0,0.0,0.0,0.0,0.0,True,Churned
803,2,9,132.85,7,19,0.47,0.53,0.0,0.0,0.0,0.0,0.0,0.0,38.0,0.0,0.0,0.0,0.0,25.0,0.0,0.0,70.0,0.0,0.0,0.0,0.0,132.85,0.0,0.0,0.0,0.0,0.0,6.0,0.0,0.0,3.0,0.0,0.0,0.0,True,Churned
805,1,152,942.55,31,933,0.99,0.01,0.0,0.0,0.0,7.0,0.0,0.0,287.0,0.0,0.0,0.0,0.0,550.0,0.0,0.0,98.0,0.0,0.0,0.0,0.0,942.55,0.0,0.0,0.0,0.0,0.0,152.0,0.0,0.0,0.0,0.0,0.0,0.0,True,Churned
806,2,36,910.92,33,700,1.0,0.0,0.0,0.0,0.0,0.0,0.0,0.0,284.0,0.0,13.0,0.0,0.0,363.0,0.0,0.0,60.0,0.0,192.0,0.0,0.0,107.85,803.07,0.0,0.0,0.0,0.0,10.0,0.0,0.0,0.0,0.0,26.0,0.0,True,Churned
807,5,30,1945.69,16,381,0.15,0.85,1053.0,59.0,0.0,58.0,0.0,0.0,9.0,0.0,235.0,0.0,0.0,181.0,0.0,0.0,58.0,0.0,293.0,0.0,0.0,1438.02,292.2,0.0,0.0,0.0,0.0,5.0,1.0,0.0,0.0,0.0,12.0,0.0,True,Churned
813,2,2,30.0,2,2,0.25,0.75,23.0,0.0,0.0,0.0,0.0,0.0,8.0,0.0,0.0,0.0,0.0,0.0,0.0,0.0,0.0,0.0,0.0,0.0,0.0,30.0,0.0,0.0,0.0,0.0,0.0,1.0,0.0,0.0,1.0,0.0,0.0,0.0,True,Churned
814,4,56,1993.94,46,15,0.88,0.12,0.0,0.0,0.0,40.0,0.0,3.0,182.0,11.0,418.0,0.0,0.0,649.0,0.0,0.0,413.0,0.0,278.0,0.0,0.0,0.0,166.05,0.0,0.0,0.0,0.0,0.0,7.0,0.0,0.0,0.0,0.0,0.0,True,Churned
816,1,4,4.85,4,40,0.79,0.21,0.0,0.0,0.0,1.0,0.0,0.0,4.0,0.0,0.0,0.0,0.0,0.0,0.0,0.0,0.0,0.0,0.0,0.0,0.0,4.85,0.0,0.0,0.0,0.0,0.0,4.0,0.0,0.0,0.0,0.0,0.0,0.0,True,Churned
817,1,12,185.65,7,21,1.0,0.0,0.0,0.0,0.0,0.0,0.0,0.0,40.0,0.0,0.0,0.0,0.0,146.0,0.0,0.0,0.0,0.0,0.0,0.0,0.0,185.65,0.0,0.0,0.0,0.0,0.0,12.0,0.0,0.0,0.0,0.0,0.0,0.0,True,Churned
818,1,3,54.0,3,23,0.98,0.02,0.0,0.0,0.0,1.0,0.0,0.0,53.0,0.0,0.0,0.0,0.0,0.0,0.0,0.0,0.0,0.0,0.0,0.0,0.0,54.0,0.0,0.0,0.0,0.0,0.0,3.0,0.0,0.0,0.0,0.0,0.0,0.0,True,Churned
819,5,52,2369.43,22,154,0.27,0.73,1251.0,4.0,0.0,0.0,0.0,35.0,35.0,0.0,332.0,0.0,0.0,149.0,0.0,0.0,533.0,0.0,32.0,0.0,0.0,553.72,0.0,0.0,0.0,0.0,1250.63,2.0,0.0,0.0,1.0,0.0,0.0,0.0,True,Churned
820,5,68,7593.43,28,95,0.57,0.43,3678.0,1603.0,0.0,1280.0,0.0,0.0,73.0,57.0,8.0,0.0,288.0,291.0,0.0,0.0,147.0,0.0,169.0,0.0,0.0,6159.7,0.0,0.0,0.0,0.0,311.74,37.0,0.0,0.0,0.0,2.0,0.0,1.0,True,Churned
821,4,137,20732.68,62,387,0.85,0.15,4674.0,12472.0,0.0,273.0,0.0,0.0,896.0,107.0,0.0,0.0,0.0,302.0,0.0,0.0,922.0,55.0,1032.0,0.0,0.0,19797.7,0.0,0.0,0.0,0.0,922.0,133.0,0.0,0.0,0.0,0.0,0.0,0.0,True,Churned
822,1,19,384.5,12,20,1.0,0.0,100.0,0.0,0.0,0.0,0.0,0.0,192.0,0.0,0.0,0.0,0.0,0.0,0.0,0.0,0.0,0.0,92.0,0.0,0.0,384.5,0.0,0.0,0.0,0.0,0.0,19.0,0.0,0.0,0.0,0.0,0.0,0.0,True,Churned
826,3,5,41.39,4,37,0.44,0.56,0.0,0.0,0.0,0.0,0.0,0.0,16.0,0.0,10.0,0.0,0.0,14.0,0.0,0.0,0.0,0.0,2.0,0.0,0.0,31.85,0.0,0.0,0.0,0.0,0.0,2.0,0.0,0.0,0.0,0.0,0.0,0.0,True,Churned
855,2,13,306.82,8,352,0.95,0.05,15.0,0.0,0.0,0.0,0.0,0.0,48.0,8.0,26.0,0.0,0.0,0.0,0.0,0.0,185.0,0.0,25.0,0.0,0.0,306.82,0.0,0.0,0.0,0.0,0.0,12.0,0.0,0.0,0.0,0.0,0.0,0.0,True,Churned
860,13,976,36410.61,286,572,0.56,0.44,2015.0,3081.0,387.0,252.0,0.0,1037.0,8801.0,4051.0,2707.0,0.0,40.0,2546.0,0.0,388.0,6583.0,1215.0,3156.0,153.0,2992.33,27283.29,3735.19,36.19,338.73,0.0,2024.88,829.0,19.0,0.0,21.0,26.0,8.0,33.0,True,Churned
861,3,4,43.26,3,107,0.0,1.0,0.0,0.0,0.0,40.0,0.0,0.0,0.0,0.0,0.0,0.0,0.0,0.0,0.0,0.0,0.0,0.0,4.0,0.0,0.0,33.5,9.76,0.0,0.0,0.0,0.0,1.0,2.0,0.0,0.0,1.0,0.0,0.0,True,Churned
864,5,84,657.88,28,393,0.01,0.99,0.0,163.0,0.0,246.0,0.0,0.0,6.0,0.0,79.0,0.0,0.0,0.0,0.0,0.0,24.0,0.0,140.0,0.0,0.0,633.49,0.0,0.0,0.0,0.0,24.39,42.0,0.0,0.0,30.0,8.0,0.0,0.0,True,Churned
866,1,4,158.65,4,320,1.0,0.0,0.0,0.0,0.0,0.0,0.0,0.0,49.0,0.0,0.0,0.0,0.0,110.0,0.0,0.0,0.0,0.0,0.0,0.0,0.0,158.65,0.0,0.0,0.0,0.0,0.0,4.0,0.0,0.0,0.0,0.0,0.0,0.0,True,Churned
875,2,5,82.7,4,7,0.2,0.8,0.0,13.0,0.0,0.0,0.0,0.0,0.0,0.0,0.0,0.0,0.0,67.0,0.0,0.0,0.0,0.0,3.0,0.0,0.0,82.7,0.0,0.0,0.0,0.0,0.0,4.0,0.0,0.0,1.0,0.0,0.0,0.0,True,Churned
877,4,26,208.8,8,542,0.04,0.96,0.0,84.0,0.0,65.0,0.0,0.0,9.0,0.0,0.0,0.0,0.0,0.0,0.0,0.0,52.0,0.0,0.0,0.0,0.0,205.77,0.0,0.0,0.0,0.0,3.03,8.0,0.0,0.0,2.0,13.0,0.0,0.0,True,Churned
880,12,391,15008.22,138,369,0.48,0.52,0.0,79.0,0.0,474.0,0.0,61.0,1398.0,147.0,4562.0,0.0,2854.0,1647.0,0.0,0.0,3099.0,0.0,688.0,0.0,0.0,7482.42,7159.41,0.0,0.0,0.0,0.0,334.0,13.0,5.0,5.0,0.0,2.0,0.0,True,Churned
882,2,122,5853.85,81,440,0.7,0.3,0.0,0.0,0.0,46.0,0.0,0.0,977.0,14.0,2065.0,0.0,0.0,1053.0,0.0,0.0,766.0,0.0,933.0,0.0,0.0,5853.85,0.0,0.0,0.0,0.0,0.0,120.0,0.0,0.0,2.0,0.0,0.0,0.0,True,Churned
884,10,61,6943.54,40,429,0.26,0.74,0.0,1122.0,0.0,0.0,0.0,922.0,141.0,251.0,917.0,0.0,354.0,629.0,0.0,0.0,2200.0,18.0,390.0,0.0,0.0,4053.02,1468.65,0.0,0.0,0.0,1421.87,33.0,2.0,0.0,1.0,0.0,0.0,6.0,True,Churned
886,16,813,57350.44,439,648,0.86,0.14,0.0,2057.0,0.0,1661.0,0.0,321.0,8975.0,5445.0,6737.0,0.0,3269.0,13401.0,0.0,0.0,9891.0,107.0,5486.0,0.0,5295.32,22803.0,5313.84,0.0,0.0,1427.3,736.28,370.0,15.0,25.0,1.0,2.0,0.0,0.0,True,Churned
887,2,48,462.81,32,435,0.97,0.03,0.0,15.0,0.0,0.0,0.0,0.0,104.0,0.0,39.0,0.0,0.0,148.0,0.0,0.0,49.0,0.0,108.0,0.0,0.0,354.7,108.11,0.0,0.0,0.0,0.0,28.0,0.0,20.0,0.0,0.0,0.0,0.0,True,Churned
888,6,417,13778.27,148,446,0.91,0.09,780.0,112.0,0.0,36.0,0.0,29.0,5175.0,143.0,0.0,0.0,0.0,4647.0,0.0,0.0,2228.0,23.0,605.0,0.0,0.0,12339.2,834.95,410.94,0.0,0.0,193.18,398.0,3.0,0.0,11.0,0.0,3.0,0.0,True,Churned
890,6,88,6519.54,77,521,0.65,0.35,1895.0,161.0,0.0,10.0,0.0,86.0,249.0,1479.0,19.0,0.0,0.0,143.0,0.0,500.0,1855.0,6.0,117.0,0.0,0.0,2813.2,1003.1,0.0,0.0,0.0,0.0,14.0,11.0,0.0,3.0,0.0,0.0,0.0,True,Churned
892,2,13,229.96,13,67,1.0,0.0,54.0,0.0,0.0,0.0,0.0,0.0,37.0,23.0,0.0,0.0,0.0,37.0,0.0,0.0,0.0,0.0,79.0,0.0,0.0,35.4,194.56,0.0,0.0,0.0,0.0,5.0,8.0,0.0,0.0,0.0,0.0,0.0,True,Churned
894,4,19,5476.27,12,90,0.0,1.0,1607.0,0.0,0.0,73.0,0.0,2540.0,0.0,0.0,0.0,0.0,0.0,0.0,0.0,561.0,195.0,500.0,0.0,0.0,0.0,3306.34,128.71,0.0,0.0,0.0,2041.22,7.0,0.0,0.0,7.0,0.0,0.0,0.0,True,Churned
896,2,21,1479.47,21,669,0.86,0.14,85.0,29.0,0.0,0.0,0.0,0.0,468.0,0.0,0.0,0.0,0.0,95.0,0.0,0.0,436.0,0.0,367.0,0.0,0.0,1479.47,0.0,0.0,0.0,0.0,0.0,20.0,0.0,0.0,0.0,1.0,0.0,0.0,True,Churned
897,4,235,3635.16,21,208,0.07,0.93,0.0,259.0,0.0,1610.0,0.0,539.0,33.0,0.0,0.0,0.0,0.0,239.0,0.0,831.0,102.0,0.0,22.0,0.0,0.0,2008.78,911.43,0.0,0.0,0.0,714.95,170.0,0.0,0.0,24.0,0.0,0.0,0.0,True,Churned
900,3,128,1581.85,41,111,0.91,0.09,0.0,0.0,0.0,0.0,0.0,0.0,1046.0,30.0,12.0,0.0,0.0,74.0,0.0,105.0,272.0,0.0,42.0,0.0,0.0,1581.85,0.0,0.0,0.0,0.0,0.0,126.0,1.0,0.0,1.0,0.0,0.0,0.0,True,Churned
902,1,7,152.05,6,124,0.43,0.57,0.0,34.0,0.0,0.0,0.0,0.0,3.0,0.0,0.0,0.0,0.0,31.0,0.0,0.0,84.0,0.0,0.0,0.0,0.0,152.05,0.0,0.0,0.0,0.0,0.0,7.0,0.0,0.0,0.0,0.0,0.0,0.0,True,Churned
903,1,4,118.4,2,102,1.0,0.0,0.0,0.0,0.0,0.0,0.0,0.0,10.0,0.0,0.0,0.0,0.0,0.0,0.0,0.0,109.0,0.0,0.0,0.0,0.0,118.4,0.0,0.0,0.0,0.0,0.0,4.0,0.0,0.0,0.0,0.0,0.0,0.0,True,Churned
904,1,8,285.4,6,22,0.18,0.82,0.0,0.0,0.0,0.0,0.0,0.0,2.0,37.0,0.0,0.0,0.0,13.0,0.0,0.0,202.0,0.0,32.0,0.0,0.0,285.4,0.0,0.0,0.0,0.0,0.0,8.0,0.0,0.0,0.0,0.0,0.0,0.0,True,Churned
905,2,2,73.3,2,19,0.0,1.0,0.0,0.0,0.0,0.0,0.0,0.0,0.0,0.0,0.0,0.0,0.0,0.0,0.0,0.0,73.0,0.0,0.0,0.0,0.0,73.3,0.0,0.0,0.0,0.0,0.0,1.0,1.0,0.0,0.0,0.0,0.0,0.0,True,Churned
918,2,13,4089.64,12,329,0.37,0.63,0.0,46.0,0.0,0.0,0.0,0.0,985.0,0.0,0.0,0.0,0.0,299.0,0.0,0.0,2760.0,0.0,0.0,0.0,0.0,3645.44,444.2,0.0,0.0,0.0,0.0,11.0,2.0,0.0,0.0,0.0,0.0,0.0,True,Churned
919,4,51,1191.37,9,175,0.0,1.0,0.0,0.0,0.0,0.0,0.0,0.0,0.0,0.0,0.0,0.0,0.0,0.0,0.0,0.0,1146.0,0.0,46.0,0.0,0.0,498.56,145.57,0.0,0.0,0.0,547.24,0.0,2.0,3.0,41.0,0.0,0.0,0.0,True,Churned
920,10,148,6537.71,75,195,0.47,0.53,706.0,1082.0,0.0,0.0,0.0,1028.0,932.0,198.0,205.0,0.0,75.0,398.0,0.0,0.0,978.0,0.0,937.0,0.0,0.0,3324.56,3173.45,0.0,0.0,0.0,39.7,45.0,50.0,9.0,7.0,27.0,0.0,0.0,True,Churned
922,1,84,10555.0,19,461,0.86,0.14,8860.0,0.0,0.0,1508.0,0.0,0.0,82.0,0.0,0.0,0.0,0.0,88.0,0.0,0.0,0.0,0.0,18.0,0.0,0.0,10555.0,0.0,0.0,0.0,0.0,0.0,84.0,0.0,0.0,0.0,0.0,0.0,0.0,True,Churned
923,5,12,1622.86,9,29,0.0,1.0,0.0,1.0,0.0,41.0,0.0,7.0,0.0,0.0,0.0,0.0,0.0,0.0,0.0,0.0,1523.0,0.0,51.0,0.0,0.0,642.68,0.0,0.0,0.0,0.0,980.18,4.0,2.0,0.0,0.0,0.0,0.0,4.0,True,Churned
935,5,57,1547.83,39,770,0.95,0.05,322.0,0.0,0.0,78.0,0.0,0.0,398.0,85.0,44.0,0.0,0.0,103.0,0.0,0.0,279.0,9.0,230.0,0.0,0.0,1206.65,341.18,0.0,0.0,0.0,0.0,46.0,0.0,2.0,1.0,0.0,0.0,0.0,True,Churned
936,2,35,499.59,25,366,1.0,0.0,0.0,0.0,0.0,22.0,0.0,58.0,55.0,1.0,3.0,0.0,0.0,263.0,0.0,0.0,98.0,0.0,0.0,0.0,0.0,58.5,0.0,441.09,0.0,0.0,0.0,3.0,0.0,0.0,32.0,0.0,0.0,0.0,True,Churned
945,4,147,5258.21,50,229,0.99,0.01,1893.0,32.0,0.0,0.0,0.0,0.0,1876.0,422.0,0.0,0.0,0.0,125.0,0.0,0.0,333.0,114.0,464.0,0.0,0.0,3033.03,2225.18,0.0,0.0,0.0,0.0,67.0,10.0,0.0,0.0,0.0,0.0,0.0,True,Churned
947,1,25,169.05,11,37,1.0,0.0,0.0,0.0,0.0,0.0,0.0,0.0,141.0,0.0,0.0,0.0,0.0,20.0,0.0,0.0,9.0,0.0,0.0,0.0,0.0,169.05,0.0,0.0,0.0,0.0,0.0,25.0,0.0,0.0,0.0,0.0,0.0,0.0,True,Churned
948,11,509,19754.63,252,539,0.5,0.5,0.0,1113.0,0.0,1551.0,0.0,466.0,2949.0,1243.0,952.0,0.0,0.0,3665.0,0.0,0.0,7154.0,33.0,628.0,0.0,0.0,16871.94,2590.2,0.0,0.0,0.0,131.95,422.0,18.0,3.0,0.0,25.0,5.0,4.0,True,Churned
952,2,56,1400.68,36,146,1.0,0.0,0.0,0.0,0.0,0.0,0.0,0.0,436.0,86.0,0.0,0.0,0.0,709.0,0.0,0.0,43.0,0.0,126.0,0.0,0.0,2.5,1398.18,0.0,0.0,0.0,0.0,1.0,0.0,0.0,0.0,0.0,55.0,0.0,True,Churned
953,1,202,20862.9,105,221,0.97,0.03,2600.0,13.0,0.0,16.0,0.0,0.0,2190.0,582.0,3174.0,0.0,51.0,1889.0,0.0,0.0,9054.0,0.0,1294.0,0.0,0.0,20862.9,0.0,0.0,0.0,0.0,0.0,202.0,0.0,0.0,0.0,0.0,0.0,0.0,True,Churned
954,1,5,47.4,4,89,0.94,0.06,0.0,0.0,0.0,0.0,0.0,0.0,18.0,0.0,0.0,0.0,0.0,25.0,0.0,0.0,0.0,0.0,5.0,0.0,0.0,47.4,0.0,0.0,0.0,0.0,0.0,5.0,0.0,0.0,0.0,0.0,0.0,0.0,True,Churned
956,1,5,112.85,4,17,0.82,0.18,0.0,0.0,0.0,0.0,0.0,0.0,70.0,14.0,0.0,0.0,0.0,0.0,0.0,0.0,20.0,0.0,8.0,0.0,0.0,112.85,0.0,0.0,0.0,0.0,0.0,5.0,0.0,0.0,0.0,0.0,0.0,0.0,True,Churned
959,1,3,111.12,1,1,0.0,1.0,0.0,0.0,0.0,0.0,0.0,0.0,111.0,0.0,0.0,0.0,0.0,0.0,0.0,0.0,0.0,0.0,0.0,0.0,0.0,0.0,0.0,0.0,0.0,0.0,111.12,0.0,0.0,0.0,3.0,0.0,0.0,0.0,True,Churned
963,2,9,606.92,9,427,1.0,0.0,218.0,0.0,0.0,0.0,0.0,0.0,0.0,0.0,61.0,0.0,0.0,237.0,0.0,0.0,0.0,0.0,90.0,0.0,0.0,181.0,425.92,0.0,0.0,0.0,0.0,3.0,0.0,0.0,0.0,0.0,0.0,0.0,True,Churned
977,5,98,8532.84,37,157,0.95,0.05,7420.0,21.0,0.0,138.0,0.0,0.0,366.0,0.0,0.0,0.0,0.0,236.0,0.0,0.0,180.0,0.0,172.0,0.0,0.0,8508.01,24.83,0.0,0.0,0.0,0.0,89.0,0.0,0.0,2.0,2.0,0.0,0.0,True,Churned
978,10,538,45398.57,36,340,0.04,0.96,25125.0,265.0,0.0,16466.0,0.0,873.0,84.0,1005.0,1036.0,0.0,0.0,206.0,0.0,0.0,158.0,0.0,181.0,0.0,0.0,43445.78,1902.55,0.0,0.0,0.0,50.24,36.0,11.0,0.0,79.0,0.0,0.0,5.0,True,Churned
981,1,7,983.64,6,16,1.0,0.0,402.0,0.0,0.0,0.0,0.0,0.0,10.0,0.0,0.0,0.0,0.0,357.0,0.0,0.0,0.0,0.0,214.0,0.0,0.0,781.68,201.96,0.0,0.0,0.0,0.0,7.0,0.0,0.0,0.0,0.0,0.0,0.0,True,Churned
982,4,40,2483.79,29,281,0.54,0.46,0.0,0.0,0.0,65.0,0.0,0.0,120.0,0.0,0.0,0.0,0.0,69.0,0.0,1142.0,7.0,20.0,1061.0,0.0,0.0,2438.5,45.29,0.0,0.0,0.0,0.0,33.0,0.0,0.0,3.0,0.0,0.0,0.0,True,Churned
983,6,22,1226.14,9,771,0.0,1.0,0.0,295.0,0.0,31.0,0.0,284.0,0.0,0.0,0.0,0.0,0.0,0.0,0.0,250.0,366.0,0.0,0.0,0.0,0.0,731.39,216.83,0.0,0.0,0.0,277.92,17.0,1.0,0.0,1.0,0.0,0.0,0.0,True,Churned
985,7,31,1354.86,27,227,0.8,0.2,0.0,0.0,0.0,44.0,0.0,10.0,80.0,0.0,224.0,0.0,0.0,426.0,0.0,0.0,522.0,0.0,50.0,0.0,0.0,261.91,631.78,0.0,0.0,0.0,25.54,3.0,1.0,0.0,1.0,0.0,0.0,0.0,True,Churned
986,1,1,10.0,1,1,1.0,0.0,0.0,0.0,0.0,0.0,0.0,0.0,10.0,0.0,0.0,0.0,0.0,0.0,0.0,0.0,0.0,0.0,0.0,0.0,0.0,10.0,0.0,0.0,0.0,0.0,0.0,1.0,0.0,0.0,0.0,0.0,0.0,0.0,True,Churned
992,2,2,4.0,2,5,0.75,0.25,0.0,1.0,0.0,0.0,0.0,0.0,3.0,0.0,0.0,0.0,0.0,0.0,0.0,0.0,0.0,0.0,0.0,0.0,0.0,4.0,0.0,0.0,0.0,0.0,0.0,1.0,0.0,0.0,0.0,1.0,0.0,0.0,True,Churned
1002,1,1,28.0,1,1,1.0,0.0,0.0,0.0,0.0,0.0,0.0,0.0,0.0,0.0,0.0,0.0,0.0,0.0,0.0,0.0,0.0,0.0,28.0,0.0,0.0,28.0,0.0,0.0,0.0,0.0,0.0,1.0,0.0,0.0,0.0,0.0,0.0,0.0,True,Churned
1003,1,1,2.3,1,1,0.0,1.0,0.0,0.0,0.0,0.0,0.0,0.0,0.0,0.0,0.0,0.0,0.0,0.0,0.0,0.0,0.0,0.0,2.0,0.0,0.0,2.3,0.0,0.0,0.0,0.0,0.0,1.0,0.0,0.0,0.0,0.0,0.0,0.0,True,Churned
1007,2,42,413.07,24,28,0.61,0.39,0.0,0.0,0.0,0.0,0.0,5.0,15.0,10.0,161.0,0.0,4.0,129.0,0.0,0.0,83.0,7.0,0.0,0.0,0.0,0.0,413.07,0.0,0.0,0.0,0.0,0.0,0.0,6.0,0.0,36.0,0.0,0.0,True,Churned
1009,3,9,101.97,7,512,1.0,0.0,0.0,0.0,0.0,0.0,0.0,0.0,38.0,10.0,0.0,0.0,8.0,0.0,0.0,0.0,46.0,0.0,0.0,0.0,0.0,84.05,17.92,0.0,0.0,0.0,0.0,7.0,1.0,1.0,0.0,0.0,0.0,0.0,True,Churned
1013,1,6,117.9,3,25,0.83,0.17,0.0,0.0,0.0,0.0,0.0,0.0,0.0,0.0,103.0,0.0,0.0,4.0,0.0,0.0,0.0,0.0,11.0,0.0,0.0,117.9,0.0,0.0,0.0,0.0,0.0,6.0,0.0,0.0,0.0,0.0,0.0,0.0,True,Churned
1014,2,2,101.0,2,9,0.0,1.0,0.0,0.0,0.0,0.0,0.0,0.0,0.0,0.0,0.0,0.0,0.0,0.0,0.0,101.0,0.0,0.0,0.0,0.0,0.0,101.0,0.0,0.0,0.0,0.0,0.0,1.0,0.0,0.0,0.0,0.0,0.0,0.0,True,Churned
1018,3,15,141.02,7,205,0.87,0.13,0.0,0.0,0.0,0.0,0.0,0.0,38.0,0.0,0.0,0.0,0.0,73.0,0.0,19.0,11.0,0.0,0.0,0.0,0.0,124.55,16.47,0.0,0.0,0.0,0.0,13.0,0.0,1.0,1.0,0.0,0.0,0.0,True,Churned
1019,4,6,176.63,2,164,0.0,1.0,0.0,3.0,0.0,90.0,0.0,0.0,0.0,0.0,0.0,0.0,0.0,0.0,0.0,0.0,84.0,0.0,0.0,0.0,0.0,176.63,0.0,0.0,0.0,0.0,0.0,2.0,0.0,0.0,0.0,0.0,0.0,1.0,True,Churned
1022,2,3,34.5,3,2,0.83,0.17,0.0,0.0,0.0,0.0,0.0,0.0,13.0,0.0,0.0,0.0,0.0,6.0,0.0,0.0,16.0,0.0,0.0,0.0,0.0,34.5,0.0,0.0,0.0,0.0,0.0,2.0,0.0,0.0,0.0,0.0,0.0,0.0,True,Churned
1024,1,1,41.88,1,1,0.0,1.0,42.0,0.0,0.0,0.0,0.0,0.0,0.0,0.0,0.0,0.0,0.0,0.0,0.0,0.0,0.0,0.0,0.0,0.0,0.0,0.0,41.88,0.0,0.0,0.0,0.0,0.0,0.0,1.0,0.0,0.0,0.0,0.0,True,Churned
1025,1,1,1.0,1,1,1.0,0.0,0.0,0.0,0.0,0.0,0.0,0.0,1.0,0.0,0.0,0.0,0.0,0.0,0.0,0.0,0.0,0.0,0.0,0.0,0.0,1.0,0.0,0.0,0.0,0.0,0.0,1.0,0.0,0.0,0.0,0.0,0.0,0.0,True,Churned
1027,1,10,225.25,3,47,1.0,0.0,0.0,0.0,0.0,0.0,0.0,0.0,185.0,0.0,0.0,0.0,0.0,0.0,0.0,0.0,40.0,0.0,0.0,0.0,0.0,225.25,0.0,0.0,0.0,0.0,0.0,10.0,0.0,0.0,0.0,0.0,0.0,0.0,True,Churned
1029,1,4,13.0,1,45,0.0,1.0,0.0,13.0,0.0,0.0,0.0,0.0,0.0,0.0,0.0,0.0,0.0,0.0,0.0,0.0,0.0,0.0,0.0,0.0,0.0,13.0,0.0,0.0,0.0,0.0,0.0,0.0,0.0,0.0,0.0,0.0,0.0,4.0,True,Churned
1031,1,1,20.0,1,1,0.0,1.0,0.0,0.0,0.0,0.0,0.0,0.0,0.0,0.0,0.0,0.0,0.0,0.0,0.0,20.0,0.0,0.0,0.0,0.0,0.0,20.0,0.0,0.0,0.0,0.0,0.0,1.0,0.0,0.0,0.0,0.0,0.0,0.0,True,Churned
1032,3,6,69.79,5,265,0.02,0.98,0.0,28.0,0.0,40.0,0.0,0.0,2.0,0.0,0.0,0.0,0.0,0.0,0.0,0.0,0.0,0.0,0.0,0.0,0.0,65.4,0.0,0.0,0.0,0.0,4.39,4.0,0.0,0.0,0.0,1.0,0.0,1.0,True,Churned
1033,2,5,103.52,2,65,0.0,1.0,94.0,0.0,0.0,10.0,0.0,0.0,0.0,0.0,0.0,0.0,0.0,0.0,0.0,0.0,0.0,0.0,0.0,0.0,0.0,103.52,0.0,0.0,0.0,0.0,0.0,1.0,0.0,0.0,4.0,0.0,0.0,0.0,True,Churned
1035,2,9,1911.55,4,22,0.0,1.0,0.0,0.0,0.0,0.0,0.0,998.0,0.0,0.0,0.0,0.0,0.0,0.0,0.0,0.0,0.0,0.0,914.0,0.0,0.0,1911.55,0.0,0.0,0.0,0.0,0.0,6.0,0.0,0.0,3.0,0.0,0.0,0.0,True,Churned
1036,1,2,834.35,2,431,0.01,0.99,0.0,0.0,0.0,0.0,0.0,0.0,0.0,0.0,0.0,0.0,0.0,0.0,0.0,0.0,834.0,0.0,0.0,0.0,0.0,834.35,0.0,0.0,0.0,0.0,0.0,2.0,0.0,0.0,0.0,0.0,0.0,0.0,True,Churned
1043,1,5,94.45,4,144,1.0,0.0,0.0,0.0,0.0,0.0,0.0,0.0,53.0,0.0,0.0,0.0,0.0,0.0,0.0,0.0,41.0,0.0,0.0,0.0,0.0,94.45,0.0,0.0,0.0,0.0,0.0,5.0,0.0,0.0,0.0,0.0,0.0,0.0,True,Churned
1046,1,5,320.0,4,142,0.0,1.0,0.0,0.0,0.0,0.0,0.0,0.0,20.0,0.0,0.0,0.0,0.0,0.0,0.0,0.0,240.0,60.0,0.0,0.0,0.0,320.0,0.0,0.0,0.0,0.0,0.0,5.0,0.0,0.0,0.0,0.0,0.0,0.0,True,Churned
1047,1,11,187.55,9,15,1.0,0.0,0.0,0.0,0.0,0.0,0.0,0.0,176.0,0.0,0.0,0.0,0.0,0.0,0.0,0.0,12.0,0.0,0.0,0.0,0.0,187.55,0.0,0.0,0.0,0.0,0.0,11.0,0.0,0.0,0.0,0.0,0.0,0.0,True,Churned
1048,1,6,65.75,5,59,1.0,0.0,0.0,0.0,0.0,0.0,0.0,0.0,26.0,0.0,0.0,0.0,0.0,35.0,0.0,0.0,0.0,0.0,5.0,0.0,0.0,65.75,0.0,0.0,0.0,0.0,0.0,6.0,0.0,0.0,0.0,0.0,0.0,0.0,True,Churned
1049,1,5,49.0,4,141,1.0,0.0,0.0,0.0,0.0,0.0,0.0,0.0,29.0,0.0,0.0,0.0,0.0,20.0,0.0,0.0,0.0,0.0,0.0,0.0,0.0,49.0,0.0,0.0,0.0,0.0,0.0,5.0,0.0,0.0,0.0,0.0,0.0,0.0,True,Churned
1052,1,1,31.0,1,1,0.0,1.0,31.0,0.0,0.0,0.0,0.0,0.0,0.0,0.0,0.0,0.0,0.0,0.0,0.0,0.0,0.0,0.0,0.0,0.0,0.0,31.0,0.0,0.0,0.0,0.0,0.0,0.0,0.0,0.0,1.0,0.0,0.0,0.0,True,Churned
1054,3,151,406.77,11,807,0.0,1.0,0.0,329.0,0.0,77.0,0.0,0.0,0.0,0.0,0.0,0.0,0.0,0.0,0.0,0.0,0.0,0.0,1.0,0.0,0.0,406.77,0.0,0.0,0.0,0.0,0.0,1.0,0.0,0.0,40.0,0.0,0.0,110.0,True,Churned
1055,1,1,13.2,1,1,1.0,0.0,0.0,0.0,0.0,0.0,0.0,0.0,13.0,0.0,0.0,0.0,0.0,0.0,0.0,0.0,0.0,0.0,0.0,0.0,0.0,13.2,0.0,0.0,0.0,0.0,0.0,1.0,0.0,0.0,0.0,0.0,0.0,0.0,True,Churned
1057,1,6,110.05,3,6,0.47,0.53,0.0,0.0,0.0,0.0,0.0,0.0,52.0,0.0,0.0,0.0,0.0,0.0,0.0,0.0,58.0,0.0,0.0,0.0,0.0,110.05,0.0,0.0,0.0,0.0,0.0,6.0,0.0,0.0,0.0,0.0,0.0,0.0,True,Churned
1058,1,2,102.3,2,5,0.04,0.96,0.0,0.0,0.0,0.0,0.0,0.0,4.0,0.0,0.0,0.0,0.0,0.0,0.0,0.0,98.0,0.0,0.0,0.0,0.0,102.3,0.0,0.0,0.0,0.0,0.0,2.0,0.0,0.0,0.0,0.0,0.0,0.0,True,Churned
1059,1,1,40.0,1,1,0.0,1.0,0.0,0.0,0.0,40.0,0.0,0.0,0.0,0.0,0.0,0.0,0.0,0.0,0.0,0.0,0.0,0.0,0.0,0.0,0.0,40.0,0.0,0.0,0.0,0.0,0.0,1.0,0.0,0.0,0.0,0.0,0.0,0.0,True,Churned
1061,1,1,12.9,1,1,1.0,0.0,0.0,0.0,0.0,0.0,0.0,0.0,13.0,0.0,0.0,0.0,0.0,0.0,0.0,0.0,0.0,0.0,0.0,0.0,0.0,12.9,0.0,0.0,0.0,0.0,0.0,1.0,0.0,0.0,0.0,0.0,0.0,0.0,True,Churned
1062,3,4,58.01,3,7,0.0,1.0,0.0,0.0,0.0,0.0,0.0,20.0,0.0,0.0,0.0,0.0,0.0,16.0,0.0,0.0,21.0,0.0,0.0,0.0,0.0,36.53,21.48,0.0,0.0,0.0,0.0,0.0,2.0,0.0,1.0,0.0,0.0,0.0,True,Churned
1063,1,1,20.5,1,1,1.0,0.0,0.0,0.0,0.0,0.0,0.0,0.0,0.0,0.0,0.0,0.0,0.0,21.0,0.0,0.0,0.0,0.0,0.0,0.0,0.0,20.5,0.0,0.0,0.0,0.0,0.0,1.0,0.0,0.0,0.0,0.0,0.0,0.0,True,Churned
1065,1,2,31.0,1,2,0.0,1.0,31.0,0.0,0.0,0.0,0.0,0.0,0.0,0.0,0.0,0.0,0.0,0.0,0.0,0.0,0.0,0.0,0.0,0.0,0.0,31.0,0.0,0.0,0.0,0.0,0.0,0.0,0.0,0.0,2.0,0.0,0.0,0.0,True,Churned
1066,1,2,350.0,1,6,0.0,1.0,100.0,0.0,0.0,0.0,0.0,0.0,0.0,0.0,0.0,0.0,0.0,0.0,0.0,250.0,0.0,0.0,0.0,0.0,0.0,350.0,0.0,0.0,0.0,0.0,0.0,0.0,0.0,0.0,2.0,0.0,0.0,0.0,True,Churned
1067,1,1,42.0,1,1,1.0,0.0,0.0,0.0,0.0,0.0,0.0,0.0,0.0,0.0,42.0,0.0,0.0,0.0,0.0,0.0,0.0,0.0,0.0,0.0,0.0,42.0,0.0,0.0,0.0,0.0,0.0,1.0,0.0,0.0,0.0,0.0,0.0,0.0,True,Churned
1068,1,1,11.95,1,1,0.0,1.0,0.0,0.0,0.0,0.0,0.0,0.0,0.0,0.0,0.0,0.0,0.0,0.0,0.0,0.0,12.0,0.0,0.0,0.0,0.0,0.0,11.95,0.0,0.0,0.0,0.0,1.0,0.0,0.0,0.0,0.0,0.0,0.0,True,Churned
1069,1,2,418.88,1,2,1.0,0.0,419.0,0.0,0.0,0.0,0.0,0.0,0.0,0.0,0.0,0.0,0.0,0.0,0.0,0.0,0.0,0.0,0.0,0.0,0.0,0.0,418.88,0.0,0.0,0.0,0.0,0.0,2.0,0.0,0.0,0.0,0.0,0.0,True,Churned
1071,1,4,101.7,3,41,1.0,0.0,0.0,0.0,0.0,0.0,0.0,0.0,102.0,0.0,0.0,0.0,0.0,0.0,0.0,0.0,0.0,0.0,0.0,0.0,0.0,101.7,0.0,0.0,0.0,0.0,0.0,4.0,0.0,0.0,0.0,0.0,0.0,0.0,True,Churned
1075,1,3,209.7,1,17,0.0,1.0,0.0,0.0,0.0,0.0,0.0,0.0,0.0,0.0,0.0,0.0,0.0,0.0,0.0,0.0,210.0,0.0,0.0,0.0,0.0,209.7,0.0,0.0,0.0,0.0,0.0,3.0,0.0,0.0,0.0,0.0,0.0,0.0,True,Churned
1087,7,234,12615.24,132,959,0.84,0.16,2298.0,25.0,0.0,0.0,0.0,1.0,1605.0,121.0,3423.0,0.0,63.0,712.0,0.0,0.0,2789.0,0.0,1578.0,0.0,0.0,675.35,6680.3,0.0,0.0,0.0,176.43,21.0,22.0,0.0,1.0,0.0,31.0,0.0,True,Churned
1104,23,1100,36786.94,327,479,0.68,0.32,0.0,2631.0,0.0,736.0,0.0,152.0,6598.0,1367.0,3036.0,0.0,47.0,10411.0,0.0,0.0,7206.0,497.0,4106.0,0.0,0.0,28059.79,4468.98,1024.09,0.0,1484.88,1277.56,823.0,19.0,2.0,25.0,48.0,1.0,23.0,True,Churned
1107,6,68,8328.48,39,906,0.13,0.87,0.0,515.0,0.0,2660.0,0.0,129.0,2816.0,0.0,0.0,0.0,169.0,0.0,0.0,0.0,2039.0,0.0,0.0,0.0,0.0,2444.82,5883.66,0.0,0.0,0.0,0.0,31.0,32.0,0.0,1.0,1.0,1.0,0.0,True,Churned
1110,3,25,1082.8,14,389,0.14,0.86,62.0,913.0,0.0,0.0,0.0,0.0,11.0,0.0,0.0,0.0,0.0,0.0,0.0,0.0,32.0,0.0,66.0,0.0,0.0,548.45,534.35,0.0,0.0,0.0,0.0,18.0,4.0,0.0,0.0,3.0,0.0,0.0,True,Churned
1112,10,238,9976.43,88,481,0.5,0.5,2616.0,342.0,0.0,220.0,0.0,812.0,690.0,161.0,1255.0,0.0,0.0,1767.0,0.0,149.0,1676.0,0.0,288.0,0.0,0.0,6735.43,225.16,0.0,659.74,0.0,662.05,101.0,11.0,0.0,11.0,33.0,0.0,0.0,True,Churned
1119,11,178,8175.31,67,425,0.67,0.33,1144.0,173.0,0.0,0.0,0.0,1450.0,2629.0,170.0,0.0,0.0,185.0,233.0,0.0,94.0,958.0,30.0,1110.0,0.0,0.0,6771.48,1290.76,0.0,0.0,0.0,113.07,77.0,1.0,0.0,7.0,1.0,0.0,0.0,True,Churned
1127,7,57,964.4,11,388,0.0,1.0,102.0,159.0,0.0,386.0,0.0,0.0,15.0,0.0,0.0,0.0,0.0,137.0,0.0,0.0,165.0,0.0,0.0,0.0,0.0,776.33,42.12,0.0,0.0,0.0,145.95,29.0,0.0,0.0,4.0,9.0,0.0,2.0,True,Churned
1128,4,53,4369.51,7,34,0.0,1.0,0.0,57.0,0.0,0.0,0.0,3447.0,0.0,0.0,0.0,0.0,0.0,0.0,0.0,471.0,0.0,395.0,0.0,0.0,0.0,56.6,0.0,0.0,0.0,0.0,3334.49,0.0,0.0,0.0,0.0,0.0,0.0,1.0,True,Churned
1129,8,117,1572.47,53,882,0.79,0.21,64.0,63.0,0.0,12.0,0.0,0.0,338.0,0.0,13.0,0.0,125.0,144.0,0.0,0.0,414.0,0.0,400.0,0.0,0.0,1004.24,394.21,0.0,0.0,0.0,0.0,60.0,2.0,11.0,1.0,32.0,0.0,0.0,True,Churned
1133,2,5,612.55,4,846,0.04,0.96,30.0,0.0,0.0,88.0,0.0,0.0,24.0,0.0,0.0,0.0,0.0,0.0,0.0,0.0,471.0,0.0,0.0,0.0,0.0,612.55,0.0,0.0,0.0,0.0,0.0,4.0,0.0,0.0,0.0,0.0,0.0,0.0,True,Churned
1135,1,2,59.45,1,72,1.0,0.0,0.0,0.0,0.0,0.0,0.0,0.0,59.0,0.0,0.0,0.0,0.0,0.0,0.0,0.0,0.0,0.0,0.0,0.0,0.0,59.45,0.0,0.0,0.0,0.0,0.0,2.0,0.0,0.0,0.0,0.0,0.0,0.0,True,Churned
1137,1,10,176.61,10,107,0.94,0.06,0.0,0.0,0.0,0.0,0.0,10.0,66.0,0.0,0.0,0.0,0.0,29.0,0.0,0.0,0.0,0.0,72.0,0.0,0.0,176.61,0.0,0.0,0.0,0.0,0.0,10.0,0.0,0.0,0.0,0.0,0.0,0.0,True,Churned
1138,1,29,175.9,11,188,1.0,0.0,0.0,0.0,0.0,5.0,0.0,84.0,60.0,0.0,0.0,0.0,0.0,18.0,0.0,0.0,0.0,0.0,9.0,0.0,0.0,175.9,0.0,0.0,0.0,0.0,0.0,29.0,0.0,0.0,0.0,0.0,0.0,0.0,True,Churned
1142,2,5,1763.03,2,15,0.01,0.99,0.0,0.0,0.0,1753.0,0.0,0.0,0.0,0.0,0.0,0.0,0.0,10.0,0.0,0.0,0.0,0.0,0.0,0.0,0.0,10.0,1753.03,0.0,0.0,0.0,0.0,1.0,0.0,0.0,0.0,0.0,0.0,0.0,True,Churned
1148,3,7,218.87,4,16,0.0,1.0,0.0,0.0,0.0,0.0,0.0,0.0,0.0,36.0,0.0,0.0,0.0,0.0,0.0,0.0,183.0,0.0,0.0,0.0,0.0,103.92,0.0,0.0,0.0,0.0,36.34,0.0,3.0,0.0,0.0,0.0,0.0,1.0,True,Churned
1149,1,11,100.15,5,54,1.0,0.0,0.0,0.0,0.0,0.0,0.0,0.0,47.0,0.0,0.0,0.0,0.0,54.0,0.0,0.0,0.0,0.0,0.0,0.0,0.0,100.15,0.0,0.0,0.0,0.0,0.0,11.0,0.0,0.0,0.0,0.0,0.0,0.0,True,Churned
1150,1,34,1181.2,29,490,0.63,0.37,0.0,0.0,0.0,20.0,0.0,370.0,187.0,0.0,0.0,0.0,0.0,500.0,0.0,0.0,52.0,4.0,49.0,0.0,0.0,1181.2,0.0,0.0,0.0,0.0,0.0,34.0,0.0,0.0,0.0,0.0,0.0,0.0,True,Churned
1151,2,5,576.82,2,265,0.01,0.99,571.0,0.0,0.0,0.0,0.0,0.0,0.0,0.0,0.0,0.0,0.0,0.0,0.0,0.0,0.0,0.0,6.0,0.0,0.0,6.0,0.0,0.0,0.0,0.0,570.82,2.0,0.0,0.0,0.0,0.0,0.0,0.0,True,Churned
1153,5,17,1083.75,12,392,0.0,1.0,0.0,135.0,0.0,137.0,0.0,0.0,141.0,0.0,0.0,0.0,0.0,0.0,0.0,0.0,671.0,0.0,0.0,0.0,137.32,946.43,0.0,0.0,0.0,0.0,0.0,11.0,0.0,0.0,0.0,2.0,0.0,0.0,True,Churned
1154,14,257,14391.58,95,339,0.14,0.86,7827.0,3192.0,0.0,275.0,0.0,609.0,379.0,0.0,10.0,0.0,0.0,487.0,0.0,0.0,1278.0,20.0,314.0,0.0,0.0,13729.46,29.49,0.0,0.0,0.0,601.58,90.0,1.0,0.0,6.0,85.0,0.0,21.0,True,Churned
1164,3,32,6494.75,19,340,0.35,0.65,1045.0,0.0,0.0,4238.0,0.0,0.0,388.0,69.0,632.0,0.0,0.0,17.0,0.0,0.0,57.0,0.0,49.0,0.0,0.0,883.0,5611.75,0.0,0.0,0.0,0.0,7.0,14.0,0.0,11.0,0.0,0.0,0.0,True,Churned
1167,1,17,739.65,7,25,0.34,0.66,0.0,0.0,0.0,490.0,0.0,0.0,209.0,0.0,0.0,0.0,0.0,41.0,0.0,0.0,0.0,0.0,0.0,0.0,0.0,739.65,0.0,0.0,0.0,0.0,0.0,17.0,0.0,0.0,0.0,0.0,0.0,0.0,True,Churned
1170,3,28,1098.13,21,188,1.0,0.0,100.0,0.0,0.0,24.0,0.0,0.0,117.0,0.0,137.0,0.0,0.0,195.0,0.0,0.0,406.0,0.0,119.0,0.0,0.0,281.51,816.62,0.0,0.0,0.0,0.0,7.0,8.0,0.0,0.0,0.0,0.0,0.0,True,Churned
1171,5,55,2190.04,28,426,0.88,0.12,0.0,23.0,0.0,0.0,0.0,364.0,85.0,0.0,0.0,0.0,719.0,546.0,0.0,0.0,105.0,0.0,349.0,0.0,0.0,376.4,1813.64,0.0,0.0,0.0,0.0,14.0,1.0,18.0,0.0,0.0,5.0,0.0,True,Churned
1192,1,360,6739.85,174,452,1.0,0.0,0.0,22.0,0.0,0.0,0.0,161.0,561.0,0.0,624.0,0.0,0.0,4890.0,0.0,0.0,20.0,24.0,438.0,0.0,0.0,6739.85,0.0,0.0,0.0,0.0,0.0,360.0,0.0,0.0,0.0,0.0,0.0,0.0,True,Churned
1194,11,227,9041.72,72,750,0.12,0.88,1195.0,434.0,0.0,4264.0,0.0,172.0,201.0,75.0,779.0,0.0,0.0,426.0,0.0,0.0,1369.0,0.0,126.0,0.0,0.0,7197.24,735.11,0.0,0.0,0.0,613.05,109.0,0.0,0.0,49.0,27.0,2.0,0.0,True,Churned
1202,1,5,16.5,3,35,1.0,0.0,0.0,0.0,0.0,0.0,0.0,0.0,17.0,0.0,0.0,0.0,0.0,0.0,0.0,0.0,0.0,0.0,0.0,0.0,0.0,16.5,0.0,0.0,0.0,0.0,0.0,5.0,0.0,0.0,0.0,0.0,0.0,0.0,True,Churned
1207,6,32,382.66,11,279,0.1,0.9,0.0,151.0,0.0,165.0,0.0,0.0,13.0,0.0,0.0,0.0,0.0,18.0,0.0,0.0,27.0,0.0,9.0,0.0,0.0,347.2,8.88,0.0,0.0,0.0,26.58,7.0,0.0,0.0,1.0,10.0,0.0,0.0,True,Churned
1209,5,134,3578.35,56,243,0.86,0.14,1394.0,59.0,0.0,80.0,0.0,85.0,1058.0,23.0,0.0,0.0,0.0,211.0,0.0,0.0,451.0,0.0,216.0,0.0,0.0,2404.62,1173.73,0.0,0.0,0.0,0.0,85.0,44.0,0.0,0.0,0.0,0.0,1.0,True,Churned
1215,6,53,1394.12,28,858,0.49,0.51,0.0,0.0,0.0,262.0,0.0,32.0,197.0,18.0,162.0,0.0,0.0,345.0,0.0,0.0,326.0,45.0,7.0,0.0,0.0,1288.77,44.57,0.0,0.0,0.0,0.0,42.0,3.0,0.0,0.0,0.0,1.0,0.0,True,Churned
1219,3,15,88.9,13,112,1.0,0.0,0.0,0.0,0.0,0.0,0.0,0.0,35.0,7.0,0.0,0.0,0.0,11.0,0.0,0.0,0.0,6.0,30.0,0.0,0.0,53.7,35.2,0.0,0.0,0.0,0.0,10.0,0.0,1.0,0.0,0.0,0.0,0.0,True,Churned
1221,1,17,208.67,13,140,1.0,0.0,0.0,0.0,0.0,0.0,0.0,0.0,15.0,6.0,11.0,0.0,0.0,142.0,0.0,0.0,0.0,0.0,35.0,0.0,0.0,208.67,0.0,0.0,0.0,0.0,0.0,17.0,0.0,0.0,0.0,0.0,0.0,0.0,True,Churned
1222,6,57,2724.85,15,201,0.21,0.79,1935.0,0.0,0.0,0.0,0.0,0.0,42.0,0.0,0.0,0.0,0.0,99.0,0.0,85.0,62.0,0.0,502.0,0.0,0.0,445.92,343.61,0.0,0.0,0.0,1935.32,5.0,0.0,0.0,6.0,0.0,0.0,0.0,True,Churned
1224,7,52,2126.69,11,197,0.01,0.99,257.0,0.0,0.0,0.0,0.0,108.0,19.0,0.0,0.0,0.0,21.0,0.0,0.0,0.0,787.0,0.0,934.0,0.0,0.0,953.72,257.32,0.0,0.0,0.0,915.65,2.0,0.0,0.0,0.0,0.0,0.0,1.0,True,Churned
1226,1,8,60.78,8,12,0.6,0.4,0.0,0.0,0.0,0.0,0.0,0.0,16.0,0.0,0.0,0.0,0.0,37.0,0.0,0.0,7.0,0.0,0.0,0.0,0.0,60.78,0.0,0.0,0.0,0.0,0.0,8.0,0.0,0.0,0.0,0.0,0.0,0.0,True,Churned
1227,1,7,50.55,5,2,1.0,0.0,0.0,0.0,0.0,0.0,0.0,0.0,32.0,0.0,3.0,0.0,0.0,15.0,0.0,0.0,0.0,0.0,0.0,0.0,0.0,50.55,0.0,0.0,0.0,0.0,0.0,7.0,0.0,0.0,0.0,0.0,0.0,0.0,True,Churned
1237,1,19,282.45,13,22,1.0,0.0,0.0,0.0,0.0,0.0,0.0,0.0,235.0,0.0,0.0,0.0,0.0,15.0,0.0,0.0,32.0,0.0,0.0,0.0,0.0,282.45,0.0,0.0,0.0,0.0,0.0,19.0,0.0,0.0,0.0,0.0,0.0,0.0,True,Churned
1239,10,1107,43512.32,304,348,0.53,0.47,2351.0,2135.0,0.0,2576.0,0.0,3836.0,5113.0,725.0,2472.0,0.0,2645.0,5462.0,0.0,0.0,10604.0,101.0,5493.0,0.0,0.0,34127.36,8720.48,56.31,0.0,0.0,608.17,853.0,16.0,109.0,39.0,56.0,17.0,0.0,True,Churned
1241,1,10,121.05,10,211,0.83,0.17,0.0,0.0,0.0,20.0,0.0,0.0,32.0,0.0,0.0,0.0,0.0,38.0,0.0,0.0,25.0,0.0,6.0,0.0,0.0,121.05,0.0,0.0,0.0,0.0,0.0,10.0,0.0,0.0,0.0,0.0,0.0,0.0,True,Churned
1243,2,2,92.17,2,50,0.03,0.97,0.0,0.0,0.0,0.0,0.0,0.0,3.0,0.0,0.0,0.0,0.0,0.0,0.0,89.0,0.0,0.0,0.0,0.0,0.0,2.9,0.0,0.0,0.0,0.0,89.27,1.0,0.0,0.0,0.0,0.0,0.0,0.0,True,Churned
1250,3,15,147.9,12,25,1.0,0.0,0.0,0.0,0.0,0.0,0.0,9.0,0.0,0.0,4.0,0.0,0.0,120.0,0.0,0.0,0.0,0.0,15.0,0.0,0.0,120.2,27.7,0.0,0.0,0.0,0.0,7.0,0.0,0.0,0.0,1.0,7.0,0.0,True,Churned
1251,2,21,582.6,19,35,0.84,0.16,0.0,0.0,0.0,0.0,0.0,0.0,184.0,10.0,94.0,0.0,0.0,72.0,0.0,0.0,122.0,0.0,102.0,0.0,0.0,465.6,0.0,0.0,0.0,117.0,0.0,18.0,0.0,0.0,0.0,0.0,0.0,0.0,True,Churned
1252,2,14,187.65,10,64,1.0,0.0,0.0,0.0,0.0,0.0,0.0,0.0,8.0,0.0,0.0,0.0,0.0,124.0,0.0,0.0,0.0,0.0,55.0,0.0,0.0,187.65,0.0,0.0,0.0,0.0,0.0,9.0,0.0,0.0,0.0,0.0,0.0,0.0,True,Churned
1260,1,5,176.75,3,15,1.0,0.0,0.0,0.0,0.0,0.0,0.0,0.0,49.0,0.0,0.0,0.0,0.0,65.0,0.0,0.0,0.0,0.0,63.0,0.0,0.0,0.0,176.75,0.0,0.0,0.0,0.0,0.0,0.0,5.0,0.0,0.0,0.0,0.0,True,Churned
1263,4,305,12070.04,78,245,0.87,0.13,1168.0,15.0,0.0,240.0,0.0,32.0,6451.0,226.0,0.0,0.0,0.0,1255.0,0.0,0.0,2322.0,0.0,362.0,0.0,0.0,11412.7,657.34,0.0,0.0,0.0,0.0,294.0,5.0,4.0,0.0,0.0,2.0,0.0,True,Churned
1269,12,1403,45612.5,518,875,0.94,0.06,642.0,292.0,0.0,436.0,0.0,237.0,11653.0,1728.0,907.0,0.0,122.0,9043.0,0.0,268.0,14662.0,267.0,5355.0,0.0,0.0,35980.22,7586.21,0.0,0.0,0.0,623.45,1130.0,44.0,52.0,0.0,4.0,0.0,0.0,True,Churned
1276,3,21,199.65,14,112,0.88,0.12,0.0,0.0,0.0,35.0,0.0,8.0,27.0,0.0,0.0,0.0,0.0,130.0,0.0,0.0,0.0,0.0,0.0,0.0,0.0,199.65,0.0,0.0,0.0,0.0,0.0,18.0,0.0,0.0,0.0,1.0,0.0,0.0,True,Churned
1278,1,2,92.3,2,3,1.0,0.0,50.0,0.0,0.0,0.0,0.0,0.0,42.0,0.0,0.0,0.0,0.0,0.0,0.0,0.0,0.0,0.0,0.0,0.0,0.0,92.3,0.0,0.0,0.0,0.0,0.0,2.0,0.0,0.0,0.0,0.0,0.0,0.0,True,Churned
1280,3,13,192.49,13,847,0.62,0.38,0.0,0.0,0.0,0.0,0.0,0.0,27.0,0.0,0.0,0.0,0.0,12.0,0.0,0.0,0.0,0.0,154.0,0.0,0.0,110.43,45.64,0.0,0.0,0.0,0.0,6.0,0.0,0.0,0.0,0.0,0.0,0.0,True,Churned
1281,4,66,1448.96,31,758,0.59,0.41,0.0,208.0,0.0,240.0,0.0,0.0,135.0,0.0,26.0,0.0,0.0,616.0,0.0,0.0,183.0,0.0,42.0,0.0,0.0,1240.75,208.21,0.0,0.0,0.0,0.0,56.0,6.0,0.0,0.0,2.0,0.0,0.0,True,Churned
1282,3,13,3771.98,6,87,0.09,0.91,306.0,259.0,0.0,2865.0,0.0,0.0,187.0,0.0,0.0,0.0,0.0,0.0,0.0,0.0,88.0,0.0,66.0,0.0,0.0,3771.98,0.0,0.0,0.0,0.0,0.0,5.0,0.0,0.0,0.0,0.0,0.0,0.0,True,Churned
1283,3,70,944.39,33,184,0.63,0.37,0.0,73.0,0.0,97.0,0.0,0.0,346.0,48.0,0.0,0.0,0.0,163.0,0.0,0.0,0.0,0.0,217.0,0.0,0.0,882.35,0.0,0.0,0.0,0.0,62.04,62.0,0.0,0.0,0.0,0.0,0.0,5.0,True,Churned
1284,1,3,20.6,2,46,1.0,0.0,0.0,0.0,0.0,0.0,0.0,0.0,17.0,0.0,0.0,0.0,0.0,0.0,0.0,0.0,0.0,0.0,4.0,0.0,0.0,20.6,0.0,0.0,0.0,0.0,0.0,3.0,0.0,0.0,0.0,0.0,0.0,0.0,True,Churned
1285,1,1,27.7,1,1,0.0,1.0,0.0,0.0,0.0,0.0,0.0,0.0,0.0,0.0,0.0,0.0,0.0,0.0,0.0,0.0,28.0,0.0,0.0,0.0,0.0,27.7,0.0,0.0,0.0,0.0,0.0,1.0,0.0,0.0,0.0,0.0,0.0,0.0,True,Churned
1286,1,2,17.55,2,1,1.0,0.0,0.0,0.0,0.0,0.0,0.0,0.0,5.0,0.0,0.0,0.0,0.0,13.0,0.0,0.0,0.0,0.0,0.0,0.0,0.0,17.55,0.0,0.0,0.0,0.0,0.0,2.0,0.0,0.0,0.0,0.0,0.0,0.0,True,Churned
1287,1,15,10989.6,8,660,0.97,0.03,10650.0,0.0,0.0,0.0,0.0,0.0,0.0,0.0,0.0,0.0,0.0,0.0,0.0,0.0,340.0,0.0,0.0,0.0,0.0,10989.6,0.0,0.0,0.0,0.0,0.0,15.0,0.0,0.0,0.0,0.0,0.0,0.0,True,Churned
1288,1,4,130.7,4,18,1.0,0.0,0.0,0.0,0.0,0.0,0.0,0.0,12.0,0.0,0.0,0.0,0.0,40.0,0.0,0.0,79.0,0.0,0.0,0.0,0.0,130.7,0.0,0.0,0.0,0.0,0.0,4.0,0.0,0.0,0.0,0.0,0.0,0.0,True,Churned
1290,1,331,6903.96,54,153,0.61,0.39,1027.0,2.0,0.0,32.0,0.0,777.0,46.0,186.0,0.0,0.0,0.0,2848.0,0.0,0.0,1626.0,0.0,358.0,0.0,0.0,6.34,0.0,0.0,0.0,0.0,6897.62,0.0,0.0,0.0,0.0,0.0,0.0,331.0,True,Churned
1295,2,2,50.0,2,205,0.0,1.0,0.0,3.0,0.0,0.0,0.0,0.0,0.0,0.0,0.0,0.0,0.0,0.0,0.0,0.0,48.0,0.0,0.0,0.0,0.0,50.0,0.0,0.0,0.0,0.0,0.0,0.0,0.0,0.0,0.0,1.0,0.0,0.0,True,Churned
1307,2,320,64899.19,6,553,0.01,0.99,0.0,0.0,0.0,63979.0,0.0,920.0,0.0,0.0,0.0,0.0,0.0,0.0,0.0,0.0,0.0,0.0,0.0,0.0,0.0,64890.0,0.0,0.0,0.0,0.0,9.19,318.0,0.0,0.0,0.0,0.0,0.0,2.0,True,Churned
1312,2,3,13.26,3,38,1.0,0.0,0.0,0.0,0.0,0.0,0.0,0.0,9.0,0.0,0.0,0.0,0.0,4.0,0.0,0.0,0.0,0.0,0.0,0.0,0.0,11.8,1.46,0.0,0.0,0.0,0.0,2.0,0.0,0.0,0.0,0.0,0.0,0.0,True,Churned
1313,6,136,3083.09,62,739,0.43,0.57,0.0,1666.0,0.0,78.0,0.0,0.0,739.0,23.0,0.0,0.0,0.0,418.0,0.0,0.0,9.0,0.0,151.0,0.0,0.0,1297.85,1587.22,0.0,0.0,0.0,94.24,115.0,2.0,0.0,0.0,11.0,0.0,1.0,True,Churned
1314,5,22,782.09,16,409,0.13,0.87,403.0,153.0,0.0,0.0,0.0,0.0,21.0,0.0,12.0,0.0,0.0,0.0,0.0,0.0,169.0,0.0,25.0,0.0,0.0,272.61,414.63,0.0,0.0,0.0,94.85,11.0,0.0,1.0,0.0,6.0,0.0,1.0,True,Churned
1316,3,40,2702.95,7,701,0.1,0.9,364.0,0.0,0.0,0.0,0.0,0.0,20.0,0.0,0.0,0.0,0.0,80.0,0.0,2080.0,0.0,0.0,160.0,0.0,0.0,2683.44,19.51,0.0,0.0,0.0,0.0,15.0,0.0,1.0,24.0,0.0,0.0,0.0,True,Churned
1317,1,4,53.65,4,239,1.0,0.0,0.0,0.0,0.0,6.0,0.0,0.0,18.0,0.0,0.0,0.0,0.0,30.0,0.0,0.0,0.0,0.0,0.0,0.0,0.0,53.65,0.0,0.0,0.0,0.0,0.0,4.0,0.0,0.0,0.0,0.0,0.0,0.0,True,Churned
1318,6,132,4757.64,65,564,0.72,0.28,0.0,0.0,0.0,44.0,0.0,12.0,576.0,425.0,187.0,0.0,0.0,1962.0,0.0,11.0,1452.0,4.0,86.0,0.0,0.0,4247.39,510.25,0.0,0.0,0.0,0.0,120.0,3.0,2.0,1.0,0.0,0.0,0.0,True,Churned
1319,5,92,1462.94,54,913,1.0,0.0,0.0,11.0,0.0,35.0,0.0,0.0,514.0,2.0,138.0,0.0,0.0,416.0,0.0,0.0,163.0,0.0,183.0,0.0,0.0,1053.45,179.02,165.38,0.0,0.0,65.09,65.0,5.0,0.0,10.0,0.0,0.0,7.0,True,Churned
1320,1,6,70.6,6,507,0.82,0.18,0.0,0.0,0.0,0.0,0.0,0.0,36.0,0.0,0.0,0.0,0.0,11.0,0.0,0.0,0.0,0.0,25.0,0.0,0.0,70.6,0.0,0.0,0.0,0.0,0.0,6.0,0.0,0.0,0.0,0.0,0.0,0.0,True,Churned
1322,4,49,1700.28,39,143,1.0,0.0,0.0,0.0,0.0,81.0,0.0,1.0,506.0,0.0,150.0,0.0,0.0,506.0,0.0,0.0,237.0,0.0,219.0,0.0,0.0,572.07,1128.21,0.0,0.0,0.0,0.0,29.0,15.0,1.0,0.0,0.0,4.0,0.0,True,Churned
1323,4,28,463.1,16,207,1.0,0.0,0.0,4.0,0.0,0.0,0.0,0.0,306.0,127.0,10.0,0.0,0.0,0.0,0.0,0.0,8.0,0.0,8.0,0.0,0.0,328.65,18.3,0.0,0.0,0.0,0.0,23.0,0.0,1.0,0.0,0.0,0.0,0.0,True,Churned
1324,1,2,87.05,2,86,1.0,0.0,80.0,0.0,0.0,0.0,0.0,0.0,7.0,0.0,0.0,0.0,0.0,0.0,0.0,0.0,0.0,0.0,0.0,0.0,0.0,87.05,0.0,0.0,0.0,0.0,0.0,2.0,0.0,0.0,0.0,0.0,0.0,0.0,True,Churned
1327,5,47,394.01,13,365,0.39,0.61,0.0,0.0,0.0,112.0,0.0,0.0,119.0,0.0,0.0,0.0,0.0,18.0,0.0,0.0,143.0,0.0,2.0,0.0,0.0,318.98,73.23,0.0,0.0,0.0,0.0,39.0,1.0,0.0,1.0,0.0,0.0,0.0,True,Churned
1329,3,31,557.04,26,275,0.8,0.2,0.0,10.0,0.0,0.0,0.0,0.0,142.0,0.0,0.0,0.0,0.0,231.0,0.0,0.0,122.0,0.0,52.0,0.0,0.0,537.5,19.54,0.0,0.0,0.0,0.0,29.0,1.0,0.0,0.0,1.0,0.0,0.0,True,Churned
1330,1,31,6581.26,13,59,0.19,0.81,0.0,1007.0,0.0,0.0,0.0,0.0,130.0,0.0,81.0,0.0,0.0,51.0,0.0,5118.0,52.0,0.0,143.0,0.0,0.0,6581.26,0.0,0.0,0.0,0.0,0.0,31.0,0.0,0.0,0.0,0.0,0.0,0.0,True,Churned
1331,2,15,243.05,2,301,0.05,0.95,0.0,230.0,0.0,0.0,0.0,0.0,0.0,0.0,0.0,0.0,0.0,13.0,0.0,0.0,0.0,0.0,0.0,0.0,0.0,243.05,0.0,0.0,0.0,0.0,0.0,4.0,0.0,0.0,0.0,0.0,0.0,0.0,True,Churned
1332,2,8,2409.75,2,25,0.0,1.0,0.0,0.0,0.0,0.0,0.0,2410.0,0.0,0.0,0.0,0.0,0.0,0.0,0.0,0.0,0.0,0.0,0.0,0.0,0.0,0.0,2409.75,0.0,0.0,0.0,0.0,0.0,0.0,0.0,7.0,0.0,0.0,0.0,True,Churned
1333,1,1,9.9,1,1,0.0,1.0,0.0,0.0,0.0,0.0,0.0,0.0,0.0,0.0,0.0,0.0,0.0,0.0,0.0,0.0,10.0,0.0,0.0,0.0,0.0,9.9,0.0,0.0,0.0,0.0,0.0,1.0,0.0,0.0,0.0,0.0,0.0,0.0,True,Churned
1334,1,2,109.99,2,3,0.0,1.0,0.0,5.0,0.0,0.0,0.0,105.0,0.0,0.0,0.0,0.0,0.0,0.0,0.0,0.0,0.0,0.0,0.0,0.0,0.0,109.99,0.0,0.0,0.0,0.0,0.0,0.0,0.0,0.0,2.0,0.0,0.0,0.0,True,Churned
1335,1,3,143.0,3,12,0.23,0.77,0.0,0.0,0.0,0.0,0.0,0.0,3.0,0.0,0.0,0.0,0.0,0.0,0.0,110.0,0.0,0.0,30.0,0.0,0.0,143.0,0.0,0.0,0.0,0.0,0.0,3.0,0.0,0.0,0.0,0.0,0.0,0.0,True,Churned
1338,3,4,33.07,3,194,0.51,0.49,0.0,6.0,0.0,0.0,0.0,0.0,17.0,0.0,0.0,0.0,0.0,0.0,0.0,0.0,10.0,0.0,0.0,0.0,0.0,33.07,0.0,0.0,0.0,0.0,0.0,2.0,0.0,0.0,0.0,1.0,0.0,0.0,True,Churned
1339,1,12,308.7,8,32,1.0,0.0,0.0,0.0,0.0,0.0,0.0,0.0,108.0,0.0,110.0,0.0,0.0,70.0,0.0,0.0,21.0,0.0,0.0,0.0,0.0,308.7,0.0,0.0,0.0,0.0,0.0,12.0,0.0,0.0,0.0,0.0,0.0,0.0,True,Churned
1340,1,2,112.85,2,1,0.03,0.97,0.0,0.0,0.0,0.0,0.0,110.0,3.0,0.0,0.0,0.0,0.0,0.0,0.0,0.0,0.0,0.0,0.0,0.0,0.0,112.85,0.0,0.0,0.0,0.0,0.0,2.0,0.0,0.0,0.0,0.0,0.0,0.0,True,Churned
1341,1,1,37.7,1,1,0.0,1.0,0.0,0.0,0.0,0.0,0.0,0.0,0.0,0.0,0.0,0.0,0.0,0.0,0.0,0.0,38.0,0.0,0.0,0.0,0.0,37.7,0.0,0.0,0.0,0.0,0.0,1.0,0.0,0.0,0.0,0.0,0.0,0.0,True,Churned
1345,2,3,39.89,2,12,0.0,1.0,0.0,0.0,0.0,30.0,0.0,10.0,0.0,0.0,0.0,0.0,0.0,0.0,0.0,0.0,0.0,0.0,0.0,0.0,0.0,30.0,9.89,0.0,0.0,0.0,0.0,2.0,0.0,0.0,0.0,0.0,0.0,0.0,True,Churned
1346,1,1,4.25,1,1,1.0,0.0,0.0,0.0,0.0,0.0,0.0,0.0,0.0,0.0,0.0,0.0,0.0,4.0,0.0,0.0,0.0,0.0,0.0,0.0,0.0,4.25,0.0,0.0,0.0,0.0,0.0,1.0,0.0,0.0,0.0,0.0,0.0,0.0,True,Churned
1347,2,8,49.34,8,79,0.9,0.1,0.0,0.0,0.0,0.0,0.0,0.0,36.0,0.0,0.0,0.0,0.0,0.0,0.0,0.0,13.0,0.0,0.0,0.0,0.0,49.34,0.0,0.0,0.0,0.0,0.0,7.0,1.0,0.0,0.0,0.0,0.0,0.0,True,Churned
1348,5,29,655.8,13,178,0.32,0.68,0.0,0.0,0.0,0.0,0.0,260.0,144.0,0.0,0.0,0.0,0.0,47.0,0.0,0.0,189.0,0.0,17.0,0.0,0.0,655.8,0.0,0.0,0.0,0.0,0.0,14.0,0.0,0.0,0.0,1.0,0.0,0.0,True,Churned
1349,3,5,415.21,3,93,0.0,1.0,0.0,0.0,0.0,415.0,0.0,0.0,0.0,0.0,0.0,0.0,0.0,0.0,0.0,0.0,0.0,0.0,0.0,0.0,0.0,143.65,271.56,0.0,0.0,0.0,0.0,3.0,0.0,0.0,1.0,0.0,0.0,0.0,True,Churned
1350,1,11,158.5,7,72,1.0,0.0,0.0,0.0,0.0,0.0,0.0,0.0,86.0,0.0,0.0,0.0,0.0,73.0,0.0,0.0,0.0,0.0,0.0,0.0,0.0,158.5,0.0,0.0,0.0,0.0,0.0,11.0,0.0,0.0,0.0,0.0,0.0,0.0,True,Churned
1352,3,4,102.46,3,54,0.0,1.0,0.0,0.0,0.0,1.0,0.0,0.0,0.0,0.0,0.0,0.0,0.0,0.0,0.0,0.0,102.0,0.0,0.0,0.0,0.0,101.56,0.0,0.0,0.0,0.0,0.9,1.0,0.0,0.0,0.0,0.0,0.0,0.0,True,Churned
1353,1,1,34.9,1,1,0.0,1.0,0.0,0.0,0.0,0.0,0.0,0.0,0.0,0.0,0.0,0.0,0.0,0.0,0.0,35.0,0.0,0.0,0.0,0.0,0.0,34.9,0.0,0.0,0.0,0.0,0.0,1.0,0.0,0.0,0.0,0.0,0.0,0.0,True,Churned
1358,1,7,100.77,6,32,1.0,0.0,0.0,0.0,0.0,0.0,0.0,0.0,15.0,2.0,0.0,0.0,0.0,66.0,0.0,0.0,0.0,0.0,17.0,0.0,0.0,0.0,100.77,0.0,0.0,0.0,0.0,0.0,7.0,0.0,0.0,0.0,0.0,0.0,True,Churned
1359,6,19,979.76,10,110,0.0,1.0,0.0,0.0,0.0,943.0,0.0,0.0,0.0,0.0,6.0,0.0,0.0,0.0,0.0,0.0,31.0,0.0,0.0,0.0,0.0,948.46,0.0,31.3,0.0,0.0,0.0,10.0,0.0,0.0,0.0,0.0,0.0,0.0,True,Churned
1360,1,1,30.04,1,1,0.0,1.0,30.0,0.0,0.0,0.0,0.0,0.0,0.0,0.0,0.0,0.0,0.0,0.0,0.0,0.0,0.0,0.0,0.0,0.0,0.0,30.04,0.0,0.0,0.0,0.0,0.0,0.0,0.0,0.0,1.0,0.0,0.0,0.0,True,Churned
1361,5,30,1567.85,7,392,0.01,0.99,0.0,251.0,0.0,1301.0,0.0,0.0,17.0,0.0,0.0,0.0,0.0,0.0,0.0,0.0,0.0,0.0,0.0,0.0,0.0,1567.85,0.0,0.0,0.0,0.0,0.0,5.0,0.0,0.0,1.0,13.0,0.0,0.0,True,Churned
1362,1,2,22.0,2,95,1.0,0.0,0.0,0.0,0.0,0.0,0.0,0.0,22.0,0.0,0.0,0.0,0.0,0.0,0.0,0.0,0.0,0.0,0.0,0.0,0.0,22.0,0.0,0.0,0.0,0.0,0.0,2.0,0.0,0.0,0.0,0.0,0.0,0.0,True,Churned
1363,1,5,16.0,4,561,1.0,0.0,0.0,0.0,0.0,4.0,0.0,0.0,12.0,0.0,0.0,0.0,0.0,0.0,0.0,0.0,0.0,0.0,0.0,0.0,0.0,16.0,0.0,0.0,0.0,0.0,0.0,5.0,0.0,0.0,0.0,0.0,0.0,0.0,True,Churned
1365,1,1,25.25,1,1,0.0,1.0,0.0,0.0,0.0,0.0,0.0,0.0,0.0,0.0,0.0,0.0,0.0,0.0,0.0,0.0,25.0,0.0,0.0,0.0,0.0,0.0,25.25,0.0,0.0,0.0,0.0,0.0,0.0,1.0,0.0,0.0,0.0,0.0,True,Churned
1366,1,1,5.0,1,1,0.0,1.0,0.0,0.0,0.0,0.0,0.0,0.0,0.0,0.0,0.0,0.0,0.0,0.0,0.0,0.0,0.0,5.0,0.0,0.0,0.0,5.0,0.0,0.0,0.0,0.0,0.0,0.0,0.0,0.0,0.0,0.0,0.0,1.0,True,Churned
1367,1,10,34.35,5,52,1.0,0.0,0.0,0.0,0.0,0.0,0.0,0.0,28.0,0.0,0.0,0.0,0.0,6.0,0.0,0.0,0.0,0.0,0.0,0.0,0.0,34.35,0.0,0.0,0.0,0.0,0.0,10.0,0.0,0.0,0.0,0.0,0.0,0.0,True,Churned
1368,1,3,304.15,1,3,0.0,1.0,0.0,0.0,0.0,0.0,0.0,0.0,0.0,0.0,0.0,0.0,0.0,0.0,0.0,304.0,0.0,0.0,0.0,0.0,0.0,0.0,304.15,0.0,0.0,0.0,0.0,0.0,0.0,0.0,3.0,0.0,0.0,0.0,True,Churned
1369,1,22,280.17,1,639,0.0,1.0,0.0,280.0,0.0,0.0,0.0,0.0,0.0,0.0,0.0,0.0,0.0,0.0,0.0,0.0,0.0,0.0,0.0,0.0,0.0,0.0,280.17,0.0,0.0,0.0,0.0,0.0,22.0,0.0,0.0,0.0,0.0,0.0,True,Churned
1371,1,29,351.6,13,206,1.0,0.0,0.0,90.0,0.0,0.0,0.0,0.0,49.0,0.0,0.0,0.0,0.0,173.0,0.0,0.0,35.0,0.0,5.0,0.0,0.0,351.6,0.0,0.0,0.0,0.0,0.0,29.0,0.0,0.0,0.0,0.0,0.0,0.0,True,Churned
1372,1,2,25.6,2,2,0.0,1.0,0.0,0.0,0.0,0.0,0.0,0.0,0.0,0.0,0.0,0.0,0.0,0.0,0.0,20.0,0.0,0.0,6.0,0.0,0.0,25.6,0.0,0.0,0.0,0.0,0.0,2.0,0.0,0.0,0.0,0.0,0.0,0.0,True,Churned
1376,1,2,93.0,2,1,1.0,0.0,0.0,0.0,0.0,0.0,0.0,0.0,93.0,0.0,0.0,0.0,0.0,0.0,0.0,0.0,0.0,0.0,0.0,0.0,0.0,93.0,0.0,0.0,0.0,0.0,0.0,2.0,0.0,0.0,0.0,0.0,0.0,0.0,True,Churned
1378,1,5,43.27,1,6,0.0,1.0,0.0,0.0,0.0,0.0,0.0,0.0,0.0,0.0,0.0,0.0,0.0,0.0,0.0,0.0,43.0,0.0,0.0,0.0,0.0,0.0,0.0,0.0,0.0,0.0,43.27,0.0,0.0,0.0,5.0,0.0,0.0,0.0,True,Churned
1382,1,5,105.45,4,22,1.0,0.0,0.0,0.0,0.0,0.0,0.0,0.0,105.0,0.0,0.0,0.0,0.0,0.0,0.0,0.0,0.0,0.0,0.0,0.0,0.0,105.45,0.0,0.0,0.0,0.0,0.0,5.0,0.0,0.0,0.0,0.0,0.0,0.0,True,Churned
1383,1,4,882.24,1,1,0.0,1.0,0.0,0.0,0.0,0.0,0.0,0.0,0.0,0.0,0.0,0.0,0.0,0.0,0.0,882.0,0.0,0.0,0.0,0.0,0.0,0.0,882.24,0.0,0.0,0.0,0.0,0.0,0.0,0.0,4.0,0.0,0.0,0.0,True,Churned
1384,1,1,44.0,1,1,1.0,0.0,0.0,0.0,0.0,0.0,0.0,0.0,0.0,0.0,0.0,0.0,0.0,44.0,0.0,0.0,0.0,0.0,0.0,0.0,0.0,44.0,0.0,0.0,0.0,0.0,0.0,1.0,0.0,0.0,0.0,0.0,0.0,0.0,True,Churned
1388,1,1,31.0,1,1,0.0,1.0,0.0,0.0,0.0,0.0,0.0,0.0,0.0,0.0,0.0,0.0,0.0,0.0,0.0,31.0,0.0,0.0,0.0,0.0,0.0,31.0,0.0,0.0,0.0,0.0,0.0,0.0,0.0,0.0,1.0,0.0,0.0,0.0,True,Churned
1389,3,9,4700.96,6,373,0.27,0.73,0.0,0.0,0.0,0.0,0.0,0.0,0.0,0.0,0.0,0.0,0.0,0.0,0.0,0.0,4701.0,0.0,0.0,0.0,0.0,1944.2,2756.76,0.0,0.0,0.0,0.0,3.0,2.0,0.0,0.0,0.0,4.0,0.0,True,Churned
1390,1,6,29.24,1,215,0.0,1.0,0.0,6.0,0.0,0.0,0.0,0.0,0.0,0.0,0.0,0.0,0.0,0.0,0.0,0.0,23.0,0.0,0.0,0.0,0.0,29.24,0.0,0.0,0.0,0.0,0.0,0.0,0.0,0.0,0.0,6.0,0.0,0.0,True,Churned
1393,1,1,43.25,1,1,1.0,0.0,0.0,0.0,0.0,0.0,0.0,0.0,43.0,0.0,0.0,0.0,0.0,0.0,0.0,0.0,0.0,0.0,0.0,0.0,0.0,43.25,0.0,0.0,0.0,0.0,0.0,1.0,0.0,0.0,0.0,0.0,0.0,0.0,True,Churned
1397,2,2,35.6,2,21,0.0,1.0,0.0,10.0,0.0,0.0,0.0,0.0,0.0,0.0,0.0,0.0,0.0,0.0,0.0,0.0,26.0,0.0,0.0,0.0,0.0,35.6,0.0,0.0,0.0,0.0,0.0,1.0,0.0,0.0,0.0,1.0,0.0,0.0,True,Churned
1399,1,5,131.1,4,103,1.0,0.0,50.0,0.0,0.0,0.0,0.0,0.0,81.0,0.0,0.0,0.0,0.0,0.0,0.0,0.0,0.0,0.0,0.0,0.0,0.0,131.1,0.0,0.0,0.0,0.0,0.0,5.0,0.0,0.0,0.0,0.0,0.0,0.0,True,Churned
1401,1,1,21.75,1,1,1.0,0.0,0.0,0.0,0.0,0.0,0.0,0.0,22.0,0.0,0.0,0.0,0.0,0.0,0.0,0.0,0.0,0.0,0.0,0.0,0.0,21.75,0.0,0.0,0.0,0.0,0.0,1.0,0.0,0.0,0.0,0.0,0.0,0.0,True,Churned
1402,1,4,90.0,2,1,0.0,1.0,0.0,0.0,0.0,90.0,0.0,0.0,0.0,0.0,0.0,0.0,0.0,0.0,0.0,0.0,0.0,0.0,0.0,0.0,0.0,90.0,0.0,0.0,0.0,0.0,0.0,4.0,0.0,0.0,0.0,0.0,0.0,0.0,True,Churned
1405,1,2,121.0,1,2,0.0,1.0,0.0,0.0,0.0,0.0,0.0,0.0,0.0,0.0,0.0,0.0,0.0,0.0,0.0,121.0,0.0,0.0,0.0,0.0,0.0,121.0,0.0,0.0,0.0,0.0,0.0,2.0,0.0,0.0,0.0,0.0,0.0,0.0,True,Churned
1408,1,1,20.39,1,1,0.0,1.0,0.0,20.0,0.0,0.0,0.0,0.0,0.0,0.0,0.0,0.0,0.0,0.0,0.0,0.0,0.0,0.0,0.0,0.0,0.0,20.39,0.0,0.0,0.0,0.0,0.0,1.0,0.0,0.0,0.0,0.0,0.0,0.0,True,Churned
1442,7,367,85483.28,60,548,0.02,0.98,76958.0,311.0,0.0,4105.0,0.0,367.0,806.0,44.0,0.0,0.0,0.0,40.0,0.0,2372.0,37.0,0.0,443.0,0.0,0.0,7345.22,77912.78,0.0,0.0,0.0,225.28,172.0,9.0,0.0,38.0,96.0,0.0,1.0,True,Churned
1445,14,384,32986.45,143,601,0.55,0.45,0.0,1174.0,0.0,0.0,0.0,119.0,5085.0,741.0,4016.0,0.0,0.0,9145.0,0.0,2598.0,7030.0,339.0,2738.0,0.0,0.0,24741.79,4597.37,0.0,0.0,2694.2,156.56,222.0,10.0,0.0,5.0,26.0,10.0,1.0,True,Churned
1446,8,59,2425.51,45,291,0.08,0.92,0.0,31.0,0.0,231.0,0.0,0.0,20.0,0.0,60.0,0.0,0.0,65.0,0.0,0.0,1996.0,19.0,3.0,0.0,0.0,623.55,62.47,0.0,0.0,0.0,1739.49,5.0,1.0,0.0,0.0,18.0,0.0,28.0,True,Churned
1452,3,5,34.96,3,88,0.26,0.74,0.0,16.0,0.0,10.0,0.0,0.0,9.0,0.0,0.0,0.0,0.0,0.0,0.0,0.0,0.0,0.0,0.0,0.0,0.0,34.96,0.0,0.0,0.0,0.0,0.0,1.0,1.0,0.0,0.0,3.0,0.0,0.0,True,Churned
1462,13,292,9968.79,61,590,0.09,0.91,324.0,2203.0,0.0,308.0,0.0,1764.0,450.0,10.0,761.0,0.0,33.0,278.0,0.0,0.0,3622.0,48.0,167.0,0.0,0.0,5724.67,4117.57,0.0,0.0,0.0,126.55,43.0,39.0,1.0,20.0,42.0,17.0,22.0,True,Churned
1464,2,2,297.6,2,11,0.0,1.0,0.0,0.0,0.0,0.0,0.0,0.0,0.0,0.0,0.0,0.0,0.0,0.0,0.0,280.0,18.0,0.0,0.0,0.0,0.0,18.0,279.6,0.0,0.0,0.0,0.0,1.0,0.0,0.0,1.0,0.0,0.0,0.0,True,Churned
1466,2,14,1099.6,7,530,0.15,0.85,0.0,0.0,0.0,0.0,0.0,0.0,180.0,14.0,0.0,0.0,0.0,0.0,0.0,0.0,906.0,0.0,0.0,0.0,0.0,1099.6,0.0,0.0,0.0,0.0,0.0,10.0,0.0,0.0,0.0,0.0,0.0,0.0,True,Churned
1467,2,18,268.44,13,310,0.96,0.04,0.0,10.0,0.0,0.0,0.0,7.0,133.0,0.0,0.0,0.0,65.0,20.0,0.0,0.0,33.0,0.0,0.0,0.0,0.0,148.9,119.54,0.0,0.0,0.0,0.0,13.0,0.0,5.0,0.0,0.0,0.0,0.0,True,Churned
1468,5,213,4667.47,98,381,0.64,0.36,340.0,104.0,0.0,368.0,0.0,0.0,251.0,238.0,0.0,0.0,0.0,532.0,0.0,0.0,2487.0,190.0,158.0,0.0,0.0,2013.21,0.0,0.0,0.0,0.0,2560.79,23.0,0.0,0.0,1.0,2.0,0.0,185.0,True,Churned
1473,3,43,38157.34,2,93,1.0,0.0,38157.0,0.0,0.0,0.0,0.0,0.0,0.0,0.0,0.0,0.0,0.0,0.0,0.0,0.0,0.0,0.0,0.0,0.0,0.0,0.0,37526.33,0.0,0.0,0.0,631.01,23.0,19.0,0.0,0.0,0.0,0.0,1.0,True,Churned
1475,3,250,26922.04,35,655,0.63,0.37,11361.0,629.0,50.0,1593.0,0.0,640.0,2989.0,0.0,50.0,0.0,172.0,280.0,600.0,5691.0,201.0,0.0,2665.0,0.0,0.0,26922.04,0.0,0.0,0.0,0.0,0.0,211.0,0.0,0.0,37.0,2.0,0.0,0.0,True,Churned
1480,2,24,11051.13,15,166,0.11,0.89,10765.0,37.0,0.0,0.0,0.0,0.0,69.0,0.0,0.0,0.0,0.0,5.0,0.0,0.0,9.0,0.0,166.0,0.0,0.0,11051.13,0.0,0.0,0.0,0.0,0.0,14.0,0.0,0.0,0.0,10.0,0.0,0.0,True,Churned
1483,5,19,1006.93,11,156,0.48,0.52,0.0,0.0,0.0,169.0,0.0,0.0,319.0,0.0,0.0,0.0,0.0,162.0,0.0,0.0,357.0,0.0,0.0,0.0,0.0,161.7,845.23,0.0,0.0,0.0,0.0,9.0,6.0,1.0,0.0,0.0,0.0,0.0,True,Churned
1484,2,11,158.25,4,110,0.87,0.13,0.0,28.0,0.0,0.0,0.0,0.0,126.0,0.0,0.0,0.0,0.0,0.0,0.0,0.0,5.0,0.0,0.0,0.0,0.0,158.25,0.0,0.0,0.0,0.0,0.0,5.0,0.0,0.0,0.0,6.0,0.0,0.0,True,Churned
1485,8,147,165156.98,38,171,0.02,0.98,17767.0,0.0,0.0,26644.0,0.0,94262.0,1179.0,0.0,0.0,0.0,0.0,108.0,0.0,22972.0,1144.0,20.0,1061.0,0.0,0.0,46170.98,99352.23,0.0,0.0,0.0,19633.77,74.0,0.0,0.0,9.0,0.0,4.0,0.0,True,Churned
1486,3,208,4557.99,27,411,0.29,0.71,2965.0,128.0,0.0,43.0,0.0,0.0,865.0,126.0,0.0,0.0,0.0,34.0,0.0,0.0,325.0,0.0,73.0,0.0,0.0,4549.39,8.6,0.0,0.0,0.0,0.0,205.0,0.0,0.0,0.0,1.0,0.0,0.0,True,Churned
1487,5,28,1010.45,16,174,0.57,0.43,0.0,5.0,0.0,40.0,0.0,209.0,118.0,265.0,74.0,0.0,0.0,0.0,0.0,0.0,195.0,50.0,55.0,0.0,0.0,690.68,270.22,0.0,0.0,0.0,0.0,19.0,2.0,0.0,2.0,3.0,0.0,0.0,True,Churned
1490,4,61,4504.3,57,45,0.89,0.11,943.0,0.0,0.0,64.0,0.0,0.0,327.0,105.0,946.0,0.0,0.0,1507.0,0.0,0.0,425.0,0.0,189.0,0.0,0.0,365.09,3723.45,0.0,0.0,0.0,0.0,9.0,0.0,0.0,0.0,0.0,44.0,0.0,True,Churned
1491,4,86,1856.4,23,336,0.16,0.84,110.0,87.0,0.0,82.0,0.0,0.0,296.0,0.0,0.0,0.0,0.0,514.0,0.0,33.0,735.0,0.0,0.0,0.0,0.0,1672.88,164.65,0.0,0.0,0.0,18.87,52.0,2.0,0.0,22.0,0.0,0.0,0.0,True,Churned
1492,9,210,27233.6,110,346,0.5,0.5,0.0,8803.0,0.0,389.0,0.0,203.0,4885.0,483.0,4274.0,0.0,0.0,2102.0,0.0,300.0,5043.0,318.0,433.0,0.0,0.0,25811.0,1140.16,127.96,0.0,0.0,154.48,157.0,11.0,6.0,1.0,9.0,3.0,14.0,True,Churned
1493,6,71,12298.66,54,462,0.29,0.71,8595.0,0.0,0.0,363.0,0.0,138.0,739.0,0.0,131.0,0.0,91.0,1271.0,0.0,0.0,551.0,7.0,412.0,0.0,0.0,7583.27,3567.06,0.0,0.0,0.0,1051.35,3.0,22.0,35.0,0.0,0.0,6.0,0.0,True,Churned
1500,1,1,13.0,1,1,0.0,1.0,0.0,13.0,0.0,0.0,0.0,0.0,0.0,0.0,0.0,0.0,0.0,0.0,0.0,0.0,0.0,0.0,0.0,0.0,0.0,13.0,0.0,0.0,0.0,0.0,0.0,1.0,0.0,0.0,0.0,0.0,0.0,0.0,True,Churned
1501,3,5,109.75,4,6,0.0,1.0,0.0,4.0,0.0,20.0,0.0,0.0,0.0,0.0,0.0,0.0,0.0,0.0,0.0,80.0,6.0,0.0,0.0,0.0,0.0,109.75,0.0,0.0,0.0,0.0,0.0,2.0,1.0,0.0,0.0,2.0,0.0,0.0,True,Churned
1502,5,20,423.01,10,948,0.02,0.98,0.0,70.0,0.0,94.0,0.0,130.0,4.0,0.0,0.0,0.0,0.0,6.0,0.0,118.0,1.0,0.0,0.0,0.0,0.0,193.75,129.89,0.0,0.0,0.0,99.37,6.0,1.0,0.0,2.0,0.0,0.0,8.0,True,Churned
1503,2,8,103.0,4,63,0.99,0.01,0.0,1.0,0.0,0.0,0.0,0.0,102.0,0.0,0.0,0.0,0.0,0.0,0.0,0.0,0.0,0.0,0.0,0.0,0.0,103.0,0.0,0.0,0.0,0.0,0.0,7.0,0.0,0.0,1.0,0.0,0.0,0.0,True,Churned
1505,1,17,374.6,12,93,1.0,0.0,0.0,0.0,0.0,0.0,0.0,0.0,118.0,78.0,0.0,0.0,0.0,17.0,0.0,0.0,103.0,0.0,59.0,0.0,0.0,374.6,0.0,0.0,0.0,0.0,0.0,17.0,0.0,0.0,0.0,0.0,0.0,0.0,True,Churned
1509,1,1,31.0,1,1,0.0,1.0,31.0,0.0,0.0,0.0,0.0,0.0,0.0,0.0,0.0,0.0,0.0,0.0,0.0,0.0,0.0,0.0,0.0,0.0,0.0,31.0,0.0,0.0,0.0,0.0,0.0,0.0,0.0,0.0,1.0,0.0,0.0,0.0,True,Churned
1514,5,143,844.44,27,314,0.75,0.25,0.0,20.0,0.0,5.0,0.0,0.0,316.0,0.0,0.0,0.0,0.0,138.0,0.0,0.0,232.0,0.0,134.0,0.0,0.0,836.08,8.36,0.0,0.0,0.0,0.0,138.0,1.0,0.0,0.0,1.0,0.0,0.0,True,Churned
1516,5,72,749.73,36,339,0.53,0.47,0.0,10.0,0.0,0.0,0.0,0.0,290.0,0.0,0.0,0.0,0.0,115.0,0.0,36.0,127.0,0.0,173.0,0.0,0.0,676.02,0.54,0.0,0.0,0.0,73.17,66.0,0.0,0.0,1.0,1.0,0.0,3.0,True,Churned
1521,2,109,567.57,9,132,0.73,0.27,50.0,0.0,0.0,0.0,0.0,0.0,344.0,0.0,0.0,0.0,31.0,14.0,0.0,0.0,0.0,6.0,123.0,0.0,0.0,558.75,8.82,0.0,0.0,0.0,0.0,108.0,1.0,0.0,0.0,0.0,0.0,0.0,True,Churned
1522,5,23,747.84,13,440,0.86,0.14,0.0,15.0,0.0,49.0,0.0,0.0,38.0,0.0,0.0,0.0,0.0,602.0,0.0,0.0,17.0,27.0,0.0,0.0,0.0,706.1,26.89,0.0,0.0,0.0,14.85,17.0,3.0,1.0,0.0,0.0,0.0,1.0,True,Churned
1525,1,2,27.9,2,1,1.0,0.0,0.0,0.0,0.0,0.0,0.0,0.0,28.0,0.0,0.0,0.0,0.0,0.0,0.0,0.0,0.0,0.0,0.0,0.0,0.0,27.9,0.0,0.0,0.0,0.0,0.0,2.0,0.0,0.0,0.0,0.0,0.0,0.0,True,Churned
1526,1,2,58.74,1,1,0.0,1.0,59.0,0.0,0.0,0.0,0.0,0.0,0.0,0.0,0.0,0.0,0.0,0.0,0.0,0.0,0.0,0.0,0.0,0.0,0.0,0.0,58.74,0.0,0.0,0.0,0.0,0.0,0.0,0.0,0.0,2.0,0.0,0.0,True,Churned
1531,2,145,596.9,27,395,0.9,0.1,0.0,30.0,0.0,29.0,0.0,0.0,173.0,0.0,0.0,0.0,0.0,126.0,0.0,0.0,154.0,0.0,85.0,0.0,0.0,596.9,0.0,0.0,0.0,0.0,0.0,128.0,0.0,0.0,0.0,17.0,0.0,0.0,True,Churned
1546,8,84,5587.11,49,411,0.5,0.5,2160.0,58.0,0.0,47.0,0.0,651.0,440.0,0.0,55.0,0.0,0.0,29.0,0.0,1360.0,654.0,20.0,114.0,0.0,0.0,3870.88,684.84,0.0,0.0,54.67,976.72,57.0,7.0,0.0,5.0,3.0,0.0,1.0,True,Churned
1553,9,291,21163.3,144,917,0.72,0.28,177.0,393.0,0.0,3207.0,0.0,307.0,3644.0,851.0,4984.0,0.0,159.0,3498.0,0.0,0.0,2481.0,52.0,1412.0,0.0,0.0,3774.69,16079.85,0.0,0.0,0.0,0.0,98.0,51.0,18.0,3.0,0.0,0.0,0.0,True,Churned
1561,8,522,4120.77,84,451,0.68,0.32,0.0,259.0,0.0,463.0,0.0,31.0,1738.0,29.0,0.0,0.0,0.0,631.0,0.0,0.0,937.0,0.0,32.0,0.0,0.0,3353.2,316.71,0.0,0.0,0.0,450.86,474.0,4.0,1.0,11.0,4.0,0.0,20.0,True,Churned
1562,3,29,180.63,19,161,1.0,0.0,0.0,0.0,0.0,19.0,0.0,0.0,40.0,3.0,0.0,0.0,0.0,25.0,0.0,0.0,93.0,0.0,0.0,0.0,0.0,93.55,87.08,0.0,0.0,0.0,0.0,22.0,3.0,0.0,0.0,0.0,4.0,0.0,True,Churned
1572,3,59,11075.08,16,41,0.69,0.31,6000.0,0.0,0.0,3426.0,0.0,0.0,388.0,0.0,0.0,0.0,0.0,72.0,0.0,0.0,1142.0,0.0,48.0,0.0,0.0,10988.75,86.33,0.0,0.0,0.0,0.0,56.0,1.0,0.0,0.0,0.0,0.0,0.0,True,Churned
1583,7,397,11733.69,165,458,0.9,0.1,209.0,127.0,0.0,366.0,0.0,0.0,3144.0,84.0,810.0,0.0,90.0,3336.0,0.0,0.0,1582.0,6.0,1979.0,0.0,0.0,11189.25,544.44,0.0,0.0,0.0,0.0,376.0,9.0,0.0,0.0,1.0,0.0,0.0,True,Churned
1585,8,1205,25666.44,242,501,0.74,0.26,4964.0,1159.0,0.0,1131.0,0.0,41.0,3835.0,553.0,1298.0,0.0,129.0,6736.0,0.0,40.0,2328.0,0.0,3453.0,0.0,0.0,24427.8,751.59,24.53,0.0,0.0,58.17,1058.0,24.0,0.0,8.0,76.0,0.0,4.0,True,Churned
1588,9,199,14699.81,39,637,0.17,0.83,1550.0,1375.0,0.0,8898.0,0.0,0.0,270.0,406.0,0.0,0.0,66.0,127.0,0.0,0.0,1956.0,0.0,53.0,0.0,0.0,11156.96,3493.7,0.0,0.0,0.0,49.15,94.0,2.0,0.0,11.0,0.0,0.0,5.0,True,Churned
1589,1,7,34.3,4,96,1.0,0.0,0.0,0.0,0.0,0.0,0.0,0.0,16.0,0.0,0.0,0.0,0.0,11.0,0.0,0.0,0.0,0.0,8.0,0.0,0.0,34.3,0.0,0.0,0.0,0.0,0.0,7.0,0.0,0.0,0.0,0.0,0.0,0.0,True,Churned
1591,1,5,260.0,3,305,0.0,1.0,0.0,0.0,0.0,260.0,0.0,0.0,0.0,0.0,0.0,0.0,0.0,0.0,0.0,0.0,0.0,0.0,0.0,0.0,0.0,260.0,0.0,0.0,0.0,0.0,0.0,5.0,0.0,0.0,0.0,0.0,0.0,0.0,True,Churned
1592,3,49,635.04,30,212,0.91,0.09,0.0,0.0,0.0,63.0,0.0,0.0,114.0,0.0,0.0,0.0,0.0,204.0,0.0,0.0,87.0,0.0,167.0,0.0,0.0,350.09,284.95,0.0,0.0,0.0,0.0,23.0,0.0,0.0,0.0,0.0,9.0,0.0,True,Churned
1593,1,2,65.0,2,42,0.0,1.0,0.0,0.0,0.0,0.0,0.0,20.0,0.0,0.0,0.0,0.0,0.0,0.0,0.0,0.0,45.0,0.0,0.0,0.0,0.0,65.0,0.0,0.0,0.0,0.0,0.0,2.0,0.0,0.0,0.0,0.0,0.0,0.0,True,Churned
1594,10,141,4665.43,100,729,0.62,0.38,0.0,92.0,0.0,67.0,0.0,46.0,145.0,21.0,1982.0,0.0,8.0,1808.0,0.0,0.0,35.0,0.0,461.0,0.0,0.0,100.0,617.05,3385.27,0.0,0.0,0.0,1.0,0.0,0.0,76.0,0.0,5.0,0.0,True,Churned
1595,1,17,220.7,12,266,1.0,0.0,0.0,0.0,0.0,0.0,0.0,0.0,160.0,33.0,0.0,0.0,0.0,9.0,0.0,0.0,14.0,0.0,5.0,0.0,0.0,220.7,0.0,0.0,0.0,0.0,0.0,17.0,0.0,0.0,0.0,0.0,0.0,0.0,True,Churned
1597,1,1,7.66,1,1,0.0,1.0,0.0,0.0,0.0,8.0,0.0,0.0,0.0,0.0,0.0,0.0,0.0,0.0,0.0,0.0,0.0,0.0,0.0,0.0,0.0,0.0,7.66,0.0,0.0,0.0,0.0,0.0,0.0,0.0,0.0,1.0,0.0,0.0,True,Churned
1598,5,23,1520.57,15,664,0.57,0.43,189.0,82.0,0.0,0.0,0.0,550.0,0.0,0.0,0.0,0.0,0.0,321.0,0.0,0.0,379.0,0.0,0.0,0.0,0.0,325.56,1046.58,0.0,0.0,0.0,148.43,2.0,1.0,0.0,0.0,8.0,0.0,2.0,True,Churned
1599,3,12,304.87,11,267,0.97,0.03,150.0,10.0,0.0,0.0,0.0,0.0,21.0,28.0,0.0,0.0,0.0,83.0,0.0,0.0,0.0,0.0,13.0,0.0,0.0,270.56,34.31,0.0,0.0,0.0,0.0,8.0,3.0,0.0,1.0,0.0,0.0,0.0,True,Churned
1601,2,7,164.99,7,61,0.68,0.32,0.0,0.0,0.0,66.0,0.0,0.0,36.0,0.0,0.0,0.0,0.0,63.0,0.0,0.0,0.0,0.0,0.0,0.0,0.0,154.73,10.26,0.0,0.0,0.0,0.0,6.0,0.0,0.0,0.0,0.0,0.0,0.0,True,Churned
1604,4,66,559.98,28,126,0.59,0.41,0.0,123.0,0.0,59.0,0.0,0.0,232.0,44.0,0.0,0.0,0.0,33.0,0.0,0.0,47.0,9.0,13.0,0.0,0.0,501.07,49.75,0.0,0.0,0.0,9.16,47.0,11.0,0.0,6.0,0.0,0.0,2.0,True,Churned
1605,1,30,2230.95,11,299,0.71,0.29,0.0,657.0,0.0,0.0,0.0,0.0,587.0,0.0,0.0,0.0,0.0,554.0,0.0,0.0,242.0,0.0,190.0,0.0,0.0,2230.95,0.0,0.0,0.0,0.0,0.0,30.0,0.0,0.0,0.0,0.0,0.0,0.0,True,Churned
1606,3,14,181.85,8,31,0.38,0.62,53.0,60.0,0.0,0.0,0.0,0.0,21.0,0.0,0.0,0.0,0.0,49.0,0.0,0.0,0.0,0.0,0.0,0.0,0.0,122.31,0.0,0.0,0.0,0.0,59.54,11.0,0.0,0.0,1.0,0.0,0.0,0.0,True,Churned
1607,2,4,186.95,4,14,0.79,0.21,0.0,0.0,0.0,12.0,0.0,0.0,0.0,0.0,0.0,0.0,49.0,86.0,0.0,0.0,40.0,0.0,0.0,0.0,0.0,39.9,0.0,0.0,0.0,0.0,0.0,1.0,0.0,0.0,0.0,0.0,0.0,0.0,True,Churned
1610,4,93,2029.03,46,31,0.9,0.1,0.0,0.0,0.0,297.0,0.0,79.0,426.0,119.0,0.0,0.0,0.0,630.0,0.0,0.0,468.0,0.0,11.0,0.0,0.0,94.93,33.12,68.59,0.0,0.0,1832.39,0.0,1.0,0.0,1.0,0.0,0.0,81.0,True,Churned
1616,1,3,27.3,3,2,1.0,0.0,0.0,0.0,0.0,0.0,0.0,0.0,23.0,0.0,0.0,0.0,0.0,4.0,0.0,0.0,0.0,0.0,0.0,0.0,0.0,27.3,0.0,0.0,0.0,0.0,0.0,3.0,0.0,0.0,0.0,0.0,0.0,0.0,True,Churned
1618,3,27,463.97,19,182,0.34,0.66,0.0,13.0,0.0,16.0,0.0,0.0,85.0,0.0,0.0,0.0,0.0,107.0,0.0,0.0,234.0,0.0,7.0,0.0,0.0,317.71,146.26,0.0,0.0,0.0,0.0,14.0,4.0,0.0,0.0,0.0,9.0,0.0,True,Churned
1619,9,115,4744.35,21,333,0.03,0.97,803.0,2103.0,0.0,127.0,0.0,0.0,37.0,0.0,0.0,0.0,0.0,80.0,0.0,0.0,1529.0,0.0,66.0,0.0,0.0,3777.36,966.99,0.0,0.0,0.0,0.0,13.0,5.0,0.0,4.0,83.0,0.0,0.0,True,Churned
1621,7,37,3692.34,24,586,0.37,0.63,886.0,15.0,0.0,1860.0,0.0,0.0,318.0,136.0,61.0,0.0,0.0,124.0,0.0,0.0,286.0,0.0,6.0,0.0,0.0,2909.34,768.11,0.0,0.0,0.0,14.89,22.0,1.0,1.0,1.0,0.0,0.0,0.0,True,Churned
1635,11,90,4138.95,41,405,0.13,0.87,204.0,68.0,0.0,950.0,0.0,65.0,8.0,0.0,2117.0,0.0,0.0,357.0,0.0,0.0,335.0,0.0,35.0,0.0,0.0,2379.25,1399.98,0.0,0.0,0.0,58.1,10.0,0.0,1.0,2.0,0.0,14.0,16.0,True,Churned
1641,1,10,30.85,6,9,1.0,0.0,0.0,0.0,0.0,0.0,0.0,0.0,16.0,0.0,0.0,0.0,0.0,15.0,0.0,0.0,0.0,0.0,0.0,0.0,0.0,30.85,0.0,0.0,0.0,0.0,0.0,10.0,0.0,0.0,0.0,0.0,0.0,0.0,True,Churned
1643,7,179,9237.1,36,671,0.08,0.92,459.0,4360.0,0.0,2829.0,0.0,481.0,218.0,0.0,21.0,0.0,0.0,60.0,0.0,0.0,808.0,0.0,0.0,0.0,0.0,8852.32,316.51,0.0,0.0,0.0,68.27,68.0,2.0,0.0,13.0,84.0,0.0,5.0,True,Churned
1644,3,50,3647.01,11,737,0.84,0.16,3020.0,379.0,0.0,216.0,0.0,0.0,12.0,0.0,0.0,0.0,0.0,20.0,0.0,0.0,0.0,0.0,0.0,0.0,0.0,3267.57,0.0,0.0,0.0,0.0,379.44,25.0,0.0,0.0,0.0,0.0,0.0,15.0,True,Churned
1645,10,157,3042.94,66,642,0.46,0.54,164.0,201.0,0.0,96.0,0.0,1090.0,539.0,203.0,10.0,0.0,0.0,145.0,0.0,0.0,324.0,0.0,272.0,0.0,0.0,1233.2,1237.12,18.49,0.0,0.0,503.25,87.0,3.0,0.0,15.0,18.0,2.0,17.0,True,Churned
1647,5,69,2829.61,33,294,0.7,0.3,1429.0,23.0,0.0,210.0,0.0,0.0,63.0,2.0,281.0,0.0,0.0,143.0,0.0,0.0,461.0,0.0,217.0,0.0,0.0,2538.01,291.6,0.0,0.0,0.0,0.0,49.0,5.0,0.0,0.0,2.0,12.0,0.0,True,Churned
1648,2,25,1381.26,22,18,1.0,0.0,719.0,0.0,0.0,0.0,0.0,0.0,41.0,144.0,75.0,0.0,0.0,272.0,0.0,0.0,84.0,0.0,46.0,0.0,0.0,478.7,56.99,0.0,0.0,0.0,0.0,6.0,0.0,0.0,0.0,0.0,0.0,0.0,True,Churned
1649,6,432,22395.83,140,460,0.97,0.03,800.0,39.0,0.0,145.0,0.0,180.0,14664.0,881.0,15.0,0.0,239.0,290.0,0.0,0.0,4602.0,16.0,526.0,0.0,0.0,22326.57,28.53,0.0,0.0,0.0,40.73,427.0,1.0,0.0,0.0,0.0,1.0,0.0,True,Churned
1650,1,42,2581.0,17,452,0.92,0.08,0.0,0.0,0.0,0.0,0.0,0.0,1855.0,95.0,24.0,0.0,314.0,0.0,0.0,0.0,253.0,0.0,40.0,0.0,0.0,2581.0,0.0,0.0,0.0,0.0,0.0,42.0,0.0,0.0,0.0,0.0,0.0,0.0,True,Churned
1653,4,8,115.09,7,17,0.14,0.86,0.0,10.0,0.0,0.0,0.0,43.0,7.0,0.0,0.0,0.0,0.0,0.0,0.0,0.0,56.0,0.0,0.0,0.0,0.0,58.33,56.76,0.0,0.0,0.0,0.0,5.0,1.0,0.0,1.0,1.0,0.0,0.0,True,Churned
1654,1,7,102.25,4,7,0.64,0.36,0.0,0.0,0.0,0.0,0.0,37.0,42.0,0.0,0.0,0.0,0.0,10.0,0.0,0.0,0.0,0.0,13.0,0.0,0.0,102.25,0.0,0.0,0.0,0.0,0.0,7.0,0.0,0.0,0.0,0.0,0.0,0.0,True,Churned
1656,1,9,104.35,4,43,1.0,0.0,0.0,0.0,0.0,0.0,0.0,0.0,104.0,0.0,0.0,0.0,0.0,0.0,0.0,0.0,0.0,0.0,1.0,0.0,0.0,104.35,0.0,0.0,0.0,0.0,0.0,9.0,0.0,0.0,0.0,0.0,0.0,0.0,True,Churned
1658,1,6,104.8,6,27,0.33,0.67,0.0,0.0,0.0,0.0,0.0,0.0,11.0,0.0,0.0,0.0,0.0,65.0,0.0,0.0,0.0,0.0,29.0,0.0,0.0,104.8,0.0,0.0,0.0,0.0,0.0,6.0,0.0,0.0,0.0,0.0,0.0,0.0,True,Churned
1661,2,18,883.38,12,83,0.76,0.24,20.0,0.0,0.0,24.0,0.0,0.0,258.0,0.0,0.0,0.0,0.0,75.0,0.0,42.0,393.0,0.0,73.0,0.0,0.0,883.38,0.0,0.0,0.0,0.0,0.0,16.0,0.0,0.0,0.0,0.0,0.0,0.0,True,Churned
1667,10,290,7377.96,108,186,0.91,0.09,140.0,214.0,0.0,174.0,0.0,12.0,3966.0,46.0,132.0,0.0,128.0,404.0,0.0,0.0,1624.0,0.0,540.0,0.0,0.0,7013.98,316.08,0.0,0.0,0.0,47.9,257.0,1.0,2.0,2.0,7.0,0.0,1.0,True,Churned
1668,1,8,79.6,6,58,1.0,0.0,0.0,0.0,0.0,0.0,0.0,0.0,1.0,0.0,0.0,0.0,0.0,71.0,0.0,0.0,1.0,0.0,7.0,0.0,0.0,79.6,0.0,0.0,0.0,0.0,0.0,8.0,0.0,0.0,0.0,0.0,0.0,0.0,True,Churned
1670,1,1,35.2,1,1,1.0,0.0,0.0,0.0,0.0,0.0,0.0,0.0,0.0,35.0,0.0,0.0,0.0,0.0,0.0,0.0,0.0,0.0,0.0,0.0,0.0,0.0,35.2,0.0,0.0,0.0,0.0,0.0,1.0,0.0,0.0,0.0,0.0,0.0,True,Churned
1671,1,1,18.4,1,1,1.0,0.0,0.0,0.0,0.0,0.0,0.0,0.0,0.0,0.0,0.0,0.0,0.0,18.0,0.0,0.0,0.0,0.0,0.0,0.0,0.0,18.4,0.0,0.0,0.0,0.0,0.0,1.0,0.0,0.0,0.0,0.0,0.0,0.0,True,Churned
1672,4,179,2990.59,91,319,1.0,0.0,20.0,0.0,0.0,0.0,0.0,0.0,530.0,191.0,0.0,0.0,0.0,172.0,0.0,0.0,2012.0,30.0,37.0,0.0,0.0,2199.95,790.64,0.0,0.0,0.0,0.0,140.0,19.0,0.0,0.0,0.0,19.0,0.0,True,Churned
1682,11,440,26412.38,205,796,0.89,0.11,324.0,245.0,0.0,992.0,0.0,23.0,4131.0,740.0,1400.0,0.0,0.0,12150.0,0.0,0.0,4908.0,72.0,1427.0,0.0,0.0,20989.65,3019.35,20.25,0.0,0.0,1611.28,381.0,7.0,7.0,2.0,0.0,1.0,13.0,True,Churned
1689,3,28,791.8,24,331,1.0,0.0,344.0,0.0,0.0,67.0,0.0,0.0,68.0,11.0,147.0,0.0,0.0,103.0,0.0,0.0,38.0,0.0,14.0,0.0,0.0,283.35,362.02,0.0,0.0,0.0,146.43,6.0,18.0,0.0,0.0,0.0,0.0,4.0,True,Churned
1690,12,44,3025.27,27,862,0.0,1.0,0.0,1623.0,0.0,130.0,0.0,198.0,0.0,0.0,613.0,0.0,0.0,0.0,0.0,0.0,28.0,243.0,190.0,0.0,0.0,797.44,263.58,175.28,0.0,0.0,1721.5,2.0,5.0,0.0,8.0,8.0,0.0,12.0,True,Churned
1692,5,107,22196.66,63,537,0.18,0.82,3755.0,0.0,0.0,10610.0,0.0,0.0,819.0,55.0,1008.0,0.0,10.0,1247.0,0.0,500.0,3651.0,0.0,542.0,0.0,0.0,21225.94,970.72,0.0,0.0,0.0,0.0,85.0,1.0,0.0,8.0,0.0,0.0,0.0,True,Churned
1693,2,5,4584.71,2,135,0.0,1.0,1580.0,0.0,0.0,0.0,0.0,0.0,0.0,0.0,0.0,0.0,0.0,5.0,0.0,3000.0,0.0,0.0,0.0,0.0,0.0,4580.0,4.71,0.0,0.0,0.0,0.0,0.0,0.0,0.0,4.0,0.0,0.0,0.0,True,Churned
1694,1,1,35.0,1,1,0.0,1.0,0.0,0.0,0.0,0.0,0.0,0.0,0.0,0.0,0.0,0.0,0.0,0.0,0.0,0.0,35.0,0.0,0.0,0.0,0.0,35.0,0.0,0.0,0.0,0.0,0.0,1.0,0.0,0.0,0.0,0.0,0.0,0.0,True,Churned
1695,3,12,312.37,11,462,1.0,0.0,130.0,0.0,0.0,0.0,0.0,0.0,0.0,0.0,0.0,0.0,0.0,84.0,0.0,0.0,0.0,0.0,99.0,0.0,0.0,9.0,15.14,0.0,0.0,0.0,0.0,2.0,0.0,0.0,0.0,0.0,3.0,0.0,True,Churned
1696,1,2,20.9,2,2,1.0,0.0,0.0,0.0,0.0,0.0,0.0,0.0,9.0,0.0,0.0,0.0,0.0,0.0,0.0,0.0,12.0,0.0,0.0,0.0,0.0,20.9,0.0,0.0,0.0,0.0,0.0,2.0,0.0,0.0,0.0,0.0,0.0,0.0,True,Churned
1698,1,2,125.0,2,2,0.0,1.0,0.0,0.0,0.0,100.0,0.0,0.0,0.0,0.0,0.0,0.0,0.0,0.0,0.0,0.0,25.0,0.0,0.0,0.0,0.0,125.0,0.0,0.0,0.0,0.0,0.0,0.0,2.0,0.0,0.0,0.0,0.0,0.0,True,Churned
1699,1,7,102.05,7,22,0.6,0.4,0.0,0.0,0.0,0.0,0.0,0.0,59.0,0.0,0.0,0.0,0.0,0.0,0.0,0.0,41.0,0.0,3.0,0.0,0.0,102.05,0.0,0.0,0.0,0.0,0.0,7.0,0.0,0.0,0.0,0.0,0.0,0.0,True,Churned
1700,2,2,11.5,2,438,0.13,0.87,10.0,0.0,0.0,0.0,0.0,0.0,2.0,0.0,0.0,0.0,0.0,0.0,0.0,0.0,0.0,0.0,0.0,0.0,0.0,11.5,0.0,0.0,0.0,0.0,0.0,1.0,0.0,0.0,1.0,0.0,0.0,0.0,True,Churned
1704,1,11,131.2,6,904,1.0,0.0,0.0,0.0,0.0,0.0,0.0,0.0,85.0,0.0,0.0,0.0,0.0,0.0,0.0,0.0,0.0,0.0,46.0,0.0,0.0,131.2,0.0,0.0,0.0,0.0,0.0,11.0,0.0,0.0,0.0,0.0,0.0,0.0,True,Churned
1705,1,5,81.99,5,299,1.0,0.0,20.0,0.0,0.0,39.0,0.0,0.0,0.0,0.0,0.0,0.0,0.0,15.0,0.0,0.0,0.0,0.0,8.0,0.0,0.0,81.99,0.0,0.0,0.0,0.0,0.0,5.0,0.0,0.0,0.0,0.0,0.0,0.0,True,Churned
1706,3,23,730.57,22,829,0.21,0.79,0.0,42.0,0.0,10.0,0.0,0.0,91.0,0.0,295.0,0.0,0.0,35.0,0.0,0.0,101.0,33.0,124.0,0.0,0.0,728.09,2.48,0.0,0.0,0.0,0.0,21.0,1.0,0.0,0.0,0.0,0.0,0.0,True,Churned
1707,1,2,8.8,2,52,1.0,0.0,0.0,0.0,0.0,0.0,0.0,0.0,3.0,0.0,0.0,0.0,0.0,6.0,0.0,0.0,0.0,0.0,0.0,0.0,0.0,8.8,0.0,0.0,0.0,0.0,0.0,2.0,0.0,0.0,0.0,0.0,0.0,0.0,True,Churned
1708,1,6,31.0,5,8,1.0,0.0,0.0,0.0,0.0,0.0,0.0,0.0,9.0,2.0,0.0,0.0,0.0,21.0,0.0,0.0,0.0,0.0,0.0,0.0,0.0,31.0,0.0,0.0,0.0,0.0,0.0,6.0,0.0,0.0,0.0,0.0,0.0,0.0,True,Churned
1709,3,14,1910.28,6,129,0.3,0.7,1420.0,0.0,0.0,0.0,0.0,0.0,0.0,0.0,17.0,0.0,0.0,148.0,0.0,0.0,325.0,0.0,0.0,0.0,0.0,17.0,0.0,0.0,0.0,0.0,324.86,1.0,0.0,0.0,0.0,0.0,0.0,5.0,True,Churned
1711,2,9,568.92,4,42,0.3,0.7,0.0,90.0,0.0,0.0,0.0,0.0,79.0,0.0,0.0,0.0,0.0,0.0,0.0,0.0,307.0,0.0,94.0,0.0,0.0,568.92,0.0,0.0,0.0,0.0,0.0,5.0,0.0,0.0,0.0,4.0,0.0,0.0,True,Churned
1712,1,2,14.98,2,18,1.0,0.0,0.0,0.0,0.0,0.0,0.0,0.0,8.0,0.0,0.0,0.0,0.0,0.0,0.0,0.0,0.0,0.0,7.0,0.0,0.0,14.98,0.0,0.0,0.0,0.0,0.0,2.0,0.0,0.0,0.0,0.0,0.0,0.0,True,Churned
1713,2,2,93.63,2,465,0.0,1.0,39.0,0.0,0.0,0.0,0.0,0.0,0.0,0.0,55.0,0.0,0.0,0.0,0.0,0.0,0.0,0.0,0.0,0.0,0.0,38.7,0.0,0.0,0.0,0.0,0.0,0.0,0.0,0.0,1.0,0.0,0.0,0.0,True,Churned
1717,3,10,84.7,5,159,0.0,1.0,0.0,11.0,0.0,58.0,0.0,16.0,0.0,0.0,0.0,0.0,0.0,0.0,0.0,0.0,0.0,0.0,0.0,0.0,0.0,49.76,34.94,0.0,0.0,0.0,0.0,0.0,3.0,0.0,6.0,1.0,0.0,0.0,True,Churned
1719,5,15,704.45,15,55,0.77,0.23,0.0,0.0,0.0,0.0,0.0,0.0,13.0,58.0,191.0,0.0,0.0,73.0,0.0,0.0,331.0,0.0,38.0,0.0,0.0,150.65,553.8,0.0,0.0,0.0,0.0,3.0,4.0,0.0,0.0,0.0,0.0,0.0,True,Churned
1721,1,8,129.5,6,123,1.0,0.0,0.0,0.0,0.0,0.0,0.0,0.0,107.0,0.0,0.0,0.0,11.0,11.0,0.0,0.0,0.0,0.0,0.0,0.0,0.0,129.5,0.0,0.0,0.0,0.0,0.0,8.0,0.0,0.0,0.0,0.0,0.0,0.0,True,Churned
1722,1,1,5.0,1,1,1.0,0.0,0.0,0.0,0.0,0.0,0.0,0.0,0.0,0.0,0.0,0.0,0.0,5.0,0.0,0.0,0.0,0.0,0.0,0.0,0.0,5.0,0.0,0.0,0.0,0.0,0.0,1.0,0.0,0.0,0.0,0.0,0.0,0.0,True,Churned
1725,1,1,5.0,1,1,1.0,0.0,0.0,0.0,0.0,0.0,0.0,0.0,5.0,0.0,0.0,0.0,0.0,0.0,0.0,0.0,0.0,0.0,0.0,0.0,0.0,5.0,0.0,0.0,0.0,0.0,0.0,1.0,0.0,0.0,0.0,0.0,0.0,0.0,True,Churned
1726,2,12,239.29,9,174,1.0,0.0,0.0,0.0,0.0,25.0,0.0,0.0,29.0,0.0,0.0,0.0,0.0,0.0,0.0,0.0,185.0,0.0,0.0,0.0,0.0,134.85,0.0,0.0,0.0,0.0,0.0,8.0,0.0,0.0,0.0,0.0,0.0,0.0,True,Churned
1728,1,6,121.22,5,2,1.0,0.0,0.0,0.0,0.0,0.0,0.0,0.0,45.0,0.0,0.0,0.0,0.0,49.0,0.0,0.0,0.0,0.0,28.0,0.0,0.0,0.0,121.22,0.0,0.0,0.0,0.0,0.0,0.0,0.0,0.0,0.0,6.0,0.0,True,Churned
1730,1,6,102.9,5,13,1.0,0.0,0.0,0.0,0.0,0.0,0.0,0.0,59.0,0.0,0.0,0.0,0.0,0.0,0.0,0.0,0.0,0.0,44.0,0.0,0.0,102.9,0.0,0.0,0.0,0.0,0.0,6.0,0.0,0.0,0.0,0.0,0.0,0.0,True,Churned
1732,1,11,109.4,11,5,1.0,0.0,0.0,0.0,0.0,0.0,0.0,0.0,9.0,0.0,0.0,0.0,0.0,18.0,0.0,0.0,0.0,0.0,82.0,0.0,0.0,109.4,0.0,0.0,0.0,0.0,0.0,11.0,0.0,0.0,0.0,0.0,0.0,0.0,True,Churned
1733,2,18,178.48,7,33,0.41,0.59,0.0,0.0,0.0,0.0,0.0,0.0,74.0,0.0,0.0,0.0,0.0,0.0,0.0,105.0,0.0,0.0,0.0,0.0,0.0,73.6,104.88,0.0,0.0,0.0,0.0,16.0,0.0,0.0,2.0,0.0,0.0,0.0,True,Churned
1737,1,9,100.25,5,10,1.0,0.0,0.0,0.0,0.0,0.0,0.0,0.0,85.0,0.0,0.0,0.0,0.0,15.0,0.0,0.0,0.0,0.0,0.0,0.0,0.0,100.25,0.0,0.0,0.0,0.0,0.0,9.0,0.0,0.0,0.0,0.0,0.0,0.0,True,Churned
1738,1,13,138.05,6,41,1.0,0.0,0.0,0.0,0.0,0.0,0.0,0.0,28.0,0.0,0.0,0.0,0.0,110.0,0.0,0.0,0.0,0.0,0.0,0.0,0.0,138.05,0.0,0.0,0.0,0.0,0.0,13.0,0.0,0.0,0.0,0.0,0.0,0.0,True,Churned
1739,1,1,31.86,1,1,0.0,1.0,32.0,0.0,0.0,0.0,0.0,0.0,0.0,0.0,0.0,0.0,0.0,0.0,0.0,0.0,0.0,0.0,0.0,0.0,0.0,31.86,0.0,0.0,0.0,0.0,0.0,0.0,0.0,0.0,1.0,0.0,0.0,0.0,True,Churned
1741,1,3,629.0,2,89,0.95,0.05,600.0,0.0,0.0,29.0,0.0,0.0,0.0,0.0,0.0,0.0,0.0,0.0,0.0,0.0,0.0,0.0,0.0,0.0,0.0,629.0,0.0,0.0,0.0,0.0,0.0,3.0,0.0,0.0,0.0,0.0,0.0,0.0,True,Churned
1742,1,6,5068.3,1,76,0.0,1.0,5068.0,0.0,0.0,0.0,0.0,0.0,0.0,0.0,0.0,0.0,0.0,0.0,0.0,0.0,0.0,0.0,0.0,0.0,0.0,5068.3,0.0,0.0,0.0,0.0,0.0,0.0,0.0,0.0,6.0,0.0,0.0,0.0,True,Churned
1744,1,1,50.0,1,1,1.0,0.0,50.0,0.0,0.0,0.0,0.0,0.0,0.0,0.0,0.0,0.0,0.0,0.0,0.0,0.0,0.0,0.0,0.0,0.0,0.0,50.0,0.0,0.0,0.0,0.0,0.0,1.0,0.0,0.0,0.0,0.0,0.0,0.0,True,Churned
1746,1,1,6.0,1,1,1.0,0.0,0.0,0.0,0.0,0.0,0.0,0.0,0.0,0.0,0.0,0.0,0.0,6.0,0.0,0.0,0.0,0.0,0.0,0.0,0.0,6.0,0.0,0.0,0.0,0.0,0.0,1.0,0.0,0.0,0.0,0.0,0.0,0.0,True,Churned
1747,1,5,1770.0,1,2,0.0,1.0,0.0,0.0,0.0,1770.0,0.0,0.0,0.0,0.0,0.0,0.0,0.0,0.0,0.0,0.0,0.0,0.0,0.0,0.0,0.0,1770.0,0.0,0.0,0.0,0.0,0.0,5.0,0.0,0.0,0.0,0.0,0.0,0.0,True,Churned
1754,1,4,14.19,2,459,0.0,1.0,0.0,13.0,0.0,1.0,0.0,0.0,0.0,0.0,0.0,0.0,0.0,0.0,0.0,0.0,0.0,0.0,0.0,0.0,0.0,14.19,0.0,0.0,0.0,0.0,0.0,0.0,0.0,0.0,0.0,0.0,0.0,4.0,True,Churned
1756,2,2,4.31,2,464,0.0,1.0,0.0,0.0,0.0,0.0,0.0,0.0,0.0,0.0,0.0,0.0,0.0,0.0,0.0,0.0,0.0,1.0,3.0,0.0,0.0,1.0,3.31,0.0,0.0,0.0,0.0,1.0,0.0,0.0,0.0,0.0,0.0,0.0,True,Churned
1757,1,1,30.34,1,1,0.0,1.0,30.0,0.0,0.0,0.0,0.0,0.0,0.0,0.0,0.0,0.0,0.0,0.0,0.0,0.0,0.0,0.0,0.0,0.0,0.0,30.34,0.0,0.0,0.0,0.0,0.0,0.0,0.0,0.0,1.0,0.0,0.0,0.0,True,Churned
1761,1,1,31.86,1,1,0.0,1.0,32.0,0.0,0.0,0.0,0.0,0.0,0.0,0.0,0.0,0.0,0.0,0.0,0.0,0.0,0.0,0.0,0.0,0.0,0.0,31.86,0.0,0.0,0.0,0.0,0.0,0.0,0.0,0.0,1.0,0.0,0.0,0.0,True,Churned
1762,1,1,10.0,1,1,0.0,1.0,0.0,10.0,0.0,0.0,0.0,0.0,0.0,0.0,0.0,0.0,0.0,0.0,0.0,0.0,0.0,0.0,0.0,0.0,0.0,10.0,0.0,0.0,0.0,0.0,0.0,0.0,0.0,0.0,1.0,0.0,0.0,0.0,True,Churned
1763,1,2,62.0,1,29,0.0,1.0,0.0,62.0,0.0,0.0,0.0,0.0,0.0,0.0,0.0,0.0,0.0,0.0,0.0,0.0,0.0,0.0,0.0,0.0,0.0,62.0,0.0,0.0,0.0,0.0,0.0,0.0,0.0,0.0,0.0,2.0,0.0,0.0,True,Churned
1765,1,1,660.9,1,1,1.0,0.0,0.0,0.0,0.0,0.0,0.0,0.0,0.0,0.0,0.0,0.0,0.0,0.0,0.0,0.0,661.0,0.0,0.0,0.0,0.0,660.9,0.0,0.0,0.0,0.0,0.0,1.0,0.0,0.0,0.0,0.0,0.0,0.0,True,Churned
1767,1,1,30.0,1,1,0.0,1.0,0.0,0.0,0.0,30.0,0.0,0.0,0.0,0.0,0.0,0.0,0.0,0.0,0.0,0.0,0.0,0.0,0.0,0.0,0.0,30.0,0.0,0.0,0.0,0.0,0.0,1.0,0.0,0.0,0.0,0.0,0.0,0.0,True,Churned
1769,1,1,30.34,1,1,0.0,1.0,30.0,0.0,0.0,0.0,0.0,0.0,0.0,0.0,0.0,0.0,0.0,0.0,0.0,0.0,0.0,0.0,0.0,0.0,0.0,30.34,0.0,0.0,0.0,0.0,0.0,0.0,0.0,0.0,1.0,0.0,0.0,0.0,True,Churned
1772,2,2,46.03,2,3,0.53,0.47,0.0,22.0,0.0,0.0,0.0,0.0,0.0,0.0,0.0,0.0,0.0,0.0,0.0,0.0,0.0,0.0,24.0,0.0,0.0,46.03,0.0,0.0,0.0,0.0,0.0,1.0,1.0,0.0,0.0,0.0,0.0,0.0,True,Churned
1774,1,1,21.5,1,1,1.0,0.0,0.0,0.0,0.0,0.0,0.0,0.0,22.0,0.0,0.0,0.0,0.0,0.0,0.0,0.0,0.0,0.0,0.0,0.0,0.0,21.5,0.0,0.0,0.0,0.0,0.0,1.0,0.0,0.0,0.0,0.0,0.0,0.0,True,Churned
1775,1,1,19.0,1,1,0.0,1.0,0.0,0.0,0.0,0.0,0.0,0.0,0.0,0.0,0.0,0.0,0.0,0.0,0.0,0.0,0.0,0.0,19.0,0.0,0.0,19.0,0.0,0.0,0.0,0.0,0.0,1.0,0.0,0.0,0.0,0.0,0.0,0.0,True,Churned
1776,1,1,10.0,1,1,0.0,1.0,0.0,0.0,0.0,10.0,0.0,0.0,0.0,0.0,0.0,0.0,0.0,0.0,0.0,0.0,0.0,0.0,0.0,0.0,0.0,10.0,0.0,0.0,0.0,0.0,0.0,1.0,0.0,0.0,0.0,0.0,0.0,0.0,True,Churned
1800,17,759,27924.95,191,943,0.29,0.71,500.0,6277.0,0.0,2948.0,0.0,567.0,851.0,900.0,469.0,0.0,0.0,4705.0,0.0,220.0,8519.0,40.0,1608.0,320.0,0.0,24112.64,1657.16,50.9,0.0,0.0,2104.25,317.0,63.0,6.0,54.0,44.0,0.0,248.0,True,Churned
1801,6,425,5675.64,149,412,0.8,0.2,90.0,52.0,0.0,94.0,0.0,182.0,1860.0,247.0,531.0,0.0,49.0,949.0,0.0,0.0,461.0,424.0,736.0,0.0,0.0,5073.2,588.28,1.14,0.0,0.0,13.02,363.0,1.0,0.0,2.0,6.0,0.0,0.0,True,Churned
1808,6,638,22300.14,145,700,0.77,0.23,3347.0,325.0,0.0,250.0,0.0,1143.0,5057.0,1607.0,675.0,0.0,0.0,2495.0,0.0,1392.0,5048.0,25.0,936.0,0.0,0.0,16945.86,515.65,2516.86,0.0,0.0,1776.7,520.0,4.0,0.0,90.0,0.0,5.0,0.0,True,Churned
1817,5,25,2314.69,17,276,0.22,0.78,0.0,0.0,0.0,0.0,0.0,1726.0,42.0,0.0,257.0,0.0,0.0,81.0,0.0,0.0,15.0,70.0,124.0,0.0,0.0,1981.04,67.86,0.0,0.0,0.0,265.79,15.0,0.0,0.0,0.0,0.0,3.0,4.0,True,Churned
1818,18,329,27638.89,77,414,0.05,0.95,147.0,2220.0,0.0,1141.0,0.0,21.0,404.0,32.0,9.0,0.0,0.0,983.0,0.0,0.0,19068.0,0.0,3574.0,39.0,0.0,24896.05,1995.91,0.0,0.0,0.0,604.72,218.0,24.0,0.0,5.0,18.0,1.0,22.0,True,Churned
1823,15,217,20025.95,63,815,0.11,0.89,13256.0,603.0,0.0,559.0,0.0,112.0,65.0,138.0,685.0,0.0,0.0,243.0,0.0,1195.0,2513.0,0.0,658.0,0.0,0.0,16955.53,2851.92,13.6,0.0,0.0,204.9,67.0,11.0,4.0,35.0,31.0,0.0,2.0,True,Churned
1824,4,31,2509.55,25,339,0.84,0.16,868.0,0.0,0.0,0.0,0.0,0.0,170.0,18.0,1100.0,0.0,0.0,84.0,0.0,0.0,150.0,0.0,120.0,0.0,0.0,67.18,27.17,0.0,1805.33,0.0,609.87,0.0,2.0,0.0,1.0,0.0,0.0,1.0,True,Churned
1837,2,20,276.59,12,126,1.0,0.0,0.0,0.0,0.0,27.0,0.0,0.0,54.0,18.0,0.0,0.0,0.0,0.0,0.0,0.0,178.0,0.0,0.0,0.0,0.0,207.5,69.09,0.0,0.0,0.0,0.0,16.0,0.0,0.0,0.0,0.0,4.0,0.0,True,Churned
1843,2,36,1399.54,15,469,0.78,0.22,670.0,0.0,0.0,0.0,0.0,0.0,39.0,0.0,288.0,0.0,0.0,204.0,0.0,0.0,94.0,0.0,104.0,0.0,0.0,1399.54,0.0,0.0,0.0,0.0,0.0,33.0,0.0,0.0,0.0,0.0,0.0,3.0,True,Churned
1846,2,78,1296.7,43,327,0.7,0.3,0.0,237.0,0.0,145.0,0.0,2.0,659.0,0.0,0.0,0.0,0.0,47.0,0.0,0.0,146.0,0.0,61.0,0.0,0.0,1296.7,0.0,0.0,0.0,0.0,0.0,76.0,0.0,0.0,0.0,0.0,0.0,0.0,True,Churned
1848,11,224,6919.63,48,466,0.21,0.79,0.0,2350.0,0.0,236.0,0.0,58.0,1120.0,79.0,95.0,0.0,0.0,29.0,0.0,0.0,2649.0,86.0,217.0,0.0,0.0,4734.65,2164.12,0.0,0.0,0.0,20.86,88.0,15.0,8.0,38.0,3.0,0.0,59.0,True,Churned
1849,5,69,1893.87,36,917,0.8,0.2,300.0,35.0,0.0,0.0,0.0,0.0,267.0,307.0,45.0,0.0,0.0,413.0,0.0,157.0,219.0,0.0,151.0,0.0,0.0,1697.41,188.12,0.0,0.0,0.0,8.34,51.0,0.0,0.0,1.0,0.0,0.0,3.0,True,Churned
1855,2,3,61.39,3,68,0.0,1.0,0.0,33.0,0.0,0.0,0.0,29.0,0.0,0.0,0.0,0.0,0.0,0.0,0.0,0.0,0.0,0.0,0.0,0.0,0.0,61.39,0.0,0.0,0.0,0.0,0.0,0.0,0.0,0.0,0.0,2.0,0.0,0.0,True,Churned
1856,4,85,7389.87,20,30,0.46,0.54,3026.0,86.0,0.0,2876.0,0.0,0.0,19.0,338.0,0.0,0.0,0.0,47.0,0.0,0.0,999.0,0.0,0.0,0.0,0.0,5960.79,1145.94,0.0,0.0,0.0,283.14,63.0,0.0,0.0,0.0,5.0,0.0,16.0,True,Churned
1858,3,7,102.3,5,123,0.0,1.0,0.0,45.0,0.0,2.0,0.0,0.0,0.0,0.0,0.0,0.0,0.0,0.0,0.0,0.0,55.0,0.0,0.0,0.0,0.0,96.88,5.42,0.0,0.0,0.0,0.0,5.0,0.0,0.0,1.0,1.0,0.0,0.0,True,Churned
1860,1,142,1955.89,66,632,1.0,0.0,0.0,7.0,0.0,194.0,0.0,0.0,916.0,33.0,0.0,0.0,41.0,314.0,0.0,0.0,172.0,0.0,280.0,0.0,0.0,1955.89,0.0,0.0,0.0,0.0,0.0,142.0,0.0,0.0,0.0,0.0,0.0,0.0,True,Churned
1861,11,110,9969.39,61,502,0.59,0.41,54.0,21.0,0.0,4.0,0.0,0.0,1326.0,196.0,4840.0,0.0,0.0,445.0,0.0,0.0,2996.0,0.0,88.0,0.0,0.0,688.18,9281.21,0.0,0.0,0.0,0.0,10.0,35.0,2.0,2.0,0.0,11.0,0.0,True,Churned
1862,3,36,1016.65,17,54,0.81,0.19,0.0,0.0,0.0,122.0,0.0,0.0,290.0,0.0,0.0,0.0,0.0,459.0,0.0,0.0,84.0,0.0,62.0,0.0,0.0,1016.65,0.0,0.0,0.0,0.0,0.0,33.0,2.0,0.0,0.0,0.0,0.0,0.0,True,Churned
1863,2,13,888.07,7,276,0.03,0.97,0.0,611.0,0.0,0.0,0.0,0.0,24.0,0.0,0.0,0.0,0.0,0.0,0.0,248.0,0.0,0.0,5.0,0.0,0.0,888.07,0.0,0.0,0.0,0.0,0.0,8.0,0.0,0.0,0.0,0.0,0.0,5.0,True,Churned
1864,3,6,98.18,5,346,0.44,0.56,0.0,40.0,0.0,12.0,0.0,0.0,43.0,0.0,0.0,0.0,0.0,0.0,0.0,0.0,0.0,3.0,0.0,0.0,0.0,96.4,1.78,0.0,0.0,0.0,0.0,4.0,1.0,0.0,0.0,0.0,0.0,0.0,True,Churned
1866,4,61,1047.95,30,161,0.83,0.17,0.0,160.0,0.0,0.0,0.0,11.0,260.0,240.0,0.0,0.0,0.0,81.0,0.0,0.0,247.0,0.0,48.0,0.0,0.0,1036.89,11.06,0.0,0.0,0.0,0.0,58.0,0.0,0.0,0.0,1.0,0.0,1.0,True,Churned
1867,1,15,112.1,8,41,1.0,0.0,0.0,43.0,0.0,0.0,0.0,0.0,25.0,0.0,5.0,0.0,0.0,25.0,0.0,0.0,15.0,0.0,0.0,0.0,0.0,112.1,0.0,0.0,0.0,0.0,0.0,15.0,0.0,0.0,0.0,0.0,0.0,0.0,True,Churned
1868,2,12,101.88,9,32,0.63,0.37,0.0,0.0,0.0,0.0,0.0,0.0,21.0,0.0,0.0,0.0,0.0,42.0,0.0,0.0,38.0,0.0,1.0,0.0,0.0,63.85,0.0,0.0,0.0,0.0,38.03,6.0,0.0,0.0,6.0,0.0,0.0,0.0,True,Churned
1869,1,3,210.46,1,178,0.0,1.0,0.0,0.0,0.0,0.0,0.0,0.0,0.0,0.0,0.0,0.0,0.0,0.0,0.0,0.0,210.0,0.0,0.0,0.0,0.0,210.46,0.0,0.0,0.0,0.0,0.0,3.0,0.0,0.0,0.0,0.0,0.0,0.0,True,Churned
1870,2,3,499.83,2,76,0.03,0.97,0.0,0.0,0.0,0.0,0.0,0.0,0.0,0.0,0.0,0.0,0.0,17.0,0.0,483.0,0.0,0.0,0.0,0.0,0.0,401.07,98.76,0.0,0.0,0.0,0.0,1.0,0.0,0.0,0.0,0.0,0.0,0.0,True,Churned
1873,1,22,5253.35,22,72,1.0,0.0,200.0,0.0,0.0,47.0,0.0,0.0,37.0,0.0,4774.0,0.0,0.0,104.0,0.0,0.0,9.0,0.0,82.0,0.0,0.0,5253.35,0.0,0.0,0.0,0.0,0.0,22.0,0.0,0.0,0.0,0.0,0.0,0.0,True,Churned
1874,1,8,43.1,6,113,1.0,0.0,0.0,0.0,0.0,5.0,0.0,0.0,33.0,0.0,0.0,0.0,0.0,0.0,0.0,0.0,3.0,0.0,2.0,0.0,0.0,43.1,0.0,0.0,0.0,0.0,0.0,8.0,0.0,0.0,0.0,0.0,0.0,0.0,True,Churned
1876,1,6,86.2,4,450,1.0,0.0,0.0,0.0,0.0,25.0,0.0,0.0,55.0,0.0,0.0,0.0,0.0,6.0,0.0,0.0,0.0,0.0,0.0,0.0,0.0,86.2,0.0,0.0,0.0,0.0,0.0,6.0,0.0,0.0,0.0,0.0,0.0,0.0,True,Churned
1878,1,1,22.85,1,1,1.0,0.0,0.0,0.0,0.0,0.0,0.0,0.0,0.0,0.0,0.0,0.0,0.0,0.0,0.0,0.0,23.0,0.0,0.0,0.0,0.0,22.85,0.0,0.0,0.0,0.0,0.0,1.0,0.0,0.0,0.0,0.0,0.0,0.0,True,Churned
1879,4,58,2703.39,50,313,0.77,0.23,0.0,12.0,0.0,417.0,0.0,27.0,242.0,0.0,122.0,0.0,0.0,210.0,0.0,0.0,1583.0,0.0,90.0,0.0,0.0,294.35,203.28,0.0,0.0,0.0,2205.76,14.0,4.0,0.0,0.0,0.0,0.0,38.0,True,Churned
1880,3,19,640.57,8,170,0.85,0.15,494.0,3.0,0.0,90.0,0.0,0.0,18.0,0.0,0.0,0.0,0.0,0.0,0.0,0.0,0.0,0.0,36.0,0.0,0.0,640.57,0.0,0.0,0.0,0.0,0.0,13.0,0.0,0.0,0.0,0.0,0.0,2.0,True,Churned
1883,3,22,2177.88,16,739,0.33,0.67,58.0,371.0,0.0,121.0,0.0,0.0,234.0,0.0,1062.0,0.0,89.0,181.0,0.0,0.0,31.0,0.0,31.0,0.0,0.0,1003.3,1174.58,0.0,0.0,0.0,0.0,0.0,0.0,17.0,4.0,0.0,0.0,0.0,True,Churned
1887,5,23,3179.79,13,84,0.93,0.07,2490.0,20.0,0.0,0.0,0.0,0.0,0.0,0.0,35.0,0.0,0.0,163.0,0.0,0.0,168.0,0.0,304.0,0.0,0.0,3151.12,28.67,0.0,0.0,0.0,0.0,16.0,0.0,1.0,2.0,1.0,0.0,0.0,True,Churned
1888,1,2,12.5,2,2,1.0,0.0,0.0,0.0,0.0,0.0,0.0,0.0,7.0,0.0,0.0,0.0,0.0,6.0,0.0,0.0,0.0,0.0,0.0,0.0,0.0,12.5,0.0,0.0,0.0,0.0,0.0,2.0,0.0,0.0,0.0,0.0,0.0,0.0,True,Churned
1889,1,1,30.0,1,1,0.0,1.0,0.0,0.0,0.0,0.0,0.0,0.0,0.0,0.0,0.0,0.0,0.0,0.0,0.0,30.0,0.0,0.0,0.0,0.0,0.0,30.0,0.0,0.0,0.0,0.0,0.0,0.0,0.0,0.0,1.0,0.0,0.0,0.0,True,Churned
1890,1,10,173.0,8,311,1.0,0.0,0.0,0.0,0.0,0.0,0.0,0.0,142.0,0.0,0.0,0.0,0.0,22.0,0.0,0.0,0.0,0.0,9.0,0.0,0.0,173.0,0.0,0.0,0.0,0.0,0.0,10.0,0.0,0.0,0.0,0.0,0.0,0.0,True,Churned
1891,3,46,26689.35,20,721,0.04,0.96,4850.0,757.0,0.0,84.0,0.0,1009.0,358.0,0.0,55.0,0.0,2.0,573.0,0.0,18912.0,65.0,15.0,10.0,0.0,0.0,25776.57,1.64,0.0,0.0,0.0,911.14,37.0,1.0,0.0,8.0,0.0,0.0,0.0,True,Churned
1894,19,370,17923.25,188,412,0.53,0.47,2283.0,471.0,0.0,31.0,0.0,831.0,1363.0,492.0,2413.0,0.0,139.0,1520.0,0.0,4362.0,2116.0,329.0,1572.0,0.0,0.0,6341.27,7126.14,0.0,0.0,0.0,229.89,169.0,39.0,0.0,4.0,24.0,2.0,2.0,True,Churned
1917,12,599,4538.9,210,637,0.76,0.24,0.0,83.0,0.0,71.0,0.0,10.0,945.0,459.0,45.0,0.0,33.0,728.0,0.0,0.0,1754.0,0.0,412.0,0.0,374.21,3519.51,574.53,0.0,0.0,0.0,6.46,236.0,33.0,6.0,3.0,21.0,8.0,0.0,True,Churned
1927,4,73,1738.5,21,300,0.03,0.97,0.0,39.0,0.0,1629.0,0.0,0.0,46.0,0.0,0.0,0.0,0.0,0.0,0.0,0.0,14.0,0.0,11.0,0.0,0.0,1736.5,0.0,0.0,0.0,0.0,2.0,60.0,0.0,0.0,2.0,0.0,0.0,7.0,True,Churned
1933,1,1,16.82,1,1,0.0,1.0,17.0,0.0,0.0,0.0,0.0,0.0,0.0,0.0,0.0,0.0,0.0,0.0,0.0,0.0,0.0,0.0,0.0,0.0,0.0,16.82,0.0,0.0,0.0,0.0,0.0,0.0,0.0,0.0,1.0,0.0,0.0,0.0,True,Churned
1934,9,668,9677.11,304,760,0.92,0.08,0.0,211.0,0.0,313.0,0.0,203.0,1516.0,73.0,952.0,0.0,0.0,5165.0,0.0,0.0,564.0,0.0,681.0,0.0,0.0,8918.14,384.29,0.0,0.0,0.0,0.0,613.0,13.0,1.0,0.0,15.0,1.0,0.0,True,Churned
1935,6,34,1118.82,23,315,0.32,0.68,0.0,18.0,0.0,379.0,0.0,0.0,102.0,0.0,327.0,0.0,0.0,126.0,0.0,0.0,5.0,111.0,52.0,0.0,0.0,1103.38,0.0,0.0,0.0,0.0,15.44,27.0,1.0,0.0,2.0,0.0,0.0,2.0,True,Churned
1938,1,8,247.1,8,470,1.0,0.0,0.0,0.0,0.0,0.0,0.0,0.0,18.0,0.0,2.0,0.0,0.0,211.0,0.0,0.0,0.0,0.0,17.0,0.0,0.0,247.1,0.0,0.0,0.0,0.0,0.0,8.0,0.0,0.0,0.0,0.0,0.0,0.0,True,Churned
1939,4,31,2201.73,17,163,0.4,0.6,1510.0,229.0,0.0,0.0,0.0,0.0,329.0,0.0,0.0,0.0,0.0,0.0,0.0,0.0,69.0,0.0,66.0,0.0,0.0,2177.77,23.96,0.0,0.0,0.0,0.0,22.0,1.0,0.0,3.0,0.0,0.0,0.0,True,Churned
1944,1,36,499.0,29,750,1.0,0.0,0.0,0.0,0.0,0.0,0.0,0.0,272.0,6.0,0.0,0.0,0.0,137.0,0.0,0.0,75.0,0.0,9.0,0.0,0.0,499.0,0.0,0.0,0.0,0.0,0.0,36.0,0.0,0.0,0.0,0.0,0.0,0.0,True,Churned
1948,11,237,8773.08,69,929,0.01,0.99,0.0,2342.0,0.0,122.0,0.0,327.0,139.0,0.0,1482.0,0.0,0.0,431.0,0.0,0.0,3480.0,100.0,349.0,0.0,0.0,6619.92,1289.09,0.0,0.0,0.0,864.07,109.0,11.0,2.0,11.0,0.0,0.0,62.0,True,Churned
1949,2,47,288.88,14,71,0.33,0.67,0.0,192.0,0.0,0.0,0.0,0.0,50.0,0.0,0.0,0.0,0.0,0.0,0.0,0.0,0.0,0.0,47.0,0.0,0.0,288.88,0.0,0.0,0.0,0.0,0.0,6.0,0.0,0.0,0.0,0.0,0.0,41.0,True,Churned
1951,2,11,384.28,3,51,0.1,0.9,345.0,0.0,0.0,0.0,0.0,0.0,39.0,0.0,0.0,0.0,0.0,0.0,0.0,0.0,0.0,0.0,0.0,0.0,0.0,384.28,0.0,0.0,0.0,0.0,0.0,4.0,0.0,0.0,7.0,0.0,0.0,0.0,True,Churned
1952,1,21,761.0,16,122,0.86,0.14,0.0,0.0,0.0,7.0,0.0,0.0,171.0,87.0,0.0,0.0,0.0,284.0,0.0,0.0,181.0,0.0,32.0,0.0,0.0,761.0,0.0,0.0,0.0,0.0,0.0,21.0,0.0,0.0,0.0,0.0,0.0,0.0,True,Churned
1956,5,105,3684.39,66,397,0.48,0.52,209.0,389.0,0.0,152.0,0.0,5.0,249.0,7.0,250.0,0.0,0.0,562.0,0.0,0.0,974.0,35.0,852.0,0.0,0.0,1980.89,1703.5,0.0,0.0,0.0,0.0,52.0,48.0,0.0,0.0,0.0,0.0,0.0,True,Churned
1957,4,428,8275.96,138,315,0.8,0.2,0.0,339.0,0.0,244.0,0.0,0.0,1069.0,22.0,449.0,0.0,4.0,2491.0,0.0,0.0,948.0,0.0,2709.0,0.0,0.0,7291.42,984.54,0.0,0.0,0.0,0.0,389.0,4.0,0.0,0.0,14.0,21.0,0.0,True,Churned
1962,10,292,7159.38,139,356,0.59,0.41,766.0,385.0,0.0,296.0,0.0,19.0,1321.0,116.0,865.0,0.0,8.0,669.0,0.0,0.0,1700.0,17.0,996.0,0.0,0.0,5238.11,1921.27,0.0,0.0,0.0,0.0,235.0,2.0,13.0,3.0,0.0,10.0,4.0,True,Churned
1963,4,422,14764.98,17,319,0.01,0.99,2693.0,0.0,0.0,11343.0,0.0,66.0,96.0,0.0,0.0,0.0,0.0,0.0,0.0,367.0,192.0,0.0,8.0,0.0,0.0,13343.85,1421.13,0.0,0.0,0.0,0.0,382.0,0.0,0.0,27.0,0.0,0.0,0.0,True,Churned
1964,7,321,26943.77,159,376,0.58,0.42,0.0,591.0,0.0,591.0,0.0,1689.0,6369.0,418.0,22.0,0.0,2004.0,4102.0,0.0,0.0,6497.0,3147.0,1513.0,0.0,20002.91,6802.08,0.0,0.0,0.0,0.0,138.78,100.0,1.0,0.0,0.0,0.0,0.0,2.0,True,Churned
1965,3,105,1766.4,53,368,0.55,0.45,220.0,251.0,0.0,282.0,0.0,6.0,535.0,0.0,0.0,0.0,0.0,296.0,0.0,0.0,16.0,0.0,160.0,0.0,0.0,1737.65,10.7,0.0,0.0,0.0,18.05,94.0,1.0,0.0,0.0,10.0,0.0,0.0,True,Churned
1966,8,221,15062.27,81,137,0.71,0.29,5402.0,2548.0,0.0,791.0,0.0,0.0,1437.0,193.0,2270.0,0.0,0.0,1129.0,0.0,0.0,659.0,0.0,634.0,0.0,0.0,7817.46,651.93,0.0,0.0,0.0,19.77,103.0,1.0,0.0,3.0,41.0,0.0,0.0,True,Churned
1968,6,152,12939.01,120,881,0.71,0.29,0.0,135.0,0.0,160.0,0.0,55.0,694.0,62.0,3823.0,0.0,43.0,2428.0,0.0,0.0,3039.0,101.0,2400.0,0.0,0.0,3654.75,9284.26,0.0,0.0,0.0,0.0,98.0,1.0,38.0,0.0,0.0,6.0,0.0,True,Churned
1970,7,133,3604.4,46,162,0.41,0.59,0.0,327.0,0.0,88.0,0.0,264.0,1648.0,13.0,0.0,0.0,0.0,184.0,0.0,0.0,832.0,39.0,211.0,0.0,0.0,3480.95,51.46,60.21,0.0,0.0,11.78,103.0,3.0,0.0,4.0,11.0,0.0,2.0,True,Churned
1972,1,4,41.71,4,36,0.29,0.71,0.0,0.0,0.0,0.0,0.0,0.0,5.0,0.0,0.0,0.0,0.0,24.0,0.0,0.0,0.0,0.0,13.0,0.0,0.0,41.71,0.0,0.0,0.0,0.0,0.0,4.0,0.0,0.0,0.0,0.0,0.0,0.0,True,Churned
1974,1,11,198.5,4,43,1.0,0.0,0.0,0.0,0.0,1.0,0.0,0.0,81.0,0.0,0.0,0.0,0.0,78.0,0.0,0.0,0.0,0.0,40.0,0.0,0.0,198.5,0.0,0.0,0.0,0.0,0.0,11.0,0.0,0.0,0.0,0.0,0.0,0.0,True,Churned
1975,2,3,118.18,3,3,0.0,1.0,0.0,0.0,0.0,0.0,0.0,0.0,0.0,0.0,0.0,0.0,0.0,0.0,0.0,0.0,89.0,0.0,30.0,0.0,0.0,112.4,5.78,0.0,0.0,0.0,0.0,1.0,2.0,0.0,0.0,0.0,0.0,0.0,True,Churned
1980,1,3,8.95,3,119,1.0,0.0,0.0,0.0,0.0,0.0,0.0,0.0,1.0,0.0,0.0,0.0,0.0,0.0,0.0,0.0,0.0,0.0,8.0,0.0,0.0,8.95,0.0,0.0,0.0,0.0,0.0,3.0,0.0,0.0,0.0,0.0,0.0,0.0,True,Churned
1981,1,1,10.0,1,1,1.0,0.0,0.0,0.0,0.0,10.0,0.0,0.0,0.0,0.0,0.0,0.0,0.0,0.0,0.0,0.0,0.0,0.0,0.0,0.0,0.0,10.0,0.0,0.0,0.0,0.0,0.0,1.0,0.0,0.0,0.0,0.0,0.0,0.0,True,Churned
1993,2,10,301.36,6,22,1.0,0.0,0.0,0.0,0.0,61.0,0.0,0.0,228.0,0.0,0.0,0.0,0.0,12.0,0.0,0.0,0.0,0.0,0.0,0.0,0.0,113.0,188.36,0.0,0.0,0.0,0.0,5.0,0.0,0.0,0.0,0.0,0.0,0.0,True,Churned
1995,1,3,17.8,3,32,1.0,0.0,0.0,0.0,0.0,0.0,0.0,0.0,13.0,0.0,0.0,0.0,0.0,0.0,0.0,0.0,0.0,0.0,5.0,0.0,0.0,17.8,0.0,0.0,0.0,0.0,0.0,3.0,0.0,0.0,0.0,0.0,0.0,0.0,True,Churned
1996,4,22,266.64,14,221,0.43,0.57,0.0,20.0,0.0,76.0,0.0,0.0,79.0,0.0,0.0,0.0,0.0,0.0,0.0,0.0,57.0,0.0,34.0,0.0,0.0,237.37,0.0,0.0,0.0,0.0,29.27,18.0,0.0,0.0,2.0,1.0,0.0,0.0,True,Churned
2012,14,481,28599.37,221,599,0.63,0.37,380.0,340.0,0.0,1591.0,0.0,460.0,3774.0,221.0,1908.0,0.0,0.0,9571.0,0.0,2717.0,5189.0,176.0,2273.0,0.0,0.0,21006.87,5521.19,13.9,0.0,0.0,2018.14,368.0,11.0,16.0,25.0,1.0,19.0,7.0,True,Churned
2013,2,154,3524.63,78,526,0.66,0.34,1255.0,86.0,0.0,360.0,0.0,0.0,188.0,168.0,55.0,0.0,0.0,602.0,0.0,0.0,367.0,0.0,444.0,0.0,0.0,1734.94,0.0,1789.69,0.0,0.0,0.0,14.0,0.0,0.0,140.0,0.0,0.0,0.0,True,Churned
2017,1,7,141.85,5,743,0.16,0.84,0.0,0.0,0.0,0.0,0.0,0.0,22.0,0.0,0.0,0.0,0.0,0.0,0.0,0.0,120.0,0.0,0.0,0.0,0.0,141.85,0.0,0.0,0.0,0.0,0.0,7.0,0.0,0.0,0.0,0.0,0.0,0.0,True,Churned
2019,1,6,23.9,5,28,1.0,0.0,0.0,0.0,0.0,0.0,0.0,0.0,10.0,0.0,0.0,0.0,0.0,0.0,0.0,0.0,11.0,0.0,3.0,0.0,0.0,23.9,0.0,0.0,0.0,0.0,0.0,6.0,0.0,0.0,0.0,0.0,0.0,0.0,True,Churned
2020,3,7,79.49,4,228,0.43,0.57,0.0,45.0,0.0,0.0,0.0,0.0,34.0,0.0,0.0,0.0,0.0,0.0,0.0,0.0,0.0,0.0,0.0,0.0,0.0,79.49,0.0,0.0,0.0,0.0,0.0,1.0,0.0,0.0,5.0,0.0,0.0,1.0,True,Churned
2028,1,4,185.0,4,151,1.0,0.0,0.0,0.0,0.0,3.0,0.0,0.0,0.0,0.0,0.0,0.0,0.0,0.0,0.0,0.0,44.0,0.0,139.0,0.0,0.0,185.0,0.0,0.0,0.0,0.0,0.0,4.0,0.0,0.0,0.0,0.0,0.0,0.0,True,Churned
2029,2,4,738.6,3,287,0.11,0.89,0.0,188.0,0.0,0.0,0.0,0.0,79.0,0.0,472.0,0.0,0.0,0.0,0.0,0.0,0.0,0.0,0.0,0.0,0.0,738.6,0.0,0.0,0.0,0.0,0.0,2.0,0.0,0.0,0.0,2.0,0.0,0.0,True,Churned
2032,2,35,8741.16,23,214,0.94,0.06,3525.0,0.0,0.0,0.0,0.0,0.0,151.0,31.0,101.0,0.0,0.0,140.0,0.0,0.0,1609.0,0.0,3184.0,0.0,0.0,342.45,8398.71,0.0,0.0,0.0,0.0,8.0,27.0,0.0,0.0,0.0,0.0,0.0,True,Churned
2033,1,3,18.8,2,8,1.0,0.0,0.0,0.0,0.0,0.0,0.0,0.0,0.0,0.0,0.0,0.0,0.0,19.0,0.0,0.0,0.0,0.0,0.0,0.0,0.0,18.8,0.0,0.0,0.0,0.0,0.0,3.0,0.0,0.0,0.0,0.0,0.0,0.0,True,Churned
2034,1,1,13.0,1,1,0.0,1.0,0.0,0.0,0.0,13.0,0.0,0.0,0.0,0.0,0.0,0.0,0.0,0.0,0.0,0.0,0.0,0.0,0.0,0.0,0.0,13.0,0.0,0.0,0.0,0.0,0.0,1.0,0.0,0.0,0.0,0.0,0.0,0.0,True,Churned
2035,3,8,171.1,4,228,0.08,0.92,0.0,0.0,0.0,0.0,0.0,0.0,0.0,0.0,0.0,0.0,0.0,18.0,0.0,153.0,0.0,0.0,0.0,0.0,0.0,168.88,2.22,0.0,0.0,0.0,0.0,2.0,0.0,0.0,5.0,0.0,0.0,0.0,True,Churned
2037,2,6,1174.03,4,73,0.0,1.0,0.0,1016.0,0.0,0.0,0.0,0.0,0.0,0.0,0.0,0.0,0.0,0.0,0.0,0.0,158.0,0.0,0.0,0.0,0.0,0.0,463.81,0.0,0.0,0.0,552.26,0.0,0.0,0.0,0.0,5.0,0.0,1.0,True,Churned
2039,7,166,37566.23,104,484,0.9,0.1,23360.0,2.0,0.0,3.0,0.0,228.0,2697.0,80.0,44.0,0.0,0.0,1785.0,0.0,2615.0,4384.0,0.0,2369.0,0.0,0.0,28432.71,9133.52,0.0,0.0,0.0,0.0,90.0,17.0,0.0,0.0,4.0,50.0,0.0,True,Churned
2042,8,481,9127.08,137,906,0.55,0.45,360.0,1068.0,0.0,110.0,0.0,250.0,3400.0,105.0,39.0,0.0,56.0,816.0,0.0,0.0,2897.0,0.0,27.0,0.0,0.0,8309.75,594.78,0.0,0.0,0.0,222.55,344.0,20.0,4.0,56.0,2.0,0.0,17.0,True,Churned
2044,7,30,561.08,15,26,0.04,0.96,290.0,0.0,0.0,124.0,0.0,0.0,3.0,0.0,0.0,0.0,96.0,0.0,0.0,21.0,0.0,0.0,27.0,0.0,0.0,54.84,380.14,0.0,0.0,0.0,126.1,6.0,0.0,0.0,3.0,0.0,0.0,0.0,True,Churned
2052,5,17,172.04,13,128,0.58,0.42,0.0,31.0,0.0,25.0,0.0,0.0,71.0,0.0,0.0,0.0,0.0,24.0,0.0,0.0,13.0,0.0,9.0,0.0,0.0,151.31,0.0,0.0,0.0,0.0,0.0,10.0,0.0,0.0,1.0,3.0,0.0,0.0,True,Churned
2053,6,11,574.94,8,380,0.52,0.48,0.0,0.0,0.0,53.0,0.0,0.0,32.0,0.0,217.0,0.0,0.0,0.0,0.0,0.0,219.0,0.0,54.0,0.0,0.0,304.09,270.85,0.0,0.0,0.0,0.0,6.0,0.0,0.0,1.0,0.0,1.0,0.0,True,Churned
2056,3,676,6895.43,112,363,0.73,0.27,492.0,79.0,0.0,265.0,0.0,153.0,968.0,727.0,0.0,0.0,0.0,1926.0,0.0,0.0,1084.0,0.0,1200.0,0.0,0.0,758.92,14.31,0.0,0.0,0.0,6122.2,72.0,0.0,0.0,0.0,1.0,0.0,603.0,True,Churned
2058,2,6,579.0,3,125,0.97,0.03,560.0,1.0,0.0,0.0,0.0,17.0,0.0,0.0,0.0,0.0,0.0,0.0,0.0,0.0,1.0,0.0,0.0,0.0,0.0,579.0,0.0,0.0,0.0,0.0,0.0,4.0,0.0,0.0,0.0,2.0,0.0,0.0,True,Churned
2061,4,159,49469.13,21,434,0.02,0.98,843.0,0.0,0.0,38922.0,0.0,0.0,186.0,0.0,0.0,0.0,0.0,41.0,0.0,6598.0,2342.0,0.0,538.0,0.0,0.0,37658.84,11810.29,0.0,0.0,0.0,0.0,110.0,0.0,0.0,0.0,0.0,0.0,0.0,True,Churned
2062,1,14,111.9,12,361,1.0,0.0,0.0,0.0,0.0,31.0,0.0,0.0,26.0,0.0,15.0,0.0,0.0,0.0,0.0,0.0,0.0,0.0,40.0,0.0,0.0,111.9,0.0,0.0,0.0,0.0,0.0,14.0,0.0,0.0,0.0,0.0,0.0,0.0,True,Churned
2066,2,6,186.15,2,20,0.0,1.0,0.0,0.0,0.0,30.0,0.0,0.0,0.0,0.0,0.0,0.0,0.0,0.0,0.0,156.0,0.0,0.0,0.0,0.0,0.0,186.15,0.0,0.0,0.0,0.0,0.0,1.0,0.0,0.0,5.0,0.0,0.0,0.0,True,Churned
2069,1,6,30.9,6,168,1.0,0.0,0.0,0.0,0.0,0.0,0.0,0.0,16.0,0.0,0.0,0.0,0.0,6.0,0.0,0.0,0.0,0.0,9.0,0.0,0.0,30.9,0.0,0.0,0.0,0.0,0.0,6.0,0.0,0.0,0.0,0.0,0.0,0.0,True,Churned
2070,1,7,343.92,5,4,0.93,0.07,0.0,17.0,0.0,0.0,0.0,0.0,263.0,0.0,0.0,0.0,0.0,0.0,0.0,0.0,24.0,0.0,40.0,0.0,0.0,343.92,0.0,0.0,0.0,0.0,0.0,7.0,0.0,0.0,0.0,0.0,0.0,0.0,True,Churned
2071,1,2,26.9,2,30,1.0,0.0,0.0,0.0,0.0,0.0,0.0,0.0,12.0,0.0,0.0,0.0,0.0,15.0,0.0,0.0,0.0,0.0,0.0,0.0,0.0,26.9,0.0,0.0,0.0,0.0,0.0,2.0,0.0,0.0,0.0,0.0,0.0,0.0,True,Churned
2072,1,51,735.0,3,42,0.0,1.0,0.0,0.0,0.0,735.0,0.0,0.0,0.0,0.0,0.0,0.0,0.0,0.0,0.0,0.0,0.0,0.0,0.0,0.0,0.0,735.0,0.0,0.0,0.0,0.0,0.0,51.0,0.0,0.0,0.0,0.0,0.0,0.0,True,Churned
2073,1,1,15.0,1,1,0.0,1.0,15.0,0.0,0.0,0.0,0.0,0.0,0.0,0.0,0.0,0.0,0.0,0.0,0.0,0.0,0.0,0.0,0.0,0.0,0.0,15.0,0.0,0.0,0.0,0.0,0.0,0.0,0.0,0.0,1.0,0.0,0.0,0.0,True,Churned
2080,1,2,173.0,2,331,0.0,1.0,34.0,139.0,0.0,0.0,0.0,0.0,0.0,0.0,0.0,0.0,0.0,0.0,0.0,0.0,0.0,0.0,0.0,0.0,0.0,173.0,0.0,0.0,0.0,0.0,0.0,2.0,0.0,0.0,0.0,0.0,0.0,0.0,True,Churned
2081,1,2,1.05,1,1,1.0,0.0,0.0,0.0,0.0,1.0,0.0,0.0,0.0,0.0,0.0,0.0,0.0,0.0,0.0,0.0,0.0,0.0,0.0,0.0,0.0,1.05,0.0,0.0,0.0,0.0,0.0,2.0,0.0,0.0,0.0,0.0,0.0,0.0,True,Churned
2082,1,9,30.85,6,7,1.0,0.0,0.0,0.0,0.0,0.0,0.0,0.0,12.0,4.0,0.0,0.0,0.0,7.0,0.0,0.0,0.0,0.0,8.0,0.0,0.0,30.85,0.0,0.0,0.0,0.0,0.0,9.0,0.0,0.0,0.0,0.0,0.0,0.0,True,Churned
2085,10,226,4220.12,18,681,0.0,1.0,0.0,2540.0,0.0,244.0,0.0,55.0,0.0,0.0,0.0,0.0,0.0,0.0,0.0,0.0,1021.0,105.0,255.0,0.0,0.0,4093.06,0.0,0.0,0.0,0.0,127.06,21.0,3.0,0.0,3.0,167.0,0.0,5.0,True,Churned
2086,1,11,34.9,6,41,1.0,0.0,0.0,0.0,0.0,0.0,0.0,0.0,34.0,0.0,0.0,0.0,0.0,0.0,0.0,0.0,0.0,0.0,1.0,0.0,0.0,34.9,0.0,0.0,0.0,0.0,0.0,11.0,0.0,0.0,0.0,0.0,0.0,0.0,True,Churned
2087,3,7,1279.44,4,7,0.0,1.0,639.0,0.0,0.0,640.0,0.0,0.0,0.0,0.0,0.0,0.0,0.0,0.0,0.0,0.0,0.0,0.0,0.0,0.0,0.0,1240.99,38.45,0.0,0.0,0.0,0.0,5.0,0.0,0.0,1.0,0.0,0.0,0.0,True,Churned
2089,2,17,1390.0,2,210,0.0,1.0,0.0,0.0,0.0,1390.0,0.0,0.0,0.0,0.0,0.0,0.0,0.0,0.0,0.0,0.0,0.0,0.0,0.0,0.0,0.0,1390.0,0.0,0.0,0.0,0.0,0.0,13.0,0.0,0.0,0.0,0.0,0.0,0.0,True,Churned
2092,2,45,580.93,4,523,0.0,1.0,0.0,13.0,0.0,0.0,0.0,0.0,0.0,0.0,0.0,0.0,0.0,504.0,0.0,0.0,64.0,0.0,0.0,0.0,0.0,580.93,0.0,0.0,0.0,0.0,0.0,44.0,0.0,0.0,0.0,0.0,0.0,1.0,True,Churned
2094,1,2,93.0,2,10,0.03,0.97,0.0,0.0,0.0,90.0,0.0,0.0,3.0,0.0,0.0,0.0,0.0,0.0,0.0,0.0,0.0,0.0,0.0,0.0,0.0,93.0,0.0,0.0,0.0,0.0,0.0,2.0,0.0,0.0,0.0,0.0,0.0,0.0,True,Churned
2095,1,1,90.0,1,1,0.0,1.0,0.0,0.0,0.0,90.0,0.0,0.0,0.0,0.0,0.0,0.0,0.0,0.0,0.0,0.0,0.0,0.0,0.0,0.0,0.0,90.0,0.0,0.0,0.0,0.0,0.0,1.0,0.0,0.0,0.0,0.0,0.0,0.0,True,Churned
2096,5,6,53.33,6,70,0.47,0.53,0.0,25.0,0.0,0.0,0.0,0.0,0.0,0.0,0.0,0.0,0.0,0.0,0.0,0.0,0.0,0.0,4.0,25.0,0.0,45.39,0.0,0.0,0.0,0.0,4.41,1.0,1.0,0.0,0.0,1.0,0.0,2.0,True,Churned
2097,1,2,17.0,1,1,1.0,0.0,0.0,0.0,0.0,17.0,0.0,0.0,0.0,0.0,0.0,0.0,0.0,0.0,0.0,0.0,0.0,0.0,0.0,0.0,0.0,17.0,0.0,0.0,0.0,0.0,0.0,2.0,0.0,0.0,0.0,0.0,0.0,0.0,True,Churned
2099,1,114,2121.5,59,247,1.0,0.0,0.0,0.0,0.0,0.0,0.0,46.0,76.0,0.0,502.0,0.0,0.0,1150.0,0.0,0.0,90.0,0.0,258.0,0.0,0.0,2121.5,0.0,0.0,0.0,0.0,0.0,114.0,0.0,0.0,0.0,0.0,0.0,0.0,True,Churned
2102,2,2,103.0,2,1,0.02,0.98,0.0,0.0,0.0,0.0,0.0,0.0,0.0,0.0,0.0,0.0,0.0,0.0,0.0,101.0,2.0,0.0,0.0,0.0,0.0,103.0,0.0,0.0,0.0,0.0,0.0,1.0,0.0,0.0,1.0,0.0,0.0,0.0,True,Churned
2103,2,9,111.6,6,25,0.64,0.36,0.0,0.0,0.0,0.0,0.0,0.0,11.0,0.0,0.0,0.0,5.0,47.0,0.0,0.0,49.0,0.0,0.0,0.0,0.0,111.6,0.0,0.0,0.0,0.0,0.0,8.0,1.0,0.0,0.0,0.0,0.0,0.0,True,Churned
2106,1,77,5456.53,37,702,1.0,0.0,0.0,0.0,0.0,0.0,0.0,0.0,262.0,3.0,93.0,0.0,0.0,2666.0,0.0,0.0,1748.0,0.0,685.0,0.0,0.0,5456.53,0.0,0.0,0.0,0.0,0.0,77.0,0.0,0.0,0.0,0.0,0.0,0.0,True,Churned
2108,1,44,331.7,5,818,0.78,0.22,0.0,0.0,0.0,0.0,0.0,72.0,178.0,0.0,0.0,0.0,0.0,80.0,0.0,0.0,0.0,0.0,2.0,0.0,0.0,331.7,0.0,0.0,0.0,0.0,0.0,44.0,0.0,0.0,0.0,0.0,0.0,0.0,True,Churned
2109,2,4,74.98,2,172,0.0,1.0,0.0,0.0,0.0,55.0,0.0,20.0,0.0,0.0,0.0,0.0,0.0,0.0,0.0,0.0,0.0,0.0,0.0,0.0,0.0,55.0,0.0,0.0,0.0,0.0,19.98,3.0,0.0,0.0,0.0,0.0,0.0,0.0,True,Churned
2110,1,2,43.7,2,179,1.0,0.0,0.0,0.0,0.0,0.0,0.0,0.0,0.0,0.0,27.0,0.0,0.0,0.0,0.0,0.0,0.0,0.0,17.0,0.0,0.0,43.7,0.0,0.0,0.0,0.0,0.0,2.0,0.0,0.0,0.0,0.0,0.0,0.0,True,Churned
2111,1,3,107.0,3,12,0.11,0.89,0.0,0.0,0.0,0.0,0.0,0.0,6.0,0.0,0.0,0.0,0.0,0.0,0.0,96.0,0.0,0.0,5.0,0.0,0.0,107.0,0.0,0.0,0.0,0.0,0.0,3.0,0.0,0.0,0.0,0.0,0.0,0.0,True,Churned
2113,1,4,112.0,1,14,0.0,1.0,0.0,0.0,0.0,112.0,0.0,0.0,0.0,0.0,0.0,0.0,0.0,0.0,0.0,0.0,0.0,0.0,0.0,0.0,0.0,112.0,0.0,0.0,0.0,0.0,0.0,4.0,0.0,0.0,0.0,0.0,0.0,0.0,True,Churned
2114,1,2,70.0,1,1,0.0,1.0,0.0,0.0,0.0,70.0,0.0,0.0,0.0,0.0,0.0,0.0,0.0,0.0,0.0,0.0,0.0,0.0,0.0,0.0,0.0,70.0,0.0,0.0,0.0,0.0,0.0,2.0,0.0,0.0,0.0,0.0,0.0,0.0,True,Churned
2115,1,3,63.35,3,321,0.86,0.14,0.0,30.0,0.0,0.0,0.0,0.0,24.0,0.0,0.0,0.0,0.0,0.0,0.0,0.0,0.0,0.0,9.0,0.0,0.0,63.35,0.0,0.0,0.0,0.0,0.0,3.0,0.0,0.0,0.0,0.0,0.0,0.0,True,Churned
2118,1,12,101.6,7,196,1.0,0.0,0.0,0.0,0.0,0.0,0.0,0.0,84.0,0.0,2.0,0.0,0.0,16.0,0.0,0.0,0.0,0.0,0.0,0.0,0.0,101.6,0.0,0.0,0.0,0.0,0.0,12.0,0.0,0.0,0.0,0.0,0.0,0.0,True,Churned
2119,2,9,227.45,3,175,0.09,0.91,20.0,147.0,0.0,60.0,0.0,0.0,0.0,0.0,0.0,0.0,0.0,0.0,0.0,0.0,0.0,0.0,0.0,0.0,0.0,227.45,0.0,0.0,0.0,0.0,0.0,3.0,0.0,0.0,0.0,0.0,0.0,6.0,True,Churned
2120,1,1,15.0,1,1,0.0,1.0,0.0,0.0,0.0,0.0,0.0,0.0,0.0,0.0,0.0,0.0,0.0,0.0,0.0,15.0,0.0,0.0,0.0,0.0,0.0,15.0,0.0,0.0,0.0,0.0,0.0,1.0,0.0,0.0,0.0,0.0,0.0,0.0,True,Churned
2121,2,3,100.65,3,689,0.99,0.01,0.0,1.0,0.0,0.0,0.0,0.0,1.0,0.0,0.0,0.0,0.0,0.0,0.0,0.0,99.0,0.0,0.0,0.0,0.0,100.65,0.0,0.0,0.0,0.0,0.0,2.0,0.0,0.0,0.0,1.0,0.0,0.0,True,Churned
2122,3,15,1192.23,13,171,0.44,0.56,0.0,0.0,0.0,0.0,0.0,0.0,226.0,64.0,0.0,0.0,0.0,161.0,0.0,0.0,729.0,0.0,12.0,0.0,0.0,890.19,302.04,0.0,0.0,0.0,0.0,9.0,1.0,0.0,0.0,0.0,5.0,0.0,True,Churned
2123,1,293,4399.4,27,913,1.0,0.0,0.0,0.0,0.0,0.0,0.0,0.0,3942.0,41.0,0.0,0.0,0.0,117.0,0.0,0.0,292.0,0.0,7.0,0.0,0.0,4399.4,0.0,0.0,0.0,0.0,0.0,293.0,0.0,0.0,0.0,0.0,0.0,0.0,True,Churned
2124,1,222,12577.85,133,265,0.93,0.07,0.0,0.0,0.0,0.0,0.0,0.0,820.0,1047.0,0.0,0.0,0.0,7595.0,0.0,0.0,1913.0,50.0,1152.0,0.0,0.0,12577.85,0.0,0.0,0.0,0.0,0.0,222.0,0.0,0.0,0.0,0.0,0.0,0.0,True,Churned
2125,9,63,1534.63,42,306,0.23,0.77,0.0,192.0,0.0,0.0,0.0,307.0,42.0,68.0,40.0,0.0,0.0,77.0,0.0,0.0,792.0,10.0,7.0,0.0,0.0,736.49,178.97,0.0,0.0,0.0,464.83,14.0,6.0,2.0,5.0,0.0,0.0,3.0,True,Churned
2126,1,2,9.6,2,1,1.0,0.0,0.0,0.0,0.0,0.0,0.0,0.0,10.0,0.0,0.0,0.0,0.0,0.0,0.0,0.0,0.0,0.0,0.0,0.0,0.0,9.6,0.0,0.0,0.0,0.0,0.0,2.0,0.0,0.0,0.0,0.0,0.0,0.0,True,Churned
2127,2,5,440.0,2,10,0.0,1.0,420.0,0.0,0.0,20.0,0.0,0.0,0.0,0.0,0.0,0.0,0.0,0.0,0.0,0.0,0.0,0.0,0.0,0.0,0.0,440.0,0.0,0.0,0.0,0.0,0.0,1.0,0.0,0.0,0.0,0.0,0.0,0.0,True,Churned
2129,1,9,104.65,3,14,1.0,0.0,0.0,0.0,0.0,0.0,0.0,0.0,67.0,0.0,0.0,0.0,0.0,38.0,0.0,0.0,0.0,0.0,0.0,0.0,0.0,104.65,0.0,0.0,0.0,0.0,0.0,9.0,0.0,0.0,0.0,0.0,0.0,0.0,True,Churned
2130,1,8,168.25,7,34,1.0,0.0,0.0,0.0,0.0,0.0,0.0,0.0,43.0,0.0,0.0,0.0,0.0,46.0,0.0,0.0,67.0,0.0,13.0,0.0,0.0,168.25,0.0,0.0,0.0,0.0,0.0,8.0,0.0,0.0,0.0,0.0,0.0,0.0,True,Churned
2131,1,1,6.5,1,1,0.0,1.0,0.0,0.0,0.0,0.0,0.0,0.0,0.0,0.0,0.0,0.0,0.0,0.0,0.0,0.0,0.0,0.0,7.0,0.0,0.0,6.5,0.0,0.0,0.0,0.0,0.0,1.0,0.0,0.0,0.0,0.0,0.0,0.0,True,Churned
2134,1,1,83.67,1,1,0.0,1.0,0.0,84.0,0.0,0.0,0.0,0.0,0.0,0.0,0.0,0.0,0.0,0.0,0.0,0.0,0.0,0.0,0.0,0.0,0.0,0.0,83.67,0.0,0.0,0.0,0.0,0.0,0.0,0.0,1.0,0.0,0.0,0.0,True,Churned
2135,3,10,32.96,5,61,0.0,1.0,0.0,33.0,0.0,0.0,0.0,0.0,0.0,0.0,0.0,0.0,0.0,0.0,0.0,0.0,0.0,0.0,0.0,0.0,0.0,30.89,2.07,0.0,0.0,0.0,0.0,0.0,0.0,0.0,3.0,6.0,0.0,1.0,True,Churned
2137,1,3,37.35,2,5,1.0,0.0,0.0,0.0,0.0,0.0,0.0,0.0,0.0,0.0,0.0,0.0,0.0,0.0,0.0,0.0,32.0,0.0,5.0,0.0,0.0,37.35,0.0,0.0,0.0,0.0,0.0,3.0,0.0,0.0,0.0,0.0,0.0,0.0,True,Churned
2138,2,8,2516.67,3,407,0.02,0.98,382.0,0.0,0.0,0.0,0.0,0.0,0.0,0.0,0.0,0.0,0.0,0.0,0.0,2135.0,0.0,0.0,0.0,0.0,0.0,50.0,2047.78,0.0,0.0,0.0,418.89,1.0,0.0,0.0,0.0,0.0,0.0,0.0,True,Churned
2141,1,1,50.0,1,1,0.0,1.0,0.0,0.0,0.0,0.0,0.0,0.0,0.0,0.0,0.0,0.0,0.0,0.0,0.0,50.0,0.0,0.0,0.0,0.0,0.0,50.0,0.0,0.0,0.0,0.0,0.0,0.0,0.0,0.0,1.0,0.0,0.0,0.0,True,Churned
2143,1,2,125.0,1,2,0.0,1.0,0.0,0.0,0.0,0.0,0.0,0.0,0.0,0.0,0.0,0.0,0.0,0.0,0.0,125.0,0.0,0.0,0.0,0.0,0.0,125.0,0.0,0.0,0.0,0.0,0.0,0.0,0.0,0.0,2.0,0.0,0.0,0.0,True,Churned
2144,2,6,26.22,4,317,1.0,0.0,0.0,0.0,0.0,0.0,0.0,0.0,0.0,0.0,0.0,0.0,0.0,16.0,0.0,0.0,0.0,0.0,10.0,0.0,0.0,21.0,0.0,0.0,0.0,0.0,5.22,4.0,0.0,0.0,0.0,0.0,0.0,2.0,True,Churned
2145,1,4,200.0,1,1,0.0,1.0,0.0,0.0,0.0,200.0,0.0,0.0,0.0,0.0,0.0,0.0,0.0,0.0,0.0,0.0,0.0,0.0,0.0,0.0,0.0,200.0,0.0,0.0,0.0,0.0,0.0,4.0,0.0,0.0,0.0,0.0,0.0,0.0,True,Churned
2148,1,1,22.98,1,1,0.0,1.0,23.0,0.0,0.0,0.0,0.0,0.0,0.0,0.0,0.0,0.0,0.0,0.0,0.0,0.0,0.0,0.0,0.0,0.0,0.0,22.98,0.0,0.0,0.0,0.0,0.0,0.0,0.0,0.0,0.0,1.0,0.0,0.0,True,Churned
2149,1,1,5.2,1,1,1.0,0.0,0.0,0.0,0.0,0.0,0.0,0.0,5.0,0.0,0.0,0.0,0.0,0.0,0.0,0.0,0.0,0.0,0.0,0.0,0.0,5.2,0.0,0.0,0.0,0.0,0.0,1.0,0.0,0.0,0.0,0.0,0.0,0.0,True,Churned
2151,2,3,104.33,2,662,0.88,0.12,0.0,12.0,0.0,0.0,0.0,0.0,0.0,92.0,0.0,0.0,0.0,0.0,0.0,0.0,0.0,0.0,0.0,0.0,0.0,12.0,92.33,0.0,0.0,0.0,0.0,0.0,0.0,0.0,0.0,2.0,0.0,0.0,True,Churned
2152,1,5,92.45,2,48,1.0,0.0,0.0,0.0,0.0,0.0,0.0,0.0,51.0,0.0,42.0,0.0,0.0,0.0,0.0,0.0,0.0,0.0,0.0,0.0,0.0,92.45,0.0,0.0,0.0,0.0,0.0,5.0,0.0,0.0,0.0,0.0,0.0,0.0,True,Churned
2153,1,2,20.0,2,2,0.0,1.0,0.0,0.0,0.0,20.0,0.0,0.0,0.0,0.0,0.0,0.0,0.0,0.0,0.0,0.0,0.0,0.0,0.0,0.0,0.0,20.0,0.0,0.0,0.0,0.0,0.0,2.0,0.0,0.0,0.0,0.0,0.0,0.0,True,Churned
2154,1,1,117.0,1,1,0.0,1.0,0.0,0.0,0.0,0.0,0.0,117.0,0.0,0.0,0.0,0.0,0.0,0.0,0.0,0.0,0.0,0.0,0.0,0.0,0.0,117.0,0.0,0.0,0.0,0.0,0.0,0.0,0.0,0.0,1.0,0.0,0.0,0.0,True,Churned
2157,1,1,7.5,1,1,0.0,1.0,0.0,0.0,0.0,0.0,0.0,0.0,0.0,0.0,0.0,0.0,0.0,0.0,0.0,0.0,8.0,0.0,0.0,0.0,0.0,7.5,0.0,0.0,0.0,0.0,0.0,1.0,0.0,0.0,0.0,0.0,0.0,0.0,True,Churned
2174,8,52,3017.02,24,949,0.09,0.91,0.0,360.0,0.0,0.0,0.0,95.0,7.0,0.0,0.0,0.0,17.0,130.0,0.0,0.0,2337.0,0.0,70.0,0.0,0.0,1424.44,1592.58,0.0,0.0,0.0,0.0,31.0,2.0,0.0,0.0,3.0,0.0,0.0,True,Churned
2182,2,273,5808.07,187,496,0.99,0.01,0.0,0.0,0.0,0.0,0.0,15.0,172.0,0.0,233.0,0.0,0.0,5150.0,0.0,0.0,87.0,0.0,151.0,0.0,0.0,5808.07,0.0,0.0,0.0,0.0,0.0,271.0,0.0,0.0,0.0,0.0,0.0,0.0,True,Churned
2183,3,141,2254.65,46,351,0.83,0.17,0.0,105.0,0.0,0.0,0.0,0.0,349.0,0.0,4.0,0.0,0.0,1498.0,0.0,0.0,238.0,0.0,61.0,0.0,0.0,2254.65,0.0,0.0,0.0,0.0,0.0,128.0,12.0,0.0,0.0,1.0,0.0,0.0,True,Churned
2189,5,81,4677.34,52,280,0.91,0.09,0.0,0.0,0.0,53.0,0.0,0.0,762.0,844.0,366.0,0.0,0.0,1200.0,0.0,0.0,909.0,0.0,544.0,0.0,0.0,1687.65,2989.69,0.0,0.0,0.0,0.0,47.0,31.0,1.0,0.0,0.0,1.0,0.0,True,Churned
2194,2,222,2591.04,108,688,1.0,0.0,0.0,0.0,0.0,47.0,0.0,0.0,995.0,193.0,9.0,0.0,29.0,1092.0,0.0,0.0,133.0,6.0,88.0,0.0,0.0,2583.55,7.49,0.0,0.0,0.0,0.0,220.0,0.0,2.0,0.0,0.0,0.0,0.0,True,Churned
2195,1,1,10.0,1,1,0.0,1.0,10.0,0.0,0.0,0.0,0.0,0.0,0.0,0.0,0.0,0.0,0.0,0.0,0.0,0.0,0.0,0.0,0.0,0.0,0.0,10.0,0.0,0.0,0.0,0.0,0.0,0.0,0.0,0.0,1.0,0.0,0.0,0.0,True,Churned
2208,1,99,2211.14,37,256,1.0,0.0,0.0,0.0,0.0,106.0,0.0,0.0,232.0,45.0,0.0,0.0,39.0,170.0,0.0,0.0,917.0,0.0,701.0,0.0,0.0,2211.14,0.0,0.0,0.0,0.0,0.0,99.0,0.0,0.0,0.0,0.0,0.0,0.0,True,Churned
2210,1,4,31.8,3,6,1.0,0.0,0.0,0.0,0.0,0.0,0.0,0.0,20.0,0.0,0.0,0.0,0.0,12.0,0.0,0.0,0.0,0.0,0.0,0.0,0.0,31.8,0.0,0.0,0.0,0.0,0.0,4.0,0.0,0.0,0.0,0.0,0.0,0.0,True,Churned
2211,6,158,36219.08,38,167,0.93,0.07,33110.0,476.0,0.0,1525.0,0.0,0.0,263.0,126.0,0.0,0.0,0.0,44.0,0.0,0.0,405.0,18.0,252.0,0.0,0.0,36068.7,150.38,0.0,0.0,0.0,0.0,117.0,2.0,0.0,0.0,5.0,0.0,0.0,True,Churned
2219,4,23,880.7,16,545,0.11,0.89,0.0,76.0,0.0,285.0,0.0,0.0,31.0,0.0,0.0,0.0,4.0,13.0,0.0,0.0,427.0,0.0,46.0,0.0,0.0,568.7,265.84,0.0,0.0,0.0,46.16,16.0,0.0,0.0,0.0,0.0,0.0,1.0,True,Churned
2222,2,115,8372.49,63,635,0.82,0.18,0.0,0.0,0.0,513.0,0.0,0.0,554.0,0.0,329.0,0.0,0.0,6339.0,0.0,0.0,324.0,0.0,313.0,0.0,0.0,8341.0,31.49,0.0,0.0,0.0,0.0,114.0,1.0,0.0,0.0,0.0,0.0,0.0,True,Churned
2224,4,194,1712.88,15,675,0.06,0.94,0.0,40.0,0.0,12.0,0.0,0.0,64.0,0.0,0.0,0.0,0.0,22.0,0.0,0.0,1564.0,0.0,11.0,0.0,0.0,136.55,0.0,0.0,0.0,0.0,1576.33,9.0,0.0,0.0,174.0,4.0,0.0,7.0,True,Churned
2225,4,388,9454.57,89,802,0.6,0.4,775.0,228.0,0.0,263.0,0.0,2687.0,2286.0,110.0,106.0,0.0,0.0,1878.0,0.0,0.0,709.0,0.0,412.0,0.0,0.0,7867.25,0.0,1058.03,0.0,0.0,9.37,351.0,0.0,0.0,20.0,8.0,0.0,0.0,True,Churned
2227,1,13,251.91,8,659,0.75,0.25,0.0,0.0,0.0,0.0,0.0,0.0,52.0,106.0,0.0,0.0,0.0,94.0,0.0,0.0,0.0,0.0,1.0,0.0,0.0,251.91,0.0,0.0,0.0,0.0,0.0,13.0,0.0,0.0,0.0,0.0,0.0,0.0,True,Churned
2228,2,4,56.39,3,145,0.0,1.0,0.0,25.0,0.0,0.0,0.0,32.0,0.0,0.0,0.0,0.0,0.0,0.0,0.0,0.0,0.0,0.0,0.0,0.0,0.0,24.55,0.0,0.0,0.0,0.0,31.84,0.0,0.0,0.0,1.0,3.0,0.0,0.0,True,Churned
2230,6,351,8104.14,112,219,0.66,0.34,339.0,303.0,0.0,93.0,0.0,159.0,2333.0,148.0,276.0,0.0,650.0,2057.0,0.0,0.0,815.0,39.0,893.0,0.0,0.0,8076.96,0.0,0.0,0.0,0.0,27.18,340.0,1.0,0.0,1.0,3.0,0.0,0.0,True,Churned
2231,1,31,1282.05,16,307,1.0,0.0,1020.0,0.0,0.0,0.0,0.0,0.0,159.0,0.0,0.0,0.0,0.0,42.0,0.0,0.0,37.0,11.0,14.0,0.0,0.0,1282.05,0.0,0.0,0.0,0.0,0.0,31.0,0.0,0.0,0.0,0.0,0.0,0.0,True,Churned
2232,5,52,1054.63,23,256,0.31,0.69,0.0,145.0,0.0,251.0,0.0,0.0,92.0,0.0,0.0,0.0,0.0,225.0,0.0,5.0,257.0,12.0,67.0,0.0,0.0,729.68,160.49,0.0,0.0,0.0,164.46,22.0,3.0,0.0,10.0,14.0,0.0,3.0,True,Churned
2235,1,1,20.0,1,1,1.0,0.0,20.0,0.0,0.0,0.0,0.0,0.0,0.0,0.0,0.0,0.0,0.0,0.0,0.0,0.0,0.0,0.0,0.0,0.0,0.0,20.0,0.0,0.0,0.0,0.0,0.0,1.0,0.0,0.0,0.0,0.0,0.0,0.0,True,Churned
2238,1,6,20.0,1,68,0.0,1.0,0.0,20.0,0.0,0.0,0.0,0.0,0.0,0.0,0.0,0.0,0.0,0.0,0.0,0.0,0.0,0.0,0.0,0.0,0.0,20.0,0.0,0.0,0.0,0.0,0.0,0.0,0.0,0.0,0.0,6.0,0.0,0.0,True,Churned
2239,4,24,734.96,21,53,1.0,0.0,0.0,0.0,0.0,0.0,0.0,0.0,91.0,143.0,80.0,0.0,2.0,417.0,0.0,0.0,0.0,0.0,1.0,0.0,0.0,657.4,77.56,0.0,0.0,0.0,0.0,18.0,1.0,0.0,0.0,0.0,0.0,0.0,True,Churned
2240,4,8,134.12,6,519,0.05,0.95,47.0,20.0,0.0,8.0,0.0,0.0,0.0,0.0,5.0,0.0,0.0,0.0,0.0,53.0,2.0,0.0,0.0,0.0,0.0,34.6,52.66,0.0,0.0,0.0,46.86,5.0,1.0,0.0,1.0,0.0,0.0,0.0,True,Churned
2241,2,3,94.65,3,851,0.01,0.99,0.0,0.0,0.0,0.0,0.0,0.0,1.0,0.0,0.0,0.0,0.0,0.0,0.0,0.0,94.0,0.0,0.0,0.0,0.0,94.65,0.0,0.0,0.0,0.0,0.0,2.0,0.0,0.0,0.0,1.0,0.0,0.0,True,Churned
2243,2,5,139.44,5,92,0.7,0.3,0.0,0.0,0.0,0.0,0.0,0.0,0.0,55.0,0.0,0.0,41.0,38.0,0.0,0.0,0.0,0.0,5.0,0.0,0.0,98.0,41.44,0.0,0.0,0.0,0.0,4.0,0.0,0.0,0.0,0.0,0.0,0.0,True,Churned
2245,1,2,27.0,2,3,1.0,0.0,0.0,0.0,0.0,0.0,0.0,0.0,27.0,0.0,0.0,0.0,0.0,0.0,0.0,0.0,0.0,0.0,0.0,0.0,0.0,27.0,0.0,0.0,0.0,0.0,0.0,2.0,0.0,0.0,0.0,0.0,0.0,0.0,True,Churned
2258,2,4,41.32,4,2,0.74,0.26,0.0,0.0,0.0,0.0,0.0,0.0,4.0,0.0,0.0,0.0,20.0,18.0,0.0,0.0,0.0,0.0,0.0,0.0,0.0,14.62,26.7,0.0,0.0,0.0,0.0,2.0,0.0,0.0,0.0,0.0,0.0,0.0,True,Churned
2259,1,5,92.2,5,14,1.0,0.0,0.0,0.0,0.0,0.0,0.0,0.0,15.0,21.0,38.0,0.0,0.0,19.0,0.0,0.0,0.0,0.0,0.0,0.0,0.0,92.2,0.0,0.0,0.0,0.0,0.0,5.0,0.0,0.0,0.0,0.0,0.0,0.0,True,Churned
2260,16,408,15640.64,88,570,0.23,0.77,445.0,3355.0,0.0,17.0,0.0,100.0,3319.0,413.0,130.0,0.0,110.0,4444.0,0.0,749.0,1734.0,0.0,825.0,0.0,0.0,10584.2,4278.26,0.0,0.0,0.0,778.18,290.0,14.0,0.0,7.0,0.0,0.0,3.0,True,Churned
2283,13,1137,21137.5,297,592,0.52,0.48,6048.0,1230.0,34.0,952.0,0.0,234.0,3028.0,379.0,121.0,0.0,0.0,3165.0,0.0,300.0,2381.0,62.0,3202.0,0.0,0.0,19608.64,1408.34,0.0,0.0,0.0,120.52,1003.0,46.0,0.0,13.0,28.0,13.0,2.0,True,Churned
2284,10,744,14206.25,165,377,0.8,0.2,161.0,166.0,0.0,475.0,0.0,0.0,2804.0,474.0,0.0,0.0,0.0,4247.0,0.0,0.0,3681.0,75.0,2123.0,0.0,0.0,13384.66,147.34,291.66,0.0,0.0,382.59,722.0,0.0,0.0,3.0,1.0,0.0,1.0,True,Churned
2287,2,31,61.75,2,880,0.0,1.0,0.0,0.0,0.0,62.0,0.0,0.0,0.0,0.0,0.0,0.0,0.0,0.0,0.0,0.0,0.0,0.0,0.0,0.0,0.0,9.75,0.0,0.0,0.0,0.0,52.0,5.0,0.0,0.0,0.0,26.0,0.0,0.0,True,Churned
2288,9,621,18398.5,271,718,0.7,0.3,5115.0,984.0,0.0,369.0,0.0,153.0,2389.0,520.0,433.0,0.0,62.0,1689.0,0.0,0.0,3349.0,71.0,3266.0,0.0,0.0,15704.44,2689.84,0.0,0.0,0.0,0.0,447.0,6.0,57.0,0.0,37.0,0.0,0.0,True,Churned
2291,8,326,33114.83,96,917,0.26,0.74,21139.0,1039.0,0.0,0.0,0.0,83.0,1948.0,84.0,706.0,0.0,0.0,168.0,0.0,4519.0,1979.0,31.0,1418.0,0.0,0.0,30912.7,756.63,0.0,0.0,0.0,0.0,190.0,9.0,4.0,61.0,0.0,0.0,0.0,True,Churned
2299,16,754,22122.39,211,671,0.71,0.29,0.0,1613.0,0.0,74.0,0.0,1188.0,6047.0,1485.0,2291.0,0.0,25.0,1527.0,0.0,0.0,6771.0,332.0,770.0,0.0,0.0,18617.87,1141.06,0.0,0.0,0.0,65.11,619.0,6.0,2.0,6.0,71.0,2.0,1.0,True,Churned
2306,1,1,23.26,1,1,0.0,1.0,23.0,0.0,0.0,0.0,0.0,0.0,0.0,0.0,0.0,0.0,0.0,0.0,0.0,0.0,0.0,0.0,0.0,0.0,0.0,23.26,0.0,0.0,0.0,0.0,0.0,0.0,0.0,0.0,1.0,0.0,0.0,0.0,True,Churned
2308,3,14,89.23,5,35,0.74,0.26,0.0,23.0,0.0,0.0,0.0,0.0,63.0,0.0,0.0,0.0,0.0,0.0,0.0,0.0,0.0,0.0,3.0,0.0,0.0,88.25,0.98,0.0,0.0,0.0,0.0,10.0,0.0,1.0,0.0,3.0,0.0,0.0,True,Churned
2311,4,16,132.49,14,320,0.85,0.15,0.0,0.0,0.0,13.0,0.0,0.0,35.0,0.0,0.0,0.0,0.0,58.0,0.0,0.0,0.0,0.0,27.0,0.0,0.0,122.15,10.34,0.0,0.0,0.0,0.0,13.0,0.0,1.0,0.0,0.0,0.0,0.0,True,Churned
2312,6,244,4362.45,73,901,1.0,0.0,100.0,0.0,0.0,0.0,0.0,0.0,1722.0,56.0,105.0,0.0,0.0,2100.0,0.0,0.0,242.0,0.0,38.0,0.0,0.0,3507.0,855.45,0.0,0.0,0.0,0.0,215.0,7.0,3.0,0.0,0.0,7.0,0.0,True,Churned
2313,8,193,6120.68,27,273,0.48,0.52,2142.0,1271.0,0.0,1807.0,0.0,0.0,341.0,42.0,0.0,0.0,0.0,0.0,0.0,0.0,498.0,0.0,21.0,0.0,0.0,5699.81,420.87,0.0,0.0,0.0,0.0,30.0,0.0,0.0,26.0,0.0,0.0,107.0,True,Churned
2315,2,8,128.83,5,36,0.77,0.23,30.0,0.0,0.0,0.0,0.0,0.0,0.0,0.0,0.0,0.0,0.0,0.0,0.0,0.0,0.0,0.0,99.0,0.0,0.0,128.83,0.0,0.0,0.0,0.0,0.0,7.0,0.0,0.0,0.0,0.0,0.0,0.0,True,Churned
2317,3,128,9224.63,37,762,0.44,0.56,1360.0,0.0,0.0,3367.0,0.0,0.0,635.0,166.0,880.0,0.0,0.0,495.0,0.0,995.0,1274.0,0.0,52.0,0.0,0.0,8207.14,995.34,0.0,0.0,0.0,22.15,114.0,0.0,0.0,12.0,2.0,0.0,0.0,True,Churned
2321,1,4,1271.0,3,22,1.0,0.0,1200.0,0.0,0.0,0.0,0.0,0.0,0.0,0.0,0.0,0.0,0.0,21.0,0.0,0.0,0.0,0.0,50.0,0.0,0.0,1271.0,0.0,0.0,0.0,0.0,0.0,4.0,0.0,0.0,0.0,0.0,0.0,0.0,True,Churned
2322,11,118,2643.2,59,512,0.56,0.44,120.0,70.0,0.0,193.0,0.0,0.0,560.0,12.0,95.0,0.0,4.0,684.0,0.0,212.0,423.0,0.0,270.0,0.0,0.0,1610.14,964.85,0.0,0.0,68.21,0.0,44.0,21.0,0.0,14.0,0.0,0.0,1.0,True,Churned
2323,1,4,69.65,4,1,1.0,0.0,0.0,0.0,0.0,20.0,0.0,0.0,28.0,0.0,0.0,0.0,0.0,15.0,0.0,0.0,0.0,0.0,6.0,0.0,0.0,69.65,0.0,0.0,0.0,0.0,0.0,4.0,0.0,0.0,0.0,0.0,0.0,0.0,True,Churned
2324,1,16,165.9,13,24,1.0,0.0,0.0,0.0,0.0,0.0,0.0,0.0,49.0,7.0,0.0,0.0,0.0,71.0,0.0,0.0,9.0,0.0,30.0,0.0,0.0,165.9,0.0,0.0,0.0,0.0,0.0,16.0,0.0,0.0,0.0,0.0,0.0,0.0,True,Churned
2325,1,46,542.5,17,216,0.97,0.03,0.0,18.0,0.0,0.0,0.0,0.0,338.0,0.0,0.0,0.0,0.0,173.0,0.0,0.0,10.0,0.0,4.0,0.0,0.0,542.5,0.0,0.0,0.0,0.0,0.0,46.0,0.0,0.0,0.0,0.0,0.0,0.0,True,Churned
2326,1,3,106.4,3,4,1.0,0.0,0.0,0.0,0.0,0.0,0.0,0.0,67.0,0.0,0.0,0.0,0.0,0.0,0.0,0.0,33.0,0.0,6.0,0.0,0.0,106.4,0.0,0.0,0.0,0.0,0.0,3.0,0.0,0.0,0.0,0.0,0.0,0.0,True,Churned
2328,2,6,186.82,3,574,0.0,1.0,0.0,10.0,0.0,60.0,0.0,0.0,0.0,0.0,0.0,0.0,0.0,0.0,0.0,0.0,118.0,0.0,0.0,0.0,0.0,59.5,127.32,0.0,0.0,0.0,0.0,0.0,5.0,0.0,0.0,0.0,0.0,0.0,True,Churned
2329,1,2,105.15,2,2,0.02,0.98,0.0,0.0,0.0,0.0,0.0,0.0,2.0,0.0,0.0,0.0,0.0,0.0,0.0,103.0,0.0,0.0,0.0,0.0,0.0,105.15,0.0,0.0,0.0,0.0,0.0,2.0,0.0,0.0,0.0,0.0,0.0,0.0,True,Churned
2330,3,14,270.76,11,106,0.26,0.74,0.0,9.0,0.0,0.0,0.0,0.0,13.0,0.0,0.0,0.0,22.0,46.0,0.0,0.0,157.0,0.0,25.0,0.0,0.0,249.63,8.86,0.0,0.0,0.0,12.27,9.0,0.0,0.0,3.0,0.0,0.0,0.0,True,Churned
2331,1,159,1300.05,35,360,0.9,0.1,120.0,4.0,0.0,0.0,0.0,0.0,525.0,222.0,0.0,0.0,0.0,218.0,0.0,0.0,57.0,0.0,154.0,0.0,0.0,1300.05,0.0,0.0,0.0,0.0,0.0,159.0,0.0,0.0,0.0,0.0,0.0,0.0,True,Churned
2335,3,29,7509.85,6,171,0.97,0.03,7250.0,182.0,0.0,0.0,0.0,0.0,78.0,0.0,0.0,0.0,0.0,0.0,0.0,0.0,0.0,0.0,0.0,0.0,0.0,7509.85,0.0,0.0,0.0,0.0,0.0,10.0,0.0,0.0,0.0,14.0,0.0,0.0,True,Churned
2342,3,48,2260.63,25,355,0.97,0.03,344.0,0.0,0.0,214.0,0.0,0.0,306.0,31.0,99.0,0.0,0.0,1176.0,0.0,0.0,23.0,0.0,68.0,0.0,0.0,1747.87,512.76,0.0,0.0,0.0,0.0,36.0,0.0,0.0,0.0,0.0,0.0,0.0,True,Churned
2344,2,17,1513.37,10,934,0.12,0.88,0.0,0.0,0.0,500.0,0.0,80.0,118.0,0.0,365.0,0.0,0.0,0.0,0.0,0.0,93.0,0.0,359.0,0.0,0.0,1148.7,0.0,0.0,0.0,364.67,0.0,12.0,0.0,0.0,0.0,0.0,0.0,0.0,True,Churned
2345,1,3,10.5,2,287,1.0,0.0,0.0,0.0,0.0,0.0,0.0,0.0,0.0,0.0,0.0,0.0,0.0,5.0,0.0,0.0,0.0,0.0,6.0,0.0,0.0,10.5,0.0,0.0,0.0,0.0,0.0,3.0,0.0,0.0,0.0,0.0,0.0,0.0,True,Churned
2348,3,26,1077.43,26,191,0.88,0.12,0.0,0.0,0.0,0.0,0.0,121.0,184.0,34.0,4.0,0.0,86.0,378.0,0.0,0.0,119.0,0.0,151.0,0.0,0.0,470.2,486.25,120.98,0.0,0.0,0.0,16.0,0.0,0.0,0.0,0.0,0.0,1.0,True,Churned
2350,2,34,551.03,15,313,1.0,0.0,0.0,0.0,0.0,34.0,0.0,0.0,335.0,20.0,96.0,0.0,0.0,67.0,0.0,0.0,0.0,0.0,0.0,0.0,0.0,529.75,21.28,0.0,0.0,0.0,0.0,30.0,4.0,0.0,0.0,0.0,0.0,0.0,True,Churned
2354,1,123,1186.55,30,961,1.0,0.0,0.0,0.0,0.0,42.0,0.0,0.0,825.0,45.0,11.0,0.0,0.0,82.0,0.0,0.0,0.0,0.0,182.0,0.0,0.0,1186.55,0.0,0.0,0.0,0.0,0.0,123.0,0.0,0.0,0.0,0.0,0.0,0.0,True,Churned
2369,4,23,543.16,20,860,1.0,0.0,0.0,0.0,0.0,0.0,0.0,0.0,159.0,11.0,0.0,0.0,0.0,140.0,0.0,0.0,133.0,0.0,101.0,0.0,0.0,55.25,353.2,134.71,0.0,0.0,0.0,5.0,6.0,0.0,11.0,0.0,0.0,0.0,True,Churned
2376,1,13,77.85,12,397,1.0,0.0,0.0,0.0,0.0,0.0,0.0,0.0,41.0,0.0,0.0,0.0,0.0,31.0,0.0,0.0,0.0,0.0,7.0,0.0,0.0,77.85,0.0,0.0,0.0,0.0,0.0,13.0,0.0,0.0,0.0,0.0,0.0,0.0,True,Churned
2380,7,724,18371.62,178,723,0.85,0.15,850.0,1362.0,0.0,181.0,0.0,327.0,4025.0,233.0,469.0,0.0,248.0,5762.0,0.0,200.0,650.0,55.0,4010.0,0.0,0.0,18272.23,63.73,0.0,0.0,0.0,35.66,670.0,4.0,0.0,4.0,38.0,0.0,5.0,True,Churned
2383,1,85,1863.35,44,39,0.95,0.05,0.0,0.0,0.0,0.0,0.0,27.0,626.0,68.0,0.0,0.0,0.0,946.0,0.0,0.0,42.0,0.0,155.0,0.0,0.0,1863.35,0.0,0.0,0.0,0.0,0.0,85.0,0.0,0.0,0.0,0.0,0.0,0.0,True,Churned
2386,2,2,104.0,2,11,0.0,1.0,0.0,0.0,0.0,0.0,0.0,0.0,0.0,0.0,0.0,0.0,0.0,0.0,0.0,101.0,3.0,0.0,0.0,0.0,0.0,100.52,0.0,0.0,0.0,0.0,3.48,1.0,0.0,0.0,1.0,0.0,0.0,0.0,True,Churned
2389,1,3,258.8,3,134,0.36,0.64,0.0,0.0,0.0,165.0,0.0,0.0,94.0,0.0,0.0,0.0,0.0,0.0,0.0,0.0,0.0,0.0,0.0,0.0,0.0,258.8,0.0,0.0,0.0,0.0,0.0,3.0,0.0,0.0,0.0,0.0,0.0,0.0,True,Churned
2391,1,7,108.5,5,10,1.0,0.0,0.0,0.0,0.0,0.0,0.0,0.0,23.0,0.0,0.0,0.0,0.0,85.0,0.0,0.0,0.0,0.0,0.0,0.0,0.0,108.5,0.0,0.0,0.0,0.0,0.0,7.0,0.0,0.0,0.0,0.0,0.0,0.0,True,Churned
2392,1,25,1611.0,2,33,0.0,1.0,0.0,0.0,0.0,1596.0,0.0,0.0,0.0,0.0,0.0,0.0,0.0,0.0,15.0,0.0,0.0,0.0,0.0,0.0,0.0,1611.0,0.0,0.0,0.0,0.0,0.0,25.0,0.0,0.0,0.0,0.0,0.0,0.0,True,Churned
2393,2,4,61.9,3,50,0.13,0.87,0.0,0.0,0.0,54.0,0.0,0.0,6.0,0.0,0.0,0.0,0.0,2.0,0.0,0.0,0.0,0.0,0.0,0.0,0.0,61.9,0.0,0.0,0.0,0.0,0.0,2.0,0.0,0.0,0.0,0.0,0.0,0.0,True,Churned
2395,4,84,6907.59,42,245,0.43,0.57,67.0,546.0,0.0,20.0,0.0,40.0,2691.0,0.0,225.0,0.0,0.0,7.0,0.0,0.0,2761.0,62.0,488.0,0.0,0.0,6667.54,178.22,0.0,0.0,0.0,61.83,77.0,3.0,0.0,0.0,0.0,0.0,0.0,True,Churned
2396,1,6,28.4,2,3,1.0,0.0,0.0,0.0,0.0,0.0,0.0,0.0,9.0,0.0,0.0,0.0,0.0,19.0,0.0,0.0,0.0,0.0,0.0,0.0,0.0,28.4,0.0,0.0,0.0,0.0,0.0,6.0,0.0,0.0,0.0,0.0,0.0,0.0,True,Churned
2403,4,9,267.93,6,139,0.0,1.0,0.0,12.0,0.0,19.0,0.0,0.0,0.0,0.0,0.0,0.0,0.0,0.0,0.0,0.0,237.0,0.0,0.0,0.0,0.0,267.93,0.0,0.0,0.0,0.0,0.0,0.0,0.0,0.0,2.0,3.0,0.0,2.0,True,Churned
2405,6,27,352.95,8,547,0.01,0.99,0.0,0.0,0.0,0.0,0.0,0.0,2.0,0.0,0.0,0.0,0.0,146.0,0.0,0.0,136.0,0.0,69.0,0.0,0.0,128.77,88.09,136.09,0.0,0.0,0.0,3.0,9.0,0.0,1.0,0.0,0.0,0.0,True,Churned
2408,4,426,13420.54,67,474,0.69,0.31,9938.0,58.0,0.0,0.0,0.0,254.0,725.0,36.0,21.0,0.0,406.0,211.0,0.0,0.0,1541.0,0.0,232.0,0.0,0.0,13131.66,288.88,0.0,0.0,0.0,0.0,359.0,0.0,0.0,0.0,3.0,0.0,0.0,True,Churned
2409,3,13,99.9,9,27,0.79,0.21,0.0,21.0,0.0,0.0,0.0,0.0,53.0,0.0,0.0,0.0,0.0,5.0,0.0,0.0,0.0,0.0,21.0,0.0,0.0,99.9,0.0,0.0,0.0,0.0,0.0,11.0,0.0,0.0,1.0,0.0,0.0,0.0,True,Churned
2410,3,59,477.41,19,456,0.86,0.14,59.0,0.0,0.0,0.0,0.0,0.0,202.0,20.0,0.0,0.0,0.0,20.0,0.0,0.0,162.0,0.0,14.0,0.0,0.0,181.9,295.51,0.0,0.0,0.0,0.0,30.0,28.0,0.0,0.0,1.0,0.0,0.0,True,Churned
2413,4,56,5559.7,38,526,0.63,0.37,0.0,0.0,0.0,64.0,0.0,0.0,281.0,0.0,2652.0,0.0,0.0,810.0,0.0,0.0,1380.0,0.0,373.0,0.0,0.0,5271.86,287.84,0.0,0.0,0.0,0.0,32.0,0.0,0.0,12.0,0.0,1.0,0.0,True,Churned
2414,1,299,4505.26,121,393,0.97,0.03,0.0,10.0,0.0,58.0,0.0,269.0,1170.0,1092.0,125.0,0.0,0.0,1001.0,0.0,0.0,505.0,0.0,277.0,0.0,0.0,4505.26,0.0,0.0,0.0,0.0,0.0,299.0,0.0,0.0,0.0,0.0,0.0,0.0,True,Churned
2417,2,8,888.76,6,162,0.11,0.89,0.0,0.0,0.0,0.0,0.0,0.0,0.0,0.0,0.0,0.0,418.0,0.0,0.0,0.0,452.0,0.0,19.0,0.0,0.0,888.76,0.0,0.0,0.0,0.0,0.0,5.0,3.0,0.0,0.0,0.0,0.0,0.0,True,Churned
2419,1,1,36.16,1,1,0.0,1.0,0.0,0.0,0.0,0.0,0.0,0.0,0.0,0.0,0.0,0.0,0.0,0.0,0.0,36.0,0.0,0.0,0.0,0.0,0.0,36.16,0.0,0.0,0.0,0.0,0.0,1.0,0.0,0.0,0.0,0.0,0.0,0.0,True,Churned
2421,1,20,201.2,7,296,1.0,0.0,50.0,0.0,0.0,0.0,0.0,0.0,91.0,0.0,0.0,0.0,0.0,49.0,0.0,0.0,0.0,0.0,11.0,0.0,0.0,201.2,0.0,0.0,0.0,0.0,0.0,20.0,0.0,0.0,0.0,0.0,0.0,0.0,True,Churned
2422,2,15,299.35,5,8,0.69,0.31,0.0,0.0,0.0,39.0,0.0,0.0,199.0,0.0,0.0,0.0,0.0,53.0,0.0,0.0,0.0,0.0,8.0,0.0,0.0,295.3,4.05,0.0,0.0,0.0,0.0,14.0,1.0,0.0,0.0,0.0,0.0,0.0,True,Churned
2426,1,1,42.3,1,1,1.0,0.0,0.0,0.0,0.0,0.0,0.0,0.0,0.0,0.0,0.0,0.0,0.0,42.0,0.0,0.0,0.0,0.0,0.0,0.0,0.0,42.3,0.0,0.0,0.0,0.0,0.0,1.0,0.0,0.0,0.0,0.0,0.0,0.0,True,Churned
2428,3,3,74.23,3,137,0.07,0.93,0.0,8.0,0.0,0.0,0.0,0.0,5.0,0.0,0.0,0.0,0.0,0.0,0.0,0.0,62.0,0.0,0.0,0.0,0.0,12.45,61.78,0.0,0.0,0.0,0.0,1.0,0.0,0.0,1.0,0.0,0.0,0.0,True,Churned
2429,2,2,402.4,2,2,0.0,1.0,235.0,0.0,0.0,167.0,0.0,0.0,0.0,0.0,0.0,0.0,0.0,0.0,0.0,0.0,0.0,0.0,0.0,0.0,0.0,402.4,0.0,0.0,0.0,0.0,0.0,1.0,0.0,0.0,1.0,0.0,0.0,0.0,True,Churned
2431,2,5,429.5,5,17,0.95,0.05,400.0,0.0,0.0,0.0,0.0,0.0,8.0,0.0,0.0,0.0,0.0,22.0,0.0,0.0,0.0,0.0,0.0,0.0,0.0,429.5,0.0,0.0,0.0,0.0,0.0,4.0,0.0,0.0,0.0,0.0,0.0,0.0,True,Churned
2432,2,3,54.49,2,70,0.05,0.95,0.0,52.0,0.0,0.0,0.0,0.0,3.0,0.0,0.0,0.0,0.0,0.0,0.0,0.0,0.0,0.0,0.0,0.0,0.0,2.8,0.0,0.0,0.0,0.0,51.69,1.0,0.0,0.0,0.0,2.0,0.0,0.0,True,Churned
2433,1,1,1.0,1,1,1.0,0.0,0.0,0.0,0.0,0.0,0.0,0.0,0.0,0.0,0.0,0.0,0.0,0.0,0.0,0.0,1.0,0.0,0.0,0.0,0.0,1.0,0.0,0.0,0.0,0.0,0.0,1.0,0.0,0.0,0.0,0.0,0.0,0.0,True,Churned
2436,2,2,154.24,2,253,0.33,0.67,0.0,0.0,0.0,0.0,0.0,0.0,0.0,0.0,0.0,0.0,0.0,51.0,0.0,103.0,0.0,0.0,0.0,0.0,0.0,51.0,103.24,0.0,0.0,0.0,0.0,1.0,0.0,0.0,1.0,0.0,0.0,0.0,True,Churned
2437,1,3,153.6,3,546,0.58,0.42,0.0,0.0,0.0,0.0,0.0,0.0,61.0,28.0,0.0,0.0,0.0,0.0,0.0,0.0,65.0,0.0,0.0,0.0,0.0,153.6,0.0,0.0,0.0,0.0,0.0,3.0,0.0,0.0,0.0,0.0,0.0,0.0,True,Churned
2439,1,2,243.05,2,782,0.71,0.29,0.0,0.0,0.0,0.0,0.0,0.0,173.0,0.0,0.0,0.0,0.0,0.0,0.0,0.0,70.0,0.0,0.0,0.0,0.0,243.05,0.0,0.0,0.0,0.0,0.0,2.0,0.0,0.0,0.0,0.0,0.0,0.0,True,Churned
2440,2,3,132.94,2,24,0.79,0.21,0.0,0.0,0.0,0.0,0.0,0.0,105.0,28.0,0.0,0.0,0.0,0.0,0.0,0.0,0.0,0.0,0.0,0.0,0.0,104.95,27.99,0.0,0.0,0.0,0.0,2.0,0.0,0.0,0.0,0.0,0.0,1.0,True,Churned
2445,1,1,4.7,1,1,1.0,0.0,0.0,0.0,0.0,0.0,0.0,0.0,0.0,0.0,0.0,0.0,0.0,5.0,0.0,0.0,0.0,0.0,0.0,0.0,0.0,4.7,0.0,0.0,0.0,0.0,0.0,1.0,0.0,0.0,0.0,0.0,0.0,0.0,True,Churned
2447,1,2,4.15,2,1,1.0,0.0,0.0,0.0,0.0,0.0,0.0,0.0,4.0,0.0,0.0,0.0,0.0,0.0,0.0,0.0,0.0,0.0,0.0,0.0,0.0,4.15,0.0,0.0,0.0,0.0,0.0,2.0,0.0,0.0,0.0,0.0,0.0,0.0,True,Churned
2448,1,10,112.9,6,202,1.0,0.0,0.0,0.0,0.0,0.0,0.0,0.0,110.0,0.0,0.0,0.0,0.0,3.0,0.0,0.0,0.0,0.0,0.0,0.0,0.0,112.9,0.0,0.0,0.0,0.0,0.0,10.0,0.0,0.0,0.0,0.0,0.0,0.0,True,Churned
2449,1,11,202.0,7,12,1.0,0.0,0.0,0.0,0.0,0.0,0.0,0.0,155.0,0.0,0.0,0.0,0.0,22.0,0.0,0.0,25.0,0.0,0.0,0.0,0.0,202.0,0.0,0.0,0.0,0.0,0.0,11.0,0.0,0.0,0.0,0.0,0.0,0.0,True,Churned
2451,2,14,104.43,2,17,0.0,1.0,103.0,1.0,0.0,0.0,0.0,0.0,0.0,0.0,0.0,0.0,0.0,0.0,0.0,0.0,0.0,0.0,0.0,0.0,0.0,104.43,0.0,0.0,0.0,0.0,0.0,13.0,1.0,0.0,0.0,0.0,0.0,0.0,True,Churned
2454,1,1,40.0,1,1,1.0,0.0,0.0,0.0,0.0,0.0,0.0,0.0,0.0,0.0,0.0,0.0,0.0,0.0,0.0,0.0,40.0,0.0,0.0,0.0,0.0,40.0,0.0,0.0,0.0,0.0,0.0,1.0,0.0,0.0,0.0,0.0,0.0,0.0,True,Churned
2455,1,1,6.0,1,1,0.0,1.0,0.0,6.0,0.0,0.0,0.0,0.0,0.0,0.0,0.0,0.0,0.0,0.0,0.0,0.0,0.0,0.0,0.0,0.0,0.0,6.0,0.0,0.0,0.0,0.0,0.0,0.0,0.0,0.0,0.0,1.0,0.0,0.0,True,Churned
2456,1,1,0.96,1,1,0.0,1.0,0.0,1.0,0.0,0.0,0.0,0.0,0.0,0.0,0.0,0.0,0.0,0.0,0.0,0.0,0.0,0.0,0.0,0.0,0.0,0.0,0.96,0.0,0.0,0.0,0.0,0.0,1.0,0.0,0.0,0.0,0.0,0.0,True,Churned
2457,1,1,20.0,1,1,0.0,1.0,0.0,0.0,0.0,20.0,0.0,0.0,0.0,0.0,0.0,0.0,0.0,0.0,0.0,0.0,0.0,0.0,0.0,0.0,0.0,20.0,0.0,0.0,0.0,0.0,0.0,1.0,0.0,0.0,0.0,0.0,0.0,0.0,True,Churned
2458,1,1,76.3,1,1,0.0,1.0,0.0,0.0,0.0,0.0,0.0,0.0,0.0,0.0,0.0,0.0,0.0,0.0,0.0,0.0,76.0,0.0,0.0,0.0,0.0,76.3,0.0,0.0,0.0,0.0,0.0,1.0,0.0,0.0,0.0,0.0,0.0,0.0,True,Churned
2460,1,4,51.55,1,388,1.0,0.0,0.0,0.0,0.0,0.0,0.0,0.0,52.0,0.0,0.0,0.0,0.0,0.0,0.0,0.0,0.0,0.0,0.0,0.0,0.0,51.55,0.0,0.0,0.0,0.0,0.0,4.0,0.0,0.0,0.0,0.0,0.0,0.0,True,Churned
2462,1,1,15.0,1,1,0.0,1.0,0.0,0.0,0.0,0.0,0.0,0.0,0.0,0.0,0.0,0.0,0.0,0.0,0.0,15.0,0.0,0.0,0.0,0.0,0.0,15.0,0.0,0.0,0.0,0.0,0.0,0.0,0.0,0.0,1.0,0.0,0.0,0.0,True,Churned
2464,3,3,10.18,3,165,1.0,0.0,0.0,0.0,0.0,0.0,0.0,0.0,3.0,0.0,0.0,0.0,0.0,4.0,0.0,0.0,0.0,0.0,3.0,0.0,0.0,3.05,7.13,0.0,0.0,0.0,0.0,1.0,1.0,0.0,0.0,0.0,0.0,0.0,True,Churned
2465,1,21,786.0,10,160,0.41,0.59,0.0,50.0,0.0,0.0,0.0,0.0,194.0,0.0,0.0,0.0,0.0,13.0,0.0,0.0,459.0,0.0,71.0,0.0,0.0,786.0,0.0,0.0,0.0,0.0,0.0,21.0,0.0,0.0,0.0,0.0,0.0,0.0,True,Churned
2466,1,2,60.82,2,152,1.0,0.0,0.0,0.0,0.0,0.0,0.0,0.0,8.0,0.0,0.0,0.0,0.0,0.0,0.0,0.0,53.0,0.0,0.0,0.0,0.0,60.82,0.0,0.0,0.0,0.0,0.0,2.0,0.0,0.0,0.0,0.0,0.0,0.0,True,Churned
2467,1,5,55.4,3,14,1.0,0.0,0.0,0.0,0.0,0.0,0.0,0.0,37.0,0.0,0.0,0.0,0.0,0.0,0.0,0.0,0.0,0.0,19.0,0.0,0.0,55.4,0.0,0.0,0.0,0.0,0.0,5.0,0.0,0.0,0.0,0.0,0.0,0.0,True,Churned
2468,1,1,22.3,1,1,1.0,0.0,0.0,0.0,0.0,0.0,0.0,0.0,0.0,0.0,0.0,0.0,0.0,22.0,0.0,0.0,0.0,0.0,0.0,0.0,0.0,22.3,0.0,0.0,0.0,0.0,0.0,1.0,0.0,0.0,0.0,0.0,0.0,0.0,True,Churned
2469,2,5,207.55,5,550,0.01,0.99,0.0,0.0,0.0,0.0,0.0,0.0,2.0,0.0,0.0,0.0,0.0,0.0,0.0,0.0,206.0,0.0,0.0,0.0,0.0,207.55,0.0,0.0,0.0,0.0,0.0,4.0,1.0,0.0,0.0,0.0,0.0,0.0,True,Churned
2475,1,34,258.6,1,538,1.0,0.0,0.0,0.0,0.0,0.0,0.0,0.0,259.0,0.0,0.0,0.0,0.0,0.0,0.0,0.0,0.0,0.0,0.0,0.0,0.0,258.6,0.0,0.0,0.0,0.0,0.0,34.0,0.0,0.0,0.0,0.0,0.0,0.0,True,Churned
2476,2,29,188.28,3,414,0.0,1.0,0.0,5.0,0.0,0.0,0.0,0.0,0.0,0.0,0.0,0.0,0.0,0.0,0.0,0.0,0.0,0.0,183.0,0.0,0.0,188.28,0.0,0.0,0.0,0.0,0.0,28.0,1.0,0.0,0.0,0.0,0.0,0.0,True,Churned
2477,1,3,1743.55,3,15,1.0,0.0,1742.0,0.0,0.0,0.0,0.0,0.0,2.0,0.0,0.0,0.0,0.0,0.0,0.0,0.0,0.0,0.0,0.0,0.0,0.0,0.0,1743.55,0.0,0.0,0.0,0.0,0.0,0.0,3.0,0.0,0.0,0.0,0.0,True,Churned
2479,1,2,10.5,2,2,1.0,0.0,0.0,0.0,0.0,0.0,0.0,0.0,0.0,0.0,0.0,0.0,0.0,0.0,0.0,0.0,0.0,0.0,11.0,0.0,0.0,10.5,0.0,0.0,0.0,0.0,0.0,2.0,0.0,0.0,0.0,0.0,0.0,0.0,True,Churned
2480,1,1,31.0,1,1,0.0,1.0,31.0,0.0,0.0,0.0,0.0,0.0,0.0,0.0,0.0,0.0,0.0,0.0,0.0,0.0,0.0,0.0,0.0,0.0,0.0,31.0,0.0,0.0,0.0,0.0,0.0,0.0,0.0,0.0,0.0,1.0,0.0,0.0,True,Churned
2482,1,1,30.0,1,1,0.0,1.0,0.0,0.0,0.0,0.0,0.0,0.0,0.0,0.0,0.0,0.0,0.0,0.0,0.0,30.0,0.0,0.0,0.0,0.0,0.0,30.0,0.0,0.0,0.0,0.0,0.0,0.0,0.0,0.0,1.0,0.0,0.0,0.0,True,Churned
2483,1,1,54.5,1,1,1.0,0.0,0.0,0.0,0.0,0.0,0.0,0.0,55.0,0.0,0.0,0.0,0.0,0.0,0.0,0.0,0.0,0.0,0.0,0.0,0.0,54.5,0.0,0.0,0.0,0.0,0.0,1.0,0.0,0.0,0.0,0.0,0.0,0.0,True,Churned
2484,1,1,9.61,1,1,1.0,0.0,0.0,0.0,0.0,0.0,0.0,0.0,10.0,0.0,0.0,0.0,0.0,0.0,0.0,0.0,0.0,0.0,0.0,0.0,0.0,0.0,9.61,0.0,0.0,0.0,0.0,0.0,1.0,0.0,0.0,0.0,0.0,0.0,True,Churned
2485,1,9,16.0,1,442,0.0,1.0,0.0,16.0,0.0,0.0,0.0,0.0,0.0,0.0,0.0,0.0,0.0,0.0,0.0,0.0,0.0,0.0,0.0,0.0,0.0,16.0,0.0,0.0,0.0,0.0,0.0,0.0,0.0,0.0,0.0,9.0,0.0,0.0,True,Churned
2486,1,1,5.5,1,1,0.0,1.0,0.0,0.0,0.0,0.0,0.0,0.0,0.0,0.0,0.0,0.0,0.0,0.0,0.0,0.0,6.0,0.0,0.0,0.0,0.0,5.5,0.0,0.0,0.0,0.0,0.0,1.0,0.0,0.0,0.0,0.0,0.0,0.0,True,Churned
2489,2,3,1750.54,2,227,0.0,1.0,0.0,1187.0,0.0,0.0,0.0,0.0,0.0,0.0,0.0,0.0,0.0,0.0,0.0,0.0,0.0,0.0,564.0,0.0,0.0,1187.0,0.0,563.54,0.0,0.0,0.0,0.0,0.0,0.0,1.0,2.0,0.0,0.0,True,Churned
2491,1,2,190.0,1,183,0.0,1.0,0.0,0.0,0.0,190.0,0.0,0.0,0.0,0.0,0.0,0.0,0.0,0.0,0.0,0.0,0.0,0.0,0.0,0.0,0.0,190.0,0.0,0.0,0.0,0.0,0.0,2.0,0.0,0.0,0.0,0.0,0.0,0.0,True,Churned
2515,9,74,2007.12,56,135,0.99,0.01,208.0,27.0,0.0,0.0,0.0,1.0,193.0,0.0,228.0,0.0,98.0,520.0,0.0,0.0,252.0,0.0,480.0,0.0,0.0,923.26,841.32,0.0,0.0,0.0,12.29,39.0,1.0,0.0,0.0,0.0,0.0,0.0,True,Churned
2524,11,839,20978.64,221,899,0.83,0.17,9.0,381.0,0.0,638.0,0.0,0.0,7290.0,2878.0,232.0,0.0,0.0,4136.0,0.0,0.0,3582.0,750.0,1082.0,0.0,0.0,20393.73,424.89,0.0,0.0,0.0,60.02,775.0,4.0,0.0,1.0,19.0,10.0,1.0,True,Churned
2525,10,279,14806.73,159,781,0.62,0.38,0.0,49.0,0.0,137.0,0.0,216.0,922.0,393.0,2518.0,0.0,71.0,2588.0,0.0,0.0,6114.0,0.0,1799.0,0.0,0.0,7403.55,7017.15,0.0,0.0,0.0,37.08,146.0,9.0,71.0,5.0,0.0,29.0,1.0,True,Churned
2528,9,247,30405.29,23,415,0.21,0.79,6530.0,1004.0,0.0,22660.0,0.0,28.0,153.0,0.0,0.0,0.0,30.0,0.0,0.0,0.0,0.0,0.0,0.0,0.0,0.0,18652.48,11708.27,0.0,0.0,0.0,44.54,103.0,0.0,0.0,7.0,4.0,0.0,1.0,True,Churned
2532,5,64,2003.66,24,277,0.03,0.97,0.0,528.0,0.0,577.0,0.0,53.0,47.0,15.0,127.0,0.0,6.0,44.0,0.0,0.0,606.0,0.0,1.0,0.0,0.0,616.85,1333.93,0.0,0.0,0.0,0.0,25.0,3.0,0.0,0.0,0.0,0.0,0.0,True,Churned
2545,1,1,43.75,1,1,0.0,1.0,0.0,0.0,0.0,0.0,0.0,0.0,0.0,0.0,0.0,0.0,0.0,0.0,0.0,0.0,44.0,0.0,0.0,0.0,0.0,0.0,43.75,0.0,0.0,0.0,0.0,0.0,0.0,1.0,0.0,0.0,0.0,0.0,True,Churned
2546,13,242,46215.81,47,191,0.06,0.94,14878.0,1742.0,0.0,21622.0,0.0,4147.0,114.0,0.0,1448.0,0.0,0.0,358.0,0.0,0.0,1754.0,40.0,112.0,0.0,0.0,11121.15,32651.45,0.0,0.0,0.0,2443.21,38.0,17.0,54.0,0.0,0.0,0.0,2.0,True,Churned
2547,5,153,4028.38,76,451,0.5,0.5,2641.0,176.0,0.0,19.0,0.0,14.0,400.0,0.0,0.0,0.0,0.0,302.0,0.0,0.0,144.0,25.0,309.0,0.0,0.0,3950.03,78.35,0.0,0.0,0.0,0.0,137.0,0.0,3.0,2.0,9.0,0.0,0.0,True,Churned
2548,5,288,4355.94,126,782,0.79,0.21,19.0,208.0,0.0,259.0,0.0,0.0,1478.0,189.0,0.0,0.0,0.0,1729.0,0.0,0.0,372.0,0.0,102.0,0.0,0.0,4060.05,161.33,0.0,0.0,0.0,134.56,253.0,2.0,0.0,13.0,0.0,0.0,0.0,True,Churned
2553,3,15,133.16,12,95,1.0,0.0,0.0,2.0,0.0,0.0,0.0,0.0,51.0,0.0,0.0,0.0,0.0,71.0,0.0,0.0,5.0,0.0,4.0,0.0,0.0,56.35,76.81,0.0,0.0,0.0,0.0,9.0,0.0,0.0,0.0,0.0,0.0,0.0,True,Churned
2554,5,50,1960.52,28,169,0.11,0.89,803.0,151.0,0.0,24.0,0.0,468.0,109.0,0.0,0.0,0.0,0.0,36.0,0.0,234.0,36.0,0.0,99.0,0.0,0.0,861.66,234.33,0.0,0.0,0.0,864.53,28.0,0.0,0.0,5.0,15.0,0.0,1.0,True,Churned
2556,15,322,70434.18,54,696,0.1,0.9,34312.0,2955.0,0.0,321.0,0.0,272.0,232.0,344.0,1324.0,0.0,0.0,0.0,0.0,24647.0,5381.0,42.0,602.0,0.0,0.0,34301.58,31304.0,46.3,0.0,621.38,4160.92,80.0,13.0,1.0,10.0,46.0,0.0,31.0,True,Churned
2561,8,128,8430.15,65,832,0.58,0.42,0.0,124.0,0.0,145.0,0.0,0.0,543.0,33.0,963.0,0.0,0.0,1472.0,0.0,0.0,3773.0,0.0,1379.0,0.0,0.0,5189.17,2727.16,484.06,0.0,0.0,29.76,83.0,4.0,1.0,4.0,0.0,21.0,2.0,True,Churned
2562,1,14,47.45,5,7,1.0,0.0,0.0,0.0,0.0,0.0,0.0,0.0,38.0,0.0,0.0,0.0,0.0,9.0,0.0,0.0,0.0,0.0,0.0,0.0,0.0,47.45,0.0,0.0,0.0,0.0,0.0,14.0,0.0,0.0,0.0,0.0,0.0,0.0,True,Churned
2563,5,101,4005.05,64,79,1.0,0.0,0.0,0.0,0.0,63.0,0.0,0.0,445.0,189.0,11.0,0.0,0.0,1212.0,0.0,0.0,950.0,45.0,1090.0,0.0,0.0,3012.89,304.74,686.12,0.0,0.0,0.0,69.0,0.0,0.0,18.0,0.0,11.0,0.0,True,Churned
2564,10,479,15623.71,175,474,0.76,0.24,256.0,407.0,0.0,312.0,0.0,311.0,3103.0,1129.0,1524.0,0.0,31.0,1420.0,0.0,0.0,5809.0,0.0,1322.0,0.0,0.0,13077.71,2423.47,0.0,0.0,0.0,0.0,408.0,11.0,2.0,6.0,21.0,8.0,0.0,True,Churned
2566,1,114,3046.83,33,228,1.0,0.0,0.0,49.0,0.0,0.0,0.0,0.0,1351.0,0.0,131.0,0.0,0.0,1008.0,0.0,0.0,444.0,0.0,64.0,0.0,0.0,3046.83,0.0,0.0,0.0,0.0,0.0,114.0,0.0,0.0,0.0,0.0,0.0,0.0,True,Churned
2568,1,215,4212.83,91,455,0.97,0.03,0.0,0.0,0.0,445.0,0.0,10.0,1948.0,0.0,0.0,0.0,0.0,1414.0,0.0,0.0,220.0,50.0,126.0,0.0,0.0,4212.83,0.0,0.0,0.0,0.0,0.0,215.0,0.0,0.0,0.0,0.0,0.0,0.0,True,Churned
2569,3,19,200.6,14,218,1.0,0.0,0.0,1.0,0.0,0.0,0.0,0.0,47.0,0.0,0.0,0.0,0.0,143.0,0.0,0.0,0.0,0.0,9.0,0.0,0.0,96.6,104.0,0.0,0.0,0.0,0.0,10.0,0.0,0.0,0.0,1.0,8.0,0.0,True,Churned
2570,4,16,107.94,10,152,0.77,0.23,0.0,0.0,0.0,18.0,0.0,0.0,52.0,0.0,0.0,0.0,0.0,17.0,0.0,0.0,12.0,0.0,9.0,0.0,0.0,101.13,0.0,0.0,0.0,0.0,6.81,11.0,0.0,0.0,1.0,3.0,0.0,0.0,True,Churned
2571,9,321,17696.2,118,582,0.27,0.73,2561.0,972.0,0.0,256.0,0.0,88.0,1624.0,683.0,1303.0,0.0,0.0,249.0,0.0,7798.0,1573.0,0.0,588.0,0.0,0.0,15754.11,760.04,0.0,0.0,0.0,1182.05,226.0,15.0,0.0,21.0,0.0,0.0,23.0,True,Churned
2576,1,17,252.75,12,408,1.0,0.0,0.0,0.0,0.0,0.0,0.0,0.0,194.0,5.0,0.0,0.0,0.0,30.0,0.0,0.0,10.0,0.0,14.0,0.0,0.0,252.75,0.0,0.0,0.0,0.0,0.0,17.0,0.0,0.0,0.0,0.0,0.0,0.0,True,Churned
2577,2,4,396.75,3,74,0.0,1.0,0.0,0.0,0.0,0.0,0.0,0.0,0.0,0.0,0.0,0.0,200.0,0.0,0.0,0.0,197.0,0.0,0.0,0.0,0.0,396.75,0.0,0.0,0.0,0.0,0.0,2.0,0.0,2.0,0.0,0.0,0.0,0.0,True,Churned
2578,1,7,141.7,4,215,0.92,0.08,0.0,0.0,0.0,0.0,0.0,0.0,0.0,0.0,0.0,0.0,0.0,13.0,0.0,0.0,118.0,0.0,11.0,0.0,0.0,141.7,0.0,0.0,0.0,0.0,0.0,7.0,0.0,0.0,0.0,0.0,0.0,0.0,True,Churned
2580,1,18,196.05,13,261,0.56,0.44,0.0,9.0,0.0,0.0,0.0,0.0,59.0,0.0,0.0,0.0,0.0,9.0,0.0,0.0,119.0,0.0,0.0,0.0,0.0,196.05,0.0,0.0,0.0,0.0,0.0,18.0,0.0,0.0,0.0,0.0,0.0,0.0,True,Churned
2592,4,7,125.88,4,93,0.44,0.56,0.0,0.0,0.0,0.0,0.0,0.0,39.0,0.0,0.0,0.0,0.0,0.0,0.0,0.0,71.0,0.0,16.0,0.0,0.0,1.0,108.46,16.42,0.0,0.0,0.0,1.0,0.0,1.0,3.0,0.0,0.0,0.0,True,Churned
2594,6,67,3735.99,31,106,0.86,0.14,2527.0,225.0,0.0,51.0,0.0,0.0,131.0,0.0,342.0,0.0,0.0,0.0,0.0,0.0,460.0,0.0,0.0,0.0,0.0,1838.52,0.0,0.0,0.0,0.0,0.0,1.0,6.0,0.0,1.0,0.0,0.0,14.0,True,Churned
2596,4,12,602.54,8,580,1.0,0.0,505.0,7.0,0.0,10.0,0.0,0.0,21.0,0.0,0.0,0.0,0.0,13.0,0.0,0.0,0.0,0.0,47.0,0.0,0.0,104.64,497.9,0.0,0.0,0.0,0.0,0.0,1.0,8.0,0.0,0.0,0.0,0.0,True,Churned
2598,16,358,33310.18,158,798,0.5,0.5,454.0,3794.0,0.0,1239.0,0.0,1730.0,7676.0,834.0,6956.0,0.0,0.0,4974.0,0.0,633.0,4059.0,5.0,957.0,0.0,0.0,29511.3,2009.12,0.0,0.0,0.0,636.04,224.0,37.0,4.0,2.0,24.0,3.0,6.0,True,Churned
2599,4,139,7534.67,80,258,0.74,0.26,0.0,93.0,0.0,4.0,0.0,0.0,2897.0,340.0,778.0,0.0,188.0,1645.0,0.0,0.0,1271.0,38.0,282.0,0.0,0.0,6959.96,498.98,0.0,0.0,0.0,75.73,125.0,5.0,0.0,0.0,0.0,0.0,1.0,True,Churned
2601,5,16,405.12,14,105,0.51,0.49,0.0,17.0,0.0,10.0,0.0,20.0,44.0,0.0,0.0,0.0,0.0,0.0,0.0,0.0,314.0,0.0,0.0,0.0,0.0,267.39,120.41,17.32,0.0,0.0,0.0,10.0,0.0,1.0,2.0,0.0,0.0,0.0,True,Churned
2602,1,16,35.1,9,127,1.0,0.0,0.0,0.0,0.0,0.0,0.0,0.0,9.0,0.0,0.0,0.0,0.0,16.0,0.0,0.0,0.0,0.0,10.0,0.0,0.0,35.1,0.0,0.0,0.0,0.0,0.0,16.0,0.0,0.0,0.0,0.0,0.0,0.0,True,Churned
2604,6,106,5908.82,76,154,0.9,0.1,394.0,25.0,0.0,0.0,0.0,0.0,1420.0,752.0,12.0,0.0,0.0,356.0,0.0,0.0,2150.0,0.0,799.0,0.0,0.0,1150.55,4514.8,243.47,0.0,0.0,0.0,26.0,74.0,0.0,3.0,0.0,0.0,0.0,True,Churned
2607,1,1,14.35,1,1,1.0,0.0,0.0,0.0,0.0,0.0,0.0,0.0,14.0,0.0,0.0,0.0,0.0,0.0,0.0,0.0,0.0,0.0,0.0,0.0,0.0,14.35,0.0,0.0,0.0,0.0,0.0,1.0,0.0,0.0,0.0,0.0,0.0,0.0,True,Churned
2618,2,27,2153.34,25,145,1.0,0.0,0.0,0.0,0.0,55.0,0.0,0.0,14.0,23.0,998.0,0.0,0.0,563.0,0.0,0.0,286.0,0.0,214.0,0.0,0.0,13.36,2139.98,0.0,0.0,0.0,0.0,0.0,14.0,0.0,0.0,0.0,0.0,0.0,True,Churned
2619,3,48,12360.89,9,132,0.87,0.13,10350.0,1606.0,0.0,0.0,0.0,0.0,256.0,0.0,0.0,0.0,0.0,0.0,0.0,0.0,0.0,0.0,149.0,0.0,0.0,11673.49,687.4,0.0,0.0,0.0,0.0,32.0,0.0,0.0,0.0,2.0,0.0,14.0,True,Churned
2629,24,786,28807.89,342,926,0.73,0.27,7638.0,253.0,0.0,76.0,0.0,515.0,2194.0,743.0,2511.0,0.0,186.0,8550.0,0.0,0.0,3906.0,573.0,1663.0,0.0,0.0,19273.97,2307.9,0.0,255.61,0.0,3153.56,548.0,4.0,17.0,4.0,2.0,0.0,78.0,True,Churned
2640,9,380,13850.07,130,263,0.84,0.16,0.0,782.0,0.0,720.0,0.0,11.0,5521.0,245.0,2034.0,0.0,17.0,1981.0,0.0,0.0,355.0,0.0,2184.0,0.0,0.0,11820.41,2026.08,0.0,0.0,0.0,0.0,289.0,2.0,0.0,2.0,54.0,12.0,0.0,True,Churned
2641,4,55,1122.55,33,162,0.85,0.15,0.0,37.0,0.0,142.0,0.0,0.0,135.0,0.0,0.0,0.0,0.0,123.0,0.0,0.0,470.0,0.0,216.0,0.0,0.0,376.9,0.0,0.0,0.0,0.0,745.65,2.0,1.0,0.0,0.0,0.0,0.0,50.0,True,Churned
2643,3,43,727.78,14,318,0.51,0.49,0.0,0.0,0.0,0.0,0.0,27.0,85.0,5.0,15.0,0.0,0.0,172.0,0.0,0.0,93.0,11.0,320.0,0.0,0.0,357.27,327.26,0.0,0.0,0.0,43.25,37.0,0.0,0.0,1.0,5.0,0.0,0.0,True,Churned
2644,4,8,3346.77,7,172,0.0,1.0,0.0,93.0,0.0,0.0,0.0,250.0,0.0,0.0,2842.0,0.0,0.0,161.0,0.0,0.0,0.0,0.0,0.0,0.0,0.0,3253.33,0.0,0.0,0.0,0.0,93.44,5.0,0.0,0.0,1.0,0.0,0.0,1.0,True,Churned
2647,1,12,1044.45,9,215,1.0,0.0,900.0,6.0,0.0,0.0,0.0,0.0,64.0,0.0,0.0,0.0,0.0,0.0,0.0,0.0,0.0,0.0,74.0,0.0,0.0,1044.45,0.0,0.0,0.0,0.0,0.0,12.0,0.0,0.0,0.0,0.0,0.0,0.0,True,Churned
2648,2,14,438.0,6,104,0.0,1.0,0.0,0.0,0.0,438.0,0.0,0.0,0.0,0.0,0.0,0.0,0.0,0.0,0.0,0.0,0.0,0.0,0.0,0.0,0.0,438.0,0.0,0.0,0.0,0.0,0.0,12.0,0.0,0.0,0.0,0.0,0.0,0.0,True,Churned
2650,2,2,123.58,2,9,1.0,0.0,0.0,0.0,0.0,0.0,0.0,0.0,0.0,74.0,0.0,0.0,0.0,50.0,0.0,0.0,0.0,0.0,0.0,0.0,0.0,50.0,73.58,0.0,0.0,0.0,0.0,1.0,1.0,0.0,0.0,0.0,0.0,0.0,True,Churned
2651,1,268,11227.61,40,445,0.98,0.02,0.0,54.0,0.0,0.0,0.0,150.0,4707.0,126.0,306.0,0.0,0.0,1036.0,0.0,0.0,4528.0,0.0,320.0,0.0,0.0,11227.61,0.0,0.0,0.0,0.0,0.0,268.0,0.0,0.0,0.0,0.0,0.0,0.0,True,Churned
2652,1,27,596.95,16,190,1.0,0.0,250.0,0.0,0.0,0.0,0.0,0.0,156.0,0.0,0.0,0.0,0.0,191.0,0.0,0.0,0.0,0.0,0.0,0.0,0.0,596.95,0.0,0.0,0.0,0.0,0.0,27.0,0.0,0.0,0.0,0.0,0.0,0.0,True,Churned
2653,1,2,3.76,1,14,0.0,1.0,0.0,0.0,0.0,4.0,0.0,0.0,0.0,0.0,0.0,0.0,0.0,0.0,0.0,0.0,0.0,0.0,0.0,0.0,0.0,3.76,0.0,0.0,0.0,0.0,0.0,0.0,0.0,0.0,0.0,0.0,0.0,2.0,True,Churned
2654,12,279,9705.01,152,602,0.46,0.54,616.0,349.0,61.0,799.0,0.0,22.0,1848.0,130.0,1042.0,0.0,154.0,2805.0,0.0,0.0,1121.0,105.0,202.0,450.0,0.0,7346.6,473.54,51.06,0.0,0.0,355.9,181.0,6.0,12.0,4.0,19.0,0.0,12.0,True,Churned
2655,10,151,8878.57,54,872,0.11,0.89,438.0,255.0,0.0,40.0,0.0,74.0,388.0,100.0,4.0,0.0,0.0,677.0,0.0,5894.0,837.0,0.0,172.0,0.0,0.0,3007.35,483.36,0.0,703.6,0.0,4684.26,82.0,9.0,0.0,5.0,0.0,0.0,14.0,True,Churned
2656,5,433,4284.61,117,298,0.62,0.38,463.0,256.0,0.0,849.0,0.0,196.0,1462.0,16.0,0.0,0.0,0.0,575.0,0.0,0.0,354.0,0.0,115.0,0.0,0.0,4083.48,112.3,0.0,0.0,0.0,88.83,411.0,7.0,0.0,0.0,0.0,0.0,9.0,True,Churned
2658,2,134,1877.4,76,356,0.91,0.09,0.0,6.0,0.0,0.0,0.0,2.0,1027.0,109.0,7.0,0.0,8.0,104.0,0.0,0.0,609.0,6.0,0.0,0.0,0.0,915.24,0.0,0.0,0.0,0.0,24.37,47.0,0.0,0.0,0.0,0.0,0.0,0.0,True,Churned
2660,2,57,5562.55,24,332,1.0,0.0,700.0,17.0,0.0,0.0,0.0,0.0,1488.0,0.0,0.0,0.0,0.0,1501.0,0.0,0.0,1706.0,0.0,150.0,0.0,0.0,5562.55,0.0,0.0,0.0,0.0,0.0,54.0,0.0,0.0,0.0,3.0,0.0,0.0,True,Churned
2663,8,21,1460.75,10,805,0.13,0.87,0.0,25.0,0.0,211.0,0.0,0.0,197.0,0.0,0.0,0.0,0.0,10.0,0.0,1005.0,14.0,0.0,0.0,0.0,0.0,1347.13,101.43,0.0,0.0,0.0,12.19,3.0,0.0,4.0,6.0,0.0,0.0,2.0,True,Churned
2664,2,7,851.0,2,249,0.0,1.0,851.0,0.0,0.0,0.0,0.0,0.0,0.0,0.0,0.0,0.0,0.0,0.0,0.0,0.0,0.0,0.0,0.0,0.0,0.0,0.0,851.0,0.0,0.0,0.0,0.0,0.0,0.0,0.0,1.0,0.0,0.0,0.0,True,Churned
2666,1,8,104.8,5,129,1.0,0.0,0.0,0.0,0.0,0.0,0.0,0.0,57.0,0.0,0.0,0.0,46.0,0.0,0.0,0.0,0.0,0.0,2.0,0.0,0.0,104.8,0.0,0.0,0.0,0.0,0.0,8.0,0.0,0.0,0.0,0.0,0.0,0.0,True,Churned
2671,4,45,5807.09,6,103,0.91,0.09,5310.0,167.0,0.0,250.0,0.0,80.0,0.0,0.0,0.0,0.0,0.0,0.0,0.0,0.0,0.0,0.0,0.0,0.0,0.0,5784.12,0.0,0.0,0.0,0.0,22.97,25.0,0.0,0.0,0.0,18.0,0.0,1.0,True,Churned
2673,2,6,131.11,4,25,0.55,0.45,50.0,60.0,0.0,0.0,0.0,0.0,0.0,0.0,0.0,0.0,0.0,22.0,0.0,0.0,0.0,0.0,0.0,0.0,0.0,71.6,0.0,0.0,0.0,0.0,59.51,3.0,0.0,0.0,0.0,3.0,0.0,0.0,True,Churned
2674,2,25,85.75,6,693,0.51,0.49,0.0,0.0,0.0,0.0,0.0,0.0,0.0,0.0,0.0,0.0,0.0,17.0,0.0,0.0,69.0,0.0,0.0,0.0,0.0,84.15,1.6,0.0,0.0,0.0,0.0,4.0,0.0,0.0,0.0,0.0,0.0,0.0,True,Churned
2678,2,15,3643.99,6,363,0.59,0.41,3449.0,0.0,0.0,0.0,0.0,0.0,0.0,0.0,0.0,0.0,0.0,41.0,0.0,0.0,0.0,33.0,120.0,0.0,0.0,3643.99,0.0,0.0,0.0,0.0,0.0,6.0,0.0,0.0,9.0,0.0,0.0,0.0,True,Churned
2681,1,69,1889.26,47,39,0.97,0.03,0.0,0.0,0.0,143.0,0.0,0.0,482.0,100.0,17.0,0.0,0.0,544.0,0.0,0.0,220.0,0.0,383.0,0.0,0.0,1889.26,0.0,0.0,0.0,0.0,0.0,69.0,0.0,0.0,0.0,0.0,0.0,0.0,True,Churned
2682,5,27,292.86,8,167,0.41,0.59,0.0,1.0,0.0,140.0,0.0,83.0,21.0,0.0,0.0,0.0,0.0,0.0,0.0,0.0,49.0,0.0,0.0,0.0,0.0,161.75,0.0,0.0,0.0,0.0,131.11,20.0,0.0,0.0,0.0,1.0,0.0,0.0,True,Churned
2683,1,10,1104.3,8,421,0.43,0.57,0.0,0.0,0.0,0.0,0.0,0.0,252.0,0.0,280.0,0.0,0.0,152.0,0.0,199.0,222.0,0.0,0.0,0.0,0.0,710.65,393.65,0.0,0.0,0.0,0.0,10.0,0.0,0.0,0.0,0.0,0.0,0.0,True,Churned
2689,11,211,44955.08,113,337,0.94,0.06,35182.0,925.0,0.0,0.0,0.0,3120.0,861.0,17.0,341.0,0.0,11.0,199.0,0.0,0.0,1356.0,0.0,2943.0,0.0,0.0,35736.1,8125.81,0.0,0.0,0.0,0.0,140.0,1.0,0.0,5.0,1.0,37.0,0.0,True,Churned
2690,1,109,12360.44,55,276,0.91,0.09,9000.0,0.0,0.0,0.0,0.0,0.0,1040.0,30.0,0.0,0.0,0.0,101.0,0.0,0.0,689.0,70.0,1431.0,0.0,0.0,12360.44,0.0,0.0,0.0,0.0,0.0,109.0,0.0,0.0,0.0,0.0,0.0,0.0,True,Churned
2693,19,189,19957.65,88,718,0.06,0.94,12574.0,551.0,0.0,732.0,0.0,105.0,173.0,161.0,4467.0,0.0,0.0,117.0,0.0,0.0,828.0,0.0,250.0,0.0,75.61,15611.4,1115.92,0.0,0.0,1108.41,742.26,40.0,9.0,0.0,43.0,12.0,1.0,23.0,True,Churned
2695,1,1,31.0,1,1,0.0,1.0,31.0,0.0,0.0,0.0,0.0,0.0,0.0,0.0,0.0,0.0,0.0,0.0,0.0,0.0,0.0,0.0,0.0,0.0,0.0,31.0,0.0,0.0,0.0,0.0,0.0,0.0,0.0,0.0,1.0,0.0,0.0,0.0,True,Churned
2700,14,158,2760.56,62,303,0.13,0.87,0.0,1194.0,0.0,378.0,0.0,34.0,27.0,0.0,442.0,0.0,0.0,137.0,0.0,0.0,364.0,0.0,184.0,0.0,0.0,2135.24,436.03,46.82,0.0,0.0,142.47,63.0,1.0,3.0,4.0,21.0,2.0,30.0,True,Churned
2701,5,153,9061.34,70,275,0.9,0.1,1982.0,0.0,0.0,0.0,0.0,185.0,758.0,302.0,775.0,0.0,0.0,1096.0,0.0,0.0,2030.0,22.0,1911.0,0.0,0.0,5389.71,3671.63,0.0,0.0,0.0,0.0,114.0,0.0,16.0,4.0,0.0,18.0,0.0,True,Churned
2709,1,50,1962.17,20,167,1.0,0.0,1050.0,11.0,0.0,0.0,0.0,223.0,444.0,8.0,8.0,0.0,0.0,124.0,0.0,0.0,0.0,0.0,96.0,0.0,0.0,1962.17,0.0,0.0,0.0,0.0,0.0,50.0,0.0,0.0,0.0,0.0,0.0,0.0,True,Churned
2710,1,5,218.82,4,25,1.0,0.0,0.0,0.0,0.0,0.0,0.0,0.0,17.0,0.0,0.0,0.0,0.0,64.0,0.0,0.0,0.0,0.0,138.0,0.0,0.0,218.82,0.0,0.0,0.0,0.0,0.0,5.0,0.0,0.0,0.0,0.0,0.0,0.0,True,Churned
2712,2,52,2977.55,23,91,0.21,0.79,0.0,0.0,0.0,0.0,0.0,515.0,559.0,0.0,0.0,0.0,0.0,29.0,0.0,0.0,1842.0,0.0,33.0,0.0,0.0,2977.55,0.0,0.0,0.0,0.0,0.0,50.0,0.0,0.0,2.0,0.0,0.0,0.0,True,Churned
2713,1,2,108.0,2,2,0.05,0.95,0.0,0.0,0.0,0.0,0.0,0.0,0.0,0.0,0.0,0.0,0.0,0.0,0.0,103.0,0.0,5.0,0.0,0.0,0.0,108.0,0.0,0.0,0.0,0.0,0.0,2.0,0.0,0.0,0.0,0.0,0.0,0.0,True,Churned
2714,2,9,100.25,6,4,0.96,0.04,0.0,4.0,0.0,0.0,0.0,0.0,96.0,0.0,0.0,0.0,0.0,0.0,0.0,0.0,0.0,0.0,0.0,0.0,0.0,100.25,0.0,0.0,0.0,0.0,0.0,5.0,0.0,0.0,0.0,4.0,0.0,0.0,True,Churned
2715,1,2,19.0,2,2,0.11,0.89,0.0,0.0,0.0,0.0,0.0,17.0,2.0,0.0,0.0,0.0,0.0,0.0,0.0,0.0,0.0,0.0,0.0,0.0,0.0,19.0,0.0,0.0,0.0,0.0,0.0,2.0,0.0,0.0,0.0,0.0,0.0,0.0,True,Churned
2716,5,61,5928.02,34,221,0.55,0.45,1350.0,199.0,0.0,367.0,0.0,1341.0,1089.0,0.0,847.0,0.0,0.0,33.0,0.0,0.0,646.0,6.0,51.0,0.0,0.0,5399.83,483.52,0.0,0.0,0.0,0.0,42.0,0.0,0.0,2.0,12.0,0.0,0.0,True,Churned
2721,2,18,292.89,15,211,0.89,0.11,120.0,0.0,0.0,25.0,0.0,0.0,8.0,0.0,0.0,0.0,0.0,82.0,0.0,0.0,7.0,8.0,42.0,0.0,0.0,292.89,0.0,0.0,0.0,0.0,0.0,17.0,0.0,0.0,0.0,0.0,0.0,0.0,True,Churned
2722,1,6,425.75,6,145,1.0,0.0,0.0,0.0,0.0,0.0,0.0,0.0,7.0,0.0,0.0,0.0,0.0,0.0,0.0,0.0,351.0,0.0,68.0,0.0,0.0,425.75,0.0,0.0,0.0,0.0,0.0,6.0,0.0,0.0,0.0,0.0,0.0,0.0,True,Churned
2735,1,23,137.83,16,108,0.98,0.02,0.0,0.0,0.0,0.0,0.0,0.0,88.0,0.0,0.0,0.0,0.0,36.0,0.0,0.0,0.0,0.0,14.0,0.0,0.0,137.83,0.0,0.0,0.0,0.0,0.0,23.0,0.0,0.0,0.0,0.0,0.0,0.0,True,Churned
2736,1,10,58.15,8,98,1.0,0.0,0.0,0.0,0.0,0.0,0.0,0.0,44.0,0.0,0.0,0.0,0.0,0.0,0.0,0.0,14.0,0.0,0.0,0.0,0.0,58.15,0.0,0.0,0.0,0.0,0.0,10.0,0.0,0.0,0.0,0.0,0.0,0.0,True,Churned
2741,9,173,5340.08,64,442,0.11,0.89,836.0,368.0,0.0,0.0,0.0,76.0,278.0,156.0,0.0,0.0,0.0,393.0,0.0,0.0,3171.0,12.0,50.0,0.0,0.0,4340.52,687.63,141.26,0.0,0.0,170.67,121.0,4.0,0.0,0.0,19.0,0.0,12.0,True,Churned
2743,2,40,9896.7,9,284,0.97,0.03,9590.0,0.0,0.0,0.0,0.0,0.0,12.0,0.0,0.0,0.0,0.0,33.0,0.0,0.0,253.0,0.0,9.0,0.0,0.0,9896.7,0.0,0.0,0.0,0.0,0.0,30.0,0.0,0.0,0.0,0.0,0.0,0.0,True,Churned
2744,1,1,20.0,1,1,1.0,0.0,0.0,0.0,0.0,0.0,0.0,0.0,20.0,0.0,0.0,0.0,0.0,0.0,0.0,0.0,0.0,0.0,0.0,0.0,0.0,20.0,0.0,0.0,0.0,0.0,0.0,1.0,0.0,0.0,0.0,0.0,0.0,0.0,True,Churned
2745,2,12,348.05,8,59,0.23,0.77,0.0,67.0,0.0,0.0,0.0,0.0,209.0,0.0,0.0,0.0,0.0,0.0,0.0,0.0,28.0,0.0,44.0,0.0,0.0,348.05,0.0,0.0,0.0,0.0,0.0,11.0,1.0,0.0,0.0,0.0,0.0,0.0,True,Churned
2746,1,7,92.5,6,8,1.0,0.0,0.0,0.0,0.0,0.0,0.0,0.0,39.0,0.0,14.0,0.0,0.0,9.0,0.0,0.0,31.0,0.0,0.0,0.0,0.0,92.5,0.0,0.0,0.0,0.0,0.0,7.0,0.0,0.0,0.0,0.0,0.0,0.0,True,Churned
2747,6,100,5427.35,7,407,0.0,1.0,0.0,2635.0,0.0,16.0,0.0,68.0,0.0,0.0,0.0,0.0,0.0,0.0,0.0,2000.0,611.0,98.0,0.0,0.0,0.0,5427.35,0.0,0.0,0.0,0.0,0.0,1.0,3.0,0.0,1.0,93.0,0.0,0.0,True,Churned
2749,1,5,2288.0,3,85,1.0,0.0,2260.0,0.0,0.0,0.0,0.0,0.0,28.0,0.0,0.0,0.0,0.0,0.0,0.0,0.0,0.0,0.0,0.0,0.0,0.0,2288.0,0.0,0.0,0.0,0.0,0.0,5.0,0.0,0.0,0.0,0.0,0.0,0.0,True,Churned
2752,1,2,2.45,2,113,1.0,0.0,0.0,0.0,0.0,0.0,0.0,0.0,2.0,0.0,0.0,0.0,0.0,0.0,0.0,0.0,0.0,0.0,1.0,0.0,0.0,2.45,0.0,0.0,0.0,0.0,0.0,2.0,0.0,0.0,0.0,0.0,0.0,0.0,True,Churned
2755,1,48,375.2,12,250,1.0,0.0,0.0,0.0,0.0,0.0,0.0,0.0,284.0,0.0,0.0,0.0,0.0,7.0,0.0,0.0,30.0,0.0,55.0,0.0,0.0,375.2,0.0,0.0,0.0,0.0,0.0,48.0,0.0,0.0,0.0,0.0,0.0,0.0,True,Churned
2756,1,2,923.35,1,6,0.0,1.0,0.0,0.0,0.0,0.0,0.0,0.0,0.0,0.0,0.0,0.0,0.0,0.0,0.0,923.0,0.0,0.0,0.0,0.0,0.0,923.35,0.0,0.0,0.0,0.0,0.0,2.0,0.0,0.0,0.0,0.0,0.0,0.0,True,Churned
2757,2,3,204.64,2,114,0.0,1.0,0.0,2.0,0.0,0.0,0.0,0.0,0.0,0.0,0.0,0.0,0.0,0.0,0.0,0.0,203.0,0.0,0.0,0.0,0.0,2.0,0.0,0.0,0.0,0.0,202.64,0.0,0.0,0.0,0.0,1.0,0.0,0.0,True,Churned
2758,1,1,28.0,1,1,1.0,0.0,0.0,0.0,0.0,0.0,0.0,0.0,0.0,0.0,0.0,0.0,0.0,0.0,0.0,0.0,28.0,0.0,0.0,0.0,0.0,28.0,0.0,0.0,0.0,0.0,0.0,1.0,0.0,0.0,0.0,0.0,0.0,0.0,True,Churned
2759,1,1,21.0,1,1,0.0,1.0,0.0,21.0,0.0,0.0,0.0,0.0,0.0,0.0,0.0,0.0,0.0,0.0,0.0,0.0,0.0,0.0,0.0,0.0,0.0,21.0,0.0,0.0,0.0,0.0,0.0,0.0,0.0,0.0,0.0,1.0,0.0,0.0,True,Churned
2760,3,6,171.46,6,217,1.0,0.0,0.0,0.0,0.0,34.0,0.0,0.0,0.0,0.0,0.0,0.0,0.0,48.0,0.0,0.0,87.0,0.0,3.0,0.0,0.0,7.1,0.0,0.0,0.0,0.0,7.1,1.0,0.0,0.0,0.0,0.0,0.0,2.0,True,Churned
2763,4,112,1436.39,72,468,1.0,0.0,0.0,0.0,0.0,0.0,0.0,0.0,49.0,47.0,15.0,0.0,0.0,500.0,0.0,0.0,589.0,36.0,200.0,0.0,0.0,93.37,67.06,10.79,0.0,0.0,0.0,1.0,0.0,0.0,1.0,0.0,0.0,0.0,True,Churned
2765,1,1,15.0,1,1,0.0,1.0,0.0,0.0,0.0,0.0,0.0,0.0,0.0,0.0,0.0,0.0,0.0,0.0,0.0,15.0,0.0,0.0,0.0,0.0,0.0,15.0,0.0,0.0,0.0,0.0,0.0,1.0,0.0,0.0,0.0,0.0,0.0,0.0,True,Churned
2766,3,18,2126.86,11,70,0.98,0.02,70.0,39.0,0.0,0.0,0.0,0.0,11.0,0.0,0.0,0.0,1870.0,0.0,0.0,0.0,0.0,0.0,136.0,0.0,0.0,2126.86,0.0,0.0,0.0,0.0,0.0,16.0,1.0,0.0,0.0,1.0,0.0,0.0,True,Churned
2767,1,2,4.95,2,596,1.0,0.0,0.0,0.0,0.0,0.0,0.0,0.0,5.0,0.0,0.0,0.0,0.0,0.0,0.0,0.0,0.0,0.0,0.0,0.0,0.0,4.95,0.0,0.0,0.0,0.0,0.0,2.0,0.0,0.0,0.0,0.0,0.0,0.0,True,Churned
2769,1,4,39.8,4,17,1.0,0.0,0.0,0.0,0.0,0.0,0.0,0.0,14.0,0.0,0.0,0.0,0.0,16.0,0.0,0.0,10.0,0.0,0.0,0.0,0.0,39.8,0.0,0.0,0.0,0.0,0.0,4.0,0.0,0.0,0.0,0.0,0.0,0.0,True,Churned
2770,3,6,943.7,6,47,0.04,0.96,0.0,0.0,0.0,0.0,0.0,0.0,6.0,0.0,903.0,0.0,0.0,20.0,0.0,0.0,16.0,0.0,0.0,0.0,0.0,943.7,0.0,0.0,0.0,0.0,0.0,4.0,0.0,0.0,1.0,0.0,0.0,0.0,True,Churned
2772,4,33,606.2,20,307,0.94,0.06,0.0,0.0,0.0,0.0,0.0,0.0,45.0,43.0,11.0,0.0,0.0,232.0,0.0,0.0,215.0,0.0,59.0,0.0,0.0,283.05,22.2,0.0,0.0,0.0,0.0,24.0,0.0,1.0,0.0,0.0,3.0,0.0,True,Churned
2775,2,6,82.02,2,107,0.0,1.0,0.0,0.0,0.0,45.0,0.0,0.0,0.0,0.0,0.0,0.0,0.0,0.0,0.0,0.0,38.0,0.0,0.0,0.0,0.0,66.42,15.6,0.0,0.0,0.0,0.0,4.0,0.0,0.0,0.0,0.0,0.0,0.0,True,Churned
2777,1,15,99.4,7,83,1.0,0.0,0.0,0.0,0.0,0.0,0.0,0.0,76.0,0.0,0.0,0.0,0.0,23.0,0.0,0.0,0.0,0.0,0.0,0.0,0.0,99.4,0.0,0.0,0.0,0.0,0.0,15.0,0.0,0.0,0.0,0.0,0.0,0.0,True,Churned
2778,3,239,2527.25,4,512,0.0,1.0,0.0,1766.0,0.0,1.0,0.0,0.0,0.0,0.0,0.0,0.0,0.0,0.0,0.0,0.0,760.0,0.0,0.0,0.0,0.0,2527.25,0.0,0.0,0.0,0.0,0.0,0.0,0.0,0.0,0.0,3.0,0.0,234.0,True,Churned
2779,1,7,54.9,6,117,1.0,0.0,0.0,0.0,0.0,0.0,0.0,0.0,30.0,0.0,0.0,0.0,0.0,25.0,0.0,0.0,0.0,0.0,0.0,0.0,0.0,54.9,0.0,0.0,0.0,0.0,0.0,7.0,0.0,0.0,0.0,0.0,0.0,0.0,True,Churned
2781,6,56,36953.29,10,828,0.0,1.0,1782.0,0.0,0.0,0.0,0.0,299.0,0.0,0.0,0.0,0.0,0.0,0.0,0.0,34872.0,0.0,0.0,0.0,0.0,0.0,18161.25,12116.72,0.0,0.0,0.0,6675.32,7.0,0.0,0.0,8.0,0.0,0.0,0.0,True,Churned
2783,1,15,69.25,4,563,0.0,1.0,0.0,31.0,0.0,35.0,0.0,0.0,0.0,0.0,3.0,0.0,0.0,0.0,0.0,0.0,0.0,0.0,0.0,0.0,0.0,69.25,0.0,0.0,0.0,0.0,0.0,0.0,0.0,0.0,0.0,0.0,0.0,15.0,True,Churned
2785,1,8,102.55,6,26,1.0,0.0,0.0,0.0,0.0,0.0,0.0,0.0,70.0,0.0,0.0,0.0,0.0,32.0,0.0,0.0,0.0,0.0,0.0,0.0,0.0,102.55,0.0,0.0,0.0,0.0,0.0,8.0,0.0,0.0,0.0,0.0,0.0,0.0,True,Churned
2786,1,1,1.0,1,1,1.0,0.0,0.0,0.0,0.0,0.0,0.0,0.0,0.0,0.0,0.0,0.0,0.0,0.0,0.0,0.0,0.0,0.0,1.0,0.0,0.0,1.0,0.0,0.0,0.0,0.0,0.0,1.0,0.0,0.0,0.0,0.0,0.0,0.0,True,Churned
2788,2,4,114.04,3,206,1.0,0.0,0.0,0.0,0.0,0.0,0.0,0.0,47.0,0.0,0.0,0.0,0.0,67.0,0.0,0.0,0.0,0.0,0.0,0.0,0.0,100.95,13.09,0.0,0.0,0.0,0.0,3.0,0.0,1.0,0.0,0.0,0.0,0.0,True,Churned
2789,1,7,26.43,3,374,0.0,1.0,0.0,13.0,0.0,0.0,0.0,0.0,0.0,0.0,0.0,0.0,0.0,0.0,0.0,0.0,0.0,0.0,13.0,0.0,0.0,13.0,13.43,0.0,0.0,0.0,0.0,7.0,0.0,0.0,0.0,0.0,0.0,0.0,True,Churned
2790,1,3,150.0,2,7,1.0,0.0,0.0,0.0,0.0,0.0,0.0,0.0,150.0,0.0,0.0,0.0,0.0,0.0,0.0,0.0,0.0,0.0,0.0,0.0,0.0,150.0,0.0,0.0,0.0,0.0,0.0,3.0,0.0,0.0,0.0,0.0,0.0,0.0,True,Churned
2793,2,72,456.81,39,150,0.78,0.22,0.0,14.0,0.0,0.0,0.0,0.0,240.0,15.0,10.0,0.0,0.0,55.0,0.0,0.0,35.0,0.0,88.0,0.0,0.0,456.81,0.0,0.0,0.0,0.0,0.0,69.0,0.0,0.0,0.0,3.0,0.0,0.0,True,Churned
2794,1,7,135.9,6,330,1.0,0.0,0.0,0.0,0.0,0.0,0.0,0.0,34.0,0.0,0.0,0.0,0.0,50.0,0.0,0.0,49.0,0.0,4.0,0.0,0.0,135.9,0.0,0.0,0.0,0.0,0.0,7.0,0.0,0.0,0.0,0.0,0.0,0.0,True,Churned
2795,1,18,104.55,9,87,1.0,0.0,0.0,0.0,0.0,0.0,0.0,0.0,89.0,0.0,0.0,0.0,0.0,16.0,0.0,0.0,0.0,0.0,0.0,0.0,0.0,104.55,0.0,0.0,0.0,0.0,0.0,18.0,0.0,0.0,0.0,0.0,0.0,0.0,True,Churned
2797,1,9,95.1,8,100,1.0,0.0,0.0,1.0,0.0,0.0,0.0,0.0,31.0,0.0,0.0,0.0,0.0,60.0,0.0,0.0,0.0,0.0,2.0,0.0,0.0,95.1,0.0,0.0,0.0,0.0,0.0,9.0,0.0,0.0,0.0,0.0,0.0,0.0,True,Churned
2798,1,1,1.1,1,1,0.0,1.0,0.0,1.0,0.0,0.0,0.0,0.0,0.0,0.0,0.0,0.0,0.0,0.0,0.0,0.0,0.0,0.0,0.0,0.0,0.0,1.1,0.0,0.0,0.0,0.0,0.0,0.0,0.0,0.0,1.0,0.0,0.0,0.0,True,Churned
2799,1,1,7.51,1,1,0.0,1.0,0.0,0.0,0.0,0.0,0.0,0.0,0.0,0.0,0.0,0.0,0.0,0.0,0.0,0.0,8.0,0.0,0.0,0.0,0.0,0.0,0.0,0.0,0.0,0.0,7.51,0.0,0.0,0.0,1.0,0.0,0.0,0.0,True,Churned
2800,1,2,31.75,2,5,1.0,0.0,0.0,0.0,0.0,0.0,0.0,0.0,4.0,0.0,0.0,0.0,0.0,28.0,0.0,0.0,0.0,0.0,0.0,0.0,0.0,31.75,0.0,0.0,0.0,0.0,0.0,2.0,0.0,0.0,0.0,0.0,0.0,0.0,True,Churned
2801,1,1,30.0,1,1,0.0,1.0,30.0,0.0,0.0,0.0,0.0,0.0,0.0,0.0,0.0,0.0,0.0,0.0,0.0,0.0,0.0,0.0,0.0,0.0,0.0,30.0,0.0,0.0,0.0,0.0,0.0,0.0,0.0,0.0,1.0,0.0,0.0,0.0,True,Churned
2802,1,13,3800.0,5,364,0.0,1.0,0.0,0.0,0.0,3800.0,0.0,0.0,0.0,0.0,0.0,0.0,0.0,0.0,0.0,0.0,0.0,0.0,0.0,0.0,0.0,3800.0,0.0,0.0,0.0,0.0,0.0,13.0,0.0,0.0,0.0,0.0,0.0,0.0,True,Churned
2804,1,28,56.4,17,7,1.0,0.0,0.0,0.0,0.0,0.0,0.0,0.0,56.0,0.0,0.0,0.0,0.0,0.0,0.0,0.0,0.0,0.0,0.0,0.0,0.0,56.4,0.0,0.0,0.0,0.0,0.0,28.0,0.0,0.0,0.0,0.0,0.0,0.0,True,Churned
2806,1,2,34.3,1,126,0.0,1.0,0.0,0.0,0.0,0.0,0.0,0.0,0.0,0.0,0.0,0.0,0.0,0.0,0.0,0.0,34.0,0.0,0.0,0.0,0.0,34.3,0.0,0.0,0.0,0.0,0.0,2.0,0.0,0.0,0.0,0.0,0.0,0.0,True,Churned
2807,2,3,93.16,3,19,0.97,0.03,0.0,0.0,0.0,0.0,0.0,0.0,40.0,0.0,50.0,0.0,0.0,0.0,0.0,0.0,3.0,0.0,0.0,0.0,0.0,90.25,0.0,0.0,0.0,0.0,2.91,2.0,0.0,0.0,0.0,0.0,0.0,0.0,True,Churned
2808,1,1,2.0,1,1,0.0,1.0,0.0,0.0,0.0,0.0,0.0,0.0,0.0,0.0,0.0,0.0,0.0,0.0,0.0,0.0,0.0,0.0,2.0,0.0,0.0,2.0,0.0,0.0,0.0,0.0,0.0,1.0,0.0,0.0,0.0,0.0,0.0,0.0,True,Churned
2810,1,16,78.4,10,124,1.0,0.0,0.0,0.0,0.0,0.0,0.0,0.0,0.0,0.0,0.0,0.0,0.0,73.0,0.0,0.0,4.0,0.0,1.0,0.0,0.0,78.4,0.0,0.0,0.0,0.0,0.0,16.0,0.0,0.0,0.0,0.0,0.0,0.0,True,Churned
2811,1,2,70.0,1,3,0.0,1.0,0.0,0.0,0.0,70.0,0.0,0.0,0.0,0.0,0.0,0.0,0.0,0.0,0.0,0.0,0.0,0.0,0.0,0.0,0.0,70.0,0.0,0.0,0.0,0.0,0.0,2.0,0.0,0.0,0.0,0.0,0.0,0.0,True,Churned
2813,2,2,31.9,2,5,0.0,1.0,0.0,0.0,0.0,32.0,0.0,0.0,0.0,0.0,0.0,0.0,0.0,0.0,0.0,0.0,0.0,0.0,0.0,0.0,0.0,31.9,0.0,0.0,0.0,0.0,0.0,1.0,0.0,0.0,1.0,0.0,0.0,0.0,True,Churned
2814,1,3,156.42,2,209,0.0,1.0,121.0,0.0,0.0,0.0,0.0,0.0,0.0,0.0,0.0,0.0,0.0,0.0,0.0,35.0,0.0,0.0,0.0,0.0,0.0,35.0,121.42,0.0,0.0,0.0,0.0,0.0,0.0,0.0,3.0,0.0,0.0,0.0,True,Churned
2816,1,1,100.0,1,1,1.0,0.0,100.0,0.0,0.0,0.0,0.0,0.0,0.0,0.0,0.0,0.0,0.0,0.0,0.0,0.0,0.0,0.0,0.0,0.0,0.0,100.0,0.0,0.0,0.0,0.0,0.0,1.0,0.0,0.0,0.0,0.0,0.0,0.0,True,Churned
2817,1,1,115.0,1,1,0.0,1.0,0.0,0.0,0.0,115.0,0.0,0.0,0.0,0.0,0.0,0.0,0.0,0.0,0.0,0.0,0.0,0.0,0.0,0.0,0.0,115.0,0.0,0.0,0.0,0.0,0.0,1.0,0.0,0.0,0.0,0.0,0.0,0.0,True,Churned
2818,2,5,148.29,3,170,0.0,1.0,0.0,0.0,0.0,148.0,0.0,0.0,0.0,0.0,0.0,0.0,0.0,0.0,0.0,0.0,0.0,0.0,0.0,0.0,0.0,122.0,26.29,0.0,0.0,0.0,0.0,1.0,0.0,0.0,0.0,0.0,0.0,0.0,True,Churned
2821,1,3,98.95,3,2,1.0,0.0,0.0,0.0,0.0,0.0,0.0,0.0,99.0,0.0,0.0,0.0,0.0,0.0,0.0,0.0,0.0,0.0,0.0,0.0,0.0,98.95,0.0,0.0,0.0,0.0,0.0,3.0,0.0,0.0,0.0,0.0,0.0,0.0,True,Churned
2822,1,1,38.95,1,1,0.0,1.0,0.0,0.0,0.0,0.0,0.0,0.0,0.0,0.0,0.0,0.0,0.0,0.0,0.0,0.0,39.0,0.0,0.0,0.0,0.0,38.95,0.0,0.0,0.0,0.0,0.0,0.0,1.0,0.0,0.0,0.0,0.0,0.0,True,Churned
2824,1,2,143.0,2,32,0.05,0.95,0.0,0.0,0.0,0.0,0.0,0.0,7.0,0.0,0.0,0.0,0.0,0.0,0.0,136.0,0.0,0.0,0.0,0.0,0.0,143.0,0.0,0.0,0.0,0.0,0.0,2.0,0.0,0.0,0.0,0.0,0.0,0.0,True,Churned
2825,1,3,27.1,3,9,1.0,0.0,0.0,0.0,0.0,0.0,0.0,0.0,27.0,0.0,0.0,0.0,0.0,0.0,0.0,0.0,0.0,0.0,0.0,0.0,0.0,27.1,0.0,0.0,0.0,0.0,0.0,3.0,0.0,0.0,0.0,0.0,0.0,0.0,True,Churned
2853,3,174,3482.4,52,233,0.75,0.25,1550.0,0.0,0.0,855.0,0.0,0.0,752.0,40.0,0.0,0.0,0.0,80.0,0.0,0.0,71.0,0.0,135.0,0.0,0.0,3482.4,0.0,0.0,0.0,0.0,0.0,172.0,0.0,0.0,0.0,0.0,0.0,0.0,True,Churned
2867,5,111,4313.52,87,798,1.0,0.0,0.0,0.0,0.0,37.0,0.0,0.0,327.0,745.0,96.0,0.0,0.0,1700.0,0.0,0.0,1213.0,0.0,197.0,0.0,0.0,2045.91,1496.93,0.0,0.0,0.0,0.0,71.0,2.0,0.0,0.0,0.0,0.0,0.0,True,Churned
2871,2,7,240.91,2,22,0.0,1.0,241.0,0.0,0.0,0.0,0.0,0.0,0.0,0.0,0.0,0.0,0.0,0.0,0.0,0.0,0.0,0.0,0.0,0.0,0.0,240.91,0.0,0.0,0.0,0.0,0.0,0.0,0.0,0.0,4.0,0.0,0.0,0.0,True,Churned
2879,5,90,2213.98,76,201,1.0,0.0,414.0,30.0,0.0,18.0,0.0,26.0,313.0,63.0,189.0,0.0,0.0,790.0,0.0,0.0,310.0,0.0,60.0,0.0,0.0,1086.58,68.78,0.0,0.0,0.0,18.5,33.0,0.0,2.0,1.0,0.0,0.0,2.0,True,Churned
2880,1,196,2056.65,33,320,0.84,0.16,428.0,0.0,0.0,14.0,0.0,0.0,397.0,0.0,0.0,0.0,11.0,1174.0,0.0,0.0,33.0,0.0,0.0,0.0,0.0,2056.65,0.0,0.0,0.0,0.0,0.0,196.0,0.0,0.0,0.0,0.0,0.0,0.0,True,Churned
2884,6,134,1850.03,69,537,0.9,0.1,0.0,62.0,0.0,250.0,0.0,0.0,489.0,0.0,102.0,0.0,0.0,751.0,0.0,0.0,45.0,10.0,141.0,0.0,0.0,1394.13,436.81,19.09,0.0,0.0,0.0,106.0,14.0,0.0,3.0,7.0,0.0,0.0,True,Churned
2885,14,371,13194.21,87,591,0.47,0.53,2057.0,3914.0,0.0,687.0,0.0,272.0,2963.0,302.0,188.0,0.0,0.0,383.0,0.0,0.0,2040.0,0.0,389.0,0.0,0.0,10795.06,1520.42,375.45,0.0,0.0,503.28,163.0,28.0,9.0,21.0,80.0,0.0,18.0,True,Churned
2887,6,74,2310.27,14,271,0.0,1.0,0.0,685.0,0.0,579.0,0.0,270.0,0.0,0.0,0.0,0.0,0.0,0.0,0.0,3.0,768.0,0.0,5.0,0.0,0.0,2115.28,194.99,0.0,0.0,0.0,0.0,9.0,0.0,0.0,2.0,47.0,2.0,0.0,True,Churned
2888,8,370,6294.24,70,352,0.74,0.26,0.0,602.0,0.0,0.0,0.0,0.0,2138.0,255.0,12.0,0.0,26.0,1063.0,0.0,0.0,1125.0,0.0,1074.0,0.0,0.0,5382.33,27.89,0.0,0.0,0.0,753.73,326.0,4.0,0.0,2.0,31.0,0.0,0.0,True,Churned
2891,6,23,413.79,19,380,0.41,0.59,0.0,341.0,0.0,0.0,0.0,0.0,0.0,0.0,0.0,0.0,0.0,60.0,0.0,0.0,13.0,0.0,0.0,0.0,0.0,316.93,16.81,0.0,0.0,0.0,80.05,2.0,0.0,0.0,2.0,13.0,0.0,4.0,True,Churned
2892,7,635,14794.89,219,432,0.9,0.1,1487.0,6.0,0.0,861.0,0.0,0.0,5241.0,254.0,430.0,0.0,254.0,2305.0,0.0,0.0,1147.0,20.0,2789.0,0.0,0.0,12716.48,1966.35,0.0,0.0,0.0,0.0,587.0,6.0,3.0,0.0,0.0,0.0,0.0,True,Churned
2895,2,88,2008.56,12,482,0.44,0.56,720.0,10.0,0.0,1109.0,0.0,0.0,130.0,0.0,0.0,0.0,0.0,40.0,0.0,0.0,0.0,0.0,0.0,0.0,0.0,2008.56,0.0,0.0,0.0,0.0,0.0,86.0,0.0,0.0,0.0,2.0,0.0,0.0,True,Churned
2898,2,17,15649.75,3,363,0.0,1.0,0.0,0.0,0.0,0.0,0.0,0.0,13.0,0.0,0.0,0.0,0.0,0.0,0.0,15636.0,0.0,0.0,1.0,0.0,0.0,13.9,15635.85,0.0,0.0,0.0,0.0,2.0,0.0,0.0,0.0,0.0,0.0,0.0,True,Churned
2901,1,3,113.0,2,1,0.05,0.95,0.0,0.0,0.0,0.0,0.0,0.0,5.0,0.0,0.0,0.0,0.0,0.0,0.0,108.0,0.0,0.0,0.0,0.0,0.0,113.0,0.0,0.0,0.0,0.0,0.0,3.0,0.0,0.0,0.0,0.0,0.0,0.0,True,Churned
2904,1,47,2402.7,33,308,1.0,0.0,0.0,0.0,0.0,20.0,0.0,0.0,439.0,38.0,25.0,0.0,0.0,1424.0,0.0,0.0,95.0,0.0,362.0,0.0,0.0,2402.7,0.0,0.0,0.0,0.0,0.0,47.0,0.0,0.0,0.0,0.0,0.0,0.0,True,Churned
2906,8,95,1600.39,63,109,0.79,0.21,0.0,56.0,0.0,0.0,0.0,1.0,582.0,120.0,0.0,0.0,0.0,151.0,0.0,0.0,141.0,0.0,538.0,11.0,0.0,397.24,1186.28,0.0,0.0,0.0,0.0,14.0,13.0,8.0,1.0,3.0,0.0,0.0,True,Churned
2909,1,24,153.9,9,84,0.51,0.49,0.0,0.0,0.0,0.0,0.0,0.0,47.0,0.0,0.0,0.0,0.0,8.0,0.0,0.0,8.0,0.0,91.0,0.0,0.0,153.9,0.0,0.0,0.0,0.0,0.0,24.0,0.0,0.0,0.0,0.0,0.0,0.0,True,Churned
2913,3,5,35.7,3,44,0.0,1.0,0.0,26.0,0.0,0.0,0.0,10.0,0.0,0.0,0.0,0.0,0.0,0.0,0.0,0.0,0.0,0.0,0.0,0.0,0.0,35.7,0.0,0.0,0.0,0.0,0.0,3.0,1.0,0.0,0.0,1.0,0.0,0.0,True,Churned
2915,1,7,33.9,4,21,0.24,0.76,0.0,10.0,0.0,0.0,0.0,0.0,8.0,0.0,0.0,0.0,0.0,0.0,0.0,0.0,16.0,0.0,0.0,0.0,0.0,33.9,0.0,0.0,0.0,0.0,0.0,7.0,0.0,0.0,0.0,0.0,0.0,0.0,True,Churned
2916,1,16,294.05,8,79,1.0,0.0,0.0,0.0,0.0,0.0,0.0,0.0,73.0,0.0,0.0,0.0,0.0,174.0,0.0,0.0,0.0,0.0,47.0,0.0,0.0,294.05,0.0,0.0,0.0,0.0,0.0,16.0,0.0,0.0,0.0,0.0,0.0,0.0,True,Churned
2919,1,3,203.0,3,159,1.0,0.0,200.0,0.0,0.0,0.0,0.0,0.0,2.0,0.0,0.0,0.0,0.0,0.0,0.0,0.0,2.0,0.0,0.0,0.0,0.0,203.0,0.0,0.0,0.0,0.0,0.0,3.0,0.0,0.0,0.0,0.0,0.0,0.0,True,Churned
2921,1,6,120.05,4,122,1.0,0.0,0.0,0.0,0.0,0.0,0.0,0.0,8.0,0.0,0.0,0.0,0.0,98.0,0.0,0.0,0.0,0.0,15.0,0.0,0.0,120.05,0.0,0.0,0.0,0.0,0.0,6.0,0.0,0.0,0.0,0.0,0.0,0.0,True,Churned
2923,5,22,3801.62,6,24,0.0,1.0,0.0,1785.0,0.0,1250.0,0.0,0.0,0.0,0.0,0.0,0.0,0.0,0.0,0.0,0.0,749.0,0.0,18.0,0.0,0.0,2001.95,1799.67,0.0,0.0,0.0,0.0,6.0,0.0,1.0,1.0,0.0,0.0,0.0,True,Churned
2924,3,27,296.72,17,286,0.73,0.27,0.0,39.0,0.0,0.0,0.0,0.0,31.0,0.0,0.0,0.0,0.0,30.0,0.0,0.0,137.0,0.0,61.0,0.0,0.0,296.72,0.0,0.0,0.0,0.0,0.0,25.0,1.0,0.0,0.0,0.0,1.0,0.0,True,Churned
2926,3,210,8968.9,31,789,0.17,0.83,2665.0,94.0,0.0,16.0,0.0,10.0,956.0,19.0,0.0,0.0,0.0,266.0,0.0,4899.0,18.0,0.0,26.0,0.0,0.0,8806.24,19.28,0.0,0.0,0.0,143.38,137.0,0.0,0.0,71.0,0.0,0.0,2.0,True,Churned
2955,15,712,38441.72,95,640,0.34,0.66,550.0,3831.0,0.0,7285.0,0.0,853.0,5567.0,1327.0,472.0,0.0,0.0,9210.0,0.0,0.0,6304.0,9.0,3034.0,0.0,0.0,36296.49,1828.83,0.0,0.0,0.0,273.08,393.0,10.0,12.0,5.0,66.0,3.0,1.0,True,Churned
2959,13,333,37544.09,190,825,0.38,0.62,2800.0,125.0,0.0,237.0,0.0,6591.0,2604.0,481.0,12513.0,0.0,1056.0,3144.0,0.0,336.0,6821.0,2.0,834.0,0.0,0.0,6600.84,25745.45,5158.27,0.0,0.0,39.53,51.0,29.0,2.0,11.0,6.0,40.0,2.0,True,Churned
2960,1,8,204.1,6,488,1.0,0.0,0.0,0.0,0.0,0.0,0.0,0.0,26.0,0.0,165.0,0.0,0.0,12.0,0.0,0.0,2.0,0.0,0.0,0.0,0.0,204.1,0.0,0.0,0.0,0.0,0.0,8.0,0.0,0.0,0.0,0.0,0.0,0.0,True,Churned
2962,9,70,1621.6,42,192,0.68,0.32,0.0,34.0,0.0,156.0,0.0,0.0,58.0,0.0,0.0,0.0,0.0,94.0,0.0,0.0,1089.0,0.0,190.0,0.0,0.0,573.94,1035.15,0.0,0.0,0.0,12.51,32.0,1.0,0.0,1.0,2.0,0.0,1.0,True,Churned
2963,10,2147,74737.19,492,945,0.64,0.36,813.0,1528.0,525.0,2747.0,0.0,0.0,27540.0,6161.0,12472.0,0.0,0.0,9123.0,0.0,0.0,12544.0,0.0,1169.0,115.0,0.0,66464.05,7682.16,0.0,0.0,0.0,590.98,1893.0,159.0,3.0,32.0,1.0,0.0,6.0,True,Churned
2965,3,27,1596.56,25,638,0.94,0.06,513.0,0.0,0.0,93.0,0.0,0.0,148.0,35.0,378.0,0.0,0.0,205.0,0.0,0.0,166.0,9.0,50.0,0.0,0.0,1405.3,191.26,0.0,0.0,0.0,0.0,20.0,0.0,0.0,0.0,0.0,4.0,0.0,True,Churned
2966,2,254,11175.37,125,712,1.0,0.0,2649.0,70.0,0.0,84.0,0.0,18.0,2114.0,656.0,325.0,0.0,34.0,1351.0,0.0,0.0,2951.0,47.0,877.0,0.0,0.0,10947.25,228.12,0.0,0.0,0.0,0.0,251.0,0.0,3.0,0.0,0.0,0.0,0.0,True,Churned
2974,1,12,215.27,11,531,1.0,0.0,0.0,0.0,0.0,0.0,0.0,0.0,11.0,0.0,0.0,0.0,0.0,43.0,0.0,0.0,95.0,0.0,66.0,0.0,0.0,215.27,0.0,0.0,0.0,0.0,0.0,12.0,0.0,0.0,0.0,0.0,0.0,0.0,True,Churned
2980,3,18,1053.22,10,271,0.77,0.23,100.0,0.0,0.0,50.0,0.0,0.0,568.0,0.0,0.0,0.0,0.0,0.0,0.0,0.0,87.0,0.0,248.0,0.0,0.0,792.0,261.22,0.0,0.0,0.0,0.0,15.0,0.0,0.0,2.0,0.0,0.0,0.0,True,Churned
2981,1,1,25.29,1,1,0.0,1.0,25.0,0.0,0.0,0.0,0.0,0.0,0.0,0.0,0.0,0.0,0.0,0.0,0.0,0.0,0.0,0.0,0.0,0.0,0.0,25.29,0.0,0.0,0.0,0.0,0.0,0.0,0.0,0.0,1.0,0.0,0.0,0.0,True,Churned
2986,14,203,10784.39,53,436,0.41,0.59,54.0,1337.0,0.0,421.0,0.0,312.0,689.0,72.0,620.0,0.0,0.0,1022.0,0.0,0.0,1852.0,299.0,4106.0,0.0,0.0,8794.07,1515.12,0.0,0.0,0.0,475.2,71.0,18.0,1.0,40.0,2.0,1.0,44.0,True,Churned
2988,1,12,1340.0,4,478,0.72,0.28,0.0,0.0,0.0,370.0,0.0,0.0,20.0,0.0,0.0,0.0,0.0,900.0,0.0,0.0,50.0,0.0,0.0,0.0,0.0,1340.0,0.0,0.0,0.0,0.0,0.0,12.0,0.0,0.0,0.0,0.0,0.0,0.0,True,Churned
2990,9,41,942.4,27,540,0.12,0.88,73.0,284.0,0.0,0.0,0.0,0.0,10.0,36.0,184.0,0.0,0.0,17.0,0.0,0.0,279.0,0.0,58.0,0.0,0.0,478.68,106.0,0.0,0.0,0.0,334.1,12.0,2.0,0.0,3.0,0.0,2.0,0.0,True,Churned
2995,7,129,3220.81,89,887,0.73,0.27,0.0,0.0,0.0,4.0,0.0,0.0,707.0,144.0,163.0,0.0,0.0,1097.0,0.0,731.0,187.0,9.0,178.0,0.0,0.0,2620.81,595.03,0.0,0.0,0.0,0.0,111.0,0.0,0.0,0.0,0.0,10.0,0.0,True,Churned
2996,8,337,6837.15,73,300,0.55,0.45,1060.0,715.0,0.0,260.0,0.0,0.0,902.0,88.0,167.0,0.0,0.0,2266.0,0.0,0.0,1288.0,0.0,92.0,0.0,0.0,6209.1,0.0,0.0,0.0,0.0,628.05,283.0,0.0,0.0,16.0,6.0,0.0,10.0,True,Churned
3000,1,1,814.0,1,1,0.0,1.0,0.0,0.0,0.0,0.0,0.0,0.0,0.0,0.0,0.0,0.0,0.0,0.0,0.0,814.0,0.0,0.0,0.0,0.0,0.0,814.0,0.0,0.0,0.0,0.0,0.0,1.0,0.0,0.0,0.0,0.0,0.0,0.0,True,Churned
3002,4,14,120.18,12,424,1.0,0.0,0.0,0.0,0.0,0.0,0.0,0.0,57.0,0.0,31.0,0.0,0.0,22.0,0.0,0.0,4.0,0.0,6.0,0.0,0.0,24.2,95.98,0.0,0.0,0.0,0.0,4.0,0.0,1.0,0.0,0.0,8.0,0.0,True,Churned
3007,1,2,17.0,2,6,1.0,0.0,0.0,0.0,0.0,0.0,0.0,0.0,16.0,0.0,0.0,0.0,0.0,0.0,0.0,0.0,0.0,0.0,1.0,0.0,0.0,17.0,0.0,0.0,0.0,0.0,0.0,2.0,0.0,0.0,0.0,0.0,0.0,0.0,True,Churned
3008,1,1,495.0,1,1,0.0,1.0,0.0,0.0,0.0,0.0,0.0,0.0,0.0,0.0,0.0,0.0,0.0,0.0,0.0,495.0,0.0,0.0,0.0,0.0,0.0,495.0,0.0,0.0,0.0,0.0,0.0,1.0,0.0,0.0,0.0,0.0,0.0,0.0,True,Churned
3009,1,3,17.8,2,8,1.0,0.0,0.0,0.0,0.0,0.0,0.0,0.0,13.0,0.0,0.0,0.0,0.0,0.0,0.0,0.0,0.0,0.0,5.0,0.0,0.0,17.8,0.0,0.0,0.0,0.0,0.0,3.0,0.0,0.0,0.0,0.0,0.0,0.0,True,Churned
3010,1,31,768.05,14,75,0.96,0.04,0.0,0.0,0.0,0.0,0.0,0.0,116.0,0.0,0.0,0.0,0.0,549.0,0.0,0.0,70.0,0.0,34.0,0.0,0.0,768.05,0.0,0.0,0.0,0.0,0.0,31.0,0.0,0.0,0.0,0.0,0.0,0.0,True,Churned
3011,1,3,45.8,3,3,0.95,0.05,0.0,0.0,0.0,0.0,0.0,0.0,4.0,0.0,0.0,0.0,0.0,40.0,0.0,0.0,0.0,0.0,2.0,0.0,0.0,45.8,0.0,0.0,0.0,0.0,0.0,3.0,0.0,0.0,0.0,0.0,0.0,0.0,True,Churned
3013,5,27,238.78,13,717,0.15,0.85,0.0,158.0,0.0,1.0,0.0,23.0,9.0,0.0,0.0,0.0,0.0,0.0,0.0,0.0,46.0,0.0,2.0,0.0,0.0,148.48,80.49,9.81,0.0,0.0,0.0,5.0,3.0,6.0,2.0,11.0,0.0,0.0,True,Churned
3014,1,3,20.3,3,11,1.0,0.0,0.0,0.0,0.0,0.0,0.0,0.0,0.0,0.0,0.0,0.0,0.0,6.0,0.0,0.0,4.0,0.0,11.0,0.0,0.0,20.3,0.0,0.0,0.0,0.0,0.0,3.0,0.0,0.0,0.0,0.0,0.0,0.0,True,Churned
3020,2,20,166.7,15,23,0.86,0.14,20.0,23.0,0.0,0.0,0.0,0.0,24.0,0.0,0.0,0.0,0.0,60.0,0.0,0.0,10.0,0.0,31.0,0.0,0.0,166.7,0.0,0.0,0.0,0.0,0.0,17.0,0.0,0.0,0.0,3.0,0.0,0.0,True,Churned
3022,1,5,133.0,3,5,0.0,1.0,0.0,0.0,0.0,113.0,0.0,0.0,0.0,0.0,0.0,0.0,0.0,20.0,0.0,0.0,0.0,0.0,0.0,0.0,0.0,133.0,0.0,0.0,0.0,0.0,0.0,5.0,0.0,0.0,0.0,0.0,0.0,0.0,True,Churned
3024,1,20,437.8,14,771,0.5,0.5,0.0,0.0,0.0,220.0,0.0,0.0,110.0,0.0,0.0,0.0,0.0,29.0,0.0,0.0,19.0,0.0,61.0,0.0,0.0,437.8,0.0,0.0,0.0,0.0,0.0,20.0,0.0,0.0,0.0,0.0,0.0,0.0,True,Churned
3025,5,54,5237.13,44,189,0.99,0.01,0.0,0.0,0.0,270.0,0.0,0.0,35.0,332.0,0.0,0.0,0.0,1504.0,0.0,0.0,2673.0,0.0,423.0,0.0,0.0,4549.3,324.33,0.0,0.0,0.0,0.0,44.0,1.0,0.0,0.0,0.0,0.0,0.0,True,Churned
3028,1,4,31.15,4,7,1.0,0.0,0.0,0.0,0.0,0.0,0.0,0.0,17.0,0.0,0.0,0.0,0.0,14.0,0.0,0.0,0.0,0.0,0.0,0.0,0.0,31.15,0.0,0.0,0.0,0.0,0.0,4.0,0.0,0.0,0.0,0.0,0.0,0.0,True,Churned
3033,21,382,39433.11,209,655,0.3,0.7,19655.0,112.0,0.0,311.0,0.0,119.0,1784.0,561.0,8205.0,0.0,0.0,2236.0,0.0,3203.0,1686.0,57.0,1504.0,0.0,0.0,27510.87,3424.26,0.0,0.0,0.0,540.09,111.0,6.0,26.0,27.0,1.0,0.0,15.0,True,Churned
3035,2,23,777.38,6,821,0.71,0.29,118.0,0.0,0.0,2.0,0.0,0.0,40.0,0.0,0.0,0.0,0.0,0.0,0.0,109.0,0.0,0.0,509.0,0.0,0.0,777.38,0.0,0.0,0.0,0.0,0.0,19.0,0.0,0.0,4.0,0.0,0.0,0.0,True,Churned
3036,7,73,2315.51,59,117,0.99,0.01,1146.0,0.0,0.0,25.0,0.0,0.0,102.0,0.0,26.0,0.0,0.0,644.0,0.0,0.0,304.0,0.0,69.0,0.0,0.0,574.09,243.69,562.15,918.96,0.0,0.0,3.0,6.0,1.0,43.0,0.0,0.0,0.0,True,Churned
3041,12,461,40783.02,60,668,0.16,0.84,6715.0,1455.0,0.0,2295.0,0.0,21064.0,125.0,0.0,25.0,0.0,39.0,914.0,0.0,7486.0,545.0,0.0,120.0,0.0,0.0,38991.99,1631.99,0.0,0.0,0.0,159.04,284.0,1.0,0.0,70.0,58.0,0.0,5.0,True,Churned
3044,3,125,3084.08,49,221,0.93,0.07,400.0,16.0,0.0,0.0,0.0,0.0,761.0,0.0,152.0,0.0,0.0,297.0,0.0,0.0,298.0,36.0,1124.0,0.0,0.0,2926.2,157.88,0.0,0.0,0.0,0.0,117.0,0.0,0.0,0.0,5.0,3.0,0.0,True,Churned
3052,1,1,21.2,1,1,1.0,0.0,0.0,0.0,0.0,0.0,0.0,0.0,21.0,0.0,0.0,0.0,0.0,0.0,0.0,0.0,0.0,0.0,0.0,0.0,0.0,21.2,0.0,0.0,0.0,0.0,0.0,1.0,0.0,0.0,0.0,0.0,0.0,0.0,True,Churned
3054,2,9,97.77,7,26,1.0,0.0,0.0,0.0,0.0,0.0,0.0,0.0,65.0,0.0,0.0,0.0,0.0,23.0,0.0,0.0,0.0,0.0,10.0,0.0,0.0,14.12,83.65,0.0,0.0,0.0,0.0,2.0,0.0,7.0,0.0,0.0,0.0,0.0,True,Churned
3056,1,3,158.96,3,20,0.04,0.96,0.0,141.0,0.0,0.0,0.0,13.0,6.0,0.0,0.0,0.0,0.0,0.0,0.0,0.0,0.0,0.0,0.0,0.0,0.0,158.96,0.0,0.0,0.0,0.0,0.0,3.0,0.0,0.0,0.0,0.0,0.0,0.0,True,Churned
3059,2,60,5362.59,29,185,0.79,0.21,3560.0,0.0,0.0,802.0,0.0,0.0,145.0,22.0,0.0,0.0,0.0,168.0,0.0,350.0,59.0,0.0,256.0,0.0,0.0,5362.59,0.0,0.0,0.0,0.0,0.0,59.0,0.0,0.0,1.0,0.0,0.0,0.0,True,Churned
3061,5,31,1196.94,21,535,0.73,0.27,290.0,3.0,0.0,59.0,0.0,0.0,26.0,0.0,0.0,0.0,0.0,149.0,0.0,0.0,609.0,0.0,61.0,0.0,0.0,1074.55,122.39,0.0,0.0,0.0,0.0,25.0,1.0,0.0,1.0,0.0,3.0,1.0,True,Churned
3063,3,32,1415.31,20,817,0.9,0.1,99.0,180.0,0.0,10.0,0.0,0.0,726.0,63.0,37.0,0.0,59.0,197.0,0.0,0.0,44.0,0.0,0.0,0.0,0.0,1114.8,158.89,0.0,0.0,0.0,141.62,29.0,2.0,0.0,0.0,0.0,0.0,1.0,True,Churned
3064,6,50,1189.38,27,308,0.6,0.4,90.0,42.0,0.0,27.0,0.0,85.0,381.0,100.0,0.0,0.0,0.0,200.0,0.0,0.0,157.0,0.0,107.0,0.0,0.0,1107.35,11.04,0.0,0.0,0.0,70.99,42.0,2.0,0.0,1.0,3.0,0.0,1.0,True,Churned
3065,1,24,1909.7,16,507,1.0,0.0,0.0,0.0,0.0,0.0,0.0,0.0,450.0,0.0,0.0,0.0,0.0,36.0,0.0,0.0,1291.0,0.0,132.0,0.0,0.0,1909.7,0.0,0.0,0.0,0.0,0.0,24.0,0.0,0.0,0.0,0.0,0.0,0.0,True,Churned
3066,2,7,114.05,4,11,0.19,0.81,0.0,0.0,0.0,0.0,0.0,0.0,22.0,0.0,0.0,0.0,0.0,92.0,0.0,0.0,0.0,0.0,0.0,0.0,0.0,114.05,0.0,0.0,0.0,0.0,0.0,4.0,0.0,0.0,0.0,0.0,0.0,0.0,True,Churned
3075,1,90,547.2,28,340,1.0,0.0,0.0,0.0,0.0,44.0,0.0,0.0,257.0,0.0,0.0,0.0,0.0,87.0,0.0,0.0,160.0,0.0,0.0,0.0,0.0,547.2,0.0,0.0,0.0,0.0,0.0,90.0,0.0,0.0,0.0,0.0,0.0,0.0,True,Churned
3076,3,7,129.42,5,16,0.06,0.94,0.0,0.0,0.0,40.0,0.0,0.0,8.0,0.0,0.0,0.0,0.0,0.0,0.0,0.0,14.0,0.0,67.0,0.0,0.0,114.98,0.0,0.0,0.0,0.0,14.44,2.0,0.0,0.0,2.0,0.0,0.0,0.0,True,Churned
3083,2,12,122.78,3,205,0.0,1.0,0.0,105.0,0.0,3.0,0.0,0.0,0.0,0.0,0.0,0.0,0.0,0.0,0.0,0.0,15.0,0.0,0.0,0.0,0.0,105.0,0.0,0.0,0.0,0.0,17.78,0.0,0.0,0.0,2.0,10.0,0.0,0.0,True,Churned
3086,2,162,2253.19,97,963,0.98,0.02,190.0,29.0,0.0,38.0,0.0,0.0,789.0,185.0,60.0,0.0,0.0,361.0,0.0,0.0,380.0,0.0,222.0,0.0,0.0,2253.19,0.0,0.0,0.0,0.0,0.0,159.0,0.0,0.0,0.0,0.0,0.0,0.0,True,Churned
3088,1,93,33220.44,20,74,1.0,0.0,24740.0,0.0,0.0,0.0,0.0,0.0,125.0,0.0,0.0,0.0,0.0,56.0,0.0,0.0,0.0,0.0,8299.0,0.0,0.0,33220.44,0.0,0.0,0.0,0.0,0.0,93.0,0.0,0.0,0.0,0.0,0.0,0.0,True,Churned
3089,2,12,84.96,12,485,0.86,0.14,0.0,0.0,0.0,0.0,0.0,0.0,22.0,0.0,16.0,0.0,0.0,46.0,0.0,0.0,0.0,0.0,0.0,0.0,0.0,56.15,28.81,0.0,0.0,0.0,0.0,7.0,0.0,0.0,0.0,0.0,0.0,0.0,True,Churned
3094,2,4,34.87,4,14,0.1,0.9,0.0,0.0,0.0,0.0,0.0,0.0,4.0,0.0,0.0,0.0,0.0,0.0,0.0,0.0,31.0,0.0,0.0,0.0,0.0,34.87,0.0,0.0,0.0,0.0,0.0,2.0,0.0,0.0,0.0,0.0,0.0,0.0,True,Churned
3095,1,10,138.2,6,752,0.99,0.01,0.0,0.0,0.0,0.0,0.0,0.0,86.0,2.0,0.0,0.0,0.0,47.0,0.0,0.0,0.0,0.0,3.0,0.0,0.0,138.2,0.0,0.0,0.0,0.0,0.0,10.0,0.0,0.0,0.0,0.0,0.0,0.0,True,Churned
3096,2,3,81.84,2,771,0.0,1.0,0.0,0.0,0.0,0.0,0.0,9.0,0.0,0.0,0.0,0.0,0.0,0.0,0.0,0.0,73.0,0.0,0.0,0.0,0.0,8.7,73.14,0.0,0.0,0.0,0.0,2.0,0.0,0.0,1.0,0.0,0.0,0.0,True,Churned
3098,1,11,113.2,7,36,1.0,0.0,0.0,0.0,0.0,0.0,0.0,0.0,36.0,0.0,0.0,0.0,0.0,8.0,0.0,0.0,29.0,0.0,40.0,0.0,0.0,113.2,0.0,0.0,0.0,0.0,0.0,11.0,0.0,0.0,0.0,0.0,0.0,0.0,True,Churned
3102,3,10,1424.5,4,37,0.0,1.0,515.0,0.0,0.0,0.0,0.0,0.0,4.0,82.0,0.0,0.0,0.0,0.0,0.0,824.0,0.0,0.0,0.0,0.0,0.0,86.0,0.0,0.0,0.0,0.0,1338.5,1.0,0.0,0.0,1.0,0.0,0.0,0.0,True,Churned
3103,1,6,331.35,5,96,0.6,0.4,200.0,60.0,0.0,0.0,0.0,0.0,0.0,0.0,0.0,0.0,0.0,0.0,0.0,0.0,51.0,20.0,0.0,0.0,0.0,331.35,0.0,0.0,0.0,0.0,0.0,6.0,0.0,0.0,0.0,0.0,0.0,0.0,True,Churned
3105,1,6,87.6,6,218,1.0,0.0,0.0,0.0,0.0,0.0,0.0,0.0,4.0,0.0,0.0,0.0,0.0,50.0,0.0,0.0,9.0,0.0,25.0,0.0,0.0,87.6,0.0,0.0,0.0,0.0,0.0,6.0,0.0,0.0,0.0,0.0,0.0,0.0,True,Churned
3106,1,5,110.0,3,13,1.0,0.0,0.0,0.0,0.0,0.0,0.0,0.0,85.0,0.0,0.0,0.0,0.0,5.0,0.0,0.0,20.0,0.0,0.0,0.0,0.0,110.0,0.0,0.0,0.0,0.0,0.0,5.0,0.0,0.0,0.0,0.0,0.0,0.0,True,Churned
3107,1,16,216.2,10,833,1.0,0.0,0.0,0.0,0.0,0.0,0.0,0.0,129.0,0.0,0.0,0.0,0.0,88.0,0.0,0.0,0.0,0.0,0.0,0.0,0.0,216.2,0.0,0.0,0.0,0.0,0.0,16.0,0.0,0.0,0.0,0.0,0.0,0.0,True,Churned
3109,1,15,905.66,11,22,1.0,0.0,650.0,0.0,0.0,0.0,0.0,0.0,106.0,0.0,0.0,0.0,0.0,0.0,0.0,0.0,45.0,0.0,105.0,0.0,0.0,905.66,0.0,0.0,0.0,0.0,0.0,15.0,0.0,0.0,0.0,0.0,0.0,0.0,True,Churned
3110,2,8,85.05,6,9,0.57,0.43,40.0,0.0,0.0,0.0,0.0,15.0,9.0,0.0,0.0,0.0,0.0,0.0,0.0,0.0,0.0,0.0,21.0,0.0,0.0,69.85,15.2,0.0,0.0,0.0,0.0,6.0,0.0,0.0,0.0,0.0,0.0,0.0,True,Churned
3111,1,1,1.0,1,1,0.0,1.0,0.0,0.0,0.0,1.0,0.0,0.0,0.0,0.0,0.0,0.0,0.0,0.0,0.0,0.0,0.0,0.0,0.0,0.0,0.0,1.0,0.0,0.0,0.0,0.0,0.0,1.0,0.0,0.0,0.0,0.0,0.0,0.0,True,Churned
3112,4,37,501.56,16,205,0.62,0.38,0.0,0.0,0.0,146.0,0.0,0.0,108.0,0.0,0.0,0.0,0.0,73.0,0.0,0.0,37.0,0.0,138.0,0.0,0.0,353.79,17.21,0.0,0.0,0.0,130.56,19.0,0.0,1.0,0.0,0.0,0.0,15.0,True,Churned
3114,1,14,168.05,9,289,1.0,0.0,0.0,0.0,0.0,0.0,0.0,0.0,62.0,11.0,0.0,0.0,0.0,95.0,0.0,0.0,0.0,0.0,0.0,0.0,0.0,168.05,0.0,0.0,0.0,0.0,0.0,14.0,0.0,0.0,0.0,0.0,0.0,0.0,True,Churned
3116,4,69,3172.53,57,646,0.86,0.14,92.0,0.0,0.0,0.0,0.0,3.0,78.0,363.0,219.0,0.0,0.0,1774.0,0.0,0.0,436.0,0.0,207.0,0.0,0.0,3080.84,91.69,0.0,0.0,0.0,0.0,65.0,2.0,0.0,0.0,0.0,0.0,0.0,True,Churned
3118,1,29,578.71,26,120,1.0,0.0,0.0,0.0,0.0,0.0,0.0,0.0,71.0,0.0,19.0,0.0,0.0,313.0,0.0,0.0,0.0,0.0,176.0,0.0,0.0,578.71,0.0,0.0,0.0,0.0,0.0,29.0,0.0,0.0,0.0,0.0,0.0,0.0,True,Churned
3121,2,63,1089.96,35,60,0.89,0.11,0.0,0.0,0.0,0.0,0.0,0.0,223.0,48.0,0.0,0.0,0.0,710.0,0.0,0.0,35.0,0.0,74.0,0.0,0.0,1052.88,37.08,0.0,0.0,0.0,0.0,60.0,3.0,0.0,0.0,0.0,0.0,0.0,True,Churned
3122,3,21,1204.99,12,545,0.24,0.76,0.0,380.0,0.0,0.0,0.0,0.0,333.0,170.0,0.0,0.0,0.0,73.0,0.0,0.0,242.0,0.0,6.0,0.0,0.0,991.58,213.41,0.0,0.0,0.0,0.0,18.0,2.0,0.0,1.0,0.0,0.0,0.0,True,Churned
3124,1,50,3051.36,41,50,0.95,0.05,0.0,51.0,0.0,0.0,0.0,20.0,998.0,60.0,220.0,0.0,0.0,743.0,0.0,0.0,123.0,12.0,825.0,0.0,0.0,3051.36,0.0,0.0,0.0,0.0,0.0,50.0,0.0,0.0,0.0,0.0,0.0,0.0,True,Churned
3125,1,3,182.4,3,27,1.0,0.0,0.0,13.0,0.0,0.0,0.0,0.0,0.0,0.0,0.0,0.0,0.0,90.0,0.0,0.0,0.0,0.0,80.0,0.0,0.0,182.4,0.0,0.0,0.0,0.0,0.0,3.0,0.0,0.0,0.0,0.0,0.0,0.0,True,Churned
3126,2,4,190.62,4,2,0.1,0.9,79.0,0.0,0.0,0.0,0.0,0.0,5.0,0.0,0.0,0.0,0.0,15.0,0.0,92.0,0.0,0.0,0.0,0.0,0.0,19.7,170.92,0.0,0.0,0.0,0.0,2.0,0.0,0.0,0.0,0.0,0.0,0.0,True,Churned
3127,1,141,3390.69,42,677,1.0,0.0,0.0,0.0,0.0,0.0,0.0,0.0,2743.0,3.0,18.0,0.0,0.0,523.0,0.0,0.0,22.0,9.0,73.0,0.0,0.0,3390.69,0.0,0.0,0.0,0.0,0.0,141.0,0.0,0.0,0.0,0.0,0.0,0.0,True,Churned
3128,5,66,890.21,39,243,0.67,0.33,0.0,0.0,0.0,0.0,0.0,0.0,191.0,0.0,83.0,0.0,0.0,351.0,0.0,0.0,207.0,0.0,58.0,0.0,0.0,608.86,64.21,0.0,0.0,0.0,0.0,39.0,0.0,7.0,0.0,0.0,0.0,0.0,True,Churned
3130,2,3,348.22,2,17,0.0,1.0,348.0,0.0,0.0,0.0,0.0,0.0,0.0,0.0,0.0,0.0,0.0,0.0,0.0,0.0,0.0,0.0,0.0,0.0,0.0,0.0,348.22,0.0,0.0,0.0,0.0,0.0,0.0,0.0,2.0,0.0,0.0,0.0,True,Churned
3131,1,124,3463.75,83,902,0.89,0.11,0.0,0.0,0.0,0.0,0.0,151.0,867.0,112.0,8.0,0.0,282.0,278.0,0.0,0.0,1464.0,240.0,63.0,0.0,0.0,3463.75,0.0,0.0,0.0,0.0,0.0,124.0,0.0,0.0,0.0,0.0,0.0,0.0,True,Churned
3133,3,15,229.07,11,227,0.81,0.19,0.0,0.0,0.0,65.0,0.0,0.0,19.0,0.0,0.0,0.0,0.0,107.0,0.0,0.0,38.0,0.0,0.0,0.0,0.0,226.89,0.0,0.0,0.0,0.0,2.18,13.0,0.0,0.0,0.0,0.0,0.0,0.0,True,Churned
3136,2,4,100.95,4,9,0.97,0.03,0.0,0.0,0.0,0.0,0.0,0.0,10.0,0.0,0.0,0.0,0.0,88.0,0.0,0.0,3.0,0.0,0.0,0.0,0.0,100.95,0.0,0.0,0.0,0.0,0.0,3.0,1.0,0.0,0.0,0.0,0.0,0.0,True,Churned
3138,2,7,95.95,3,242,0.79,0.21,20.0,0.0,0.0,0.0,0.0,0.0,56.0,0.0,0.0,0.0,0.0,0.0,0.0,0.0,0.0,20.0,0.0,0.0,0.0,95.95,0.0,0.0,0.0,0.0,0.0,6.0,0.0,0.0,0.0,1.0,0.0,0.0,True,Churned
3139,1,2,8.15,2,2,1.0,0.0,0.0,0.0,0.0,0.0,0.0,0.0,4.0,0.0,0.0,0.0,0.0,0.0,0.0,0.0,0.0,4.0,0.0,0.0,0.0,8.15,0.0,0.0,0.0,0.0,0.0,2.0,0.0,0.0,0.0,0.0,0.0,0.0,True,Churned
3140,1,3,48.8,3,24,1.0,0.0,0.0,0.0,0.0,0.0,0.0,0.0,45.0,0.0,0.0,0.0,0.0,4.0,0.0,0.0,0.0,0.0,0.0,0.0,0.0,48.8,0.0,0.0,0.0,0.0,0.0,3.0,0.0,0.0,0.0,0.0,0.0,0.0,True,Churned
3141,1,5,30.0,3,9,0.34,0.66,0.0,0.0,0.0,0.0,0.0,20.0,9.0,0.0,0.0,0.0,0.0,0.0,0.0,0.0,0.0,0.0,1.0,0.0,0.0,30.0,0.0,0.0,0.0,0.0,0.0,5.0,0.0,0.0,0.0,0.0,0.0,0.0,True,Churned
3142,1,16,239.17,13,8,1.0,0.0,0.0,0.0,0.0,0.0,0.0,42.0,3.0,0.0,0.0,0.0,0.0,101.0,0.0,0.0,93.0,0.0,0.0,0.0,0.0,0.0,0.0,0.0,0.0,0.0,239.17,0.0,0.0,0.0,0.0,0.0,0.0,16.0,True,Churned
3143,1,1,3.35,1,1,1.0,0.0,0.0,0.0,0.0,0.0,0.0,0.0,3.0,0.0,0.0,0.0,0.0,0.0,0.0,0.0,0.0,0.0,0.0,0.0,0.0,3.35,0.0,0.0,0.0,0.0,0.0,1.0,0.0,0.0,0.0,0.0,0.0,0.0,True,Churned
3146,1,60,719.85,25,441,1.0,0.0,0.0,0.0,0.0,0.0,0.0,0.0,39.0,0.0,0.0,0.0,0.0,507.0,0.0,0.0,111.0,0.0,63.0,0.0,0.0,719.85,0.0,0.0,0.0,0.0,0.0,60.0,0.0,0.0,0.0,0.0,0.0,0.0,True,Churned
3148,2,4,112.88,4,29,0.07,0.93,0.0,0.0,0.0,0.0,0.0,0.0,7.0,0.0,0.0,0.0,0.0,6.0,0.0,100.0,0.0,0.0,0.0,0.0,0.0,111.45,1.43,0.0,0.0,0.0,0.0,3.0,1.0,0.0,0.0,0.0,0.0,0.0,True,Churned
3149,3,28,142.12,15,317,0.46,0.54,0.0,6.0,0.0,0.0,0.0,0.0,46.0,0.0,0.0,0.0,0.0,7.0,0.0,15.0,64.0,0.0,4.0,0.0,0.0,108.55,33.57,0.0,0.0,0.0,0.0,22.0,0.0,0.0,2.0,0.0,0.0,4.0,True,Churned
3150,1,3,120.0,2,7,0.83,0.17,0.0,0.0,0.0,0.0,0.0,0.0,120.0,0.0,0.0,0.0,0.0,0.0,0.0,0.0,0.0,0.0,0.0,0.0,0.0,120.0,0.0,0.0,0.0,0.0,0.0,3.0,0.0,0.0,0.0,0.0,0.0,0.0,True,Churned
3151,1,9,112.95,1,43,1.0,0.0,0.0,0.0,0.0,0.0,0.0,0.0,113.0,0.0,0.0,0.0,0.0,0.0,0.0,0.0,0.0,0.0,0.0,0.0,0.0,112.95,0.0,0.0,0.0,0.0,0.0,9.0,0.0,0.0,0.0,0.0,0.0,0.0,True,Churned
3152,1,5,190.1,3,106,0.02,0.98,0.0,0.0,0.0,0.0,0.0,0.0,3.0,0.0,0.0,0.0,0.0,0.0,0.0,0.0,187.0,0.0,0.0,0.0,0.0,190.1,0.0,0.0,0.0,0.0,0.0,5.0,0.0,0.0,0.0,0.0,0.0,0.0,True,Churned
3153,2,8,83.36,2,12,0.0,1.0,0.0,0.0,0.0,0.0,0.0,0.0,0.0,0.0,0.0,0.0,0.0,0.0,0.0,0.0,83.0,0.0,0.0,0.0,0.0,29.2,54.16,0.0,0.0,0.0,0.0,0.0,0.0,0.0,0.0,2.0,0.0,0.0,True,Churned
3154,1,4,38.1,2,3,1.0,0.0,0.0,0.0,0.0,0.0,0.0,0.0,38.0,0.0,0.0,0.0,0.0,0.0,0.0,0.0,0.0,0.0,0.0,0.0,0.0,38.1,0.0,0.0,0.0,0.0,0.0,4.0,0.0,0.0,0.0,0.0,0.0,0.0,True,Churned
3156,3,15,159.27,9,12,0.56,0.44,0.0,0.0,0.0,0.0,0.0,0.0,0.0,0.0,0.0,0.0,0.0,106.0,0.0,0.0,5.0,0.0,48.0,0.0,0.0,93.52,65.75,0.0,0.0,0.0,0.0,7.0,0.0,6.0,0.0,0.0,0.0,0.0,True,Churned
3162,1,2,34.0,1,5,1.0,0.0,0.0,0.0,0.0,0.0,0.0,0.0,0.0,0.0,0.0,0.0,0.0,34.0,0.0,0.0,0.0,0.0,0.0,0.0,0.0,34.0,0.0,0.0,0.0,0.0,0.0,2.0,0.0,0.0,0.0,0.0,0.0,0.0,True,Churned
3163,1,15,103.75,9,32,1.0,0.0,0.0,0.0,0.0,0.0,0.0,0.0,39.0,0.0,0.0,0.0,0.0,45.0,0.0,0.0,0.0,0.0,20.0,0.0,0.0,103.75,0.0,0.0,0.0,0.0,0.0,15.0,0.0,0.0,0.0,0.0,0.0,0.0,True,Churned
3164,3,11,11426.31,8,45,0.09,0.91,4428.0,0.0,0.0,0.0,0.0,6970.0,0.0,0.0,0.0,0.0,0.0,0.0,0.0,0.0,0.0,0.0,29.0,0.0,0.0,11426.31,0.0,0.0,0.0,0.0,0.0,4.0,0.0,0.0,4.0,0.0,0.0,0.0,True,Churned
3165,1,5,97.45,5,70,1.0,0.0,0.0,0.0,0.0,0.0,0.0,0.0,56.0,0.0,0.0,0.0,0.0,35.0,0.0,0.0,0.0,0.0,7.0,0.0,0.0,97.45,0.0,0.0,0.0,0.0,0.0,5.0,0.0,0.0,0.0,0.0,0.0,0.0,True,Churned
3166,1,1,15.0,1,1,0.0,1.0,0.0,0.0,0.0,0.0,0.0,0.0,0.0,0.0,0.0,0.0,0.0,0.0,0.0,15.0,0.0,0.0,0.0,0.0,0.0,15.0,0.0,0.0,0.0,0.0,0.0,1.0,0.0,0.0,0.0,0.0,0.0,0.0,True,Churned
3167,1,13,103.0,3,155,1.0,0.0,0.0,0.0,0.0,0.0,0.0,0.0,59.0,0.0,0.0,0.0,0.0,0.0,0.0,0.0,0.0,0.0,44.0,0.0,0.0,103.0,0.0,0.0,0.0,0.0,0.0,13.0,0.0,0.0,0.0,0.0,0.0,0.0,True,Churned
3169,3,3,464.53,3,25,0.0,1.0,281.0,0.0,0.0,0.0,0.0,0.0,0.0,0.0,0.0,0.0,0.0,0.0,0.0,0.0,0.0,0.0,184.0,0.0,0.0,183.58,0.0,0.0,0.0,0.0,280.95,1.0,0.0,0.0,0.0,1.0,0.0,0.0,True,Churned
3170,1,1,72.74,1,1,0.0,1.0,0.0,0.0,0.0,0.0,0.0,0.0,0.0,0.0,0.0,0.0,0.0,0.0,0.0,0.0,73.0,0.0,0.0,0.0,0.0,72.74,0.0,0.0,0.0,0.0,0.0,0.0,0.0,0.0,0.0,0.0,0.0,1.0,True,Churned
3171,2,18,146.47,8,92,0.98,0.02,0.0,0.0,0.0,0.0,0.0,3.0,86.0,0.0,0.0,0.0,0.0,57.0,0.0,0.0,0.0,0.0,0.0,0.0,0.0,143.4,0.0,0.0,0.0,0.0,3.07,17.0,0.0,0.0,0.0,0.0,0.0,0.0,True,Churned
3173,6,105,9061.23,10,148,0.0,1.0,0.0,17.0,0.0,8695.0,0.0,27.0,0.0,0.0,0.0,0.0,0.0,0.0,0.0,0.0,322.0,0.0,0.0,0.0,0.0,8988.03,73.2,0.0,0.0,0.0,0.0,100.0,0.0,0.0,0.0,1.0,0.0,0.0,True,Churned
3174,2,5,540.14,3,417,0.0,1.0,0.0,0.0,0.0,0.0,0.0,0.0,0.0,0.0,540.0,0.0,0.0,0.0,0.0,0.0,0.0,0.0,0.0,0.0,0.0,540.14,0.0,0.0,0.0,0.0,0.0,2.0,0.0,0.0,3.0,0.0,0.0,0.0,True,Churned
3175,2,11,793.75,8,193,0.7,0.3,0.0,0.0,0.0,0.0,0.0,0.0,0.0,0.0,0.0,0.0,0.0,0.0,0.0,0.0,794.0,0.0,0.0,0.0,0.0,793.75,0.0,0.0,0.0,0.0,0.0,8.0,3.0,0.0,0.0,0.0,0.0,0.0,True,Churned
3176,1,1,4.35,1,1,0.0,1.0,0.0,0.0,0.0,0.0,0.0,0.0,0.0,0.0,0.0,0.0,0.0,0.0,0.0,0.0,0.0,0.0,4.0,0.0,0.0,4.35,0.0,0.0,0.0,0.0,0.0,0.0,0.0,1.0,0.0,0.0,0.0,0.0,True,Churned
3177,1,2,123.0,1,14,0.0,1.0,0.0,0.0,0.0,0.0,0.0,0.0,0.0,0.0,0.0,0.0,0.0,0.0,0.0,123.0,0.0,0.0,0.0,0.0,0.0,123.0,0.0,0.0,0.0,0.0,0.0,2.0,0.0,0.0,0.0,0.0,0.0,0.0,True,Churned
3179,1,1,5.95,1,1,1.0,0.0,0.0,0.0,0.0,0.0,0.0,0.0,0.0,0.0,0.0,0.0,0.0,0.0,0.0,0.0,6.0,0.0,0.0,0.0,0.0,5.95,0.0,0.0,0.0,0.0,0.0,1.0,0.0,0.0,0.0,0.0,0.0,0.0,True,Churned
3181,2,4,42.85,3,37,0.53,0.47,20.0,0.0,0.0,0.0,0.0,0.0,23.0,0.0,0.0,0.0,0.0,0.0,0.0,0.0,0.0,0.0,0.0,0.0,0.0,42.85,0.0,0.0,0.0,0.0,0.0,3.0,0.0,0.0,0.0,0.0,0.0,0.0,True,Churned
3182,1,4,112.8,3,13,1.0,0.0,0.0,0.0,0.0,0.0,0.0,0.0,113.0,0.0,0.0,0.0,0.0,0.0,0.0,0.0,0.0,0.0,0.0,0.0,0.0,112.8,0.0,0.0,0.0,0.0,0.0,4.0,0.0,0.0,0.0,0.0,0.0,0.0,True,Churned
3183,1,2,35.0,1,1,0.0,1.0,0.0,0.0,0.0,35.0,0.0,0.0,0.0,0.0,0.0,0.0,0.0,0.0,0.0,0.0,0.0,0.0,0.0,0.0,0.0,35.0,0.0,0.0,0.0,0.0,0.0,2.0,0.0,0.0,0.0,0.0,0.0,0.0,True,Churned
3184,2,3,78.71,3,250,0.95,0.05,0.0,0.0,0.0,0.0,0.0,0.0,0.0,0.0,0.0,0.0,0.0,0.0,0.0,0.0,69.0,0.0,10.0,0.0,0.0,78.71,0.0,0.0,0.0,0.0,0.0,2.0,0.0,0.0,0.0,0.0,0.0,0.0,True,Churned
3185,2,3,768.82,2,18,0.0,1.0,0.0,0.0,0.0,0.0,0.0,0.0,2.0,0.0,767.0,0.0,0.0,0.0,0.0,0.0,0.0,0.0,0.0,0.0,0.0,725.7,43.12,0.0,0.0,0.0,0.0,2.0,0.0,0.0,0.0,0.0,0.0,0.0,True,Churned
3186,1,2,60.68,1,8,0.0,1.0,61.0,0.0,0.0,0.0,0.0,0.0,0.0,0.0,0.0,0.0,0.0,0.0,0.0,0.0,0.0,0.0,0.0,0.0,0.0,60.68,0.0,0.0,0.0,0.0,0.0,0.0,0.0,0.0,2.0,0.0,0.0,0.0,True,Churned
3187,1,2,108.61,1,291,0.0,1.0,0.0,0.0,0.0,0.0,0.0,0.0,0.0,0.0,0.0,0.0,0.0,0.0,0.0,109.0,0.0,0.0,0.0,0.0,0.0,0.0,108.61,0.0,0.0,0.0,0.0,0.0,0.0,0.0,2.0,0.0,0.0,0.0,True,Churned
3188,1,1,100.0,1,1,1.0,0.0,0.0,0.0,0.0,0.0,0.0,0.0,0.0,100.0,0.0,0.0,0.0,0.0,0.0,0.0,0.0,0.0,0.0,0.0,0.0,100.0,0.0,0.0,0.0,0.0,0.0,1.0,0.0,0.0,0.0,0.0,0.0,0.0,True,Churned
3189,1,1,5.0,1,1,1.0,0.0,0.0,0.0,0.0,0.0,0.0,0.0,5.0,0.0,0.0,0.0,0.0,0.0,0.0,0.0,0.0,0.0,0.0,0.0,0.0,5.0,0.0,0.0,0.0,0.0,0.0,1.0,0.0,0.0,0.0,0.0,0.0,0.0,True,Churned
3192,1,1,20.33,1,1,0.0,1.0,0.0,0.0,0.0,0.0,0.0,20.0,0.0,0.0,0.0,0.0,0.0,0.0,0.0,0.0,0.0,0.0,0.0,0.0,0.0,20.33,0.0,0.0,0.0,0.0,0.0,0.0,0.0,0.0,1.0,0.0,0.0,0.0,True,Churned
3193,1,1,30.0,1,1,0.0,1.0,0.0,0.0,0.0,30.0,0.0,0.0,0.0,0.0,0.0,0.0,0.0,0.0,0.0,0.0,0.0,0.0,0.0,0.0,0.0,30.0,0.0,0.0,0.0,0.0,0.0,1.0,0.0,0.0,0.0,0.0,0.0,0.0,True,Churned
3195,2,3,5353.42,3,35,0.0,1.0,0.0,0.0,0.0,0.0,0.0,0.0,0.0,0.0,0.0,0.0,0.0,0.0,0.0,0.0,5353.0,0.0,0.0,0.0,0.0,0.0,5353.42,0.0,0.0,0.0,0.0,0.0,0.0,1.0,0.0,0.0,0.0,0.0,True,Churned
3196,1,1,1.95,1,1,1.0,0.0,0.0,0.0,0.0,0.0,0.0,0.0,2.0,0.0,0.0,0.0,0.0,0.0,0.0,0.0,0.0,0.0,0.0,0.0,0.0,1.95,0.0,0.0,0.0,0.0,0.0,1.0,0.0,0.0,0.0,0.0,0.0,0.0,True,Churned
3220,15,289,11802.53,111,463,0.57,0.43,3713.0,1258.0,0.0,2648.0,0.0,206.0,868.0,28.0,125.0,0.0,0.0,627.0,0.0,50.0,1189.0,172.0,919.0,0.0,0.0,9866.05,1902.94,0.0,0.0,0.0,33.54,124.0,7.0,1.0,8.0,59.0,15.0,1.0,True,Churned
3222,13,552,28379.09,116,759,0.31,0.69,1635.0,3024.0,0.0,15062.0,0.0,26.0,3963.0,63.0,0.0,0.0,236.0,433.0,0.0,0.0,2471.0,637.0,830.0,0.0,0.0,26922.85,1134.84,0.0,0.0,0.0,321.4,361.0,2.0,2.0,3.0,66.0,0.0,1.0,True,Churned
3225,5,17,1768.52,10,40,0.16,0.84,0.0,55.0,0.0,0.0,0.0,665.0,133.0,590.0,0.0,0.0,0.0,44.0,0.0,0.0,283.0,0.0,0.0,0.0,0.0,0.0,1768.52,0.0,0.0,0.0,0.0,0.0,0.0,6.0,0.0,1.0,0.0,0.0,True,Churned
3234,13,294,7209.96,91,905,0.04,0.96,0.0,1080.0,0.0,4070.0,0.0,87.0,182.0,0.0,21.0,0.0,0.0,183.0,0.0,347.0,1192.0,17.0,21.0,10.0,0.0,5368.97,1831.47,0.0,0.0,0.0,9.52,51.0,9.0,0.0,27.0,27.0,0.0,25.0,True,Churned
3235,11,534,26347.63,97,926,0.09,0.91,3737.0,870.0,0.0,928.0,0.0,1000.0,1128.0,73.0,359.0,0.0,0.0,1811.0,0.0,3101.0,11791.0,215.0,1295.0,39.0,0.0,24345.4,638.31,0.0,0.0,0.0,1272.58,250.0,70.0,0.0,48.0,34.0,1.0,22.0,True,Churned
3240,1,93,1237.75,50,557,0.96,0.04,0.0,60.0,0.0,0.0,0.0,0.0,323.0,244.0,0.0,0.0,0.0,260.0,0.0,0.0,269.0,0.0,82.0,0.0,0.0,1237.75,0.0,0.0,0.0,0.0,0.0,93.0,0.0,0.0,0.0,0.0,0.0,0.0,True,Churned
3250,1,25,669.85,18,573,1.0,0.0,0.0,0.0,0.0,8.0,0.0,0.0,568.0,0.0,0.0,0.0,0.0,4.0,0.0,0.0,55.0,0.0,34.0,0.0,0.0,669.85,0.0,0.0,0.0,0.0,0.0,25.0,0.0,0.0,0.0,0.0,0.0,0.0,True,Churned
3254,4,14,423.07,13,42,0.19,0.81,326.0,18.0,0.0,0.0,0.0,0.0,21.0,3.0,0.0,0.0,0.0,25.0,0.0,0.0,7.0,0.0,23.0,0.0,0.0,362.39,42.55,0.0,0.0,0.0,18.13,5.0,6.0,0.0,2.0,0.0,0.0,1.0,True,Churned
3257,6,463,15700.26,128,502,0.68,0.32,0.0,230.0,0.0,477.0,0.0,145.0,5668.0,223.0,717.0,0.0,1791.0,2507.0,0.0,0.0,2181.0,0.0,1763.0,0.0,0.0,15257.02,0.0,262.18,0.0,0.0,181.06,431.0,2.0,0.0,19.0,0.0,0.0,2.0,True,Churned
3259,1,82,1670.3,35,469,1.0,0.0,0.0,0.0,0.0,0.0,0.0,0.0,712.0,8.0,0.0,0.0,0.0,718.0,0.0,0.0,46.0,0.0,187.0,0.0,0.0,1670.3,0.0,0.0,0.0,0.0,0.0,82.0,0.0,0.0,0.0,0.0,0.0,0.0,True,Churned
3261,5,457,17956.55,89,449,0.39,0.61,213.0,104.0,0.0,712.0,0.0,252.0,4715.0,178.0,0.0,0.0,306.0,528.0,0.0,9135.0,834.0,0.0,979.0,0.0,0.0,7985.23,9971.32,0.0,0.0,0.0,0.0,382.0,0.0,0.0,8.0,11.0,0.0,0.0,True,Churned
3266,4,10,100.51,7,765,0.08,0.92,3.0,7.0,0.0,1.0,0.0,0.0,0.0,0.0,0.0,0.0,0.0,9.0,0.0,0.0,0.0,0.0,82.0,0.0,0.0,90.12,0.0,0.0,0.0,0.0,8.04,6.0,0.0,0.0,0.0,0.0,0.0,1.0,True,Churned
3269,2,67,4991.68,22,948,0.15,0.85,0.0,608.0,0.0,2606.0,0.0,0.0,221.0,5.0,0.0,0.0,9.0,188.0,0.0,0.0,368.0,0.0,987.0,0.0,0.0,4991.68,0.0,0.0,0.0,0.0,0.0,38.0,0.0,0.0,0.0,0.0,0.0,0.0,True,Churned
3270,1,6,957.58,5,427,0.13,0.87,0.0,0.0,0.0,5.0,0.0,0.0,0.0,0.0,0.0,0.0,0.0,0.0,0.0,0.0,952.0,0.0,1.0,0.0,0.0,957.58,0.0,0.0,0.0,0.0,0.0,6.0,0.0,0.0,0.0,0.0,0.0,0.0,True,Churned
3273,1,4,75.25,4,3,1.0,0.0,0.0,0.0,0.0,0.0,0.0,0.0,59.0,0.0,0.0,0.0,0.0,17.0,0.0,0.0,0.0,0.0,0.0,0.0,0.0,75.25,0.0,0.0,0.0,0.0,0.0,4.0,0.0,0.0,0.0,0.0,0.0,0.0,True,Churned
3278,1,11,184.25,10,108,0.98,0.02,0.0,0.0,0.0,0.0,0.0,0.0,81.0,0.0,0.0,0.0,0.0,65.0,0.0,0.0,0.0,0.0,38.0,0.0,0.0,184.25,0.0,0.0,0.0,0.0,0.0,11.0,0.0,0.0,0.0,0.0,0.0,0.0,True,Churned
3279,1,8,375.91,7,618,0.86,0.14,0.0,0.0,0.0,0.0,0.0,0.0,91.0,0.0,0.0,0.0,0.0,203.0,0.0,0.0,0.0,0.0,82.0,0.0,0.0,375.91,0.0,0.0,0.0,0.0,0.0,8.0,0.0,0.0,0.0,0.0,0.0,0.0,True,Churned
3280,1,17,192.7,11,35,0.91,0.09,0.0,17.0,0.0,0.0,0.0,0.0,69.0,0.0,12.0,0.0,0.0,52.0,0.0,0.0,0.0,0.0,42.0,0.0,0.0,192.7,0.0,0.0,0.0,0.0,0.0,17.0,0.0,0.0,0.0,0.0,0.0,0.0,True,Churned
3281,4,253,11379.54,161,451,0.85,0.15,0.0,89.0,0.0,87.0,0.0,0.0,2555.0,232.0,1266.0,0.0,0.0,2805.0,0.0,0.0,3000.0,59.0,1287.0,0.0,0.0,11097.18,279.9,0.0,0.0,0.0,0.0,244.0,0.0,0.0,0.0,0.0,4.0,0.0,True,Churned
3282,7,29,1727.79,23,128,0.76,0.24,138.0,0.0,0.0,0.0,0.0,0.0,42.0,0.0,769.0,0.0,0.0,203.0,0.0,0.0,458.0,0.0,118.0,0.0,0.0,1194.26,255.05,0.0,0.0,0.0,0.0,19.0,1.0,0.0,0.0,0.0,0.0,0.0,True,Churned
3283,1,4,28.55,4,2,1.0,0.0,0.0,0.0,0.0,0.0,0.0,0.0,15.0,0.0,0.0,0.0,0.0,0.0,0.0,0.0,0.0,0.0,13.0,0.0,0.0,28.55,0.0,0.0,0.0,0.0,0.0,4.0,0.0,0.0,0.0,0.0,0.0,0.0,True,Churned
3285,1,1,3.2,1,1,1.0,0.0,0.0,0.0,0.0,0.0,0.0,0.0,0.0,0.0,0.0,0.0,0.0,0.0,0.0,0.0,0.0,0.0,3.0,0.0,0.0,3.2,0.0,0.0,0.0,0.0,0.0,1.0,0.0,0.0,0.0,0.0,0.0,0.0,True,Churned
3289,4,34,520.92,8,308,0.56,0.44,290.0,55.0,0.0,76.0,0.0,0.0,0.0,0.0,0.0,0.0,0.0,0.0,0.0,0.0,101.0,0.0,0.0,0.0,0.0,520.92,0.0,0.0,0.0,0.0,0.0,8.0,0.0,0.0,2.0,0.0,0.0,16.0,True,Churned
3291,2,35,2477.69,24,164,0.9,0.1,1400.0,0.0,0.0,40.0,0.0,0.0,117.0,0.0,0.0,0.0,0.0,321.0,0.0,0.0,379.0,0.0,220.0,0.0,0.0,2336.68,141.01,0.0,0.0,0.0,0.0,31.0,0.0,0.0,0.0,0.0,0.0,0.0,True,Churned
3292,3,51,1672.44,18,227,0.39,0.61,0.0,92.0,0.0,113.0,0.0,160.0,351.0,76.0,349.0,0.0,0.0,82.0,0.0,0.0,31.0,120.0,297.0,0.0,0.0,1672.44,0.0,0.0,0.0,0.0,0.0,25.0,0.0,0.0,0.0,16.0,0.0,0.0,True,Churned
3294,1,6,64.15,4,436,0.96,0.04,0.0,0.0,0.0,0.0,0.0,0.0,44.0,0.0,0.0,0.0,0.0,18.0,0.0,0.0,2.0,0.0,0.0,0.0,0.0,64.15,0.0,0.0,0.0,0.0,0.0,6.0,0.0,0.0,0.0,0.0,0.0,0.0,True,Churned
3296,1,2,34.6,2,1,1.0,0.0,0.0,0.0,0.0,0.0,0.0,0.0,6.0,29.0,0.0,0.0,0.0,0.0,0.0,0.0,0.0,0.0,0.0,0.0,0.0,34.6,0.0,0.0,0.0,0.0,0.0,2.0,0.0,0.0,0.0,0.0,0.0,0.0,True,Churned
3298,3,9,4439.76,3,9,0.0,1.0,3471.0,953.0,0.0,0.0,0.0,0.0,0.0,0.0,0.0,0.0,0.0,0.0,0.0,15.0,0.0,0.0,0.0,0.0,0.0,3251.0,0.0,0.0,0.0,0.0,235.27,0.0,0.0,0.0,6.0,0.0,0.0,0.0,True,Churned
3299,1,63,350.7,16,296,0.92,0.08,0.0,0.0,0.0,16.0,0.0,0.0,232.0,0.0,0.0,0.0,0.0,43.0,0.0,0.0,51.0,0.0,9.0,0.0,0.0,350.7,0.0,0.0,0.0,0.0,0.0,63.0,0.0,0.0,0.0,0.0,0.0,0.0,True,Churned
3300,2,6,39.75,4,6,0.19,0.81,0.0,12.0,0.0,20.0,0.0,0.0,6.0,0.0,0.0,0.0,0.0,2.0,0.0,0.0,0.0,0.0,0.0,0.0,0.0,39.75,0.0,0.0,0.0,0.0,0.0,3.0,0.0,0.0,0.0,3.0,0.0,0.0,True,Churned
3301,2,4,313.97,4,118,0.63,0.37,0.0,0.0,0.0,0.0,0.0,0.0,0.0,0.0,155.0,0.0,0.0,94.0,0.0,0.0,65.0,0.0,0.0,0.0,0.0,115.0,198.97,0.0,0.0,0.0,0.0,1.0,0.0,0.0,0.0,0.0,0.0,0.0,True,Churned
3303,3,11,95.59,8,10,0.97,0.03,0.0,0.0,0.0,0.0,0.0,3.0,24.0,0.0,0.0,0.0,0.0,57.0,0.0,0.0,13.0,0.0,0.0,0.0,0.0,17.15,0.0,0.0,0.0,0.0,78.44,1.0,0.0,0.0,0.0,0.0,0.0,9.0,True,Churned
3328,7,248,15503.54,80,368,0.7,0.3,8990.0,252.0,0.0,2800.0,0.0,0.0,622.0,34.0,1652.0,0.0,0.0,195.0,0.0,0.0,0.0,34.0,925.0,0.0,0.0,15374.11,120.22,0.0,0.0,0.0,9.21,225.0,0.0,0.0,2.0,14.0,0.0,1.0,True,Churned
3329,6,38,4219.94,14,92,0.0,1.0,0.0,130.0,0.0,63.0,0.0,1629.0,0.0,0.0,1940.0,0.0,0.0,109.0,0.0,0.0,269.0,0.0,79.0,0.0,0.0,4155.2,17.29,0.0,0.0,0.0,47.45,11.0,0.0,0.0,12.0,0.0,0.0,1.0,True,Churned
3334,14,171,4228.79,86,395,0.3,0.7,838.0,1471.0,0.0,143.0,0.0,75.0,295.0,0.0,0.0,0.0,5.0,482.0,0.0,0.0,111.0,0.0,810.0,0.0,0.0,3977.47,251.32,0.0,0.0,0.0,0.0,110.0,4.0,2.0,6.0,16.0,0.0,16.0,True,Churned
3335,6,114,13149.72,69,602,0.35,0.65,0.0,348.0,0.0,534.0,0.0,0.0,880.0,744.0,8364.0,0.0,0.0,2006.0,0.0,0.0,218.0,0.0,56.0,0.0,0.0,1115.25,12034.47,0.0,0.0,0.0,0.0,7.0,54.0,2.0,0.0,0.0,0.0,0.0,True,Churned
3337,3,29,2218.13,22,514,0.34,0.66,0.0,0.0,0.0,19.0,0.0,1362.0,230.0,108.0,0.0,0.0,0.0,281.0,0.0,0.0,154.0,23.0,41.0,0.0,0.0,2134.38,83.75,0.0,0.0,0.0,0.0,24.0,0.0,0.0,4.0,0.0,0.0,0.0,True,Churned
3344,2,5,78.59,5,2,0.13,0.87,0.0,0.0,0.0,0.0,0.0,0.0,7.0,0.0,0.0,0.0,0.0,0.0,0.0,0.0,0.0,0.0,72.0,0.0,0.0,78.59,0.0,0.0,0.0,0.0,0.0,4.0,0.0,0.0,0.0,0.0,0.0,0.0,True,Churned
3347,4,63,6291.1,25,207,0.3,0.7,5358.0,336.0,0.0,0.0,0.0,54.0,223.0,50.0,0.0,0.0,0.0,55.0,0.0,100.0,75.0,0.0,41.0,0.0,0.0,6114.06,177.04,0.0,0.0,0.0,0.0,31.0,5.0,0.0,26.0,1.0,0.0,0.0,True,Churned
3348,1,8,78.0,6,171,1.0,0.0,0.0,0.0,0.0,0.0,0.0,0.0,62.0,0.0,0.0,0.0,0.0,0.0,0.0,0.0,16.0,0.0,0.0,0.0,0.0,78.0,0.0,0.0,0.0,0.0,0.0,8.0,0.0,0.0,0.0,0.0,0.0,0.0,True,Churned
3350,1,4,22.4,2,9,0.0,1.0,0.0,0.0,0.0,0.0,0.0,0.0,0.0,0.0,0.0,0.0,0.0,22.0,0.0,0.0,0.0,0.0,0.0,0.0,0.0,22.4,0.0,0.0,0.0,0.0,0.0,4.0,0.0,0.0,0.0,0.0,0.0,0.0,True,Churned
3353,9,1385,20664.01,194,447,0.76,0.24,0.0,108.0,0.0,910.0,0.0,29.0,10706.0,628.0,0.0,0.0,0.0,5933.0,0.0,100.0,148.0,454.0,1647.0,0.0,0.0,20501.49,162.52,0.0,0.0,0.0,0.0,1273.0,7.0,0.0,5.0,36.0,0.0,42.0,True,Churned
3356,8,178,35051.68,111,220,0.32,0.68,0.0,328.0,0.0,20738.0,0.0,141.0,914.0,45.0,3177.0,0.0,2439.0,3381.0,0.0,0.0,2542.0,219.0,1128.0,0.0,0.0,25203.69,9847.99,0.0,0.0,0.0,0.0,57.0,0.0,67.0,0.0,1.0,0.0,0.0,True,Churned
3359,1,19,258.7,10,178,1.0,0.0,0.0,0.0,0.0,0.0,0.0,0.0,139.0,0.0,0.0,0.0,0.0,7.0,0.0,0.0,113.0,0.0,0.0,0.0,0.0,258.7,0.0,0.0,0.0,0.0,0.0,19.0,0.0,0.0,0.0,0.0,0.0,0.0,True,Churned
3360,7,382,4709.82,75,649,0.58,0.42,257.0,651.0,0.0,257.0,0.0,181.0,2077.0,147.0,56.0,0.0,0.0,353.0,0.0,0.0,710.0,0.0,22.0,0.0,0.0,4593.15,116.67,0.0,0.0,0.0,0.0,322.0,3.0,0.0,1.0,44.0,0.0,0.0,True,Churned
3361,5,48,602.9,15,564,0.06,0.94,0.0,55.0,0.0,0.0,0.0,27.0,139.0,0.0,0.0,0.0,0.0,15.0,0.0,0.0,363.0,0.0,4.0,0.0,0.0,535.7,67.2,0.0,0.0,0.0,0.0,14.0,2.0,0.0,0.0,5.0,0.0,0.0,True,Churned
3362,3,47,444.64,43,596,0.83,0.17,0.0,0.0,0.0,0.0,0.0,0.0,124.0,0.0,11.0,0.0,0.0,214.0,0.0,0.0,89.0,0.0,7.0,0.0,0.0,359.8,84.84,0.0,0.0,0.0,0.0,44.0,2.0,0.0,0.0,0.0,0.0,0.0,True,Churned
3363,7,172,6696.15,79,103,0.85,0.15,0.0,258.0,0.0,93.0,0.0,537.0,1160.0,15.0,693.0,0.0,0.0,1830.0,0.0,0.0,990.0,0.0,1121.0,0.0,0.0,5912.55,87.22,0.0,0.0,0.0,55.05,120.0,6.0,0.0,3.0,0.0,0.0,4.0,True,Churned
3364,6,76,1527.41,52,444,0.72,0.28,111.0,84.0,0.0,31.0,0.0,90.0,217.0,80.0,115.0,0.0,18.0,259.0,0.0,10.0,149.0,50.0,314.0,0.0,0.0,1405.45,10.66,0.0,0.0,0.0,111.3,67.0,2.0,0.0,1.0,0.0,0.0,0.0,True,Churned
3365,2,37,1639.55,27,100,0.96,0.04,7.0,0.0,0.0,0.0,0.0,581.0,308.0,333.0,0.0,0.0,0.0,25.0,0.0,0.0,159.0,54.0,173.0,0.0,0.0,1314.93,324.62,0.0,0.0,0.0,0.0,34.0,3.0,0.0,0.0,0.0,0.0,0.0,True,Churned
3367,2,10,384.13,10,536,0.75,0.25,0.0,0.0,0.0,20.0,0.0,0.0,258.0,0.0,0.0,0.0,0.0,6.0,0.0,0.0,75.0,0.0,25.0,0.0,0.0,377.9,6.23,0.0,0.0,0.0,0.0,8.0,2.0,0.0,0.0,0.0,0.0,0.0,True,Churned
3368,3,40,902.34,18,58,0.73,0.27,0.0,80.0,0.0,17.0,0.0,0.0,382.0,196.0,0.0,0.0,0.0,0.0,0.0,0.0,168.0,0.0,60.0,0.0,0.0,813.1,89.24,0.0,0.0,0.0,0.0,35.0,0.0,4.0,0.0,0.0,0.0,0.0,True,Churned
3370,1,21,467.5,10,124,0.21,0.79,0.0,99.0,0.0,0.0,0.0,0.0,96.0,0.0,0.0,0.0,0.0,0.0,0.0,0.0,0.0,0.0,273.0,0.0,0.0,467.5,0.0,0.0,0.0,0.0,0.0,21.0,0.0,0.0,0.0,0.0,0.0,0.0,True,Churned
3371,4,47,5902.92,22,453,0.16,0.84,4521.0,55.0,0.0,0.0,0.0,0.0,934.0,0.0,0.0,0.0,0.0,16.0,0.0,0.0,212.0,0.0,165.0,0.0,0.0,1019.95,4834.26,0.0,0.0,0.0,48.71,35.0,0.0,0.0,10.0,0.0,0.0,1.0,True,Churned
3373,3,6,66.13,6,4,0.0,1.0,0.0,0.0,0.0,40.0,0.0,0.0,6.0,0.0,0.0,0.0,0.0,17.0,0.0,0.0,3.0,0.0,0.0,0.0,0.0,66.13,0.0,0.0,0.0,0.0,0.0,4.0,1.0,0.0,0.0,0.0,0.0,0.0,True,Churned
3374,1,8,314.42,4,61,0.67,0.33,0.0,0.0,0.0,0.0,0.0,0.0,161.0,0.0,0.0,0.0,0.0,0.0,0.0,0.0,153.0,0.0,0.0,0.0,0.0,314.42,0.0,0.0,0.0,0.0,0.0,8.0,0.0,0.0,0.0,0.0,0.0,0.0,True,Churned
3375,3,6,95.63,6,320,0.21,0.79,0.0,0.0,0.0,0.0,0.0,20.0,19.0,0.0,0.0,0.0,0.0,0.0,0.0,0.0,55.0,0.0,1.0,0.0,0.0,95.63,0.0,0.0,0.0,0.0,0.0,4.0,1.0,0.0,0.0,0.0,0.0,0.0,True,Churned
3377,1,9,103.5,6,35,1.0,0.0,0.0,0.0,0.0,0.0,0.0,0.0,95.0,8.0,0.0,0.0,0.0,0.0,0.0,0.0,0.0,0.0,0.0,0.0,0.0,103.5,0.0,0.0,0.0,0.0,0.0,9.0,0.0,0.0,0.0,0.0,0.0,0.0,True,Churned
3378,1,5,123.6,4,45,0.15,0.85,0.0,0.0,0.0,0.0,0.0,0.0,12.0,0.0,0.0,0.0,0.0,5.0,0.0,0.0,100.0,0.0,7.0,0.0,0.0,123.6,0.0,0.0,0.0,0.0,0.0,5.0,0.0,0.0,0.0,0.0,0.0,0.0,True,Churned
3380,4,6,100.21,5,100,0.0,1.0,0.0,9.0,0.0,62.0,0.0,0.0,0.0,0.0,0.0,0.0,0.0,0.0,0.0,0.0,29.0,0.0,0.0,0.0,0.0,65.02,35.19,0.0,0.0,0.0,0.0,1.0,1.0,0.0,2.0,0.0,0.0,0.0,True,Churned
3382,6,375,9662.5,153,385,0.84,0.16,0.0,136.0,0.0,75.0,0.0,0.0,1319.0,72.0,579.0,0.0,0.0,5957.0,0.0,0.0,1111.0,0.0,414.0,0.0,0.0,8144.2,311.92,0.0,0.0,0.0,0.0,300.0,3.0,0.0,0.0,2.0,0.0,0.0,True,Churned
3383,1,1,10.98,1,1,0.0,1.0,0.0,11.0,0.0,0.0,0.0,0.0,0.0,0.0,0.0,0.0,0.0,0.0,0.0,0.0,0.0,0.0,0.0,0.0,0.0,0.0,10.98,0.0,0.0,0.0,0.0,0.0,0.0,0.0,0.0,0.0,1.0,0.0,True,Churned
3385,3,11,313.79,9,120,0.93,0.07,210.0,0.0,0.0,0.0,0.0,0.0,64.0,0.0,0.0,0.0,0.0,0.0,0.0,0.0,34.0,0.0,6.0,0.0,0.0,254.78,59.01,0.0,0.0,0.0,0.0,4.0,0.0,0.0,0.0,0.0,0.0,0.0,True,Churned
3394,2,3,120.0,2,565,0.0,1.0,15.0,5.0,0.0,0.0,0.0,0.0,0.0,0.0,0.0,0.0,0.0,0.0,0.0,100.0,0.0,0.0,0.0,0.0,0.0,120.0,0.0,0.0,0.0,0.0,0.0,2.0,0.0,0.0,1.0,0.0,0.0,0.0,True,Churned
3398,2,9,98.5,9,866,1.0,0.0,0.0,0.0,0.0,0.0,0.0,0.0,48.0,3.0,0.0,0.0,0.0,41.0,0.0,0.0,0.0,0.0,6.0,0.0,0.0,95.05,0.0,3.45,0.0,0.0,0.0,8.0,0.0,0.0,1.0,0.0,0.0,0.0,True,Churned
3409,8,1209,25166.34,304,571,0.96,0.04,200.0,627.0,0.0,170.0,0.0,14.0,11108.0,1001.0,160.0,0.0,0.0,6082.0,0.0,0.0,4214.0,81.0,1508.0,0.0,0.0,23910.75,1148.13,0.0,0.0,0.0,107.46,1109.0,22.0,0.0,1.0,38.0,0.0,8.0,True,Churned
3410,2,17,276.11,7,205,0.84,0.16,100.0,0.0,0.0,125.0,0.0,0.0,0.0,0.0,0.0,0.0,0.0,21.0,0.0,0.0,0.0,0.0,30.0,0.0,0.0,268.1,8.01,0.0,0.0,0.0,0.0,16.0,1.0,0.0,0.0,0.0,0.0,0.0,True,Churned
3411,5,34,975.64,2,590,0.0,1.0,0.0,454.0,0.0,50.0,0.0,300.0,0.0,0.0,0.0,0.0,0.0,0.0,0.0,0.0,172.0,0.0,0.0,0.0,0.0,973.61,2.03,0.0,0.0,0.0,0.0,8.0,1.0,0.0,0.0,1.0,0.0,23.0,True,Churned
3412,1,57,754.0,12,505,0.94,0.06,0.0,0.0,0.0,0.0,0.0,0.0,651.0,0.0,0.0,0.0,0.0,0.0,0.0,0.0,103.0,0.0,0.0,0.0,0.0,754.0,0.0,0.0,0.0,0.0,0.0,57.0,0.0,0.0,0.0,0.0,0.0,0.0,True,Churned
3417,5,524,26621.63,158,696,0.86,0.14,280.0,1574.0,0.0,948.0,0.0,0.0,14614.0,132.0,540.0,0.0,427.0,2796.0,0.0,0.0,2512.0,973.0,1827.0,0.0,0.0,23888.92,2732.71,0.0,0.0,0.0,0.0,493.0,0.0,1.0,0.0,10.0,7.0,0.0,True,Churned
3424,1,5,30.7,5,2,1.0,0.0,0.0,0.0,0.0,6.0,0.0,0.0,0.0,0.0,0.0,0.0,0.0,17.0,0.0,0.0,0.0,0.0,8.0,0.0,0.0,30.7,0.0,0.0,0.0,0.0,0.0,5.0,0.0,0.0,0.0,0.0,0.0,0.0,True,Churned
3425,1,441,8629.39,70,301,1.0,0.0,0.0,0.0,0.0,200.0,0.0,8.0,6053.0,0.0,0.0,0.0,0.0,1992.0,0.0,0.0,359.0,0.0,16.0,0.0,0.0,8629.39,0.0,0.0,0.0,0.0,0.0,441.0,0.0,0.0,0.0,0.0,0.0,0.0,True,Churned
3426,1,10,540.45,8,5,1.0,0.0,0.0,0.0,0.0,0.0,0.0,0.0,301.0,0.0,0.0,0.0,0.0,235.0,0.0,0.0,0.0,0.0,5.0,0.0,0.0,540.45,0.0,0.0,0.0,0.0,0.0,10.0,0.0,0.0,0.0,0.0,0.0,0.0,True,Churned
3428,2,11,1759.3,7,17,0.75,0.25,1190.0,0.0,0.0,324.0,0.0,0.0,52.0,80.0,0.0,0.0,0.0,0.0,0.0,0.0,114.0,0.0,0.0,0.0,0.0,1759.3,0.0,0.0,0.0,0.0,0.0,9.0,0.0,0.0,0.0,0.0,0.0,0.0,True,Churned
3431,12,341,10414.07,89,206,0.46,0.54,51.0,814.0,0.0,23.0,0.0,64.0,1641.0,3158.0,301.0,0.0,0.0,1117.0,0.0,0.0,2761.0,82.0,402.0,0.0,0.0,7986.21,942.78,101.33,0.0,0.0,1369.2,274.0,5.0,2.0,2.0,28.0,1.0,22.0,True,Churned
3433,2,12,239.78,9,582,0.2,0.8,71.0,0.0,0.0,0.0,0.0,108.0,13.0,0.0,0.0,0.0,0.0,0.0,0.0,0.0,13.0,0.0,35.0,0.0,0.0,168.86,0.0,0.0,0.0,0.0,70.92,11.0,0.0,0.0,0.0,0.0,0.0,0.0,True,Churned
3435,1,1,3.1,1,1,1.0,0.0,0.0,0.0,0.0,0.0,0.0,0.0,3.0,0.0,0.0,0.0,0.0,0.0,0.0,0.0,0.0,0.0,0.0,0.0,0.0,3.1,0.0,0.0,0.0,0.0,0.0,1.0,0.0,0.0,0.0,0.0,0.0,0.0,True,Churned
3436,1,11,1702.04,11,831,0.97,0.03,0.0,0.0,0.0,0.0,0.0,0.0,69.0,0.0,0.0,0.0,0.0,1246.0,0.0,0.0,339.0,0.0,48.0,0.0,0.0,1702.04,0.0,0.0,0.0,0.0,0.0,11.0,0.0,0.0,0.0,0.0,0.0,0.0,True,Churned
3437,2,5,113.25,3,105,0.7,0.3,0.0,0.0,0.0,3.0,0.0,0.0,76.0,0.0,0.0,0.0,0.0,0.0,0.0,0.0,0.0,34.0,0.0,0.0,0.0,78.9,0.0,0.0,0.0,0.0,34.35,4.0,0.0,0.0,0.0,0.0,0.0,1.0,True,Churned
3438,2,5,180.03,3,35,0.0,1.0,0.0,10.0,0.0,0.0,0.0,0.0,0.0,0.0,0.0,0.0,0.0,170.0,0.0,0.0,0.0,0.0,0.0,0.0,0.0,180.03,0.0,0.0,0.0,0.0,0.0,4.0,0.0,0.0,1.0,0.0,0.0,0.0,True,Churned
3439,6,49,6403.94,43,143,0.96,0.04,4242.0,0.0,0.0,46.0,0.0,30.0,104.0,443.0,702.0,0.0,0.0,140.0,0.0,0.0,691.0,0.0,6.0,0.0,0.0,2415.27,79.26,0.0,0.0,2388.2,202.73,18.0,0.0,0.0,0.0,0.0,0.0,0.0,True,Churned
3442,3,57,1093.64,40,35,1.0,0.0,250.0,40.0,0.0,0.0,0.0,0.0,200.0,0.0,47.0,0.0,0.0,211.0,0.0,0.0,77.0,0.0,269.0,0.0,0.0,1036.68,56.96,0.0,0.0,0.0,0.0,50.0,1.0,0.0,0.0,0.0,0.0,0.0,True,Churned
3444,1,1,17.9,1,1,1.0,0.0,0.0,0.0,0.0,0.0,0.0,0.0,0.0,0.0,0.0,0.0,0.0,18.0,0.0,0.0,0.0,0.0,0.0,0.0,0.0,17.9,0.0,0.0,0.0,0.0,0.0,1.0,0.0,0.0,0.0,0.0,0.0,0.0,True,Churned
3452,2,58,269.31,13,485,0.88,0.12,0.0,0.0,0.0,0.0,0.0,0.0,232.0,0.0,0.0,0.0,0.0,9.0,0.0,0.0,19.0,0.0,10.0,0.0,0.0,250.55,0.0,0.0,0.0,0.0,18.76,57.0,0.0,0.0,0.0,0.0,0.0,0.0,True,Churned
3454,2,30,1998.65,20,145,0.11,0.89,0.0,0.0,0.0,627.0,0.0,0.0,33.0,77.0,1014.0,0.0,0.0,47.0,0.0,0.0,50.0,0.0,150.0,0.0,0.0,1853.4,145.25,0.0,0.0,0.0,0.0,15.0,0.0,0.0,0.0,0.0,0.0,0.0,True,Churned
3459,5,18,17342.48,8,112,0.01,0.99,17197.0,0.0,0.0,0.0,0.0,20.0,19.0,0.0,0.0,0.0,0.0,38.0,0.0,0.0,68.0,0.0,0.0,0.0,0.0,17290.72,51.76,0.0,0.0,0.0,0.0,4.0,1.0,1.0,1.0,11.0,0.0,0.0,True,Churned
3462,1,13,220.95,9,81,1.0,0.0,0.0,0.0,0.0,0.0,0.0,0.0,120.0,0.0,0.0,0.0,0.0,32.0,0.0,0.0,68.0,0.0,0.0,0.0,0.0,220.95,0.0,0.0,0.0,0.0,0.0,13.0,0.0,0.0,0.0,0.0,0.0,0.0,True,Churned
3464,1,3,41.35,2,5,1.0,0.0,0.0,0.0,0.0,0.0,0.0,0.0,41.0,0.0,0.0,0.0,0.0,0.0,0.0,0.0,0.0,0.0,0.0,0.0,0.0,41.35,0.0,0.0,0.0,0.0,0.0,3.0,0.0,0.0,0.0,0.0,0.0,0.0,True,Churned
3465,1,12,209.58,3,193,0.0,1.0,200.0,10.0,0.0,0.0,0.0,0.0,0.0,0.0,0.0,0.0,0.0,0.0,0.0,0.0,0.0,0.0,0.0,0.0,0.0,180.0,29.58,0.0,0.0,0.0,0.0,12.0,0.0,0.0,0.0,0.0,0.0,0.0,True,Churned
3469,1,7,109.4,6,115,1.0,0.0,0.0,0.0,0.0,0.0,0.0,0.0,24.0,8.0,0.0,0.0,0.0,77.0,0.0,0.0,0.0,0.0,0.0,0.0,0.0,109.4,0.0,0.0,0.0,0.0,0.0,7.0,0.0,0.0,0.0,0.0,0.0,0.0,True,Churned
3471,1,191,1576.01,44,686,1.0,0.0,0.0,0.0,0.0,61.0,0.0,0.0,591.0,164.0,24.0,0.0,0.0,583.0,0.0,0.0,113.0,0.0,41.0,0.0,0.0,1576.01,0.0,0.0,0.0,0.0,0.0,191.0,0.0,0.0,0.0,0.0,0.0,0.0,True,Churned
3474,1,2,41.35,2,39,1.0,0.0,0.0,0.0,0.0,0.0,0.0,0.0,27.0,0.0,0.0,0.0,0.0,14.0,0.0,0.0,0.0,0.0,0.0,0.0,0.0,41.35,0.0,0.0,0.0,0.0,0.0,2.0,0.0,0.0,0.0,0.0,0.0,0.0,True,Churned
3476,2,30,988.96,19,447,1.0,0.0,0.0,0.0,0.0,0.0,0.0,0.0,571.0,0.0,0.0,0.0,141.0,42.0,0.0,0.0,199.0,19.0,16.0,0.0,0.0,848.7,140.26,0.0,0.0,0.0,0.0,24.0,6.0,0.0,0.0,0.0,0.0,0.0,True,Churned
3480,4,14,986.95,11,34,1.0,0.0,817.0,0.0,0.0,0.0,0.0,0.0,28.0,0.0,11.0,0.0,0.0,57.0,0.0,0.0,49.0,0.0,26.0,0.0,0.0,644.55,0.0,0.0,0.0,290.01,0.0,8.0,0.0,0.0,0.0,0.0,0.0,0.0,True,Churned
3481,1,5,291.0,1,2,0.0,1.0,0.0,0.0,0.0,291.0,0.0,0.0,0.0,0.0,0.0,0.0,0.0,0.0,0.0,0.0,0.0,0.0,0.0,0.0,0.0,291.0,0.0,0.0,0.0,0.0,0.0,5.0,0.0,0.0,0.0,0.0,0.0,0.0,True,Churned
3484,3,10,3531.53,7,347,0.49,0.51,1882.0,0.0,0.0,30.0,0.0,0.0,0.0,0.0,1513.0,0.0,0.0,0.0,0.0,0.0,106.0,0.0,0.0,0.0,0.0,1902.34,1629.19,0.0,0.0,0.0,0.0,0.0,1.0,0.0,4.0,0.0,0.0,0.0,True,Churned
3486,1,9,28.8,6,525,1.0,0.0,0.0,0.0,0.0,0.0,0.0,0.0,25.0,0.0,0.0,0.0,0.0,0.0,0.0,0.0,4.0,0.0,0.0,0.0,0.0,28.8,0.0,0.0,0.0,0.0,0.0,9.0,0.0,0.0,0.0,0.0,0.0,0.0,True,Churned
3489,1,22,393.29,16,44,0.95,0.05,0.0,0.0,0.0,0.0,0.0,0.0,57.0,0.0,0.0,0.0,0.0,174.0,0.0,0.0,129.0,0.0,34.0,0.0,0.0,393.29,0.0,0.0,0.0,0.0,0.0,22.0,0.0,0.0,0.0,0.0,0.0,0.0,True,Churned
3490,1,1,3.0,1,1,1.0,0.0,0.0,0.0,0.0,0.0,0.0,0.0,0.0,0.0,0.0,0.0,0.0,3.0,0.0,0.0,0.0,0.0,0.0,0.0,0.0,3.0,0.0,0.0,0.0,0.0,0.0,1.0,0.0,0.0,0.0,0.0,0.0,0.0,True,Churned
3493,1,26,1838.3,15,145,0.99,0.01,0.0,1.0,0.0,0.0,0.0,0.0,10.0,0.0,0.0,0.0,0.0,1713.0,0.0,0.0,0.0,0.0,115.0,0.0,0.0,1838.3,0.0,0.0,0.0,0.0,0.0,26.0,0.0,0.0,0.0,0.0,0.0,0.0,True,Churned
3494,2,3,528.95,2,3,0.0,1.0,0.0,0.0,0.0,0.0,0.0,468.0,0.0,0.0,0.0,0.0,0.0,0.0,0.0,0.0,61.0,0.0,0.0,0.0,0.0,0.0,528.95,0.0,0.0,0.0,0.0,0.0,0.0,2.0,0.0,0.0,0.0,0.0,True,Churned
3497,1,2,103.0,2,1,0.03,0.97,0.0,0.0,0.0,0.0,0.0,100.0,3.0,0.0,0.0,0.0,0.0,0.0,0.0,0.0,0.0,0.0,0.0,0.0,0.0,103.0,0.0,0.0,0.0,0.0,0.0,2.0,0.0,0.0,0.0,0.0,0.0,0.0,True,Churned
3498,1,2,17.3,2,303,1.0,0.0,0.0,0.0,0.0,0.0,0.0,0.0,0.0,0.0,0.0,0.0,0.0,16.0,0.0,0.0,0.0,0.0,1.0,0.0,0.0,17.3,0.0,0.0,0.0,0.0,0.0,2.0,0.0,0.0,0.0,0.0,0.0,0.0,True,Churned
3501,3,5,181.5,4,156,0.38,0.62,60.0,0.0,0.0,0.0,0.0,0.0,0.0,0.0,0.0,0.0,0.0,0.0,0.0,0.0,53.0,0.0,69.0,0.0,0.0,129.0,52.5,0.0,0.0,0.0,0.0,3.0,0.0,0.0,1.0,0.0,0.0,0.0,True,Churned
3505,4,4,29.18,4,136,0.0,1.0,5.0,0.0,0.0,10.0,0.0,0.0,0.0,0.0,0.0,0.0,0.0,0.0,0.0,0.0,11.0,0.0,3.0,0.0,0.0,24.09,0.0,0.0,0.0,0.0,5.09,1.0,0.0,0.0,0.0,0.0,0.0,0.0,True,Churned
3507,1,36,259.9,7,268,0.86,0.14,0.0,0.0,0.0,0.0,0.0,0.0,112.0,0.0,0.0,0.0,0.0,20.0,0.0,0.0,128.0,0.0,0.0,0.0,0.0,259.9,0.0,0.0,0.0,0.0,0.0,36.0,0.0,0.0,0.0,0.0,0.0,0.0,True,Churned
3508,2,48,1702.4,34,208,1.0,0.0,0.0,0.0,0.0,30.0,0.0,0.0,84.0,0.0,1093.0,0.0,0.0,477.0,0.0,0.0,19.0,0.0,0.0,0.0,0.0,609.6,1092.8,0.0,0.0,0.0,0.0,27.0,0.0,0.0,0.0,0.0,21.0,0.0,True,Churned
3509,3,108,2408.2,62,408,1.0,0.0,0.0,42.0,0.0,0.0,0.0,0.0,1078.0,84.0,11.0,0.0,45.0,296.0,0.0,0.0,638.0,0.0,214.0,0.0,0.0,2239.95,168.25,0.0,0.0,0.0,0.0,93.0,1.0,14.0,0.0,0.0,0.0,0.0,True,Churned
3510,2,8,196.7,6,200,0.25,0.75,0.0,0.0,0.0,0.0,0.0,0.0,8.0,0.0,0.0,0.0,0.0,0.0,0.0,0.0,180.0,8.0,1.0,0.0,0.0,196.7,0.0,0.0,0.0,0.0,0.0,7.0,0.0,0.0,0.0,0.0,0.0,0.0,True,Churned
3511,1,6,98.65,3,90,0.9,0.1,0.0,0.0,0.0,0.0,0.0,0.0,35.0,0.0,0.0,0.0,0.0,53.0,0.0,0.0,10.0,0.0,0.0,0.0,0.0,98.65,0.0,0.0,0.0,0.0,0.0,6.0,0.0,0.0,0.0,0.0,0.0,0.0,True,Churned
3512,1,4,62.01,2,48,0.0,1.0,10.0,0.0,0.0,0.0,0.0,0.0,0.0,0.0,0.0,0.0,0.0,0.0,0.0,0.0,0.0,0.0,52.0,0.0,0.0,62.01,0.0,0.0,0.0,0.0,0.0,4.0,0.0,0.0,0.0,0.0,0.0,0.0,True,Churned
3513,1,3,65.44,3,9,0.84,0.16,0.0,0.0,0.0,0.0,0.0,0.0,4.0,0.0,0.0,0.0,0.0,51.0,0.0,0.0,0.0,0.0,10.0,0.0,0.0,65.44,0.0,0.0,0.0,0.0,0.0,3.0,0.0,0.0,0.0,0.0,0.0,0.0,True,Churned
3517,1,2,584.4,2,14,1.0,0.0,500.0,0.0,0.0,0.0,0.0,0.0,0.0,0.0,0.0,0.0,0.0,0.0,0.0,0.0,0.0,0.0,84.0,0.0,0.0,584.4,0.0,0.0,0.0,0.0,0.0,2.0,0.0,0.0,0.0,0.0,0.0,0.0,True,Churned
3518,1,1,0.45,1,1,1.0,0.0,0.0,0.0,0.0,0.0,0.0,0.0,0.0,0.0,0.0,0.0,0.0,0.0,0.0,0.0,0.0,0.0,0.0,0.0,0.0,0.0,0.45,0.0,0.0,0.0,0.0,0.0,1.0,0.0,0.0,0.0,0.0,0.0,True,Churned
3519,1,9,100.95,9,38,1.0,0.0,0.0,0.0,0.0,0.0,0.0,0.0,60.0,0.0,7.0,0.0,1.0,33.0,0.0,0.0,0.0,0.0,0.0,0.0,0.0,100.95,0.0,0.0,0.0,0.0,0.0,9.0,0.0,0.0,0.0,0.0,0.0,0.0,True,Churned
3520,3,5,147.89,4,288,0.0,1.0,0.0,0.0,0.0,0.0,0.0,0.0,111.0,0.0,0.0,0.0,0.0,0.0,0.0,20.0,17.0,0.0,0.0,0.0,0.0,36.52,0.0,0.0,0.0,0.0,111.37,1.0,0.0,0.0,1.0,0.0,0.0,0.0,True,Churned
3521,1,16,200.0,9,9,1.0,0.0,0.0,7.0,0.0,0.0,0.0,0.0,107.0,0.0,0.0,0.0,74.0,12.0,0.0,0.0,0.0,0.0,0.0,0.0,0.0,200.0,0.0,0.0,0.0,0.0,0.0,16.0,0.0,0.0,0.0,0.0,0.0,0.0,True,Churned
3522,3,7,202.0,3,273,0.0,1.0,0.0,198.0,0.0,0.0,0.0,4.0,0.0,0.0,0.0,0.0,0.0,0.0,0.0,0.0,0.0,0.0,0.0,0.0,0.0,202.0,0.0,0.0,0.0,0.0,0.0,0.0,0.0,0.0,0.0,1.0,0.0,5.0,True,Churned
3524,1,9,165.05,4,873,0.09,0.91,0.0,0.0,0.0,0.0,0.0,12.0,0.0,0.0,0.0,0.0,0.0,0.0,0.0,0.0,76.0,0.0,77.0,0.0,0.0,165.05,0.0,0.0,0.0,0.0,0.0,9.0,0.0,0.0,0.0,0.0,0.0,0.0,True,Churned
3525,1,6,145.3,3,243,1.0,0.0,120.0,0.0,0.0,0.0,0.0,0.0,25.0,0.0,0.0,0.0,0.0,0.0,0.0,0.0,0.0,0.0,0.0,0.0,0.0,145.3,0.0,0.0,0.0,0.0,0.0,6.0,0.0,0.0,0.0,0.0,0.0,0.0,True,Churned
3526,1,9,112.75,6,225,1.0,0.0,0.0,0.0,0.0,0.0,0.0,0.0,109.0,0.0,0.0,0.0,0.0,4.0,0.0,0.0,0.0,0.0,0.0,0.0,0.0,112.75,0.0,0.0,0.0,0.0,0.0,9.0,0.0,0.0,0.0,0.0,0.0,0.0,True,Churned
3529,1,1,23.59,1,1,0.0,1.0,0.0,0.0,0.0,0.0,0.0,0.0,0.0,0.0,0.0,0.0,0.0,0.0,0.0,0.0,24.0,0.0,0.0,0.0,0.0,0.0,23.59,0.0,0.0,0.0,0.0,0.0,0.0,0.0,1.0,0.0,0.0,0.0,True,Churned
3531,1,2,3.2,2,348,1.0,0.0,0.0,0.0,0.0,0.0,0.0,0.0,1.0,0.0,0.0,0.0,0.0,2.0,0.0,0.0,0.0,0.0,0.0,0.0,0.0,3.2,0.0,0.0,0.0,0.0,0.0,2.0,0.0,0.0,0.0,0.0,0.0,0.0,True,Churned
3533,1,23,1932.61,17,290,0.38,0.62,0.0,0.0,0.0,0.0,0.0,0.0,28.0,0.0,498.0,0.0,0.0,316.0,0.0,0.0,909.0,0.0,182.0,0.0,0.0,1932.61,0.0,0.0,0.0,0.0,0.0,23.0,0.0,0.0,0.0,0.0,0.0,0.0,True,Churned
3537,6,16,140.61,8,527,0.07,0.93,0.0,46.0,0.0,0.0,0.0,81.0,0.0,0.0,8.0,0.0,0.0,0.0,0.0,0.0,3.0,0.0,2.0,0.0,0.0,77.56,32.78,0.0,0.0,30.27,0.0,1.0,0.0,0.0,9.0,0.0,1.0,2.0,True,Churned
3538,1,5,27.0,5,33,1.0,0.0,0.0,0.0,0.0,0.0,0.0,0.0,9.0,0.0,0.0,0.0,0.0,11.0,0.0,0.0,0.0,0.0,8.0,0.0,0.0,0.0,0.0,27.0,0.0,0.0,0.0,0.0,0.0,0.0,5.0,0.0,0.0,0.0,True,Churned
3539,1,12,166.05,5,14,1.0,0.0,0.0,0.0,0.0,0.0,0.0,0.0,95.0,0.0,0.0,0.0,0.0,21.0,0.0,0.0,50.0,0.0,0.0,0.0,0.0,166.05,0.0,0.0,0.0,0.0,0.0,12.0,0.0,0.0,0.0,0.0,0.0,0.0,True,Churned
3540,1,3,114.75,3,569,0.3,0.7,0.0,0.0,0.0,0.0,0.0,0.0,15.0,0.0,0.0,0.0,0.0,0.0,0.0,0.0,100.0,0.0,0.0,0.0,0.0,114.75,0.0,0.0,0.0,0.0,0.0,3.0,0.0,0.0,0.0,0.0,0.0,0.0,True,Churned
3543,1,1,1.6,1,1,1.0,0.0,0.0,0.0,0.0,0.0,0.0,0.0,2.0,0.0,0.0,0.0,0.0,0.0,0.0,0.0,0.0,0.0,0.0,0.0,0.0,1.6,0.0,0.0,0.0,0.0,0.0,1.0,0.0,0.0,0.0,0.0,0.0,0.0,True,Churned
3544,1,1,1.25,1,1,1.0,0.0,0.0,0.0,0.0,0.0,0.0,0.0,1.0,0.0,0.0,0.0,0.0,0.0,0.0,0.0,0.0,0.0,0.0,0.0,0.0,1.25,0.0,0.0,0.0,0.0,0.0,1.0,0.0,0.0,0.0,0.0,0.0,0.0,True,Churned
3545,2,3,35.58,2,27,0.0,1.0,0.0,30.0,0.0,0.0,0.0,0.0,0.0,0.0,0.0,0.0,0.0,0.0,0.0,0.0,6.0,0.0,0.0,0.0,0.0,35.58,0.0,0.0,0.0,0.0,0.0,1.0,0.0,0.0,0.0,0.0,0.0,0.0,True,Churned
3546,2,5,12.4,3,80,0.24,0.76,0.0,4.0,0.0,0.0,0.0,0.0,0.0,0.0,0.0,0.0,0.0,0.0,0.0,0.0,3.0,0.0,6.0,0.0,0.0,12.4,0.0,0.0,0.0,0.0,0.0,3.0,0.0,0.0,0.0,0.0,0.0,2.0,True,Churned
3548,2,3,85.8,3,243,0.18,0.82,70.0,0.0,0.0,0.0,0.0,0.0,16.0,0.0,0.0,0.0,0.0,0.0,0.0,0.0,0.0,0.0,0.0,0.0,0.0,85.8,0.0,0.0,0.0,0.0,0.0,2.0,0.0,0.0,1.0,0.0,0.0,0.0,True,Churned
3549,1,2,14.0,2,1,1.0,0.0,0.0,0.0,0.0,0.0,0.0,0.0,14.0,0.0,0.0,0.0,0.0,0.0,0.0,0.0,0.0,0.0,0.0,0.0,0.0,14.0,0.0,0.0,0.0,0.0,0.0,2.0,0.0,0.0,0.0,0.0,0.0,0.0,True,Churned
3550,1,1,30.3,1,1,1.0,0.0,0.0,0.0,0.0,0.0,0.0,0.0,30.0,0.0,0.0,0.0,0.0,0.0,0.0,0.0,0.0,0.0,0.0,0.0,0.0,30.3,0.0,0.0,0.0,0.0,0.0,1.0,0.0,0.0,0.0,0.0,0.0,0.0,True,Churned
3552,1,4,59.8,2,7,0.18,0.82,0.0,0.0,0.0,49.0,0.0,0.0,11.0,0.0,0.0,0.0,0.0,0.0,0.0,0.0,0.0,0.0,0.0,0.0,0.0,59.8,0.0,0.0,0.0,0.0,0.0,4.0,0.0,0.0,0.0,0.0,0.0,0.0,True,Churned
3553,1,3,22.6,2,52,0.62,0.38,0.0,0.0,0.0,9.0,0.0,0.0,14.0,0.0,0.0,0.0,0.0,0.0,0.0,0.0,0.0,0.0,0.0,0.0,0.0,22.6,0.0,0.0,0.0,0.0,0.0,3.0,0.0,0.0,0.0,0.0,0.0,0.0,True,Churned
3554,1,1,5.88,1,1,1.0,0.0,0.0,0.0,0.0,0.0,0.0,0.0,0.0,6.0,0.0,0.0,0.0,0.0,0.0,0.0,0.0,0.0,0.0,0.0,0.0,0.0,5.88,0.0,0.0,0.0,0.0,0.0,1.0,0.0,0.0,0.0,0.0,0.0,True,Churned
3556,1,2,115.0,1,1,0.0,1.0,0.0,0.0,0.0,0.0,0.0,0.0,0.0,0.0,0.0,0.0,0.0,0.0,0.0,115.0,0.0,0.0,0.0,0.0,0.0,115.0,0.0,0.0,0.0,0.0,0.0,2.0,0.0,0.0,0.0,0.0,0.0,0.0,True,Churned
3557,1,2,545.0,2,1,1.0,0.0,0.0,0.0,0.0,0.0,0.0,0.0,0.0,0.0,0.0,0.0,0.0,0.0,0.0,0.0,545.0,0.0,0.0,0.0,0.0,545.0,0.0,0.0,0.0,0.0,0.0,2.0,0.0,0.0,0.0,0.0,0.0,0.0,True,Churned
3559,1,1,3.82,1,1,0.0,1.0,0.0,0.0,0.0,0.0,0.0,0.0,0.0,0.0,0.0,0.0,0.0,0.0,0.0,0.0,4.0,0.0,0.0,0.0,0.0,0.0,0.0,0.0,0.0,0.0,3.82,0.0,0.0,0.0,1.0,0.0,0.0,0.0,True,Churned
3588,5,39,4366.07,35,38,0.56,0.44,384.0,125.0,0.0,206.0,0.0,274.0,3.0,0.0,1956.0,0.0,0.0,438.0,0.0,0.0,969.0,0.0,10.0,0.0,0.0,703.99,1100.91,0.0,0.0,0.0,255.34,0.0,2.0,0.0,4.0,0.0,0.0,2.0,True,Churned
3591,17,918,74160.85,98,672,0.0,1.0,22869.0,22365.0,0.0,265.0,0.0,608.0,723.0,603.0,0.0,0.0,0.0,2287.0,0.0,150.0,23806.0,0.0,485.0,0.0,97.09,42364.09,19598.65,66.92,0.0,0.0,10054.19,118.0,7.0,1.0,112.0,263.0,0.0,151.0,True,Churned
3595,3,12,65.05,8,299,0.46,0.54,0.0,6.0,0.0,0.0,0.0,0.0,30.0,0.0,0.0,0.0,0.0,29.0,0.0,0.0,0.0,0.0,0.0,0.0,0.0,63.03,2.02,0.0,0.0,0.0,0.0,6.0,0.0,0.0,1.0,0.0,0.0,5.0,True,Churned
3598,2,18,375.11,12,651,0.62,0.38,0.0,43.0,0.0,0.0,0.0,99.0,70.0,0.0,0.0,0.0,0.0,56.0,0.0,0.0,107.0,0.0,0.0,0.0,0.0,343.8,31.31,0.0,0.0,0.0,0.0,17.0,1.0,0.0,0.0,0.0,0.0,0.0,True,Churned
3600,4,37,34346.92,15,574,0.0,1.0,0.0,0.0,0.0,0.0,0.0,14.0,41.0,0.0,48.0,0.0,0.0,39.0,0.0,34128.0,49.0,0.0,27.0,0.0,0.0,0.0,192.1,0.0,0.0,0.0,34127.88,0.0,12.0,0.0,0.0,0.0,0.0,0.0,True,Churned
3608,14,276,15588.33,87,288,0.4,0.6,88.0,2177.0,0.0,3378.0,0.0,1365.0,1151.0,236.0,0.0,0.0,1501.0,1739.0,0.0,0.0,2616.0,0.0,1336.0,0.0,0.0,13498.74,1956.66,0.0,0.0,0.0,114.93,150.0,1.0,18.0,9.0,48.0,0.0,16.0,True,Churned
3609,8,297,4507.24,58,589,0.21,0.79,0.0,393.0,0.0,1513.0,0.0,78.0,316.0,103.0,0.0,0.0,0.0,57.0,0.0,0.0,997.0,0.0,1050.0,0.0,0.0,4160.41,346.83,0.0,0.0,0.0,0.0,128.0,4.0,2.0,0.0,42.0,0.0,1.0,True,Churned
3611,2,29,482.42,17,50,0.88,0.12,0.0,0.0,0.0,0.0,0.0,0.0,179.0,0.0,129.0,0.0,0.0,99.0,0.0,0.0,6.0,0.0,70.0,0.0,0.0,472.8,9.62,0.0,0.0,0.0,0.0,28.0,0.0,0.0,0.0,0.0,0.0,0.0,True,Churned
3613,8,311,11094.77,128,471,0.39,0.61,0.0,768.0,0.0,1369.0,0.0,407.0,1112.0,391.0,118.0,0.0,178.0,2324.0,0.0,0.0,4116.0,78.0,233.0,0.0,0.0,9469.41,1457.35,86.22,0.0,0.0,71.1,166.0,43.0,30.0,13.0,41.0,0.0,2.0,True,Churned
3614,16,765,71951.75,323,377,0.62,0.38,14294.0,1904.0,0.0,994.0,0.0,495.0,9314.0,2150.0,6814.0,0.0,375.0,13066.0,0.0,4417.0,12359.0,325.0,5445.0,0.0,0.0,56221.59,7937.33,1561.23,0.0,0.0,6231.6,614.0,6.0,18.0,36.0,23.0,29.0,3.0,True,Churned
3615,22,693,21488.75,127,755,0.23,0.77,3796.0,2879.0,25.0,1197.0,0.0,1272.0,3190.0,703.0,450.0,0.0,37.0,569.0,0.0,3157.0,1714.0,0.0,2257.0,242.0,0.0,17062.73,1452.13,7.73,0.0,0.0,2521.94,509.0,12.0,4.0,29.0,16.0,2.0,67.0,True,Churned
3618,6,85,3114.7,48,414,0.48,0.52,0.0,1573.0,0.0,0.0,0.0,174.0,184.0,0.0,0.0,0.0,0.0,579.0,0.0,0.0,390.0,0.0,213.0,0.0,0.0,2220.83,322.8,0.0,0.0,0.0,571.07,75.0,1.0,1.0,1.0,0.0,3.0,4.0,True,Churned
3620,1,172,2507.0,86,448,1.0,0.0,0.0,0.0,0.0,0.0,0.0,0.0,949.0,28.0,7.0,0.0,0.0,1009.0,0.0,0.0,457.0,0.0,57.0,0.0,0.0,2507.0,0.0,0.0,0.0,0.0,0.0,172.0,0.0,0.0,0.0,0.0,0.0,0.0,True,Churned
3621,2,181,13008.3,56,315,0.89,0.11,0.0,100.0,0.0,510.0,0.0,92.0,7355.0,576.0,20.0,0.0,0.0,2499.0,0.0,0.0,694.0,10.0,1152.0,0.0,0.0,12925.77,82.53,0.0,0.0,0.0,0.0,180.0,1.0,0.0,0.0,0.0,0.0,0.0,True,Churned
3623,1,5,121.4,2,18,1.0,0.0,0.0,0.0,0.0,0.0,0.0,0.0,101.0,0.0,0.0,0.0,0.0,0.0,0.0,0.0,20.0,0.0,0.0,0.0,0.0,121.4,0.0,0.0,0.0,0.0,0.0,5.0,0.0,0.0,0.0,0.0,0.0,0.0,True,Churned
3627,7,20,874.67,12,897,0.01,0.99,705.0,3.0,0.0,39.0,0.0,0.0,10.0,0.0,0.0,0.0,0.0,0.0,0.0,0.0,118.0,0.0,0.0,0.0,0.0,850.88,21.94,0.0,0.0,0.0,1.85,7.0,1.0,3.0,1.0,3.0,0.0,0.0,True,Churned
3629,3,101,4672.45,44,508,0.68,0.32,0.0,112.0,0.0,907.0,0.0,0.0,1352.0,241.0,460.0,0.0,0.0,169.0,0.0,77.0,1071.0,269.0,15.0,0.0,0.0,4672.45,0.0,0.0,0.0,0.0,0.0,97.0,3.0,0.0,0.0,0.0,0.0,0.0,True,Churned
3630,1,3,59.85,3,120,0.25,0.75,0.0,0.0,0.0,0.0,0.0,0.0,15.0,0.0,0.0,0.0,45.0,0.0,0.0,0.0,0.0,0.0,0.0,0.0,0.0,59.85,0.0,0.0,0.0,0.0,0.0,3.0,0.0,0.0,0.0,0.0,0.0,0.0,True,Churned
3633,1,7,100.2,5,56,0.68,0.32,0.0,0.0,0.0,0.0,0.0,0.0,65.0,0.0,0.0,0.0,0.0,32.0,0.0,0.0,0.0,0.0,3.0,0.0,0.0,100.2,0.0,0.0,0.0,0.0,0.0,7.0,0.0,0.0,0.0,0.0,0.0,0.0,True,Churned
3638,3,16,121.26,12,225,0.67,0.33,0.0,19.0,0.0,7.0,0.0,0.0,43.0,0.0,0.0,0.0,14.0,0.0,0.0,0.0,32.0,0.0,6.0,0.0,0.0,88.19,0.0,0.0,0.0,0.0,0.0,11.0,0.0,0.0,0.0,1.0,0.0,0.0,True,Churned
3639,5,37,624.93,20,229,0.45,0.55,0.0,97.0,0.0,242.0,0.0,0.0,65.0,25.0,0.0,0.0,0.0,40.0,0.0,0.0,115.0,24.0,17.0,0.0,0.0,27.07,218.61,0.0,0.0,0.0,0.0,0.0,0.0,0.0,0.0,14.0,0.0,0.0,True,Churned
3640,8,33,1644.7,13,60,0.14,0.86,326.0,10.0,0.0,1255.0,0.0,5.0,4.0,0.0,0.0,0.0,0.0,0.0,0.0,0.0,0.0,0.0,44.0,0.0,0.0,900.79,728.94,0.0,0.0,0.0,5.16,3.0,1.0,0.0,4.0,0.0,0.0,0.0,True,Churned
3644,2,10,511.82,10,121,0.88,0.12,0.0,36.0,0.0,0.0,0.0,0.0,0.0,0.0,0.0,0.0,0.0,450.0,0.0,0.0,25.0,0.0,0.0,0.0,0.0,500.4,0.0,0.0,0.0,0.0,11.42,9.0,0.0,0.0,0.0,0.0,0.0,0.0,True,Churned
3646,8,48,1694.17,13,334,0.15,0.85,0.0,159.0,0.0,710.0,0.0,42.0,29.0,0.0,0.0,0.0,0.0,0.0,0.0,0.0,496.0,82.0,177.0,0.0,0.0,1602.54,91.63,0.0,0.0,0.0,0.0,21.0,4.0,0.0,1.0,0.0,5.0,13.0,True,Churned
3647,1,1,0.93,1,1,0.0,1.0,0.0,0.0,0.0,0.0,0.0,0.0,0.0,0.0,0.0,0.0,0.0,0.0,0.0,0.0,1.0,0.0,0.0,0.0,0.0,0.0,0.0,0.0,0.0,0.0,0.93,0.0,0.0,0.0,1.0,0.0,0.0,0.0,True,Churned
3648,2,38,1111.37,29,331,0.93,0.07,100.0,0.0,0.0,0.0,0.0,0.0,269.0,89.0,0.0,0.0,0.0,39.0,0.0,0.0,393.0,0.0,222.0,0.0,0.0,993.94,117.43,0.0,0.0,0.0,0.0,33.0,5.0,0.0,0.0,0.0,0.0,0.0,True,Churned
3649,1,6,47.7,5,18,1.0,0.0,0.0,0.0,0.0,0.0,0.0,0.0,35.0,0.0,0.0,0.0,0.0,0.0,0.0,0.0,0.0,0.0,13.0,0.0,0.0,47.7,0.0,0.0,0.0,0.0,0.0,6.0,0.0,0.0,0.0,0.0,0.0,0.0,True,Churned
3678,7,677,22844.55,136,943,0.99,0.01,0.0,201.0,0.0,0.0,0.0,296.0,16682.0,349.0,420.0,0.0,0.0,2287.0,0.0,0.0,2104.0,2.0,502.0,0.0,0.0,20942.15,271.49,0.0,1236.28,0.0,288.53,634.0,0.0,0.0,0.0,0.0,1.0,10.0,True,Churned
3685,9,366,37199.39,119,362,0.14,0.86,104.0,156.0,0.0,358.0,0.0,13738.0,1096.0,336.0,13558.0,0.0,634.0,3032.0,0.0,0.0,2379.0,285.0,1524.0,0.0,0.0,31311.44,5811.93,0.0,0.0,0.0,49.54,323.0,9.0,0.0,5.0,0.0,0.0,1.0,True,Churned
3689,1,3,23.15,3,328,0.57,0.43,0.0,10.0,0.0,0.0,0.0,0.0,0.0,0.0,0.0,0.0,5.0,0.0,0.0,0.0,0.0,0.0,8.0,0.0,0.0,23.15,0.0,0.0,0.0,0.0,0.0,3.0,0.0,0.0,0.0,0.0,0.0,0.0,True,Churned
3690,2,221,6547.35,73,455,0.95,0.05,0.0,57.0,0.0,24.0,0.0,67.0,4056.0,56.0,64.0,0.0,243.0,606.0,0.0,0.0,1038.0,0.0,337.0,0.0,0.0,6547.35,0.0,0.0,0.0,0.0,0.0,219.0,0.0,0.0,0.0,2.0,0.0,0.0,True,Churned
3691,1,110,2573.8,84,191,1.0,0.0,0.0,0.0,0.0,25.0,0.0,0.0,29.0,0.0,560.0,0.0,0.0,1738.0,0.0,0.0,0.0,0.0,222.0,0.0,0.0,2573.8,0.0,0.0,0.0,0.0,0.0,110.0,0.0,0.0,0.0,0.0,0.0,0.0,True,Churned
3700,1,2,20.0,1,1,0.0,1.0,0.0,0.0,0.0,20.0,0.0,0.0,0.0,0.0,0.0,0.0,0.0,0.0,0.0,0.0,0.0,0.0,0.0,0.0,0.0,20.0,0.0,0.0,0.0,0.0,0.0,2.0,0.0,0.0,0.0,0.0,0.0,0.0,True,Churned
3702,6,75,651.22,10,286,0.0,1.0,0.0,287.0,0.0,319.0,0.0,0.0,0.0,0.0,0.0,0.0,0.0,0.0,0.0,0.0,46.0,0.0,0.0,0.0,0.0,636.31,14.91,0.0,0.0,0.0,0.0,2.0,0.0,0.0,42.0,26.0,0.0,0.0,True,Churned
3707,3,25,919.17,21,274,0.58,0.42,0.0,17.0,0.0,0.0,0.0,0.0,54.0,172.0,42.0,0.0,0.0,317.0,0.0,0.0,72.0,12.0,234.0,0.0,0.0,863.21,55.96,0.0,0.0,0.0,0.0,23.0,1.0,0.0,0.0,0.0,0.0,0.0,True,Churned
3708,2,7,129.7,3,94,0.0,1.0,0.0,64.0,0.0,66.0,0.0,0.0,0.0,0.0,0.0,0.0,0.0,0.0,0.0,0.0,0.0,0.0,0.0,0.0,0.0,71.7,0.0,0.0,0.0,0.0,58.0,0.0,0.0,0.0,0.0,4.0,0.0,0.0,True,Churned
3711,3,6,287.23,5,29,0.01,0.99,0.0,2.0,0.0,0.0,0.0,0.0,2.0,0.0,0.0,0.0,0.0,0.0,0.0,18.0,265.0,0.0,0.0,0.0,0.0,287.23,0.0,0.0,0.0,0.0,0.0,3.0,2.0,0.0,0.0,1.0,0.0,0.0,True,Churned
3712,1,2,77.95,2,36,1.0,0.0,0.0,0.0,0.0,0.0,0.0,0.0,13.0,65.0,0.0,0.0,0.0,0.0,0.0,0.0,0.0,0.0,0.0,0.0,0.0,77.95,0.0,0.0,0.0,0.0,0.0,2.0,0.0,0.0,0.0,0.0,0.0,0.0,True,Churned
3713,1,4,1000.0,4,13,0.16,0.84,0.0,0.0,0.0,0.0,0.0,0.0,87.0,0.0,0.0,0.0,0.0,32.0,0.0,845.0,0.0,0.0,37.0,0.0,0.0,1000.0,0.0,0.0,0.0,0.0,0.0,4.0,0.0,0.0,0.0,0.0,0.0,0.0,True,Churned
3714,1,4,103.0,3,20,0.27,0.73,0.0,0.0,0.0,0.0,0.0,0.0,1.0,0.0,0.0,0.0,0.0,27.0,0.0,75.0,0.0,0.0,0.0,0.0,0.0,103.0,0.0,0.0,0.0,0.0,0.0,4.0,0.0,0.0,0.0,0.0,0.0,0.0,True,Churned
3715,4,14,115.35,6,223,0.09,0.91,0.0,0.0,0.0,21.0,0.0,0.0,11.0,0.0,0.0,0.0,0.0,58.0,0.0,0.0,26.0,0.0,0.0,0.0,0.0,98.8,0.0,0.0,0.0,0.0,16.55,3.0,2.0,0.0,0.0,0.0,0.0,0.0,True,Churned
3724,1,4,30.55,3,9,1.0,0.0,0.0,0.0,0.0,0.0,0.0,0.0,31.0,0.0,0.0,0.0,0.0,0.0,0.0,0.0,0.0,0.0,0.0,0.0,0.0,30.55,0.0,0.0,0.0,0.0,0.0,4.0,0.0,0.0,0.0,0.0,0.0,0.0,True,Churned
3726,2,9,163.34,8,144,0.58,0.42,40.0,19.0,0.0,0.0,0.0,29.0,31.0,0.0,0.0,0.0,0.0,25.0,0.0,0.0,0.0,20.0,0.0,0.0,0.0,143.91,19.43,0.0,0.0,0.0,0.0,8.0,0.0,0.0,1.0,0.0,0.0,0.0,True,Churned
3728,11,131,7736.1,45,336,0.06,0.94,326.0,1523.0,0.0,1107.0,0.0,391.0,389.0,837.0,554.0,0.0,0.0,214.0,0.0,53.0,2147.0,0.0,195.0,0.0,0.0,5205.84,1893.3,0.0,0.0,0.0,636.96,35.0,13.0,1.0,9.0,52.0,0.0,11.0,True,Churned
3729,3,258,11173.66,55,838,0.99,0.01,0.0,35.0,0.0,58.0,0.0,0.0,8850.0,72.0,26.0,0.0,0.0,687.0,0.0,0.0,903.0,0.0,543.0,0.0,0.0,11092.98,80.68,0.0,0.0,0.0,0.0,244.0,0.0,1.0,0.0,13.0,0.0,0.0,True,Churned
3730,8,137,437.78,15,82,0.0,1.0,0.0,19.0,0.0,2.0,0.0,0.0,0.0,0.0,0.0,0.0,0.0,0.0,0.0,0.0,34.0,110.0,273.0,0.0,46.56,0.0,88.51,58.85,0.0,79.66,24.76,0.0,17.0,0.0,17.0,2.0,0.0,34.0,True,Churned
3731,5,85,23687.93,24,438,0.02,0.98,0.0,31.0,0.0,23175.0,0.0,0.0,68.0,26.0,0.0,0.0,0.0,55.0,0.0,0.0,26.0,0.0,307.0,0.0,0.0,3308.95,20372.67,0.0,0.0,0.0,6.31,48.0,0.0,0.0,7.0,5.0,0.0,0.0,True,Churned
3734,1,13,57.6,11,27,0.78,0.22,0.0,0.0,0.0,1.0,0.0,0.0,14.0,0.0,5.0,0.0,0.0,17.0,0.0,0.0,0.0,0.0,22.0,0.0,0.0,57.6,0.0,0.0,0.0,0.0,0.0,13.0,0.0,0.0,0.0,0.0,0.0,0.0,True,Churned
3736,1,4,264.87,3,4,1.0,0.0,0.0,0.0,0.0,0.0,0.0,156.0,0.0,0.0,0.0,0.0,0.0,109.0,0.0,0.0,0.0,0.0,0.0,0.0,0.0,0.0,264.87,0.0,0.0,0.0,0.0,0.0,0.0,4.0,0.0,0.0,0.0,0.0,True,Churned
3746,3,20,554.95,11,459,0.63,0.37,0.0,7.0,0.0,56.0,0.0,0.0,253.0,95.0,0.0,0.0,0.0,118.0,0.0,0.0,27.0,0.0,0.0,0.0,0.0,554.95,0.0,0.0,0.0,0.0,0.0,16.0,0.0,0.0,1.0,0.0,0.0,3.0,True,Churned
3749,3,62,7750.13,35,194,0.99,0.01,6828.0,51.0,0.0,0.0,0.0,0.0,271.0,41.0,0.0,0.0,0.0,311.0,0.0,0.0,0.0,0.0,248.0,0.0,0.0,6932.16,767.28,0.0,0.0,0.0,50.69,46.0,15.0,0.0,0.0,0.0,0.0,0.0,True,Churned
3752,4,73,1091.64,27,197,0.75,0.25,0.0,0.0,0.0,35.0,0.0,0.0,57.0,168.0,0.0,0.0,0.0,226.0,0.0,0.0,591.0,0.0,14.0,0.0,0.0,763.57,328.07,0.0,0.0,0.0,0.0,65.0,5.0,0.0,0.0,0.0,2.0,0.0,True,Churned
3757,1,20,371.09,15,157,0.57,0.43,50.0,0.0,0.0,0.0,0.0,0.0,67.0,0.0,0.0,0.0,0.0,182.0,0.0,0.0,0.0,0.0,72.0,0.0,0.0,371.09,0.0,0.0,0.0,0.0,0.0,20.0,0.0,0.0,0.0,0.0,0.0,0.0,True,Churned
3758,1,1,1.48,1,1,0.0,1.0,0.0,0.0,0.0,0.0,0.0,0.0,0.0,0.0,0.0,0.0,0.0,0.0,0.0,0.0,1.0,0.0,0.0,0.0,0.0,0.0,1.48,0.0,0.0,0.0,0.0,0.0,0.0,1.0,0.0,0.0,0.0,0.0,True,Churned
3762,3,58,1238.13,40,258,0.42,0.58,320.0,16.0,0.0,119.0,0.0,0.0,86.0,60.0,455.0,0.0,0.0,56.0,0.0,0.0,117.0,0.0,9.0,0.0,0.0,1231.97,6.16,0.0,0.0,0.0,0.0,52.0,3.0,0.0,0.0,0.0,0.0,0.0,True,Churned
3764,4,7,1762.73,6,63,0.0,1.0,0.0,481.0,0.0,0.0,0.0,0.0,0.0,0.0,269.0,0.0,0.0,0.0,0.0,0.0,842.0,170.0,0.0,0.0,0.0,369.0,0.0,0.0,0.0,0.0,1124.85,3.0,0.0,0.0,0.0,1.0,0.0,2.0,True,Churned
3766,1,3,20.9,3,4,1.0,0.0,0.0,0.0,0.0,0.0,0.0,0.0,13.0,0.0,0.0,0.0,0.0,0.0,0.0,0.0,8.0,0.0,0.0,0.0,0.0,20.9,0.0,0.0,0.0,0.0,0.0,3.0,0.0,0.0,0.0,0.0,0.0,0.0,True,Churned
3768,1,1,4.2,1,1,1.0,0.0,0.0,0.0,0.0,0.0,0.0,0.0,4.0,0.0,0.0,0.0,0.0,0.0,0.0,0.0,0.0,0.0,0.0,0.0,0.0,4.2,0.0,0.0,0.0,0.0,0.0,1.0,0.0,0.0,0.0,0.0,0.0,0.0,True,Churned
3770,1,47,472.3,18,50,0.74,0.26,0.0,6.0,0.0,0.0,0.0,0.0,277.0,0.0,0.0,0.0,0.0,115.0,0.0,0.0,0.0,0.0,74.0,0.0,0.0,472.3,0.0,0.0,0.0,0.0,0.0,47.0,0.0,0.0,0.0,0.0,0.0,0.0,True,Churned
3775,2,2,103.0,2,51,0.01,0.99,102.0,0.0,0.0,0.0,0.0,0.0,1.0,0.0,0.0,0.0,0.0,0.0,0.0,0.0,0.0,0.0,0.0,0.0,0.0,103.0,0.0,0.0,0.0,0.0,0.0,1.0,0.0,0.0,0.0,0.0,0.0,0.0,True,Churned
3776,3,7,204.91,3,62,0.0,1.0,33.0,0.0,0.0,0.0,0.0,0.0,0.0,0.0,0.0,0.0,0.0,0.0,0.0,170.0,2.0,0.0,0.0,0.0,0.0,134.9,68.15,0.0,0.0,0.0,1.86,4.0,0.0,0.0,2.0,0.0,0.0,0.0,True,Churned
3778,10,195,7880.55,145,807,0.51,0.49,1221.0,2405.0,0.0,88.0,0.0,47.0,796.0,7.0,1253.0,0.0,165.0,578.0,0.0,357.0,294.0,88.0,582.0,0.0,0.0,2459.99,618.06,0.0,0.0,0.0,383.89,32.0,3.0,12.0,1.0,24.0,0.0,6.0,True,Churned
3779,1,5,56.0,3,4,1.0,0.0,0.0,0.0,0.0,40.0,0.0,0.0,7.0,0.0,0.0,0.0,0.0,0.0,0.0,0.0,0.0,0.0,9.0,0.0,0.0,56.0,0.0,0.0,0.0,0.0,0.0,5.0,0.0,0.0,0.0,0.0,0.0,0.0,True,Churned
3780,3,25,542.38,5,277,0.0,1.0,0.0,35.0,0.0,490.0,0.0,0.0,0.0,0.0,0.0,0.0,0.0,0.0,0.0,0.0,0.0,18.0,0.0,0.0,0.0,542.38,0.0,0.0,0.0,0.0,0.0,20.0,0.0,0.0,0.0,0.0,0.0,3.0,True,Churned
3781,6,266,5608.4,134,460,0.71,0.29,120.0,236.0,0.0,556.0,0.0,0.0,1269.0,377.0,10.0,0.0,0.0,1245.0,0.0,0.0,1547.0,78.0,171.0,0.0,0.0,4937.76,670.64,0.0,0.0,0.0,0.0,237.0,1.0,6.0,0.0,0.0,0.0,0.0,True,Churned
3791,7,459,5643.58,95,372,0.42,0.58,0.0,2015.0,0.0,595.0,0.0,16.0,1466.0,0.0,11.0,0.0,0.0,318.0,0.0,0.0,949.0,50.0,226.0,0.0,0.0,5595.01,10.28,0.0,0.0,0.0,38.29,180.0,2.0,0.0,38.0,0.0,0.0,235.0,True,Churned
3799,11,280,5399.53,91,842,0.31,0.69,0.0,1917.0,0.0,572.0,0.0,414.0,496.0,152.0,38.0,0.0,184.0,397.0,0.0,0.0,673.0,270.0,286.0,0.0,0.0,4202.91,55.36,0.0,0.0,0.0,591.01,125.0,0.0,1.0,0.0,35.0,0.0,57.0,True,Churned
3801,7,125,8815.97,71,598,0.66,0.34,3435.0,0.0,0.0,29.0,0.0,0.0,124.0,19.0,325.0,0.0,0.0,2694.0,0.0,0.0,1914.0,0.0,277.0,0.0,28.65,652.52,4795.89,2963.83,0.0,0.0,375.08,2.0,62.0,0.0,25.0,0.0,0.0,0.0,True,Churned
3802,1,2,10.0,1,1,0.0,1.0,0.0,0.0,0.0,10.0,0.0,0.0,0.0,0.0,0.0,0.0,0.0,0.0,0.0,0.0,0.0,0.0,0.0,0.0,0.0,10.0,0.0,0.0,0.0,0.0,0.0,2.0,0.0,0.0,0.0,0.0,0.0,0.0,True,Churned
3804,1,1,43.5,1,1,0.0,1.0,0.0,0.0,0.0,0.0,0.0,0.0,0.0,0.0,0.0,0.0,0.0,0.0,0.0,44.0,0.0,0.0,0.0,0.0,0.0,43.5,0.0,0.0,0.0,0.0,0.0,0.0,0.0,0.0,1.0,0.0,0.0,0.0,True,Churned
3805,5,57,1250.99,20,266,0.08,0.92,0.0,345.0,0.0,167.0,0.0,0.0,58.0,0.0,0.0,0.0,0.0,20.0,0.0,0.0,614.0,0.0,48.0,0.0,0.0,1250.99,0.0,0.0,0.0,0.0,0.0,39.0,1.0,0.0,0.0,0.0,0.0,3.0,True,Churned
3811,2,2,26.94,2,3,1.0,0.0,0.0,0.0,0.0,0.0,0.0,0.0,0.0,0.0,12.0,0.0,0.0,15.0,0.0,0.0,0.0,0.0,0.0,0.0,0.0,11.5,15.44,0.0,0.0,0.0,0.0,0.0,0.0,0.0,1.0,0.0,0.0,0.0,True,Churned
3813,1,1,0.6,1,1,1.0,0.0,0.0,0.0,0.0,0.0,0.0,0.0,1.0,0.0,0.0,0.0,0.0,0.0,0.0,0.0,0.0,0.0,0.0,0.0,0.0,0.6,0.0,0.0,0.0,0.0,0.0,1.0,0.0,0.0,0.0,0.0,0.0,0.0,True,Churned
3814,1,2,60.84,2,7,0.13,0.87,0.0,0.0,0.0,0.0,0.0,0.0,8.0,0.0,0.0,0.0,0.0,0.0,0.0,0.0,53.0,0.0,0.0,0.0,0.0,60.84,0.0,0.0,0.0,0.0,0.0,2.0,0.0,0.0,0.0,0.0,0.0,0.0,True,Churned
3816,2,13,561.81,12,111,0.93,0.07,100.0,0.0,0.0,40.0,0.0,1.0,127.0,50.0,0.0,0.0,0.0,132.0,0.0,0.0,110.0,0.0,2.0,0.0,0.0,458.6,103.21,0.0,0.0,0.0,0.0,12.0,1.0,0.0,0.0,0.0,0.0,0.0,True,Churned
3818,2,2,75.0,2,265,0.16,0.84,63.0,0.0,0.0,0.0,0.0,0.0,0.0,12.0,0.0,0.0,0.0,0.0,0.0,0.0,0.0,0.0,0.0,0.0,0.0,62.85,12.15,0.0,0.0,0.0,0.0,0.0,0.0,0.0,1.0,0.0,1.0,0.0,True,Churned
3820,2,2,84.4,2,38,0.0,1.0,0.0,0.0,0.0,0.0,0.0,0.0,0.0,0.0,0.0,0.0,0.0,0.0,0.0,73.0,0.0,0.0,11.0,0.0,0.0,84.4,0.0,0.0,0.0,0.0,0.0,1.0,0.0,0.0,0.0,0.0,0.0,0.0,True,Churned
3824,2,3,81.78,3,64,0.25,0.75,0.0,61.0,0.0,0.0,0.0,0.0,13.0,0.0,0.0,0.0,0.0,8.0,0.0,0.0,0.0,0.0,0.0,0.0,0.0,20.7,61.08,0.0,0.0,0.0,0.0,2.0,0.0,0.0,1.0,0.0,0.0,0.0,True,Churned
3825,2,3,101.64,2,9,0.0,1.0,29.0,29.0,0.0,0.0,0.0,0.0,0.0,0.0,0.0,0.0,0.0,0.0,0.0,44.0,0.0,0.0,0.0,0.0,0.0,0.0,101.64,0.0,0.0,0.0,0.0,0.0,1.0,0.0,0.0,2.0,0.0,0.0,True,Churned
3827,9,54,6231.16,22,145,0.54,0.46,3311.0,80.0,0.0,2713.0,0.0,0.0,2.0,55.0,0.0,0.0,0.0,0.0,0.0,0.0,0.0,0.0,71.0,0.0,0.0,5139.53,239.68,0.0,0.0,0.0,0.0,3.0,1.0,0.0,2.0,2.0,0.0,1.0,True,Churned
3828,1,1,19.0,1,1,1.0,0.0,0.0,0.0,0.0,0.0,0.0,0.0,19.0,0.0,0.0,0.0,0.0,0.0,0.0,0.0,0.0,0.0,0.0,0.0,0.0,19.0,0.0,0.0,0.0,0.0,0.0,1.0,0.0,0.0,0.0,0.0,0.0,0.0,True,Churned
3830,3,174,2727.18,88,736,0.96,0.04,0.0,0.0,0.0,0.0,0.0,0.0,538.0,668.0,35.0,0.0,0.0,743.0,0.0,0.0,38.0,0.0,705.0,0.0,0.0,2642.71,23.37,0.0,0.0,0.0,61.1,168.0,1.0,0.0,0.0,0.0,0.0,5.0,True,Churned
3832,3,10,160.41,4,7,0.0,1.0,50.0,0.0,0.0,15.0,0.0,0.0,0.0,0.0,0.0,0.0,0.0,0.0,0.0,0.0,87.0,0.0,8.0,0.0,0.0,160.41,0.0,0.0,0.0,0.0,0.0,8.0,0.0,0.0,1.0,0.0,0.0,0.0,True,Churned
3833,1,3,29.3,3,3,1.0,0.0,0.0,0.0,0.0,0.0,0.0,0.0,8.0,0.0,0.0,0.0,0.0,0.0,0.0,0.0,0.0,0.0,21.0,0.0,0.0,29.3,0.0,0.0,0.0,0.0,0.0,3.0,0.0,0.0,0.0,0.0,0.0,0.0,True,Churned
3834,3,27,663.63,24,798,0.96,0.04,0.0,0.0,0.0,0.0,0.0,0.0,280.0,9.0,0.0,0.0,0.0,102.0,0.0,0.0,263.0,0.0,10.0,0.0,0.0,488.15,175.48,0.0,0.0,0.0,0.0,17.0,1.0,0.0,0.0,0.0,9.0,0.0,True,Churned
3835,3,10,1062.58,6,146,0.93,0.07,990.0,2.0,0.0,0.0,0.0,0.0,0.0,0.0,0.0,0.0,0.0,0.0,0.0,0.0,71.0,0.0,0.0,0.0,0.0,992.0,0.0,0.0,0.0,0.0,70.58,4.0,0.0,0.0,0.0,0.0,0.0,0.0,True,Churned
3836,1,2,112.3,2,1,0.01,0.99,0.0,0.0,0.0,0.0,0.0,0.0,1.0,0.0,0.0,0.0,0.0,0.0,0.0,111.0,0.0,0.0,0.0,0.0,0.0,112.3,0.0,0.0,0.0,0.0,0.0,2.0,0.0,0.0,0.0,0.0,0.0,0.0,True,Churned
3838,1,12,40.2,4,82,1.0,0.0,0.0,0.0,0.0,0.0,0.0,0.0,33.0,0.0,0.0,0.0,0.0,0.0,0.0,0.0,0.0,0.0,7.0,0.0,0.0,40.2,0.0,0.0,0.0,0.0,0.0,12.0,0.0,0.0,0.0,0.0,0.0,0.0,True,Churned
3839,1,2,51.25,2,99,1.0,0.0,0.0,0.0,0.0,0.0,0.0,0.0,25.0,0.0,0.0,0.0,0.0,0.0,0.0,0.0,26.0,0.0,0.0,0.0,0.0,51.25,0.0,0.0,0.0,0.0,0.0,2.0,0.0,0.0,0.0,0.0,0.0,0.0,True,Churned
3841,1,21,99.25,14,33,1.0,0.0,0.0,0.0,0.0,0.0,0.0,0.0,72.0,0.0,0.0,0.0,0.0,18.0,0.0,0.0,0.0,0.0,9.0,0.0,0.0,99.25,0.0,0.0,0.0,0.0,0.0,21.0,0.0,0.0,0.0,0.0,0.0,0.0,True,Churned
3843,2,2,67.2,2,11,0.0,1.0,0.0,65.0,0.0,0.0,0.0,0.0,0.0,0.0,0.0,0.0,0.0,0.0,0.0,0.0,0.0,0.0,2.0,0.0,0.0,67.2,0.0,0.0,0.0,0.0,0.0,1.0,0.0,0.0,0.0,1.0,0.0,0.0,True,Churned
3844,1,8,82.5,7,559,1.0,0.0,0.0,0.0,0.0,0.0,0.0,0.0,54.0,0.0,0.0,0.0,0.0,28.0,0.0,0.0,0.0,0.0,0.0,0.0,0.0,82.5,0.0,0.0,0.0,0.0,0.0,8.0,0.0,0.0,0.0,0.0,0.0,0.0,True,Churned
3845,2,23,340.62,6,31,0.39,0.61,0.0,1.0,0.0,0.0,0.0,0.0,133.0,0.0,0.0,0.0,0.0,0.0,0.0,0.0,207.0,0.0,0.0,0.0,0.0,340.62,0.0,0.0,0.0,0.0,0.0,16.0,0.0,0.0,0.0,7.0,0.0,0.0,True,Churned
3847,1,2,16.6,1,20,1.0,0.0,0.0,0.0,0.0,0.0,0.0,0.0,0.0,0.0,0.0,0.0,0.0,17.0,0.0,0.0,0.0,0.0,0.0,0.0,0.0,16.6,0.0,0.0,0.0,0.0,0.0,2.0,0.0,0.0,0.0,0.0,0.0,0.0,True,Churned
3848,1,1,4.0,1,1,1.0,0.0,0.0,0.0,0.0,0.0,0.0,0.0,0.0,0.0,0.0,0.0,0.0,0.0,0.0,0.0,0.0,0.0,4.0,0.0,0.0,0.0,4.0,0.0,0.0,0.0,0.0,0.0,1.0,0.0,0.0,0.0,0.0,0.0,True,Churned
3849,1,4,35.1,4,126,1.0,0.0,0.0,0.0,0.0,0.0,0.0,0.0,35.0,0.0,0.0,0.0,0.0,0.0,0.0,0.0,0.0,0.0,0.0,0.0,0.0,35.1,0.0,0.0,0.0,0.0,0.0,4.0,0.0,0.0,0.0,0.0,0.0,0.0,True,Churned
3850,1,7,28.15,4,7,1.0,0.0,0.0,0.0,0.0,0.0,0.0,0.0,24.0,0.0,0.0,0.0,0.0,4.0,0.0,0.0,0.0,0.0,0.0,0.0,0.0,28.15,0.0,0.0,0.0,0.0,0.0,7.0,0.0,0.0,0.0,0.0,0.0,0.0,True,Churned
3851,3,5,1161.78,3,1,0.92,0.08,1153.0,8.0,0.0,0.0,0.0,0.0,0.0,0.0,0.0,0.0,0.0,0.0,0.0,0.0,0.0,0.0,0.0,0.0,0.0,0.0,1161.78,0.0,0.0,0.0,0.0,0.0,2.0,0.0,0.0,1.0,0.0,0.0,True,Churned
3852,1,5,200.3,2,23,0.0,1.0,0.0,0.0,0.0,200.0,0.0,0.0,0.0,0.0,0.0,0.0,0.0,0.0,0.0,0.0,0.0,0.0,0.0,0.0,0.0,200.3,0.0,0.0,0.0,0.0,0.0,5.0,0.0,0.0,0.0,0.0,0.0,0.0,True,Churned
3854,1,1,2.0,1,1,0.0,1.0,0.0,0.0,0.0,0.0,0.0,0.0,0.0,0.0,0.0,0.0,0.0,0.0,0.0,0.0,2.0,0.0,0.0,0.0,0.0,2.0,0.0,0.0,0.0,0.0,0.0,1.0,0.0,0.0,0.0,0.0,0.0,0.0,True,Churned
3855,1,4,99.9,2,603,0.0,1.0,100.0,0.0,0.0,0.0,0.0,0.0,0.0,0.0,0.0,0.0,0.0,0.0,0.0,0.0,0.0,0.0,0.0,0.0,0.0,99.9,0.0,0.0,0.0,0.0,0.0,4.0,0.0,0.0,0.0,0.0,0.0,0.0,True,Churned
3857,2,4,36.01,2,711,0.14,0.86,0.0,31.0,0.0,0.0,0.0,0.0,0.0,0.0,0.0,0.0,0.0,5.0,0.0,0.0,0.0,0.0,0.0,0.0,0.0,5.0,31.01,0.0,0.0,0.0,0.0,1.0,0.0,0.0,0.0,0.0,0.0,0.0,True,Churned
3859,1,2,126.3,1,144,1.0,0.0,0.0,0.0,0.0,0.0,0.0,0.0,126.0,0.0,0.0,0.0,0.0,0.0,0.0,0.0,0.0,0.0,0.0,0.0,0.0,126.3,0.0,0.0,0.0,0.0,0.0,2.0,0.0,0.0,0.0,0.0,0.0,0.0,True,Churned
3860,1,2,49.25,2,10,1.0,0.0,0.0,0.0,0.0,0.0,0.0,0.0,49.0,0.0,0.0,0.0,0.0,0.0,0.0,0.0,0.0,0.0,0.0,0.0,0.0,49.25,0.0,0.0,0.0,0.0,0.0,2.0,0.0,0.0,0.0,0.0,0.0,0.0,True,Churned
3861,1,1,3.2,1,1,0.0,1.0,0.0,0.0,0.0,3.0,0.0,0.0,0.0,0.0,0.0,0.0,0.0,0.0,0.0,0.0,0.0,0.0,0.0,0.0,0.0,3.2,0.0,0.0,0.0,0.0,0.0,0.0,0.0,0.0,0.0,1.0,0.0,0.0,True,Churned
3862,2,7,101.8,6,4,0.93,0.07,0.0,0.0,0.0,0.0,0.0,0.0,84.0,0.0,0.0,0.0,11.0,0.0,0.0,0.0,0.0,0.0,7.0,0.0,0.0,101.8,0.0,0.0,0.0,0.0,0.0,5.0,0.0,0.0,0.0,0.0,0.0,0.0,True,Churned
3863,1,1,3.0,1,1,1.0,0.0,0.0,0.0,0.0,0.0,0.0,0.0,0.0,0.0,0.0,0.0,0.0,0.0,0.0,0.0,0.0,0.0,3.0,0.0,0.0,3.0,0.0,0.0,0.0,0.0,0.0,1.0,0.0,0.0,0.0,0.0,0.0,0.0,True,Churned
3864,1,1,10.0,1,1,0.0,1.0,0.0,10.0,0.0,0.0,0.0,0.0,0.0,0.0,0.0,0.0,0.0,0.0,0.0,0.0,0.0,0.0,0.0,0.0,0.0,10.0,0.0,0.0,0.0,0.0,0.0,1.0,0.0,0.0,0.0,0.0,0.0,0.0,True,Churned
3865,2,2,98.63,2,3,0.0,1.0,0.0,0.0,0.0,0.0,0.0,0.0,0.0,0.0,0.0,0.0,0.0,0.0,0.0,0.0,99.0,0.0,0.0,0.0,0.0,5.95,0.0,0.0,0.0,0.0,92.68,1.0,0.0,0.0,0.0,0.0,0.0,0.0,True,Churned
3867,1,59,1022.24,36,346,0.96,0.04,0.0,0.0,0.0,0.0,0.0,0.0,122.0,104.0,0.0,0.0,0.0,536.0,0.0,0.0,89.0,0.0,171.0,0.0,0.0,1022.24,0.0,0.0,0.0,0.0,0.0,59.0,0.0,0.0,0.0,0.0,0.0,0.0,True,Churned
3868,1,11,3988.83,9,77,0.51,0.49,0.0,155.0,0.0,0.0,0.0,0.0,41.0,0.0,0.0,0.0,0.0,0.0,0.0,0.0,3634.0,110.0,49.0,0.0,0.0,3988.83,0.0,0.0,0.0,0.0,0.0,11.0,0.0,0.0,0.0,0.0,0.0,0.0,True,Churned
3869,1,1,999.0,1,1,0.0,1.0,0.0,0.0,0.0,0.0,0.0,0.0,0.0,0.0,0.0,0.0,0.0,0.0,0.0,0.0,999.0,0.0,0.0,0.0,0.0,999.0,0.0,0.0,0.0,0.0,0.0,1.0,0.0,0.0,0.0,0.0,0.0,0.0,True,Churned
3870,2,16,5135.74,3,125,0.95,0.05,5132.0,4.0,0.0,0.0,0.0,0.0,0.0,0.0,0.0,0.0,0.0,0.0,0.0,0.0,0.0,0.0,0.0,0.0,0.0,4.0,0.0,0.0,0.0,0.0,0.0,1.0,0.0,0.0,0.0,0.0,0.0,0.0,True,Churned
3873,2,2,192.73,2,35,0.0,1.0,130.0,0.0,0.0,0.0,0.0,0.0,0.0,0.0,0.0,0.0,0.0,0.0,0.0,0.0,63.0,0.0,0.0,0.0,0.0,192.73,0.0,0.0,0.0,0.0,0.0,1.0,0.0,0.0,0.0,0.0,0.0,0.0,True,Churned
3874,3,44,440.38,16,669,0.71,0.29,0.0,0.0,0.0,0.0,0.0,0.0,169.0,0.0,0.0,0.0,0.0,132.0,0.0,0.0,127.0,0.0,13.0,0.0,0.0,12.4,300.74,0.0,0.0,0.0,127.24,1.0,0.0,0.0,0.0,0.0,0.0,0.0,True,Churned
3875,1,4,24.15,3,470,1.0,0.0,0.0,0.0,0.0,0.0,0.0,0.0,16.0,0.0,0.0,0.0,0.0,0.0,0.0,0.0,0.0,0.0,8.0,0.0,0.0,24.15,0.0,0.0,0.0,0.0,0.0,4.0,0.0,0.0,0.0,0.0,0.0,0.0,True,Churned
3877,1,1,3.3,1,1,1.0,0.0,0.0,0.0,0.0,0.0,0.0,0.0,3.0,0.0,0.0,0.0,0.0,0.0,0.0,0.0,0.0,0.0,0.0,0.0,0.0,3.3,0.0,0.0,0.0,0.0,0.0,1.0,0.0,0.0,0.0,0.0,0.0,0.0,True,Churned
3880,3,52,4190.58,11,491,0.0,1.0,0.0,3640.0,0.0,0.0,0.0,324.0,0.0,0.0,0.0,0.0,0.0,0.0,0.0,0.0,227.0,0.0,0.0,0.0,0.0,3456.51,0.0,0.0,0.0,0.0,734.07,17.0,0.0,0.0,0.0,22.0,0.0,13.0,True,Churned
3881,2,3,102.0,3,8,0.03,0.97,49.0,0.0,0.0,0.0,0.0,0.0,53.0,0.0,0.0,0.0,0.0,0.0,0.0,0.0,0.0,0.0,0.0,0.0,0.0,102.0,0.0,0.0,0.0,0.0,0.0,2.0,0.0,0.0,1.0,0.0,0.0,0.0,True,Churned
3883,2,5,235.45,4,77,0.0,1.0,0.0,137.0,0.0,0.0,0.0,0.0,0.0,0.0,0.0,0.0,0.0,40.0,0.0,0.0,59.0,0.0,0.0,0.0,0.0,176.4,59.05,0.0,0.0,0.0,0.0,4.0,1.0,0.0,0.0,0.0,0.0,0.0,True,Churned
3884,1,4,528.0,3,14,0.84,0.16,400.0,0.0,0.0,85.0,0.0,0.0,43.0,0.0,0.0,0.0,0.0,0.0,0.0,0.0,0.0,0.0,0.0,0.0,0.0,528.0,0.0,0.0,0.0,0.0,0.0,4.0,0.0,0.0,0.0,0.0,0.0,0.0,True,Churned
3885,1,1,5.0,1,1,1.0,0.0,0.0,0.0,0.0,0.0,0.0,0.0,5.0,0.0,0.0,0.0,0.0,0.0,0.0,0.0,0.0,0.0,0.0,0.0,0.0,5.0,0.0,0.0,0.0,0.0,0.0,1.0,0.0,0.0,0.0,0.0,0.0,0.0,True,Churned
3887,1,2,14.05,2,114,1.0,0.0,0.0,0.0,0.0,0.0,0.0,0.0,14.0,0.0,0.0,0.0,0.0,0.0,0.0,0.0,0.0,0.0,0.0,0.0,0.0,14.05,0.0,0.0,0.0,0.0,0.0,2.0,0.0,0.0,0.0,0.0,0.0,0.0,True,Churned
3888,1,1,12.9,1,1,1.0,0.0,0.0,0.0,0.0,0.0,0.0,0.0,0.0,0.0,0.0,0.0,0.0,0.0,0.0,0.0,0.0,0.0,13.0,0.0,0.0,12.9,0.0,0.0,0.0,0.0,0.0,1.0,0.0,0.0,0.0,0.0,0.0,0.0,True,Churned
3889,1,6,211.05,4,456,1.0,0.0,0.0,0.0,0.0,0.0,0.0,0.0,211.0,0.0,0.0,0.0,0.0,0.0,0.0,0.0,0.0,0.0,0.0,0.0,0.0,211.05,0.0,0.0,0.0,0.0,0.0,6.0,0.0,0.0,0.0,0.0,0.0,0.0,True,Churned
3890,1,4,52.44,3,16,1.0,0.0,0.0,0.0,0.0,0.0,0.0,0.0,52.0,0.0,0.0,0.0,0.0,0.0,0.0,0.0,0.0,0.0,0.0,0.0,0.0,0.0,52.44,0.0,0.0,0.0,0.0,0.0,4.0,0.0,0.0,0.0,0.0,0.0,True,Churned
3891,1,1,2.95,1,1,1.0,0.0,0.0,0.0,0.0,0.0,0.0,0.0,0.0,0.0,0.0,0.0,0.0,0.0,0.0,0.0,0.0,0.0,3.0,0.0,0.0,2.95,0.0,0.0,0.0,0.0,0.0,1.0,0.0,0.0,0.0,0.0,0.0,0.0,True,Churned
3892,1,2,575.6,1,18,0.0,1.0,0.0,0.0,0.0,0.0,0.0,0.0,0.0,0.0,0.0,0.0,0.0,0.0,0.0,0.0,576.0,0.0,0.0,0.0,0.0,575.6,0.0,0.0,0.0,0.0,0.0,2.0,0.0,0.0,0.0,0.0,0.0,0.0,True,Churned
3894,1,9,388.15,3,268,0.84,0.16,0.0,0.0,0.0,0.0,0.0,0.0,0.0,0.0,0.0,0.0,0.0,0.0,0.0,0.0,388.0,0.0,0.0,0.0,0.0,388.15,0.0,0.0,0.0,0.0,0.0,9.0,0.0,0.0,0.0,0.0,0.0,0.0,True,Churned
3895,1,2,19.3,1,2,1.0,0.0,0.0,0.0,0.0,0.0,0.0,0.0,19.0,0.0,0.0,0.0,0.0,0.0,0.0,0.0,0.0,0.0,0.0,0.0,0.0,19.3,0.0,0.0,0.0,0.0,0.0,2.0,0.0,0.0,0.0,0.0,0.0,0.0,True,Churned
3896,3,35,349.18,4,635,0.0,1.0,0.0,349.0,0.0,0.0,0.0,0.0,0.0,0.0,0.0,0.0,0.0,0.0,0.0,0.0,0.0,0.0,0.0,0.0,0.0,312.0,37.18,0.0,0.0,0.0,0.0,0.0,1.0,0.0,5.0,0.0,0.0,29.0,True,Churned
3897,1,3,114.35,2,2,0.81,0.19,0.0,0.0,0.0,0.0,0.0,0.0,0.0,0.0,0.0,0.0,0.0,0.0,0.0,0.0,114.0,0.0,0.0,0.0,0.0,114.35,0.0,0.0,0.0,0.0,0.0,3.0,0.0,0.0,0.0,0.0,0.0,0.0,True,Churned
3898,1,1,41.85,1,1,1.0,0.0,0.0,0.0,0.0,0.0,0.0,0.0,42.0,0.0,0.0,0.0,0.0,0.0,0.0,0.0,0.0,0.0,0.0,0.0,0.0,41.85,0.0,0.0,0.0,0.0,0.0,1.0,0.0,0.0,0.0,0.0,0.0,0.0,True,Churned
3915,13,1194,34671.02,359,799,0.79,0.21,1719.0,269.0,0.0,898.0,0.0,554.0,9850.0,1907.0,1013.0,0.0,65.0,5293.0,0.0,1560.0,7088.0,212.0,4244.0,0.0,0.0,27043.16,6919.7,0.0,0.0,0.0,12.58,888.0,130.0,27.0,14.0,22.0,0.0,0.0,True,Churned
3917,14,1227,46320.81,449,782,0.89,0.11,5051.0,1670.0,0.0,1175.0,0.0,10.0,17042.0,900.0,2386.0,0.0,146.0,4618.0,0.0,714.0,8024.0,305.0,4280.0,0.0,0.0,36473.78,4217.27,0.0,2706.0,0.0,765.02,945.0,10.0,97.0,11.0,1.0,3.0,15.0,True,Churned
3920,5,343,9543.71,159,342,0.66,0.34,733.0,433.0,0.0,1259.0,0.0,612.0,1220.0,240.0,44.0,0.0,0.0,1928.0,0.0,0.0,2149.0,123.0,804.0,0.0,0.0,851.3,0.0,0.0,0.0,0.0,8692.41,10.0,1.0,0.0,0.0,1.0,0.0,321.0,True,Churned
3922,10,203,22567.31,87,289,0.5,0.5,2479.0,14.0,0.0,100.0,0.0,92.0,5293.0,44.0,8958.0,0.0,423.0,424.0,0.0,239.0,3993.0,29.0,479.0,0.0,107.1,19761.72,1879.83,604.88,0.0,0.0,0.0,171.0,1.0,0.0,12.0,0.0,0.0,0.0,True,Churned
3926,1,26,668.1,10,354,1.0,0.0,260.0,0.0,0.0,0.0,0.0,0.0,23.0,0.0,0.0,0.0,0.0,170.0,0.0,0.0,0.0,0.0,215.0,0.0,0.0,668.1,0.0,0.0,0.0,0.0,0.0,26.0,0.0,0.0,0.0,0.0,0.0,0.0,True,Churned
3927,2,19,1100.32,8,33,0.29,0.71,0.0,1.0,0.0,177.0,0.0,498.0,0.0,0.0,0.0,0.0,0.0,110.0,0.0,0.0,105.0,0.0,210.0,0.0,0.0,1100.32,0.0,0.0,0.0,0.0,0.0,18.0,0.0,0.0,0.0,1.0,0.0,0.0,True,Churned
3931,8,84,13372.61,43,256,0.42,0.58,10567.0,314.0,0.0,172.0,0.0,574.0,451.0,66.0,705.0,0.0,0.0,67.0,0.0,0.0,12.0,0.0,445.0,0.0,0.0,9458.36,3870.86,0.0,0.0,0.0,43.39,18.0,0.0,0.0,8.0,2.0,0.0,1.0,True,Churned
3932,1,3,272.5,3,2,1.0,0.0,60.0,0.0,0.0,0.0,0.0,0.0,0.0,0.0,160.0,0.0,0.0,0.0,0.0,0.0,0.0,0.0,53.0,0.0,0.0,272.5,0.0,0.0,0.0,0.0,0.0,3.0,0.0,0.0,0.0,0.0,0.0,0.0,True,Churned
3942,2,8,49.05,7,37,0.98,0.02,0.0,1.0,0.0,0.0,0.0,0.0,19.0,0.0,0.0,0.0,0.0,18.0,0.0,0.0,8.0,0.0,3.0,0.0,0.0,49.05,0.0,0.0,0.0,0.0,0.0,7.0,0.0,0.0,0.0,1.0,0.0,0.0,True,Churned
3944,4,179,9046.21,60,74,0.84,0.16,322.0,578.0,0.0,0.0,0.0,82.0,1944.0,1267.0,0.0,0.0,64.0,2173.0,0.0,0.0,2246.0,0.0,371.0,0.0,0.0,8997.61,48.6,0.0,0.0,0.0,0.0,164.0,0.0,0.0,1.0,12.0,0.0,0.0,True,Churned
3945,4,21,4611.79,16,293,0.94,0.06,0.0,0.0,0.0,106.0,0.0,0.0,131.0,0.0,3741.0,0.0,0.0,371.0,0.0,0.0,263.0,0.0,0.0,0.0,0.0,812.65,3799.14,0.0,0.0,0.0,0.0,17.0,1.0,0.0,0.0,0.0,1.0,0.0,True,Churned
3949,8,372,9501.03,91,295,0.56,0.44,40.0,1081.0,0.0,222.0,0.0,2492.0,1247.0,290.0,474.0,0.0,0.0,809.0,0.0,0.0,2152.0,0.0,694.0,0.0,0.0,9138.32,71.5,0.0,0.0,0.0,0.0,349.0,1.0,5.0,6.0,6.0,0.0,0.0,True,Churned
3952,3,47,18867.68,26,194,0.6,0.4,17542.0,16.0,0.0,1070.0,0.0,0.0,166.0,0.0,0.0,0.0,0.0,0.0,0.0,0.0,0.0,0.0,73.0,0.0,0.0,12393.84,6473.84,0.0,0.0,0.0,0.0,37.0,5.0,0.0,0.0,0.0,0.0,0.0,True,Churned
3953,2,12,182.85,10,875,0.96,0.04,0.0,7.0,0.0,0.0,0.0,0.0,54.0,0.0,10.0,0.0,0.0,112.0,0.0,0.0,0.0,0.0,0.0,0.0,0.0,182.85,0.0,0.0,0.0,0.0,0.0,11.0,0.0,0.0,0.0,0.0,0.0,1.0,True,Churned
3954,1,10,85.0,10,149,1.0,0.0,0.0,3.0,0.0,0.0,0.0,8.0,41.0,0.0,0.0,0.0,0.0,30.0,0.0,0.0,0.0,0.0,3.0,0.0,0.0,85.0,0.0,0.0,0.0,0.0,0.0,10.0,0.0,0.0,0.0,0.0,0.0,0.0,True,Churned
3955,12,765,31576.35,195,473,0.26,0.74,809.0,1735.0,0.0,962.0,0.0,59.0,3122.0,227.0,9375.0,0.0,0.0,2398.0,0.0,433.0,11201.0,0.0,1256.0,0.0,0.0,29004.76,1628.14,855.76,0.0,0.0,87.69,537.0,7.0,0.0,56.0,5.0,0.0,1.0,True,Churned
3956,7,165,6627.72,123,301,0.87,0.13,1530.0,32.0,0.0,349.0,0.0,0.0,459.0,127.0,316.0,0.0,0.0,2278.0,0.0,0.0,1188.0,0.0,350.0,0.0,0.0,4493.47,2134.25,0.0,0.0,0.0,0.0,111.0,4.0,0.0,0.0,0.0,11.0,0.0,True,Churned
3959,4,67,16191.11,20,648,0.07,0.93,9986.0,172.0,0.0,471.0,0.0,180.0,236.0,402.0,0.0,0.0,0.0,214.0,0.0,3859.0,463.0,0.0,207.0,0.0,0.0,14923.88,1094.93,0.0,0.0,0.0,172.3,33.0,3.0,0.0,30.0,0.0,0.0,1.0,True,Churned
3961,7,96,7976.88,43,253,0.45,0.55,1450.0,417.0,0.0,0.0,0.0,0.0,116.0,109.0,0.0,0.0,0.0,1253.0,0.0,0.0,3831.0,0.0,803.0,0.0,0.0,6638.88,610.6,0.0,0.0,0.0,727.4,80.0,4.0,0.0,3.0,1.0,0.0,4.0,True,Churned
3964,7,132,4362.86,88,161,0.75,0.25,538.0,275.0,0.0,75.0,0.0,63.0,1467.0,76.0,112.0,0.0,0.0,278.0,0.0,0.0,448.0,227.0,803.0,0.0,0.0,4070.89,280.84,11.13,0.0,0.0,0.0,116.0,2.0,0.0,3.0,4.0,3.0,0.0,True,Churned
3965,5,63,3231.8,41,281,0.95,0.05,50.0,25.0,0.0,0.0,0.0,14.0,633.0,3.0,1774.0,0.0,20.0,210.0,0.0,0.0,400.0,36.0,67.0,0.0,0.0,1239.65,1992.15,0.0,0.0,0.0,0.0,48.0,5.0,0.0,1.0,0.0,8.0,0.0,True,Churned
3966,1,28,428.95,9,68,0.39,0.61,249.0,0.0,0.0,0.0,0.0,0.0,62.0,0.0,0.0,0.0,0.0,52.0,0.0,0.0,15.0,0.0,52.0,0.0,0.0,428.95,0.0,0.0,0.0,0.0,0.0,28.0,0.0,0.0,0.0,0.0,0.0,0.0,True,Churned
3967,9,122,4153.91,39,154,0.46,0.54,196.0,280.0,0.0,0.0,0.0,76.0,974.0,0.0,0.0,0.0,0.0,133.0,0.0,1275.0,587.0,0.0,633.0,0.0,0.0,3939.92,11.06,0.0,0.0,0.0,141.09,104.0,0.0,0.0,1.0,3.0,0.0,3.0,True,Churned
3968,4,377,9448.78,110,922,0.99,0.01,0.0,39.0,0.0,508.0,0.0,0.0,5620.0,203.0,120.0,0.0,0.0,1330.0,0.0,0.0,572.0,0.0,1057.0,0.0,0.0,7992.47,1456.31,0.0,0.0,0.0,0.0,318.0,0.0,0.0,3.0,0.0,36.0,0.0,True,Churned
3970,2,16,142.25,9,20,0.65,0.35,0.0,6.0,0.0,0.0,0.0,0.0,61.0,25.0,0.0,0.0,0.0,24.0,0.0,0.0,0.0,0.0,26.0,0.0,0.0,142.25,0.0,0.0,0.0,0.0,0.0,15.0,0.0,0.0,0.0,0.0,0.0,0.0,True,Churned
3972,1,8,101.47,6,29,0.7,0.3,0.0,0.0,0.0,0.0,0.0,0.0,58.0,0.0,0.0,0.0,0.0,31.0,0.0,0.0,0.0,0.0,13.0,0.0,0.0,101.47,0.0,0.0,0.0,0.0,0.0,8.0,0.0,0.0,0.0,0.0,0.0,0.0,True,Churned
3986,4,42,4733.83,27,533,0.76,0.24,1000.0,303.0,0.0,324.0,0.0,0.0,486.0,149.0,100.0,0.0,0.0,370.0,0.0,0.0,1414.0,0.0,588.0,0.0,0.0,4535.86,0.0,0.0,0.0,0.0,197.97,39.0,0.0,0.0,0.0,1.0,0.0,1.0,True,Churned
3987,2,2,48.0,2,1,0.04,0.96,0.0,0.0,0.0,0.0,0.0,0.0,2.0,0.0,0.0,0.0,0.0,0.0,0.0,46.0,0.0,0.0,0.0,0.0,0.0,48.0,0.0,0.0,0.0,0.0,0.0,1.0,0.0,0.0,1.0,0.0,0.0,0.0,True,Churned
3989,5,44,784.4,24,100,0.76,0.24,0.0,0.0,0.0,11.0,0.0,53.0,180.0,11.0,8.0,0.0,0.0,10.0,0.0,0.0,139.0,0.0,372.0,0.0,0.0,627.1,12.88,0.0,0.0,0.0,0.0,26.0,0.0,1.0,3.0,0.0,0.0,0.0,True,Churned
3990,1,1,30.0,1,1,0.0,1.0,0.0,0.0,0.0,30.0,0.0,0.0,0.0,0.0,0.0,0.0,0.0,0.0,0.0,0.0,0.0,0.0,0.0,0.0,0.0,30.0,0.0,0.0,0.0,0.0,0.0,1.0,0.0,0.0,0.0,0.0,0.0,0.0,True,Churned
3992,1,2,61.3,2,4,1.0,0.0,0.0,0.0,0.0,0.0,0.0,0.0,61.0,0.0,0.0,0.0,0.0,0.0,0.0,0.0,0.0,0.0,0.0,0.0,0.0,61.3,0.0,0.0,0.0,0.0,0.0,2.0,0.0,0.0,0.0,0.0,0.0,0.0,True,Churned
4014,13,148,3654.52,46,231,0.18,0.82,2442.0,164.0,0.0,220.0,0.0,15.0,232.0,0.0,0.0,0.0,0.0,101.0,0.0,292.0,70.0,0.0,118.0,0.0,0.0,2800.59,603.23,0.0,0.0,0.0,250.7,66.0,1.0,0.0,18.0,2.0,0.0,5.0,True,Churned
4017,14,1679,32020.83,352,898,0.54,0.46,3886.0,632.0,0.0,420.0,0.0,261.0,10953.0,1082.0,910.0,0.0,8.0,6611.0,0.0,300.0,5478.0,225.0,1255.0,0.0,0.0,25726.65,4669.51,1547.05,0.0,0.0,77.62,1230.0,21.0,3.0,131.0,41.0,1.0,3.0,True,Churned
4019,5,36,1472.34,12,381,0.0,1.0,0.0,196.0,0.0,527.0,0.0,536.0,0.0,0.0,98.0,0.0,5.0,0.0,0.0,0.0,48.0,0.0,62.0,0.0,0.0,1472.34,0.0,0.0,0.0,0.0,0.0,14.0,0.0,0.0,7.0,1.0,0.0,0.0,True,Churned
4029,1,7,195.4,6,383,1.0,0.0,0.0,0.0,0.0,0.0,0.0,0.0,69.0,0.0,0.0,0.0,0.0,24.0,0.0,0.0,103.0,0.0,0.0,0.0,0.0,195.4,0.0,0.0,0.0,0.0,0.0,7.0,0.0,0.0,0.0,0.0,0.0,0.0,True,Churned
4033,3,304,22556.4,94,216,0.42,0.58,11111.0,479.0,0.0,6055.0,0.0,59.0,2493.0,8.0,0.0,0.0,272.0,354.0,0.0,0.0,337.0,0.0,1390.0,0.0,0.0,21735.0,821.4,0.0,0.0,0.0,0.0,275.0,0.0,5.0,0.0,24.0,0.0,0.0,True,Churned
4037,7,303,29829.7,135,95,0.88,0.12,12782.0,1330.0,0.0,341.0,0.0,270.0,2080.0,270.0,5025.0,0.0,0.0,2830.0,0.0,0.0,3445.0,67.0,1389.0,0.0,0.0,22313.59,3024.38,0.0,0.0,0.0,0.0,237.0,0.0,19.0,0.0,10.0,11.0,0.0,True,Churned
4042,1,405,9137.74,128,409,1.0,0.0,0.0,47.0,0.0,137.0,10.0,0.0,4813.0,265.0,75.0,0.0,0.0,1458.0,0.0,0.0,2167.0,0.0,165.0,0.0,0.0,9137.74,0.0,0.0,0.0,0.0,0.0,405.0,0.0,0.0,0.0,0.0,0.0,0.0,True,Churned
4044,8,1040,23310.05,300,458,0.77,0.23,4253.0,1953.0,0.0,33.0,0.0,106.0,5121.0,111.0,295.0,0.0,79.0,3341.0,0.0,0.0,4964.0,0.0,3054.0,0.0,0.0,20271.56,3038.49,0.0,0.0,0.0,0.0,922.0,76.0,15.0,6.0,14.0,2.0,0.0,True,Churned
4045,6,309,9634.86,143,372,0.91,0.09,412.0,175.0,0.0,199.0,0.0,4.0,3065.0,415.0,2349.0,0.0,0.0,1588.0,0.0,20.0,1362.0,8.0,39.0,0.0,0.0,9111.74,110.97,0.0,0.0,0.0,412.15,297.0,6.0,1.0,0.0,0.0,0.0,2.0,True,Churned
4047,8,283,13991.17,148,641,0.91,0.09,0.0,730.0,0.0,1165.0,0.0,13.0,1586.0,501.0,2282.0,0.0,0.0,4779.0,0.0,0.0,2469.0,0.0,465.0,0.0,0.0,12725.14,1051.13,0.0,0.0,0.0,214.9,259.0,2.0,1.0,0.0,0.0,5.0,3.0,True,Churned
4048,8,145,7697.68,64,213,0.63,0.37,1292.0,64.0,0.0,0.0,0.0,18.0,1247.0,81.0,635.0,0.0,0.0,1623.0,0.0,53.0,2557.0,0.0,127.0,0.0,0.0,6289.83,1323.61,0.0,0.0,0.0,84.24,106.0,6.0,1.0,3.0,0.0,0.0,4.0,True,Churned
4050,1,8,90.6,8,17,1.0,0.0,0.0,0.0,0.0,0.0,0.0,0.0,84.0,0.0,0.0,0.0,0.0,6.0,0.0,0.0,0.0,0.0,0.0,0.0,0.0,90.6,0.0,0.0,0.0,0.0,0.0,8.0,0.0,0.0,0.0,0.0,0.0,0.0,True,Churned
4053,1,31,937.6,26,38,0.68,0.32,20.0,0.0,0.0,54.0,0.0,0.0,38.0,26.0,0.0,0.0,0.0,366.0,0.0,0.0,1.0,0.0,433.0,0.0,0.0,937.6,0.0,0.0,0.0,0.0,0.0,31.0,0.0,0.0,0.0,0.0,0.0,0.0,True,Churned
4055,8,88,6534.29,19,51,0.57,0.43,2950.0,414.0,0.0,485.0,0.0,1907.0,6.0,0.0,199.0,0.0,0.0,250.0,0.0,0.0,102.0,0.0,220.0,0.0,0.0,6212.59,280.63,0.0,0.0,0.0,41.07,57.0,0.0,0.0,3.0,7.0,4.0,9.0,True,Churned
4056,1,3,50.3,2,46,1.0,0.0,0.0,0.0,0.0,0.0,0.0,0.0,49.0,0.0,0.0,0.0,0.0,0.0,0.0,0.0,0.0,0.0,1.0,0.0,0.0,50.3,0.0,0.0,0.0,0.0,0.0,3.0,0.0,0.0,0.0,0.0,0.0,0.0,True,Churned
4058,5,182,2392.13,71,97,0.83,0.17,555.0,0.0,0.0,56.0,0.0,146.0,198.0,65.0,114.0,0.0,0.0,825.0,0.0,0.0,88.0,0.0,346.0,0.0,0.0,294.42,2097.71,0.0,0.0,0.0,0.0,2.0,0.0,160.0,0.0,0.0,3.0,0.0,True,Churned
4060,5,9,2748.43,8,56,0.0,1.0,0.0,6.0,0.0,53.0,0.0,5.0,0.0,0.0,2657.0,0.0,0.0,0.0,0.0,0.0,27.0,0.0,0.0,0.0,0.0,2695.45,37.93,0.0,0.0,0.0,15.05,2.0,0.0,0.0,2.0,0.0,0.0,0.0,True,Churned
4061,2,63,5384.0,41,357,0.88,0.12,0.0,130.0,0.0,0.0,0.0,0.0,2739.0,126.0,160.0,0.0,0.0,396.0,0.0,0.0,1131.0,237.0,466.0,0.0,0.0,5384.0,0.0,0.0,0.0,0.0,0.0,62.0,0.0,0.0,1.0,0.0,0.0,0.0,True,Churned
4062,2,18,94.0,2,161,0.0,1.0,0.0,94.0,0.0,0.0,0.0,0.0,0.0,0.0,0.0,0.0,0.0,0.0,0.0,0.0,0.0,0.0,0.0,0.0,0.0,94.0,0.0,0.0,0.0,0.0,0.0,0.0,0.0,0.0,0.0,16.0,0.0,2.0,True,Churned
4063,7,114,1994.53,23,362,0.08,0.92,0.0,601.0,0.0,111.0,0.0,253.0,37.0,0.0,0.0,0.0,0.0,33.0,0.0,0.0,590.0,88.0,282.0,0.0,0.0,1196.13,134.74,0.0,0.0,0.0,410.28,48.0,0.0,0.0,10.0,48.0,1.0,0.0,True,Churned
4064,1,47,1882.61,21,273,0.38,0.62,0.0,125.0,0.0,0.0,0.0,0.0,412.0,0.0,0.0,0.0,0.0,407.0,0.0,0.0,928.0,0.0,10.0,0.0,0.0,1882.61,0.0,0.0,0.0,0.0,0.0,47.0,0.0,0.0,0.0,0.0,0.0,0.0,True,Churned
4068,7,75,2123.71,24,259,0.4,0.6,0.0,180.0,0.0,320.0,0.0,6.0,1013.0,0.0,0.0,0.0,0.0,249.0,0.0,0.0,276.0,0.0,80.0,0.0,0.0,2123.71,0.0,0.0,0.0,0.0,0.0,44.0,2.0,0.0,10.0,0.0,0.0,1.0,True,Churned
4069,1,6,61.2,6,67,1.0,0.0,0.0,0.0,0.0,0.0,0.0,0.0,5.0,0.0,19.0,0.0,0.0,7.0,0.0,0.0,0.0,5.0,25.0,0.0,0.0,61.2,0.0,0.0,0.0,0.0,0.0,6.0,0.0,0.0,0.0,0.0,0.0,0.0,True,Churned
4078,1,1,33.0,1,1,0.0,1.0,0.0,0.0,0.0,33.0,0.0,0.0,0.0,0.0,0.0,0.0,0.0,0.0,0.0,0.0,0.0,0.0,0.0,0.0,0.0,33.0,0.0,0.0,0.0,0.0,0.0,1.0,0.0,0.0,0.0,0.0,0.0,0.0,True,Churned
4081,2,11,188.93,8,14,1.0,0.0,0.0,0.0,0.0,0.0,0.0,0.0,76.0,24.0,6.0,0.0,0.0,79.0,0.0,0.0,0.0,0.0,4.0,0.0,0.0,155.8,33.13,0.0,0.0,0.0,0.0,8.0,0.0,3.0,0.0,0.0,0.0,0.0,True,Churned
4083,5,106,5750.74,13,192,0.0,1.0,0.0,91.0,0.0,4483.0,0.0,0.0,0.0,18.0,64.0,0.0,0.0,0.0,0.0,0.0,1095.0,0.0,0.0,0.0,0.0,5249.2,0.0,0.0,0.0,0.0,501.54,76.0,0.0,0.0,27.0,0.0,0.0,0.0,True,Churned
4085,2,16,407.82,14,507,1.0,0.0,159.0,0.0,0.0,0.0,0.0,7.0,83.0,18.0,0.0,0.0,55.0,0.0,0.0,0.0,83.0,0.0,2.0,0.0,0.0,291.95,0.0,0.0,0.0,0.0,0.0,9.0,0.0,0.0,0.0,0.0,0.0,0.0,True,Churned
4094,5,104,2747.36,45,620,0.92,0.08,0.0,147.0,0.0,33.0,0.0,0.0,758.0,140.0,276.0,0.0,0.0,821.0,0.0,0.0,205.0,67.0,300.0,0.0,0.0,2563.09,184.27,0.0,0.0,0.0,0.0,94.0,5.0,2.0,0.0,1.0,0.0,0.0,True,Churned
4096,12,1195,21910.88,311,618,0.56,0.44,2054.0,1023.0,0.0,782.0,0.0,297.0,5733.0,281.0,709.0,0.0,20.0,4438.0,0.0,1568.0,3421.0,137.0,1158.0,290.0,0.0,20211.07,1410.7,0.0,0.0,0.0,230.07,932.0,28.0,0.0,34.0,44.0,58.0,20.0,True,Churned
4102,1,11,135.5,3,618,0.0,1.0,3.0,0.0,0.0,0.0,0.0,0.0,48.0,0.0,0.0,0.0,0.0,0.0,0.0,0.0,76.0,0.0,9.0,0.0,0.0,135.5,0.0,0.0,0.0,0.0,0.0,11.0,0.0,0.0,0.0,0.0,0.0,0.0,True,Churned
4104,3,29,1829.65,16,118,0.43,0.57,1353.0,85.0,0.0,0.0,0.0,0.0,156.0,0.0,0.0,0.0,0.0,124.0,0.0,0.0,0.0,0.0,111.0,0.0,0.0,1829.65,0.0,0.0,0.0,0.0,0.0,25.0,0.0,0.0,3.0,0.0,0.0,0.0,True,Churned
4108,1,2,30.5,1,1,1.0,0.0,0.0,0.0,0.0,0.0,0.0,0.0,31.0,0.0,0.0,0.0,0.0,0.0,0.0,0.0,0.0,0.0,0.0,0.0,0.0,30.5,0.0,0.0,0.0,0.0,0.0,2.0,0.0,0.0,0.0,0.0,0.0,0.0,True,Churned
4116,11,505,31189.91,181,500,0.85,0.15,2164.0,2651.0,0.0,303.0,0.0,6.0,7726.0,384.0,3196.0,0.0,33.0,6865.0,0.0,0.0,3839.0,1191.0,2832.0,0.0,0.0,14742.02,15487.85,0.0,0.0,0.0,0.0,250.0,43.0,11.0,4.0,18.0,0.0,0.0,True,Churned
4118,3,47,1157.53,25,743,0.4,0.6,0.0,10.0,0.0,17.0,0.0,0.0,194.0,0.0,18.0,0.0,0.0,110.0,0.0,619.0,110.0,0.0,79.0,0.0,0.0,467.3,690.23,0.0,0.0,0.0,0.0,38.0,1.0,0.0,8.0,0.0,0.0,0.0,True,Churned
4119,4,79,1004.31,18,178,0.91,0.09,0.0,88.0,0.0,13.0,0.0,0.0,176.0,28.0,0.0,0.0,0.0,0.0,0.0,0.0,17.0,0.0,683.0,0.0,0.0,1004.31,0.0,0.0,0.0,0.0,0.0,71.0,0.0,0.0,3.0,3.0,0.0,2.0,True,Churned
4120,3,26,742.69,18,169,0.93,0.07,32.0,0.0,0.0,0.0,0.0,61.0,295.0,95.0,0.0,0.0,0.0,132.0,0.0,0.0,20.0,0.0,107.0,0.0,0.0,91.7,650.99,0.0,0.0,0.0,0.0,4.0,0.0,21.0,0.0,0.0,0.0,0.0,True,Churned
4121,1,8,102.15,7,283,1.0,0.0,0.0,0.0,0.0,0.0,0.0,0.0,78.0,0.0,0.0,0.0,0.0,9.0,0.0,0.0,0.0,0.0,16.0,0.0,0.0,102.15,0.0,0.0,0.0,0.0,0.0,8.0,0.0,0.0,0.0,0.0,0.0,0.0,True,Churned
4122,2,2,102.22,2,6,0.0,1.0,0.0,0.0,0.0,100.0,0.0,0.0,0.0,0.0,0.0,0.0,0.0,0.0,0.0,2.0,0.0,0.0,0.0,0.0,0.0,100.0,2.22,0.0,0.0,0.0,0.0,1.0,0.0,0.0,1.0,0.0,0.0,0.0,True,Churned
4123,1,4,27.0,3,31,1.0,0.0,0.0,0.0,0.0,0.0,0.0,0.0,23.0,0.0,0.0,0.0,0.0,0.0,0.0,0.0,0.0,0.0,5.0,0.0,0.0,27.0,0.0,0.0,0.0,0.0,0.0,4.0,0.0,0.0,0.0,0.0,0.0,0.0,True,Churned
4124,1,5,118.06,5,71,0.97,0.03,0.0,0.0,0.0,0.0,0.0,0.0,6.0,0.0,0.0,0.0,0.0,0.0,0.0,0.0,20.0,0.0,92.0,0.0,0.0,118.06,0.0,0.0,0.0,0.0,0.0,5.0,0.0,0.0,0.0,0.0,0.0,0.0,True,Churned
4129,2,9,180.34,3,23,0.0,1.0,25.0,0.0,0.0,156.0,0.0,0.0,0.0,0.0,0.0,0.0,0.0,0.0,0.0,0.0,0.0,0.0,0.0,0.0,0.0,95.0,85.34,0.0,0.0,0.0,0.0,5.0,0.0,0.0,4.0,0.0,0.0,0.0,True,Churned
4132,1,2,20.61,1,31,0.0,1.0,0.0,21.0,0.0,0.0,0.0,0.0,0.0,0.0,0.0,0.0,0.0,0.0,0.0,0.0,0.0,0.0,0.0,0.0,0.0,0.0,20.61,0.0,0.0,0.0,0.0,2.0,0.0,0.0,0.0,0.0,0.0,0.0,True,Churned
4133,3,7,98.74,7,320,0.79,0.21,21.0,0.0,0.0,0.0,0.0,0.0,8.0,0.0,36.0,0.0,0.0,34.0,0.0,0.0,0.0,0.0,0.0,0.0,0.0,71.8,26.94,0.0,0.0,0.0,0.0,4.0,0.0,0.0,2.0,1.0,0.0,0.0,True,Churned
4134,2,65,2095.36,25,853,0.88,0.12,1530.0,36.0,0.0,105.0,0.0,0.0,279.0,2.0,0.0,0.0,0.0,15.0,0.0,0.0,118.0,0.0,10.0,0.0,0.0,2059.43,35.93,0.0,0.0,0.0,0.0,63.0,0.0,0.0,0.0,0.0,0.0,0.0,True,Churned
4136,8,29,1815.44,20,149,0.35,0.65,0.0,19.0,0.0,0.0,0.0,214.0,222.0,0.0,625.0,0.0,0.0,54.0,0.0,0.0,630.0,0.0,51.0,0.0,0.0,1384.75,430.69,0.0,0.0,0.0,0.0,15.0,2.0,5.0,1.0,2.0,1.0,2.0,True,Churned
4144,1,5,486.9,4,163,1.0,0.0,400.0,0.0,0.0,0.0,0.0,0.0,0.0,58.0,0.0,0.0,0.0,7.0,0.0,0.0,0.0,0.0,22.0,0.0,0.0,486.9,0.0,0.0,0.0,0.0,0.0,5.0,0.0,0.0,0.0,0.0,0.0,0.0,True,Churned
4146,1,56,1723.65,25,699,1.0,0.0,0.0,0.0,0.0,0.0,0.0,0.0,1043.0,421.0,31.0,0.0,69.0,0.0,0.0,0.0,92.0,60.0,8.0,0.0,0.0,1723.65,0.0,0.0,0.0,0.0,0.0,56.0,0.0,0.0,0.0,0.0,0.0,0.0,True,Churned
4148,8,126,20735.09,93,316,0.88,0.12,4012.0,48.0,0.0,0.0,0.0,299.0,1306.0,90.0,8188.0,0.0,128.0,1276.0,0.0,0.0,3270.0,26.0,2092.0,0.0,0.0,4688.17,10347.97,0.0,0.0,0.0,0.0,40.0,27.0,34.0,0.0,0.0,10.0,0.0,True,Churned
4152,1,73,2172.4,42,221,0.98,0.02,0.0,67.0,0.0,10.0,0.0,28.0,244.0,17.0,281.0,0.0,0.0,1104.0,0.0,0.0,375.0,0.0,47.0,0.0,0.0,2172.4,0.0,0.0,0.0,0.0,0.0,73.0,0.0,0.0,0.0,0.0,0.0,0.0,True,Churned
4153,1,38,1319.4,29,114,1.0,0.0,200.0,0.0,0.0,21.0,0.0,0.0,211.0,135.0,80.0,0.0,0.0,326.0,0.0,0.0,338.0,0.0,9.0,0.0,0.0,1319.4,0.0,0.0,0.0,0.0,0.0,38.0,0.0,0.0,0.0,0.0,0.0,0.0,True,Churned
4157,1,3,6.15,3,9,1.0,0.0,0.0,0.0,0.0,0.0,0.0,0.0,3.0,0.0,0.0,0.0,0.0,0.0,0.0,0.0,4.0,0.0,0.0,0.0,0.0,6.15,0.0,0.0,0.0,0.0,0.0,3.0,0.0,0.0,0.0,0.0,0.0,0.0,True,Churned
4158,1,9,613.11,1,91,0.0,1.0,0.0,0.0,0.0,0.0,0.0,0.0,0.0,0.0,0.0,0.0,0.0,0.0,0.0,613.0,0.0,0.0,0.0,0.0,0.0,0.0,613.11,0.0,0.0,0.0,0.0,0.0,0.0,0.0,9.0,0.0,0.0,0.0,True,Churned
4159,5,28,3171.22,20,258,0.31,0.69,0.0,225.0,0.0,0.0,0.0,0.0,144.0,0.0,0.0,0.0,0.0,75.0,0.0,0.0,2726.0,0.0,0.0,0.0,0.0,2861.38,194.8,66.89,0.0,0.0,48.15,16.0,1.0,0.0,5.0,0.0,0.0,1.0,True,Churned
4160,2,9,120.98,5,655,0.38,0.62,70.0,0.0,0.0,0.0,0.0,0.0,46.0,0.0,0.0,0.0,0.0,5.0,0.0,0.0,0.0,0.0,0.0,0.0,0.0,120.98,0.0,0.0,0.0,0.0,0.0,8.0,0.0,0.0,0.0,0.0,0.0,0.0,True,Churned
4162,5,79,2981.81,37,160,0.69,0.31,1490.0,0.0,0.0,591.0,0.0,20.0,143.0,0.0,0.0,0.0,0.0,95.0,0.0,0.0,326.0,0.0,317.0,0.0,0.0,2708.57,20.21,0.0,0.0,0.0,253.03,51.0,0.0,0.0,0.0,0.0,0.0,0.0,True,Churned
4163,4,22,705.98,20,31,1.0,0.0,0.0,0.0,0.0,8.0,0.0,0.0,46.0,0.0,240.0,0.0,0.0,413.0,0.0,0.0,0.0,0.0,0.0,0.0,0.0,186.45,95.89,0.0,0.0,0.0,0.0,11.0,0.0,1.0,0.0,0.0,0.0,0.0,True,Churned
4164,1,4,29.6,4,6,1.0,0.0,0.0,0.0,0.0,0.0,0.0,0.0,21.0,0.0,0.0,0.0,0.0,0.0,0.0,0.0,9.0,0.0,0.0,0.0,0.0,29.6,0.0,0.0,0.0,0.0,0.0,4.0,0.0,0.0,0.0,0.0,0.0,0.0,True,Churned
4165,2,21,437.49,7,45,0.25,0.75,0.0,39.0,0.0,150.0,0.0,0.0,0.0,0.0,0.0,0.0,0.0,20.0,0.0,0.0,88.0,0.0,140.0,0.0,0.0,189.0,0.0,0.0,0.0,0.0,248.49,5.0,0.0,0.0,0.0,0.0,0.0,16.0,True,Churned
4166,1,3,84.41,2,103,0.9,0.1,0.0,0.0,0.0,0.0,0.0,0.0,0.0,0.0,0.0,0.0,0.0,76.0,0.0,0.0,0.0,0.0,8.0,0.0,0.0,84.41,0.0,0.0,0.0,0.0,0.0,3.0,0.0,0.0,0.0,0.0,0.0,0.0,True,Churned
4168,1,1,4.4,1,1,0.0,1.0,0.0,0.0,0.0,0.0,0.0,0.0,0.0,0.0,0.0,0.0,0.0,0.0,0.0,0.0,0.0,0.0,4.0,0.0,0.0,4.4,0.0,0.0,0.0,0.0,0.0,1.0,0.0,0.0,0.0,0.0,0.0,0.0,True,Churned
4170,1,2,28.65,2,1,1.0,0.0,0.0,0.0,0.0,0.0,0.0,0.0,29.0,0.0,0.0,0.0,0.0,0.0,0.0,0.0,0.0,0.0,0.0,0.0,0.0,28.65,0.0,0.0,0.0,0.0,0.0,2.0,0.0,0.0,0.0,0.0,0.0,0.0,True,Churned
4171,5,113,3952.9,38,848,0.71,0.29,0.0,107.0,0.0,0.0,0.0,0.0,1389.0,20.0,0.0,0.0,0.0,560.0,0.0,0.0,1655.0,0.0,222.0,0.0,0.0,3680.07,165.97,0.0,0.0,0.0,106.86,108.0,1.0,0.0,0.0,0.0,0.0,1.0,True,Churned
4172,2,6,10064.9,5,60,0.01,0.99,10050.0,0.0,0.0,0.0,0.0,0.0,15.0,0.0,0.0,0.0,0.0,0.0,0.0,0.0,0.0,0.0,0.0,0.0,0.0,10064.9,0.0,0.0,0.0,0.0,0.0,4.0,0.0,0.0,2.0,0.0,0.0,0.0,True,Churned
4173,2,2,23.9,2,4,0.0,1.0,0.0,8.0,0.0,0.0,0.0,0.0,0.0,0.0,0.0,0.0,0.0,0.0,0.0,0.0,16.0,0.0,0.0,0.0,0.0,23.9,0.0,0.0,0.0,0.0,0.0,1.0,0.0,0.0,0.0,1.0,0.0,0.0,True,Churned
4174,4,37,643.41,17,903,0.27,0.73,0.0,2.0,0.0,0.0,0.0,0.0,295.0,54.0,0.0,0.0,0.0,0.0,0.0,0.0,269.0,0.0,24.0,0.0,0.0,300.8,101.06,0.0,0.0,0.0,241.55,14.0,0.0,0.0,18.0,0.0,0.0,4.0,True,Churned
4175,2,2,100.85,2,1,0.01,0.99,0.0,0.0,0.0,0.0,0.0,0.0,1.0,0.0,0.0,0.0,0.0,0.0,0.0,100.0,0.0,0.0,0.0,0.0,0.0,100.85,0.0,0.0,0.0,0.0,0.0,1.0,0.0,0.0,1.0,0.0,0.0,0.0,True,Churned
4176,1,1,4145.99,1,1,0.0,1.0,0.0,0.0,0.0,0.0,0.0,0.0,0.0,0.0,4146.0,0.0,0.0,0.0,0.0,0.0,0.0,0.0,0.0,0.0,0.0,4145.99,0.0,0.0,0.0,0.0,0.0,1.0,0.0,0.0,0.0,0.0,0.0,0.0,True,Churned
4183,4,37,763.52,9,879,0.0,1.0,0.0,752.0,0.0,0.0,0.0,11.0,0.0,0.0,0.0,0.0,0.0,0.0,0.0,0.0,0.0,0.0,0.0,0.0,0.0,0.0,419.77,0.0,0.0,0.0,343.75,0.0,0.0,20.0,0.0,6.0,0.0,0.0,True,Churned
4184,2,2,139.89,1,3,0.0,1.0,0.0,0.0,0.0,0.0,0.0,0.0,0.0,0.0,0.0,0.0,0.0,0.0,0.0,0.0,140.0,0.0,0.0,0.0,0.0,0.0,0.0,0.0,0.0,0.0,139.89,0.0,0.0,0.0,1.0,0.0,0.0,0.0,True,Churned
4185,2,3,6.64,1,55,0.0,1.0,0.0,7.0,0.0,0.0,0.0,0.0,0.0,0.0,0.0,0.0,0.0,0.0,0.0,0.0,0.0,0.0,0.0,0.0,0.0,0.0,6.64,0.0,0.0,0.0,0.0,0.0,0.0,0.0,0.0,0.0,0.0,1.0,True,Churned
4187,1,1,54.9,1,1,0.0,1.0,0.0,0.0,0.0,0.0,0.0,0.0,0.0,0.0,0.0,0.0,0.0,0.0,0.0,0.0,55.0,0.0,0.0,0.0,0.0,54.9,0.0,0.0,0.0,0.0,0.0,1.0,0.0,0.0,0.0,0.0,0.0,0.0,True,Churned
4188,1,10,37.55,7,4,1.0,0.0,0.0,0.0,0.0,0.0,0.0,0.0,22.0,0.0,0.0,0.0,0.0,16.0,0.0,0.0,0.0,0.0,0.0,0.0,0.0,37.55,0.0,0.0,0.0,0.0,0.0,10.0,0.0,0.0,0.0,0.0,0.0,0.0,True,Churned
4191,1,12,104.9,10,221,1.0,0.0,0.0,0.0,0.0,0.0,0.0,0.0,77.0,0.0,0.0,0.0,0.0,0.0,0.0,0.0,28.0,0.0,0.0,0.0,0.0,104.9,0.0,0.0,0.0,0.0,0.0,12.0,0.0,0.0,0.0,0.0,0.0,0.0,True,Churned
4192,1,8,47.0,4,819,1.0,0.0,0.0,0.0,0.0,0.0,0.0,0.0,27.0,0.0,0.0,0.0,0.0,10.0,0.0,0.0,10.0,0.0,0.0,0.0,0.0,47.0,0.0,0.0,0.0,0.0,0.0,8.0,0.0,0.0,0.0,0.0,0.0,0.0,True,Churned
4196,1,2,7.45,2,2,1.0,0.0,0.0,0.0,0.0,0.0,0.0,0.0,4.0,0.0,0.0,0.0,0.0,0.0,0.0,0.0,3.0,0.0,0.0,0.0,0.0,7.45,0.0,0.0,0.0,0.0,0.0,2.0,0.0,0.0,0.0,0.0,0.0,0.0,True,Churned
4199,2,19,21256.47,3,384,0.0,1.0,21251.0,0.0,0.0,0.0,0.0,0.0,5.0,0.0,0.0,0.0,0.0,0.0,0.0,0.0,0.0,0.0,0.0,0.0,0.0,20813.96,442.51,0.0,0.0,0.0,0.0,1.0,0.0,0.0,0.0,0.0,0.0,0.0,True,Churned
4200,1,3,30.0,2,1,0.0,1.0,0.0,0.0,0.0,30.0,0.0,0.0,0.0,0.0,0.0,0.0,0.0,0.0,0.0,0.0,0.0,0.0,0.0,0.0,0.0,30.0,0.0,0.0,0.0,0.0,0.0,3.0,0.0,0.0,0.0,0.0,0.0,0.0,True,Churned
4201,1,1,9.16,1,1,0.0,1.0,0.0,0.0,0.0,0.0,0.0,0.0,0.0,0.0,0.0,0.0,0.0,0.0,0.0,0.0,9.0,0.0,0.0,0.0,0.0,9.16,0.0,0.0,0.0,0.0,0.0,1.0,0.0,0.0,0.0,0.0,0.0,0.0,True,Churned
4205,1,2,23.8,2,7,1.0,0.0,0.0,0.0,0.0,0.0,0.0,0.0,24.0,0.0,0.0,0.0,0.0,0.0,0.0,0.0,0.0,0.0,0.0,0.0,0.0,23.8,0.0,0.0,0.0,0.0,0.0,2.0,0.0,0.0,0.0,0.0,0.0,0.0,True,Churned
4207,1,1,32.0,1,1,0.0,1.0,32.0,0.0,0.0,0.0,0.0,0.0,0.0,0.0,0.0,0.0,0.0,0.0,0.0,0.0,0.0,0.0,0.0,0.0,0.0,32.0,0.0,0.0,0.0,0.0,0.0,0.0,0.0,0.0,1.0,0.0,0.0,0.0,True,Churned
4208,1,20,201.4,14,164,1.0,0.0,0.0,0.0,0.0,0.0,0.0,0.0,88.0,0.0,0.0,0.0,0.0,92.0,0.0,0.0,18.0,0.0,3.0,0.0,0.0,201.4,0.0,0.0,0.0,0.0,0.0,20.0,0.0,0.0,0.0,0.0,0.0,0.0,True,Churned
4209,1,121,3672.3,13,91,0.06,0.94,150.0,0.0,0.0,1614.0,0.0,0.0,74.0,0.0,0.0,0.0,0.0,0.0,0.0,1801.0,0.0,0.0,34.0,0.0,0.0,3672.3,0.0,0.0,0.0,0.0,0.0,121.0,0.0,0.0,0.0,0.0,0.0,0.0,True,Churned
4212,1,1,17.35,1,1,1.0,0.0,0.0,0.0,0.0,0.0,0.0,0.0,17.0,0.0,0.0,0.0,0.0,0.0,0.0,0.0,0.0,0.0,0.0,0.0,0.0,17.35,0.0,0.0,0.0,0.0,0.0,1.0,0.0,0.0,0.0,0.0,0.0,0.0,True,Churned
4213,1,2,102.8,2,7,0.0,1.0,0.0,0.0,0.0,0.0,0.0,0.0,0.0,0.0,0.0,0.0,0.0,0.0,0.0,100.0,3.0,0.0,0.0,0.0,0.0,102.8,0.0,0.0,0.0,0.0,0.0,2.0,0.0,0.0,0.0,0.0,0.0,0.0,True,Churned
4216,1,3,17.2,2,28,0.67,0.33,0.0,6.0,0.0,0.0,0.0,0.0,12.0,0.0,0.0,0.0,0.0,0.0,0.0,0.0,0.0,0.0,0.0,0.0,0.0,17.2,0.0,0.0,0.0,0.0,0.0,3.0,0.0,0.0,0.0,0.0,0.0,0.0,True,Churned
4217,1,1,14.0,1,1,0.0,1.0,0.0,0.0,0.0,0.0,0.0,0.0,0.0,0.0,0.0,0.0,0.0,0.0,0.0,0.0,14.0,0.0,0.0,0.0,0.0,14.0,0.0,0.0,0.0,0.0,0.0,1.0,0.0,0.0,0.0,0.0,0.0,0.0,True,Churned
4218,1,227,57050.0,4,296,0.0,1.0,0.0,0.0,0.0,57050.0,0.0,0.0,0.0,0.0,0.0,0.0,0.0,0.0,0.0,0.0,0.0,0.0,0.0,0.0,0.0,57050.0,0.0,0.0,0.0,0.0,0.0,227.0,0.0,0.0,0.0,0.0,0.0,0.0,True,Churned
4219,1,6,105.05,3,94,1.0,0.0,0.0,0.0,0.0,0.0,0.0,0.0,98.0,0.0,7.0,0.0,0.0,0.0,0.0,0.0,0.0,0.0,0.0,0.0,0.0,105.05,0.0,0.0,0.0,0.0,0.0,6.0,0.0,0.0,0.0,0.0,0.0,0.0,True,Churned
4220,3,7,104.34,4,64,0.81,0.19,0.0,2.0,0.0,18.0,0.0,0.0,0.0,0.0,0.0,0.0,0.0,0.0,0.0,0.0,25.0,0.0,60.0,0.0,0.0,102.5,0.0,0.0,0.0,0.0,1.84,4.0,1.0,0.0,0.0,0.0,0.0,0.0,True,Churned
4221,1,4,43.0,4,71,1.0,0.0,0.0,0.0,0.0,0.0,0.0,0.0,37.0,0.0,5.0,0.0,0.0,0.0,0.0,0.0,1.0,0.0,0.0,0.0,0.0,43.0,0.0,0.0,0.0,0.0,0.0,4.0,0.0,0.0,0.0,0.0,0.0,0.0,True,Churned
4225,3,13,199.53,4,276,0.0,1.0,0.0,185.0,0.0,0.0,0.0,0.0,0.0,0.0,0.0,0.0,0.0,0.0,0.0,0.0,15.0,0.0,0.0,0.0,0.0,170.04,29.49,0.0,0.0,0.0,0.0,4.0,0.0,0.0,0.0,0.0,0.0,7.0,True,Churned
4227,1,2,29.19,2,2,0.0,1.0,0.0,0.0,0.0,0.0,0.0,0.0,0.0,0.0,0.0,0.0,0.0,0.0,0.0,0.0,29.0,0.0,0.0,0.0,0.0,29.19,0.0,0.0,0.0,0.0,0.0,0.0,0.0,0.0,0.0,2.0,0.0,0.0,True,Churned
4230,1,2,28.35,2,141,1.0,0.0,0.0,0.0,0.0,0.0,0.0,0.0,28.0,0.0,0.0,0.0,0.0,0.0,0.0,0.0,0.0,0.0,0.0,0.0,0.0,28.35,0.0,0.0,0.0,0.0,0.0,2.0,0.0,0.0,0.0,0.0,0.0,0.0,True,Churned
4236,1,1,6.95,1,1,1.0,0.0,0.0,0.0,0.0,0.0,0.0,0.0,7.0,0.0,0.0,0.0,0.0,0.0,0.0,0.0,0.0,0.0,0.0,0.0,0.0,6.95,0.0,0.0,0.0,0.0,0.0,1.0,0.0,0.0,0.0,0.0,0.0,0.0,True,Churned
4237,1,10,41.5,3,226,1.0,0.0,0.0,0.0,0.0,0.0,0.0,0.0,42.0,0.0,0.0,0.0,0.0,0.0,0.0,0.0,0.0,0.0,0.0,0.0,0.0,41.5,0.0,0.0,0.0,0.0,0.0,10.0,0.0,0.0,0.0,0.0,0.0,0.0,True,Churned
4238,1,2,28.6,2,2,1.0,0.0,0.0,0.0,0.0,0.0,0.0,0.0,29.0,0.0,0.0,0.0,0.0,0.0,0.0,0.0,0.0,0.0,0.0,0.0,0.0,28.6,0.0,0.0,0.0,0.0,0.0,2.0,0.0,0.0,0.0,0.0,0.0,0.0,True,Churned
4239,2,2,98.09,2,22,0.0,1.0,0.0,0.0,0.0,0.0,0.0,0.0,0.0,0.0,0.0,0.0,0.0,0.0,0.0,98.0,0.0,0.0,0.0,0.0,0.0,0.25,0.0,0.0,0.0,0.0,97.84,1.0,0.0,0.0,0.0,0.0,0.0,0.0,True,Churned
4244,6,163,13690.28,63,241,0.91,0.09,10748.0,78.0,0.0,814.0,0.0,0.0,552.0,38.0,0.0,0.0,0.0,956.0,0.0,0.0,132.0,6.0,367.0,0.0,0.0,13635.94,0.0,0.0,0.0,0.0,54.34,142.0,0.0,0.0,4.0,5.0,0.0,4.0,True,Churned
4258,14,463,11915.63,128,454,0.15,0.85,1821.0,616.0,0.0,340.0,0.0,58.0,976.0,10.0,0.0,0.0,179.0,429.0,0.0,5121.0,1966.0,49.0,351.0,0.0,0.0,9150.86,2015.35,0.0,0.0,0.0,741.02,310.0,13.0,2.0,3.0,39.0,0.0,1.0,True,Churned
4259,6,103,2223.88,58,387,0.73,0.27,597.0,0.0,0.0,400.0,0.0,0.0,229.0,0.0,79.0,0.0,0.0,560.0,0.0,0.0,270.0,0.0,89.0,0.0,0.0,230.35,1993.53,0.0,0.0,0.0,0.0,4.0,5.0,4.0,3.0,0.0,86.0,0.0,True,Churned
4270,4,54,544.49,41,518,1.0,0.0,0.0,2.0,0.0,17.0,0.0,0.0,180.0,39.0,0.0,0.0,0.0,211.0,0.0,0.0,67.0,14.0,13.0,0.0,0.0,237.7,91.33,103.58,0.0,0.0,0.0,22.0,5.0,0.0,19.0,0.0,0.0,0.0,True,Churned
4272,10,255,12887.9,157,318,0.61,0.39,140.0,148.0,0.0,143.0,0.0,241.0,741.0,451.0,4219.0,0.0,8.0,4779.0,0.0,0.0,989.0,30.0,1000.0,0.0,0.0,1769.43,184.01,306.11,0.0,0.0,8093.28,30.0,2.0,3.0,18.0,0.0,0.0,131.0,True,Churned
4280,2,41,867.67,30,225,0.84,0.16,370.0,0.0,0.0,0.0,0.0,0.0,114.0,0.0,0.0,0.0,0.0,139.0,0.0,0.0,57.0,0.0,188.0,0.0,0.0,867.67,0.0,0.0,0.0,0.0,0.0,37.0,0.0,0.0,0.0,0.0,0.0,0.0,True,Churned
4283,2,269,7257.42,99,563,1.0,0.0,40.0,0.0,0.0,27.0,0.0,68.0,2376.0,503.0,944.0,0.0,0.0,1253.0,0.0,0.0,1884.0,0.0,162.0,0.0,0.0,5681.64,1575.78,0.0,0.0,0.0,0.0,258.0,0.0,0.0,0.0,0.0,0.0,0.0,True,Churned
4286,6,92,3724.03,54,152,0.76,0.24,340.0,178.0,54.0,813.0,0.0,110.0,229.0,0.0,24.0,0.0,5.0,1022.0,0.0,0.0,782.0,0.0,166.0,0.0,0.0,611.28,2991.4,0.0,0.0,0.0,71.29,0.0,0.0,0.0,3.0,6.0,0.0,5.0,True,Churned
4289,3,77,1097.69,30,206,0.36,0.64,0.0,0.0,0.0,100.0,0.0,48.0,74.0,70.0,283.0,0.0,0.0,234.0,0.0,0.0,233.0,0.0,56.0,0.0,0.0,64.9,232.76,0.0,0.0,0.0,0.0,6.0,0.0,0.0,0.0,0.0,0.0,0.0,True,Churned
4292,2,50,1784.07,32,301,1.0,0.0,150.0,52.0,0.0,0.0,0.0,0.0,714.0,38.0,0.0,0.0,0.0,327.0,0.0,0.0,440.0,20.0,45.0,0.0,0.0,1762.2,21.87,0.0,0.0,0.0,0.0,49.0,1.0,0.0,0.0,0.0,0.0,0.0,True,Churned
4293,3,40,1289.6,34,743,0.69,0.31,0.0,0.0,0.0,129.0,0.0,0.0,307.0,56.0,75.0,0.0,0.0,232.0,0.0,198.0,238.0,0.0,55.0,0.0,0.0,914.35,198.43,0.0,0.0,0.0,176.82,38.0,0.0,0.0,1.0,0.0,0.0,1.0,True,Churned
4297,2,4,1243.0,3,324,0.01,0.99,0.0,0.0,0.0,0.0,0.0,110.0,0.0,0.0,0.0,0.0,0.0,0.0,0.0,1123.0,0.0,0.0,10.0,0.0,0.0,1243.0,0.0,0.0,0.0,0.0,0.0,2.0,0.0,0.0,2.0,0.0,0.0,0.0,True,Churned
4300,1,10,101.4,7,117,1.0,0.0,0.0,0.0,0.0,0.0,0.0,0.0,87.0,0.0,0.0,0.0,0.0,0.0,0.0,0.0,0.0,0.0,15.0,0.0,0.0,101.4,0.0,0.0,0.0,0.0,0.0,10.0,0.0,0.0,0.0,0.0,0.0,0.0,True,Churned
4303,3,7,159.8,5,253,0.95,0.05,0.0,5.0,0.0,3.0,0.0,0.0,26.0,0.0,120.0,0.0,0.0,7.0,0.0,0.0,0.0,0.0,0.0,0.0,0.0,159.8,0.0,0.0,0.0,0.0,0.0,3.0,0.0,0.0,3.0,0.0,0.0,1.0,True,Churned
4305,1,1,1.85,1,1,1.0,0.0,0.0,0.0,0.0,0.0,0.0,0.0,2.0,0.0,0.0,0.0,0.0,0.0,0.0,0.0,0.0,0.0,0.0,0.0,0.0,1.85,0.0,0.0,0.0,0.0,0.0,1.0,0.0,0.0,0.0,0.0,0.0,0.0,True,Churned
4306,5,14,456.91,13,623,0.77,0.23,0.0,30.0,0.0,0.0,0.0,0.0,60.0,0.0,0.0,0.0,75.0,275.0,0.0,0.0,15.0,0.0,2.0,0.0,0.0,299.8,154.14,0.0,0.0,0.0,0.0,8.0,1.0,2.0,0.0,0.0,0.0,0.0,True,Churned
4308,1,1,2.5,1,1,1.0,0.0,0.0,0.0,0.0,0.0,0.0,0.0,3.0,0.0,0.0,0.0,0.0,0.0,0.0,0.0,0.0,0.0,0.0,0.0,0.0,2.5,0.0,0.0,0.0,0.0,0.0,1.0,0.0,0.0,0.0,0.0,0.0,0.0,True,Churned
4309,1,1,4.9,1,1,1.0,0.0,0.0,0.0,0.0,0.0,0.0,0.0,0.0,0.0,0.0,0.0,0.0,0.0,0.0,0.0,0.0,0.0,5.0,0.0,0.0,4.9,0.0,0.0,0.0,0.0,0.0,1.0,0.0,0.0,0.0,0.0,0.0,0.0,True,Churned
4310,7,77,919.91,56,393,0.83,0.17,0.0,0.0,0.0,26.0,0.0,39.0,231.0,6.0,0.0,0.0,0.0,93.0,0.0,0.0,458.0,0.0,67.0,0.0,0.0,379.4,535.36,0.0,0.0,0.0,5.15,44.0,25.0,0.0,0.0,0.0,2.0,1.0,True,Churned
4311,1,9,242.2,9,246,1.0,0.0,0.0,0.0,0.0,18.0,0.0,13.0,201.0,0.0,0.0,0.0,0.0,0.0,0.0,0.0,0.0,10.0,0.0,0.0,0.0,242.2,0.0,0.0,0.0,0.0,0.0,9.0,0.0,0.0,0.0,0.0,0.0,0.0,True,Churned
4312,5,226,5304.9,46,363,0.98,0.02,1336.0,0.0,0.0,0.0,0.0,0.0,2728.0,562.0,3.0,0.0,11.0,8.0,0.0,0.0,486.0,0.0,171.0,0.0,0.0,1329.7,3665.24,0.0,0.0,0.0,0.0,37.0,184.0,1.0,2.0,0.0,0.0,0.0,True,Churned
4314,1,1,3.45,1,1,0.0,1.0,0.0,3.0,0.0,0.0,0.0,0.0,0.0,0.0,0.0,0.0,0.0,0.0,0.0,0.0,0.0,0.0,0.0,0.0,0.0,0.0,3.45,0.0,0.0,0.0,0.0,0.0,0.0,0.0,0.0,1.0,0.0,0.0,True,Churned
4320,1,1,56.78,1,1,0.0,1.0,0.0,0.0,0.0,0.0,0.0,0.0,0.0,0.0,57.0,0.0,0.0,0.0,0.0,0.0,0.0,0.0,0.0,0.0,0.0,56.78,0.0,0.0,0.0,0.0,0.0,0.0,0.0,0.0,1.0,0.0,0.0,0.0,True,Churned
4321,1,11,160.05,9,261,1.0,0.0,0.0,0.0,0.0,19.0,0.0,0.0,14.0,19.0,40.0,0.0,0.0,69.0,0.0,0.0,0.0,0.0,0.0,0.0,0.0,160.05,0.0,0.0,0.0,0.0,0.0,11.0,0.0,0.0,0.0,0.0,0.0,0.0,True,Churned
4328,2,4,297.36,4,16,1.0,0.0,40.0,0.0,0.0,0.0,0.0,0.0,246.0,0.0,0.0,0.0,0.0,11.0,0.0,0.0,0.0,0.0,0.0,0.0,0.0,257.35,40.01,0.0,0.0,0.0,0.0,3.0,0.0,1.0,0.0,0.0,0.0,0.0,True,Churned
4329,9,60,1815.28,20,391,0.18,0.82,2.0,159.0,0.0,3.0,0.0,94.0,371.0,26.0,50.0,0.0,229.0,17.0,0.0,0.0,862.0,0.0,2.0,0.0,0.0,273.77,1452.31,0.0,0.0,0.0,2.43,4.0,11.0,0.0,19.0,0.0,0.0,0.0,True,Churned
4356,12,192,42819.75,76,590,0.39,0.61,1476.0,5059.0,0.0,559.0,0.0,3809.0,4819.0,47.0,10592.0,0.0,129.0,896.0,0.0,0.0,14748.0,0.0,686.0,0.0,0.0,41101.36,372.86,95.81,0.0,0.0,493.1,130.0,7.0,1.0,13.0,14.0,0.0,7.0,True,Churned
4358,4,23,795.98,20,182,1.0,0.0,0.0,0.0,0.0,0.0,0.0,116.0,264.0,79.0,0.0,0.0,0.0,8.0,0.0,0.0,92.0,0.0,237.0,0.0,0.0,323.09,472.89,0.0,0.0,0.0,0.0,10.0,6.0,2.0,0.0,0.0,0.0,0.0,True,Churned
4371,1,23,1997.45,18,76,0.88,0.12,400.0,11.0,0.0,0.0,0.0,216.0,935.0,88.0,0.0,0.0,0.0,0.0,0.0,0.0,330.0,18.0,0.0,0.0,0.0,1997.45,0.0,0.0,0.0,0.0,0.0,23.0,0.0,0.0,0.0,0.0,0.0,0.0,True,Churned
4375,4,21,546.9,19,313,1.0,0.0,177.0,0.0,0.0,18.0,0.0,0.0,0.0,0.0,116.0,0.0,0.0,208.0,0.0,0.0,9.0,0.0,19.0,0.0,0.0,340.1,206.8,0.0,0.0,0.0,0.0,17.0,2.0,0.0,1.0,0.0,0.0,0.0,True,Churned
4376,6,37,2670.21,15,179,0.26,0.74,0.0,156.0,0.0,1513.0,0.0,0.0,270.0,11.0,0.0,0.0,0.0,0.0,0.0,0.0,690.0,0.0,30.0,0.0,0.0,2268.97,401.24,0.0,0.0,0.0,0.0,18.0,0.0,0.0,1.0,0.0,2.0,7.0,True,Churned
4379,1,9,47.05,9,128,1.0,0.0,0.0,8.0,0.0,0.0,0.0,0.0,30.0,0.0,0.0,0.0,0.0,5.0,0.0,0.0,0.0,0.0,4.0,0.0,0.0,47.05,0.0,0.0,0.0,0.0,0.0,9.0,0.0,0.0,0.0,0.0,0.0,0.0,True,Churned
4381,1,6,32.9,4,260,0.7,0.3,0.0,0.0,0.0,0.0,0.0,0.0,4.0,0.0,0.0,0.0,0.0,0.0,0.0,0.0,28.0,0.0,0.0,0.0,0.0,32.9,0.0,0.0,0.0,0.0,0.0,6.0,0.0,0.0,0.0,0.0,0.0,0.0,True,Churned
4383,6,50,9326.25,25,51,0.04,0.96,3463.0,0.0,0.0,0.0,0.0,5358.0,181.0,54.0,113.0,0.0,19.0,32.0,0.0,0.0,75.0,0.0,32.0,0.0,0.0,113.39,8914.93,0.0,0.0,0.0,297.93,0.0,31.0,4.0,0.0,1.0,0.0,0.0,True,Churned
4384,2,23,638.2,10,126,0.63,0.37,237.0,0.0,0.0,0.0,0.0,0.0,352.0,0.0,0.0,0.0,0.0,31.0,0.0,0.0,7.0,0.0,11.0,0.0,0.0,400.9,0.0,0.0,0.0,0.0,0.0,21.0,0.0,0.0,0.0,0.0,0.0,0.0,True,Churned
4386,5,8,204.48,6,107,0.0,1.0,0.0,28.0,0.0,84.0,0.0,71.0,0.0,0.0,0.0,0.0,0.0,0.0,0.0,0.0,22.0,0.0,0.0,0.0,0.0,38.0,166.48,0.0,0.0,0.0,0.0,1.0,0.0,2.0,2.0,0.0,0.0,1.0,True,Churned
4387,9,103,16942.87,43,160,0.29,0.71,4020.0,90.0,0.0,11285.0,0.0,0.0,352.0,0.0,0.0,0.0,0.0,50.0,0.0,0.0,713.0,56.0,377.0,0.0,0.0,16410.26,369.06,0.0,0.0,0.0,163.55,55.0,3.0,0.0,0.0,1.0,0.0,3.0,True,Churned
4389,1,6,103.0,4,163,1.0,0.0,0.0,2.0,0.0,0.0,0.0,0.0,101.0,0.0,0.0,0.0,0.0,0.0,0.0,0.0,0.0,0.0,0.0,0.0,0.0,103.0,0.0,0.0,0.0,0.0,0.0,6.0,0.0,0.0,0.0,0.0,0.0,0.0,True,Churned
4391,1,8,109.8,6,210,1.0,0.0,0.0,0.0,0.0,0.0,0.0,0.0,17.0,45.0,0.0,0.0,0.0,38.0,0.0,0.0,10.0,0.0,0.0,0.0,0.0,109.8,0.0,0.0,0.0,0.0,0.0,8.0,0.0,0.0,0.0,0.0,0.0,0.0,True,Churned
4392,1,1,6.75,1,1,0.0,1.0,0.0,0.0,0.0,0.0,0.0,0.0,0.0,0.0,0.0,0.0,0.0,0.0,0.0,0.0,7.0,0.0,0.0,0.0,0.0,6.75,0.0,0.0,0.0,0.0,0.0,1.0,0.0,0.0,0.0,0.0,0.0,0.0,True,Churned
4393,2,21,240.36,9,63,1.0,0.0,0.0,0.0,0.0,0.0,0.0,0.0,201.0,0.0,0.0,0.0,0.0,0.0,0.0,0.0,36.0,0.0,4.0,0.0,0.0,109.8,0.0,0.0,0.0,0.0,0.0,18.0,0.0,0.0,0.0,0.0,0.0,0.0,True,Churned
4395,1,17,608.8,12,85,1.0,0.0,0.0,0.0,0.0,0.0,0.0,0.0,124.0,0.0,0.0,0.0,20.0,203.0,0.0,0.0,251.0,0.0,12.0,0.0,0.0,608.8,0.0,0.0,0.0,0.0,0.0,17.0,0.0,0.0,0.0,0.0,0.0,0.0,True,Churned
4399,3,18,189.53,16,122,0.8,0.2,0.0,10.0,0.0,0.0,0.0,0.0,53.0,0.0,0.0,0.0,0.0,35.0,0.0,0.0,33.0,0.0,58.0,0.0,0.0,152.2,37.33,0.0,0.0,0.0,0.0,14.0,0.0,0.0,0.0,0.0,0.0,1.0,True,Churned
4400,3,30,216.36,26,443,0.78,0.22,0.0,0.0,0.0,53.0,0.0,0.0,22.0,0.0,8.0,0.0,0.0,4.0,0.0,0.0,130.0,0.0,0.0,0.0,0.0,51.8,164.56,0.0,0.0,0.0,0.0,3.0,0.0,0.0,0.0,0.0,20.0,0.0,True,Churned
4402,1,69,4335.8,33,210,1.0,0.0,2122.0,16.0,0.0,29.0,0.0,0.0,672.0,164.0,0.0,0.0,38.0,115.0,0.0,0.0,811.0,0.0,369.0,0.0,0.0,232.29,4103.51,0.0,0.0,0.0,0.0,0.0,0.0,69.0,0.0,0.0,0.0,0.0,True,Churned
4405,2,13,570.36,9,361,1.0,0.0,0.0,0.0,0.0,117.0,0.0,0.0,10.0,0.0,0.0,0.0,0.0,402.0,0.0,0.0,38.0,0.0,3.0,0.0,0.0,0.0,570.36,0.0,0.0,0.0,0.0,0.0,11.0,0.0,0.0,0.0,0.0,0.0,True,Churned
4407,1,8,190.95,7,8,1.0,0.0,0.0,0.0,0.0,0.0,0.0,0.0,25.0,0.0,0.0,0.0,0.0,138.0,0.0,0.0,28.0,0.0,0.0,0.0,0.0,190.95,0.0,0.0,0.0,0.0,0.0,8.0,0.0,0.0,0.0,0.0,0.0,0.0,True,Churned
4408,4,13,67.38,6,9,0.54,0.46,0.0,13.0,0.0,0.0,0.0,3.0,28.0,0.0,0.0,0.0,0.0,0.0,0.0,15.0,0.0,0.0,8.0,0.0,0.0,49.7,17.68,0.0,0.0,0.0,0.0,5.0,0.0,0.0,4.0,0.0,0.0,3.0,True,Churned
4409,2,9,96.63,9,21,1.0,0.0,0.0,0.0,0.0,0.0,0.0,0.0,65.0,3.0,0.0,0.0,0.0,28.0,0.0,0.0,0.0,0.0,0.0,0.0,0.0,0.0,1.49,0.0,0.0,0.0,0.0,0.0,0.0,0.0,0.0,0.0,1.0,0.0,True,Churned
4425,3,8,115.17,4,180,0.17,0.83,0.0,0.0,0.0,72.0,0.0,0.0,20.0,0.0,0.0,0.0,0.0,0.0,0.0,0.0,24.0,0.0,0.0,0.0,0.0,99.53,15.64,0.0,0.0,0.0,0.0,6.0,0.0,0.0,0.0,0.0,0.0,0.0,True,Churned
4427,1,10,402.0,7,358,1.0,0.0,40.0,0.0,0.0,0.0,0.0,0.0,11.0,0.0,0.0,0.0,0.0,0.0,0.0,0.0,349.0,0.0,2.0,0.0,0.0,402.0,0.0,0.0,0.0,0.0,0.0,10.0,0.0,0.0,0.0,0.0,0.0,0.0,True,Churned
4438,1,6,78.4,6,113,0.96,0.04,0.0,0.0,0.0,0.0,0.0,0.0,39.0,9.0,0.0,0.0,0.0,14.0,0.0,0.0,16.0,0.0,0.0,0.0,0.0,78.4,0.0,0.0,0.0,0.0,0.0,6.0,0.0,0.0,0.0,0.0,0.0,0.0,True,Churned
4440,11,960,41816.14,325,593,0.74,0.26,410.0,1623.0,0.0,525.0,0.0,315.0,11523.0,1853.0,4712.0,0.0,8.0,6129.0,0.0,0.0,8037.0,393.0,6288.0,0.0,0.0,38986.35,2728.09,0.0,0.0,0.0,101.7,747.0,26.0,0.0,8.0,65.0,56.0,0.0,True,Churned
4442,2,3,160.65,2,60,0.38,0.62,100.0,0.0,0.0,0.0,0.0,0.0,61.0,0.0,0.0,0.0,0.0,0.0,0.0,0.0,0.0,0.0,0.0,0.0,0.0,160.65,0.0,0.0,0.0,0.0,0.0,2.0,0.0,0.0,0.0,0.0,0.0,0.0,True,Churned
4443,6,18,547.29,11,159,0.25,0.75,0.0,39.0,0.0,0.0,0.0,0.0,120.0,0.0,0.0,0.0,0.0,0.0,0.0,0.0,386.0,0.0,2.0,0.0,0.0,471.64,75.65,0.0,0.0,0.0,0.0,9.0,1.0,0.0,1.0,5.0,0.0,0.0,True,Churned
4444,10,116,1747.72,25,278,0.07,0.93,20.0,597.0,0.0,303.0,0.0,24.0,508.0,0.0,0.0,0.0,0.0,195.0,0.0,0.0,101.0,0.0,0.0,0.0,0.0,1592.13,28.46,0.0,0.0,0.0,32.51,22.0,1.0,3.0,13.0,13.0,0.0,27.0,True,Churned
4447,2,11,90.85,7,196,0.83,0.17,0.0,16.0,0.0,0.0,0.0,0.0,21.0,0.0,0.0,0.0,0.0,38.0,0.0,0.0,0.0,0.0,16.0,0.0,0.0,90.85,0.0,0.0,0.0,0.0,0.0,7.0,0.0,0.0,0.0,4.0,0.0,0.0,True,Churned
4451,1,1,20.0,1,1,0.0,1.0,0.0,0.0,0.0,20.0,0.0,0.0,0.0,0.0,0.0,0.0,0.0,0.0,0.0,0.0,0.0,0.0,0.0,0.0,0.0,20.0,0.0,0.0,0.0,0.0,0.0,1.0,0.0,0.0,0.0,0.0,0.0,0.0,True,Churned
4452,3,15,17088.6,4,38,0.0,1.0,13225.0,3863.0,0.0,0.0,0.0,0.0,1.0,0.0,0.0,0.0,0.0,0.0,0.0,0.0,0.0,0.0,0.0,0.0,0.0,80.0,0.0,0.0,0.0,0.0,0.0,2.0,0.0,0.0,0.0,0.0,0.0,0.0,True,Churned
4453,1,1,14.1,1,1,1.0,0.0,0.0,0.0,0.0,0.0,0.0,0.0,0.0,0.0,0.0,0.0,0.0,14.0,0.0,0.0,0.0,0.0,0.0,0.0,0.0,14.1,0.0,0.0,0.0,0.0,0.0,1.0,0.0,0.0,0.0,0.0,0.0,0.0,True,Churned
4458,1,11,131.7,9,578,0.98,0.02,0.0,13.0,0.0,0.0,0.0,0.0,16.0,45.0,0.0,0.0,0.0,11.0,0.0,0.0,21.0,0.0,26.0,0.0,0.0,131.7,0.0,0.0,0.0,0.0,0.0,11.0,0.0,0.0,0.0,0.0,0.0,0.0,True,Churned
4461,5,83,5316.16,44,253,0.7,0.3,500.0,67.0,0.0,0.0,0.0,0.0,761.0,10.0,483.0,0.0,0.0,151.0,0.0,0.0,2897.0,104.0,343.0,0.0,0.0,4041.91,1274.25,0.0,0.0,0.0,0.0,72.0,6.0,0.0,2.0,2.0,0.0,0.0,True,Churned
4465,4,60,3909.64,42,106,0.67,0.33,0.0,0.0,0.0,143.0,0.0,0.0,694.0,7.0,926.0,0.0,0.0,1573.0,0.0,0.0,136.0,3.0,429.0,0.0,0.0,2231.97,1675.39,0.0,0.0,0.0,0.0,33.0,24.0,0.0,0.0,2.0,0.0,0.0,True,Churned
4466,1,13,136.9,1,287,0.0,1.0,0.0,137.0,0.0,0.0,0.0,0.0,0.0,0.0,0.0,0.0,0.0,0.0,0.0,0.0,0.0,0.0,0.0,0.0,0.0,136.9,0.0,0.0,0.0,0.0,0.0,0.0,0.0,0.0,0.0,13.0,0.0,0.0,True,Churned
4467,2,7,92.42,4,495,0.89,0.11,0.0,0.0,0.0,0.0,0.0,10.0,28.0,0.0,0.0,0.0,0.0,0.0,0.0,0.0,55.0,0.0,0.0,0.0,0.0,92.42,0.0,0.0,0.0,0.0,0.0,6.0,0.0,0.0,1.0,0.0,0.0,0.0,True,Churned
4469,1,7,129.1,5,35,0.75,0.25,0.0,0.0,0.0,0.0,0.0,0.0,75.0,0.0,0.0,0.0,0.0,0.0,0.0,0.0,32.0,0.0,22.0,0.0,0.0,129.1,0.0,0.0,0.0,0.0,0.0,7.0,0.0,0.0,0.0,0.0,0.0,0.0,True,Churned
4472,3,84,1496.68,61,453,0.86,0.14,0.0,0.0,0.0,148.0,0.0,110.0,157.0,5.0,321.0,0.0,0.0,221.0,0.0,0.0,492.0,2.0,41.0,0.0,0.0,31.45,17.33,0.0,0.0,0.0,0.0,2.0,0.0,1.0,0.0,0.0,0.0,0.0,True,Churned
4473,4,13,938.79,10,322,0.04,0.96,450.0,77.0,0.0,0.0,0.0,0.0,2.0,0.0,0.0,0.0,0.0,40.0,0.0,364.0,0.0,0.0,5.0,0.0,0.0,466.39,22.04,0.0,0.0,0.0,450.36,6.0,0.0,0.0,1.0,3.0,0.0,0.0,True,Churned
4479,1,1,100.0,1,1,1.0,0.0,100.0,0.0,0.0,0.0,0.0,0.0,0.0,0.0,0.0,0.0,0.0,0.0,0.0,0.0,0.0,0.0,0.0,0.0,0.0,100.0,0.0,0.0,0.0,0.0,0.0,1.0,0.0,0.0,0.0,0.0,0.0,0.0,True,Churned
4480,1,1,1.0,1,1,1.0,0.0,0.0,0.0,0.0,0.0,0.0,0.0,0.0,0.0,0.0,0.0,0.0,0.0,0.0,0.0,0.0,0.0,1.0,0.0,0.0,1.0,0.0,0.0,0.0,0.0,0.0,1.0,0.0,0.0,0.0,0.0,0.0,0.0,True,Churned
4482,1,3,23.25,2,10,0.0,1.0,0.0,0.0,0.0,23.0,0.0,0.0,0.0,0.0,0.0,0.0,0.0,0.0,0.0,0.0,0.0,0.0,0.0,0.0,0.0,23.25,0.0,0.0,0.0,0.0,0.0,0.0,0.0,0.0,3.0,0.0,0.0,0.0,True,Churned
4483,2,23,828.28,21,192,1.0,0.0,0.0,0.0,0.0,0.0,0.0,0.0,213.0,28.0,83.0,0.0,0.0,199.0,0.0,0.0,278.0,0.0,26.0,0.0,0.0,160.7,667.58,0.0,0.0,0.0,0.0,2.0,0.0,0.0,0.0,0.0,21.0,0.0,True,Churned
4487,1,1,13.2,1,1,1.0,0.0,0.0,0.0,0.0,0.0,0.0,0.0,0.0,0.0,0.0,0.0,0.0,13.0,0.0,0.0,0.0,0.0,0.0,0.0,0.0,13.2,0.0,0.0,0.0,0.0,0.0,1.0,0.0,0.0,0.0,0.0,0.0,0.0,True,Churned
4488,4,24,261.29,15,96,0.83,0.17,0.0,0.0,0.0,0.0,0.0,0.0,89.0,0.0,0.0,0.0,0.0,56.0,0.0,0.0,109.0,0.0,8.0,0.0,0.0,125.75,135.54,0.0,0.0,0.0,0.0,18.0,1.0,0.0,0.0,0.0,2.0,0.0,True,Churned
4491,3,5,27.66,3,208,0.0,1.0,0.0,10.0,0.0,6.0,0.0,0.0,0.0,0.0,0.0,0.0,0.0,0.0,0.0,0.0,0.0,0.0,12.0,0.0,0.0,9.9,17.76,0.0,0.0,0.0,0.0,1.0,3.0,0.0,0.0,0.0,0.0,0.0,True,Churned
4493,2,5,228.25,4,7,0.78,0.22,0.0,0.0,0.0,0.0,0.0,0.0,7.0,0.0,0.0,0.0,0.0,34.0,0.0,0.0,0.0,171.0,17.0,0.0,0.0,228.25,0.0,0.0,0.0,0.0,0.0,4.0,0.0,0.0,0.0,0.0,0.0,0.0,True,Churned
4494,1,5,54.7,3,2,1.0,0.0,0.0,0.0,0.0,0.0,0.0,0.0,4.0,0.0,0.0,0.0,0.0,51.0,0.0,0.0,0.0,0.0,0.0,0.0,0.0,54.7,0.0,0.0,0.0,0.0,0.0,5.0,0.0,0.0,0.0,0.0,0.0,0.0,True,Churned
4495,2,4,29.84,3,64,1.0,0.0,0.0,0.0,0.0,0.0,0.0,0.0,6.0,0.0,0.0,0.0,0.0,0.0,0.0,0.0,0.0,0.0,24.0,0.0,0.0,25.35,4.49,0.0,0.0,0.0,0.0,2.0,0.0,0.0,0.0,0.0,2.0,0.0,True,Churned
4498,2,50,863.72,6,407,0.0,1.0,0.0,5.0,0.0,859.0,0.0,0.0,0.0,0.0,0.0,0.0,0.0,0.0,0.0,0.0,0.0,0.0,0.0,0.0,0.0,840.0,23.72,0.0,0.0,0.0,0.0,49.0,0.0,0.0,0.0,0.0,0.0,0.0,True,Churned
4499,2,8,142.67,8,72,0.89,0.11,0.0,0.0,0.0,0.0,0.0,0.0,110.0,0.0,0.0,0.0,0.0,10.0,0.0,0.0,23.0,0.0,0.0,0.0,0.0,132.9,9.77,0.0,0.0,0.0,0.0,7.0,1.0,0.0,0.0,0.0,0.0,0.0,True,Churned
4501,1,1,11.4,1,1,1.0,0.0,0.0,0.0,0.0,0.0,0.0,0.0,11.0,0.0,0.0,0.0,0.0,0.0,0.0,0.0,0.0,0.0,0.0,0.0,0.0,11.4,0.0,0.0,0.0,0.0,0.0,1.0,0.0,0.0,0.0,0.0,0.0,0.0,True,Churned
4504,1,2,551.85,2,9,0.72,0.28,400.0,0.0,0.0,0.0,0.0,0.0,0.0,0.0,0.0,0.0,0.0,0.0,0.0,0.0,152.0,0.0,0.0,0.0,0.0,551.85,0.0,0.0,0.0,0.0,0.0,2.0,0.0,0.0,0.0,0.0,0.0,0.0,True,Churned
4505,1,5,99.65,4,10,1.0,0.0,0.0,0.0,0.0,0.0,0.0,0.0,80.0,0.0,0.0,0.0,0.0,20.0,0.0,0.0,0.0,0.0,0.0,0.0,0.0,99.65,0.0,0.0,0.0,0.0,0.0,5.0,0.0,0.0,0.0,0.0,0.0,0.0,True,Churned
4506,3,4,22.96,3,147,0.58,0.42,0.0,10.0,0.0,0.0,0.0,0.0,2.0,0.0,0.0,0.0,0.0,0.0,0.0,0.0,11.0,0.0,0.0,0.0,0.0,0.0,2.09,0.0,0.0,0.0,9.58,2.0,0.0,1.0,0.0,0.0,0.0,0.0,True,Churned
4509,1,20,270.2,16,682,1.0,0.0,0.0,0.0,0.0,0.0,0.0,0.0,253.0,0.0,11.0,0.0,0.0,6.0,0.0,0.0,0.0,0.0,0.0,0.0,0.0,270.2,0.0,0.0,0.0,0.0,0.0,20.0,0.0,0.0,0.0,0.0,0.0,0.0,True,Churned
4511,1,2,79.0,2,4,1.0,0.0,0.0,0.0,0.0,0.0,0.0,0.0,68.0,0.0,0.0,0.0,0.0,11.0,0.0,0.0,0.0,0.0,0.0,0.0,0.0,79.0,0.0,0.0,0.0,0.0,0.0,2.0,0.0,0.0,0.0,0.0,0.0,0.0,True,Churned
4515,1,2,32.45,2,116,1.0,0.0,0.0,0.0,0.0,0.0,0.0,16.0,0.0,0.0,0.0,0.0,0.0,16.0,0.0,0.0,0.0,0.0,0.0,0.0,0.0,32.45,0.0,0.0,0.0,0.0,0.0,2.0,0.0,0.0,0.0,0.0,0.0,0.0,True,Churned
4516,2,3,31.0,2,1,0.0,1.0,0.0,0.0,0.0,31.0,0.0,0.0,0.0,0.0,0.0,0.0,0.0,0.0,0.0,0.0,0.0,0.0,0.0,0.0,0.0,31.0,0.0,0.0,0.0,0.0,0.0,2.0,0.0,0.0,0.0,0.0,0.0,0.0,True,Churned
4519,1,6,30.65,6,92,1.0,0.0,0.0,0.0,0.0,0.0,0.0,0.0,5.0,0.0,0.0,0.0,0.0,13.0,0.0,0.0,0.0,0.0,13.0,0.0,0.0,30.65,0.0,0.0,0.0,0.0,0.0,6.0,0.0,0.0,0.0,0.0,0.0,0.0,True,Churned
4521,1,8,155.56,7,162,1.0,0.0,0.0,0.0,0.0,0.0,0.0,0.0,94.0,20.0,0.0,0.0,0.0,0.0,0.0,0.0,0.0,0.0,42.0,0.0,0.0,155.56,0.0,0.0,0.0,0.0,0.0,8.0,0.0,0.0,0.0,0.0,0.0,0.0,True,Churned
4523,1,5,119.75,5,20,1.0,0.0,0.0,0.0,0.0,0.0,0.0,0.0,105.0,0.0,0.0,0.0,0.0,15.0,0.0,0.0,0.0,0.0,0.0,0.0,0.0,119.75,0.0,0.0,0.0,0.0,0.0,5.0,0.0,0.0,0.0,0.0,0.0,0.0,True,Churned
4525,1,4,85.7,3,23,1.0,0.0,0.0,0.0,0.0,0.0,0.0,0.0,32.0,54.0,0.0,0.0,0.0,0.0,0.0,0.0,0.0,0.0,0.0,0.0,0.0,85.7,0.0,0.0,0.0,0.0,0.0,4.0,0.0,0.0,0.0,0.0,0.0,0.0,True,Churned
4526,1,1,13.34,1,1,0.0,1.0,0.0,0.0,0.0,0.0,0.0,13.0,0.0,0.0,0.0,0.0,0.0,0.0,0.0,0.0,0.0,0.0,0.0,0.0,0.0,0.0,0.0,0.0,0.0,0.0,13.34,0.0,0.0,0.0,0.0,0.0,0.0,1.0,True,Churned
4527,2,4,58.02,4,295,0.93,0.07,0.0,4.0,0.0,0.0,0.0,0.0,33.0,0.0,0.0,0.0,0.0,21.0,0.0,0.0,0.0,0.0,0.0,0.0,0.0,54.05,0.0,0.0,0.0,0.0,3.97,3.0,0.0,0.0,0.0,0.0,0.0,0.0,True,Churned
4528,1,1,14.0,1,1,0.0,1.0,0.0,0.0,0.0,14.0,0.0,0.0,0.0,0.0,0.0,0.0,0.0,0.0,0.0,0.0,0.0,0.0,0.0,0.0,0.0,14.0,0.0,0.0,0.0,0.0,0.0,1.0,0.0,0.0,0.0,0.0,0.0,0.0,True,Churned
4530,1,2,50.0,2,454,0.0,1.0,0.0,0.0,0.0,50.0,0.0,0.0,0.0,0.0,0.0,0.0,0.0,0.0,0.0,0.0,0.0,0.0,0.0,0.0,0.0,50.0,0.0,0.0,0.0,0.0,0.0,2.0,0.0,0.0,0.0,0.0,0.0,0.0,True,Churned
4532,1,10,121.4,4,28,0.39,0.61,0.0,0.0,0.0,0.0,0.0,0.0,48.0,0.0,0.0,0.0,0.0,0.0,0.0,0.0,74.0,0.0,0.0,0.0,0.0,121.4,0.0,0.0,0.0,0.0,0.0,10.0,0.0,0.0,0.0,0.0,0.0,0.0,True,Churned
4533,1,2,65.0,2,7,1.0,0.0,0.0,0.0,0.0,0.0,0.0,0.0,0.0,0.0,0.0,0.0,0.0,65.0,0.0,0.0,0.0,0.0,0.0,0.0,0.0,65.0,0.0,0.0,0.0,0.0,0.0,2.0,0.0,0.0,0.0,0.0,0.0,0.0,True,Churned
4535,1,1,31.0,1,1,0.0,1.0,31.0,0.0,0.0,0.0,0.0,0.0,0.0,0.0,0.0,0.0,0.0,0.0,0.0,0.0,0.0,0.0,0.0,0.0,0.0,31.0,0.0,0.0,0.0,0.0,0.0,0.0,0.0,0.0,1.0,0.0,0.0,0.0,True,Churned
4536,1,1,29.5,1,1,0.0,1.0,30.0,0.0,0.0,0.0,0.0,0.0,0.0,0.0,0.0,0.0,0.0,0.0,0.0,0.0,0.0,0.0,0.0,0.0,0.0,29.5,0.0,0.0,0.0,0.0,0.0,0.0,0.0,0.0,1.0,0.0,0.0,0.0,True,Churned
4538,1,1,5.0,1,1,0.0,1.0,0.0,5.0,0.0,0.0,0.0,0.0,0.0,0.0,0.0,0.0,0.0,0.0,0.0,0.0,0.0,0.0,0.0,0.0,0.0,5.0,0.0,0.0,0.0,0.0,0.0,0.0,0.0,0.0,1.0,0.0,0.0,0.0,True,Churned
4540,1,1,800.0,1,1,1.0,0.0,800.0,0.0,0.0,0.0,0.0,0.0,0.0,0.0,0.0,0.0,0.0,0.0,0.0,0.0,0.0,0.0,0.0,0.0,0.0,800.0,0.0,0.0,0.0,0.0,0.0,1.0,0.0,0.0,0.0,0.0,0.0,0.0,True,Churned
4541,1,1,7.0,1,1,0.0,1.0,0.0,0.0,0.0,0.0,0.0,0.0,0.0,0.0,7.0,0.0,0.0,0.0,0.0,0.0,0.0,0.0,0.0,0.0,0.0,7.0,0.0,0.0,0.0,0.0,0.0,1.0,0.0,0.0,0.0,0.0,0.0,0.0,True,Churned
4544,1,4,537.3,3,71,0.84,0.16,450.0,0.0,0.0,87.0,0.0,0.0,0.0,0.0,0.0,0.0,0.0,0.0,0.0,0.0,0.0,0.0,0.0,0.0,0.0,537.3,0.0,0.0,0.0,0.0,0.0,4.0,0.0,0.0,0.0,0.0,0.0,0.0,True,Churned
4545,1,1,7.4,1,1,1.0,0.0,0.0,0.0,0.0,0.0,0.0,0.0,7.0,0.0,0.0,0.0,0.0,0.0,0.0,0.0,0.0,0.0,0.0,0.0,0.0,7.4,0.0,0.0,0.0,0.0,0.0,1.0,0.0,0.0,0.0,0.0,0.0,0.0,True,Churned
4546,2,3,131.55,2,25,0.0,1.0,0.0,21.0,0.0,0.0,0.0,0.0,0.0,0.0,0.0,0.0,0.0,111.0,0.0,0.0,0.0,0.0,0.0,0.0,0.0,131.55,0.0,0.0,0.0,0.0,0.0,2.0,0.0,0.0,0.0,0.0,0.0,0.0,True,Churned
4547,1,1,31.0,1,1,0.0,1.0,31.0,0.0,0.0,0.0,0.0,0.0,0.0,0.0,0.0,0.0,0.0,0.0,0.0,0.0,0.0,0.0,0.0,0.0,0.0,31.0,0.0,0.0,0.0,0.0,0.0,0.0,0.0,0.0,1.0,0.0,0.0,0.0,True,Churned
4550,2,2,117.0,2,2,0.0,1.0,0.0,0.0,0.0,0.0,0.0,0.0,0.0,0.0,0.0,0.0,0.0,0.0,0.0,0.0,117.0,0.0,0.0,0.0,0.0,117.0,0.0,0.0,0.0,0.0,0.0,1.0,1.0,0.0,0.0,0.0,0.0,0.0,True,Churned
4551,1,1,25.6,1,1,0.0,1.0,0.0,0.0,0.0,0.0,0.0,0.0,0.0,0.0,0.0,0.0,0.0,0.0,0.0,0.0,26.0,0.0,0.0,0.0,0.0,25.6,0.0,0.0,0.0,0.0,0.0,1.0,0.0,0.0,0.0,0.0,0.0,0.0,True,Churned
4576,4,39,972.96,15,319,0.42,0.58,0.0,105.0,0.0,59.0,0.0,340.0,72.0,60.0,0.0,0.0,0.0,281.0,0.0,0.0,56.0,0.0,0.0,0.0,0.0,749.97,222.99,0.0,0.0,0.0,0.0,22.0,7.0,0.0,0.0,0.0,0.0,9.0,True,Churned
4580,7,164,4171.61,80,382,0.57,0.43,379.0,76.0,0.0,48.0,0.0,321.0,123.0,52.0,390.0,0.0,0.0,766.0,0.0,0.0,1374.0,48.0,595.0,0.0,0.0,1026.64,265.18,0.0,0.0,0.0,2879.79,6.0,0.0,0.0,1.0,2.0,0.0,139.0,True,Churned
4583,5,29,765.4,24,418,0.98,0.02,0.0,0.0,0.0,3.0,0.0,0.0,320.0,0.0,11.0,0.0,0.0,301.0,0.0,0.0,38.0,0.0,91.0,0.0,0.0,65.05,700.35,0.0,0.0,0.0,0.0,3.0,3.0,8.0,0.0,0.0,0.0,0.0,True,Churned
4584,3,85,3079.79,61,426,1.0,0.0,0.0,0.0,0.0,26.0,0.0,0.0,1079.0,59.0,125.0,0.0,50.0,558.0,0.0,0.0,610.0,0.0,572.0,0.0,0.0,2935.78,45.88,98.13,0.0,0.0,0.0,76.0,0.0,2.0,7.0,0.0,0.0,0.0,True,Churned
4585,7,49,3492.58,27,363,0.54,0.46,0.0,79.0,0.0,91.0,0.0,20.0,4.0,0.0,2733.0,0.0,10.0,64.0,0.0,0.0,441.0,49.0,3.0,0.0,0.0,1586.58,1762.96,0.0,0.0,0.0,78.2,18.0,0.0,0.0,4.0,6.0,0.0,2.0,True,Churned
4602,3,259,11770.77,44,176,0.64,0.36,800.0,0.0,0.0,8052.0,0.0,0.0,135.0,0.0,0.0,0.0,0.0,2386.0,0.0,0.0,25.0,0.0,372.0,0.0,0.0,11696.65,74.12,0.0,0.0,0.0,0.0,231.0,0.0,0.0,24.0,0.0,4.0,0.0,True,Churned
4609,13,1055,14057.5,241,472,0.72,0.28,50.0,228.0,0.0,214.0,0.0,1181.0,6478.0,187.0,697.0,0.0,0.0,660.0,0.0,0.0,2521.0,67.0,1774.0,0.0,0.0,12498.69,1511.8,0.0,0.0,0.0,47.01,964.0,32.0,5.0,15.0,9.0,0.0,2.0,True,Churned
4611,3,17,298.94,3,61,0.0,1.0,0.0,133.0,0.0,166.0,0.0,0.0,0.0,0.0,0.0,0.0,0.0,0.0,0.0,0.0,0.0,0.0,0.0,0.0,0.0,298.94,0.0,0.0,0.0,0.0,0.0,0.0,1.0,0.0,0.0,14.0,0.0,0.0,True,Churned
4612,4,4,200.31,4,68,0.0,1.0,0.0,1.0,0.0,0.0,0.0,0.0,0.0,0.0,161.0,0.0,0.0,0.0,0.0,0.0,0.0,0.0,38.0,0.0,0.0,199.22,1.09,0.0,0.0,0.0,0.0,1.0,0.0,0.0,1.0,1.0,1.0,0.0,True,Churned
4613,4,140,8987.28,41,279,0.28,0.72,0.0,26.0,0.0,12.0,0.0,0.0,1703.0,52.0,130.0,0.0,0.0,384.0,0.0,5919.0,670.0,20.0,71.0,0.0,0.0,2924.96,142.97,0.0,0.0,0.0,5919.35,137.0,1.0,0.0,0.0,0.0,0.0,0.0,True,Churned
4615,15,118,18102.76,77,704,0.19,0.81,11563.0,205.0,0.0,133.0,0.0,99.0,756.0,263.0,516.0,0.0,0.0,1036.0,0.0,1079.0,2037.0,0.0,416.0,0.0,0.0,2736.2,13496.09,0.0,0.0,0.0,1870.47,12.0,13.0,17.0,4.0,1.0,22.0,1.0,True,Churned
4616,1,8,171.5,7,31,1.0,0.0,0.0,0.0,0.0,0.0,0.0,0.0,88.0,9.0,0.0,0.0,0.0,18.0,0.0,0.0,56.0,0.0,1.0,0.0,0.0,171.5,0.0,0.0,0.0,0.0,0.0,8.0,0.0,0.0,0.0,0.0,0.0,0.0,True,Churned
4617,4,10,500.9,6,359,0.12,0.88,300.0,0.0,0.0,0.0,0.0,0.0,79.0,0.0,0.0,0.0,0.0,0.0,0.0,0.0,104.0,0.0,18.0,0.0,0.0,496.9,4.0,0.0,0.0,0.0,0.0,7.0,1.0,0.0,1.0,0.0,0.0,0.0,True,Churned
4618,3,12,621.38,5,98,0.02,0.98,0.0,0.0,0.0,0.0,0.0,0.0,8.0,0.0,0.0,0.0,0.0,0.0,0.0,281.0,329.0,0.0,4.0,0.0,0.0,322.62,298.76,0.0,0.0,0.0,0.0,8.0,0.0,0.0,2.0,0.0,2.0,0.0,True,Churned
4619,2,9,102.0,5,63,0.85,0.15,0.0,0.0,0.0,0.0,0.0,0.0,69.0,0.0,0.0,0.0,0.0,33.0,0.0,0.0,0.0,0.0,0.0,0.0,0.0,102.0,0.0,0.0,0.0,0.0,0.0,8.0,0.0,0.0,0.0,0.0,0.0,0.0,True,Churned
4620,4,19,602.61,9,94,0.0,1.0,187.0,0.0,0.0,51.0,0.0,0.0,3.0,0.0,0.0,0.0,0.0,89.0,0.0,0.0,250.0,0.0,24.0,0.0,0.0,600.14,2.47,0.0,0.0,0.0,0.0,14.0,1.0,1.0,0.0,0.0,0.0,0.0,True,Churned
4627,2,46,44.72,20,499,0.77,0.23,0.0,0.0,0.0,0.0,0.0,0.0,17.0,0.0,0.0,0.0,0.0,17.0,0.0,0.0,0.0,0.0,10.0,0.0,0.0,34.8,9.92,0.0,0.0,0.0,0.0,3.0,0.0,0.0,0.0,0.0,0.0,0.0,True,Churned
4628,1,6,148.0,4,32,1.0,0.0,0.0,0.0,0.0,0.0,0.0,0.0,42.0,0.0,0.0,0.0,0.0,71.0,0.0,0.0,35.0,0.0,0.0,0.0,0.0,148.0,0.0,0.0,0.0,0.0,0.0,6.0,0.0,0.0,0.0,0.0,0.0,0.0,True,Churned
4630,2,14,118.3,8,61,0.46,0.54,0.0,64.0,0.0,0.0,0.0,0.0,22.0,0.0,0.0,0.0,0.0,22.0,0.0,0.0,0.0,0.0,11.0,0.0,0.0,118.3,0.0,0.0,0.0,0.0,0.0,8.0,0.0,0.0,0.0,6.0,0.0,0.0,True,Churned
4633,9,95,2109.83,58,904,0.82,0.18,105.0,127.0,0.0,173.0,0.0,0.0,471.0,26.0,0.0,0.0,0.0,724.0,0.0,0.0,481.0,0.0,3.0,0.0,0.0,1223.14,784.61,102.08,0.0,0.0,0.0,55.0,4.0,5.0,10.0,1.0,1.0,2.0,True,Churned
4634,1,1,7.0,1,1,0.0,1.0,0.0,0.0,0.0,0.0,0.0,7.0,0.0,0.0,0.0,0.0,0.0,0.0,0.0,0.0,0.0,0.0,0.0,0.0,0.0,7.0,0.0,0.0,0.0,0.0,0.0,0.0,0.0,0.0,1.0,0.0,0.0,0.0,True,Churned
4635,1,3,78.4,3,36,1.0,0.0,0.0,0.0,0.0,0.0,0.0,0.0,40.0,0.0,0.0,0.0,0.0,38.0,0.0,0.0,0.0,0.0,0.0,0.0,0.0,78.4,0.0,0.0,0.0,0.0,0.0,3.0,0.0,0.0,0.0,0.0,0.0,0.0,True,Churned
4636,1,5,46.55,4,10,1.0,0.0,0.0,0.0,0.0,0.0,0.0,0.0,14.0,0.0,0.0,0.0,0.0,26.0,0.0,0.0,0.0,0.0,6.0,0.0,0.0,46.55,0.0,0.0,0.0,0.0,0.0,5.0,0.0,0.0,0.0,0.0,0.0,0.0,True,Churned
4638,3,17,132.09,13,80,0.97,0.03,0.0,2.0,0.0,0.0,0.0,0.0,55.0,0.0,0.0,0.0,0.0,16.0,0.0,0.0,36.0,0.0,23.0,0.0,0.0,23.7,108.39,0.0,0.0,0.0,0.0,10.0,0.0,6.0,0.0,0.0,0.0,0.0,True,Churned
4639,7,98,3556.25,60,547,0.89,0.11,0.0,29.0,0.0,36.0,0.0,0.0,389.0,505.0,430.0,0.0,0.0,850.0,0.0,0.0,1115.0,135.0,68.0,0.0,0.0,893.64,1927.55,735.06,0.0,0.0,0.0,15.0,8.0,0.0,27.0,1.0,0.0,23.0,True,Churned
4663,2,3,21.9,3,158,0.52,0.48,0.0,13.0,0.0,0.0,0.0,0.0,9.0,0.0,0.0,0.0,0.0,0.0,0.0,0.0,0.0,0.0,0.0,0.0,0.0,21.9,0.0,0.0,0.0,0.0,0.0,2.0,0.0,0.0,0.0,1.0,0.0,0.0,True,Churned
4667,4,895,19433.24,53,916,0.93,0.07,0.0,931.0,0.0,436.0,0.0,0.0,3862.0,50.0,132.0,0.0,0.0,13523.0,0.0,0.0,257.0,0.0,243.0,0.0,0.0,19430.55,2.69,0.0,0.0,0.0,0.0,812.0,1.0,0.0,0.0,80.0,0.0,0.0,True,Churned
4668,13,217,11931.16,73,576,0.03,0.97,3730.0,1038.0,0.0,3000.0,0.0,2301.0,363.0,256.0,0.0,0.0,0.0,58.0,0.0,0.0,1054.0,0.0,131.0,0.0,0.0,11504.46,225.94,0.0,0.0,0.0,200.76,74.0,11.0,0.0,16.0,32.0,0.0,35.0,True,Churned
4669,10,439,16314.73,126,668,0.14,0.86,4496.0,719.0,0.0,2297.0,0.0,342.0,945.0,87.0,318.0,0.0,0.0,493.0,0.0,396.0,4766.0,0.0,1457.0,0.0,0.0,9501.11,3062.32,0.0,0.0,0.0,3751.3,221.0,14.0,0.0,15.0,8.0,0.0,5.0,True,Churned
4672,3,60,6291.03,12,479,0.03,0.97,6223.0,0.0,0.0,0.0,0.0,0.0,23.0,0.0,0.0,0.0,0.0,26.0,0.0,0.0,0.0,0.0,19.0,0.0,0.0,6285.33,5.7,0.0,0.0,0.0,0.0,10.0,1.0,0.0,49.0,0.0,0.0,0.0,True,Churned
4674,3,51,1976.06,36,328,0.88,0.12,380.0,40.0,0.0,35.0,0.0,0.0,348.0,0.0,0.0,0.0,0.0,137.0,0.0,19.0,189.0,0.0,828.0,0.0,0.0,1941.1,34.96,0.0,0.0,0.0,0.0,45.0,0.0,0.0,2.0,0.0,4.0,0.0,True,Churned
4677,19,822,28248.87,200,940,0.43,0.57,421.0,715.0,0.0,1602.0,0.0,292.0,5543.0,909.0,3519.0,0.0,63.0,2651.0,0.0,0.0,11831.0,0.0,667.0,35.0,0.0,26038.29,1260.66,78.06,0.0,0.0,706.36,639.0,13.0,12.0,45.0,35.0,0.0,6.0,True,Churned
4683,3,10,241.0,7,8,0.14,0.86,118.0,0.0,0.0,0.0,0.0,0.0,0.0,0.0,83.0,0.0,0.0,2.0,0.0,0.0,11.0,4.0,23.0,0.0,0.0,152.67,88.33,0.0,0.0,0.0,0.0,4.0,0.0,2.0,4.0,0.0,0.0,0.0,True,Churned
4685,4,13,470.06,10,216,0.61,0.39,0.0,123.0,0.0,0.0,0.0,62.0,24.0,0.0,0.0,0.0,0.0,198.0,0.0,0.0,52.0,0.0,11.0,0.0,0.0,347.45,108.17,0.0,0.0,0.0,14.44,10.0,1.0,0.0,0.0,0.0,0.0,1.0,True,Churned
4691,6,127,4400.88,56,622,0.83,0.17,0.0,6.0,0.0,0.0,0.0,0.0,2106.0,176.0,29.0,0.0,48.0,450.0,0.0,24.0,1002.0,12.0,549.0,0.0,0.0,4226.28,174.6,0.0,0.0,0.0,0.0,109.0,2.0,0.0,1.0,0.0,3.0,2.0,True,Churned
4692,10,337,26708.78,128,525,0.57,0.43,9151.0,712.0,0.0,4518.0,0.0,1550.0,2196.0,75.0,1306.0,0.0,0.0,855.0,0.0,0.0,875.0,0.0,5471.0,0.0,0.0,22603.96,3128.14,0.0,0.0,0.0,0.0,235.0,31.0,0.0,1.0,24.0,0.0,0.0,True,Churned
4694,2,310,3688.62,57,290,0.81,0.19,200.0,239.0,0.0,0.0,0.0,0.0,2658.0,31.0,68.0,0.0,0.0,19.0,0.0,0.0,422.0,0.0,51.0,0.0,0.0,3599.71,88.91,0.0,0.0,0.0,0.0,298.0,12.0,0.0,0.0,0.0,0.0,0.0,True,Churned
4696,5,139,3833.27,28,493,0.64,0.36,166.0,733.0,0.0,0.0,0.0,12.0,104.0,0.0,2116.0,0.0,0.0,93.0,0.0,0.0,30.0,40.0,540.0,0.0,0.0,3822.26,0.0,11.01,0.0,0.0,0.0,39.0,1.0,0.0,1.0,97.0,0.0,0.0,True,Churned
4702,8,595,9012.63,121,472,0.62,0.38,66.0,15.0,0.0,218.0,0.0,0.0,2013.0,13.0,288.0,0.0,0.0,2862.0,0.0,2754.0,429.0,0.0,353.0,0.0,0.0,5463.45,3549.18,0.0,0.0,0.0,0.0,461.0,2.0,2.0,83.0,0.0,4.0,0.0,True,Churned
4703,3,38,355.03,5,292,0.28,0.72,103.0,78.0,0.0,0.0,0.0,0.0,22.0,0.0,0.0,0.0,0.0,0.0,0.0,0.0,0.0,0.0,152.0,0.0,0.0,249.11,0.0,3.18,0.0,0.0,102.74,36.0,0.0,0.0,1.0,0.0,0.0,0.0,True,Churned
4705,1,31,1359.62,1,99,0.0,1.0,0.0,0.0,0.0,0.0,0.0,0.0,0.0,0.0,0.0,0.0,0.0,1360.0,0.0,0.0,0.0,0.0,0.0,0.0,0.0,1359.62,0.0,0.0,0.0,0.0,0.0,31.0,0.0,0.0,0.0,0.0,0.0,0.0,True,Churned
4707,1,7,326.3,6,77,0.07,0.93,0.0,0.0,0.0,0.0,0.0,0.0,19.0,0.0,0.0,0.0,0.0,0.0,0.0,0.0,304.0,0.0,3.0,0.0,0.0,326.3,0.0,0.0,0.0,0.0,0.0,7.0,0.0,0.0,0.0,0.0,0.0,0.0,True,Churned
4708,2,9,231.1,9,67,0.12,0.88,0.0,107.0,0.0,0.0,0.0,0.0,5.0,0.0,0.0,0.0,0.0,34.0,0.0,0.0,73.0,0.0,13.0,0.0,0.0,223.35,7.75,0.0,0.0,0.0,0.0,7.0,2.0,0.0,0.0,0.0,0.0,0.0,True,Churned
4711,2,66,1962.25,36,655,0.92,0.08,0.0,13.0,0.0,0.0,0.0,0.0,1279.0,45.0,0.0,0.0,0.0,180.0,0.0,145.0,239.0,0.0,62.0,0.0,0.0,1962.25,0.0,0.0,0.0,0.0,0.0,63.0,0.0,0.0,3.0,0.0,0.0,0.0,True,Churned
4715,9,235,3472.88,136,382,0.83,0.17,0.0,0.0,0.0,136.0,0.0,141.0,384.0,225.0,253.0,0.0,0.0,1213.0,0.0,0.0,543.0,0.0,579.0,0.0,0.0,387.37,1252.78,0.0,0.0,0.0,659.59,22.0,0.0,5.0,3.0,7.0,0.0,3.0,True,Churned
4716,3,4,27.34,3,37,0.0,1.0,0.0,0.0,0.0,27.0,0.0,0.0,0.0,0.0,0.0,0.0,0.0,0.0,0.0,0.0,0.0,0.0,0.0,0.0,0.0,22.28,5.06,0.0,0.0,0.0,0.0,0.0,1.0,0.0,0.0,0.0,0.0,0.0,True,Churned
4719,1,24,149.4,14,68,1.0,0.0,0.0,0.0,0.0,0.0,0.0,0.0,84.0,0.0,0.0,0.0,0.0,50.0,0.0,0.0,12.0,0.0,4.0,0.0,0.0,149.4,0.0,0.0,0.0,0.0,0.0,24.0,0.0,0.0,0.0,0.0,0.0,0.0,True,Churned
4720,1,1,215.0,1,1,0.0,1.0,0.0,0.0,0.0,215.0,0.0,0.0,0.0,0.0,0.0,0.0,0.0,0.0,0.0,0.0,0.0,0.0,0.0,0.0,0.0,215.0,0.0,0.0,0.0,0.0,0.0,1.0,0.0,0.0,0.0,0.0,0.0,0.0,True,Churned
4721,2,2,60.0,1,416,0.0,1.0,30.0,0.0,0.0,0.0,0.0,0.0,0.0,0.0,0.0,0.0,0.0,0.0,0.0,30.0,0.0,0.0,0.0,0.0,0.0,60.0,0.0,0.0,0.0,0.0,0.0,1.0,0.0,0.0,1.0,0.0,0.0,0.0,True,Churned
4722,3,58,1050.49,29,255,0.56,0.44,0.0,55.0,0.0,108.0,0.0,0.0,147.0,0.0,0.0,0.0,0.0,51.0,0.0,300.0,223.0,0.0,167.0,0.0,0.0,887.06,163.43,0.0,0.0,0.0,0.0,43.0,0.0,0.0,1.0,14.0,0.0,0.0,True,Churned
4724,3,28,80.65,10,536,0.36,0.64,0.0,22.0,0.0,0.0,0.0,0.0,23.0,0.0,0.0,0.0,0.0,0.0,0.0,0.0,6.0,0.0,29.0,0.0,0.0,80.65,0.0,0.0,0.0,0.0,0.0,10.0,5.0,0.0,0.0,13.0,0.0,0.0,True,Churned
4725,1,50,1412.0,29,50,1.0,0.0,200.0,284.0,0.0,0.0,0.0,0.0,121.0,32.0,0.0,0.0,0.0,17.0,0.0,0.0,193.0,0.0,566.0,0.0,0.0,1412.0,0.0,0.0,0.0,0.0,0.0,50.0,0.0,0.0,0.0,0.0,0.0,0.0,True,Churned
4730,2,92,1418.98,37,278,0.3,0.7,50.0,0.0,0.0,356.0,0.0,0.0,183.0,120.0,0.0,0.0,0.0,77.0,0.0,0.0,41.0,0.0,591.0,0.0,0.0,1418.98,0.0,0.0,0.0,0.0,0.0,91.0,1.0,0.0,0.0,0.0,0.0,0.0,True,Churned
4731,3,80,2446.39,58,688,0.96,0.04,539.0,0.0,0.0,130.0,0.0,0.0,371.0,86.0,198.0,0.0,20.0,316.0,0.0,0.0,662.0,0.0,125.0,0.0,0.0,12.1,2434.29,0.0,0.0,0.0,0.0,3.0,46.0,0.0,0.0,0.0,31.0,0.0,True,Churned
4732,4,850,15067.37,208,822,0.81,0.19,0.0,50.0,0.0,0.0,0.0,0.0,1975.0,344.0,0.0,0.0,0.0,8949.0,0.0,0.0,1098.0,1.0,2650.0,0.0,0.0,14448.8,618.57,0.0,0.0,0.0,0.0,837.0,9.0,0.0,0.0,0.0,0.0,0.0,True,Churned
4743,1,2,51.2,2,9,1.0,0.0,0.0,0.0,0.0,0.0,0.0,0.0,6.0,0.0,45.0,0.0,0.0,0.0,0.0,0.0,0.0,0.0,0.0,0.0,0.0,51.2,0.0,0.0,0.0,0.0,0.0,2.0,0.0,0.0,0.0,0.0,0.0,0.0,True,Churned
4744,7,671,12860.77,189,606,0.76,0.24,1314.0,552.0,0.0,19.0,0.0,27.0,5711.0,916.0,28.0,0.0,18.0,1431.0,0.0,0.0,1483.0,438.0,924.0,0.0,0.0,12352.0,291.34,46.23,0.0,0.0,171.2,639.0,8.0,5.0,1.0,16.0,0.0,1.0,True,Churned
4746,8,267,6431.18,125,652,0.96,0.04,505.0,24.0,0.0,43.0,0.0,0.0,700.0,174.0,1239.0,0.0,0.0,1744.0,0.0,0.0,694.0,0.0,1308.0,0.0,0.0,3175.12,3201.8,0.0,0.0,0.0,11.88,204.0,4.0,21.0,0.0,0.0,0.0,0.0,True,Churned
4747,11,157,2718.09,52,387,0.51,0.49,782.0,150.0,0.0,1.0,0.0,148.0,564.0,0.0,0.0,0.0,0.0,361.0,0.0,194.0,439.0,0.0,79.0,0.0,0.0,2272.76,445.33,0.0,0.0,0.0,0.0,136.0,2.0,0.0,4.0,1.0,0.0,3.0,True,Churned
4748,5,73,1866.97,9,570,0.0,1.0,0.0,1098.0,0.0,229.0,0.0,57.0,0.0,66.0,0.0,0.0,0.0,0.0,0.0,416.0,0.0,0.0,0.0,0.0,0.0,530.78,1279.35,0.0,0.0,0.0,56.84,4.0,0.0,0.0,4.0,24.0,0.0,1.0,True,Churned
4749,3,104,1649.87,60,60,0.78,0.22,0.0,0.0,0.0,8.0,0.0,0.0,257.0,25.0,3.0,0.0,0.0,673.0,0.0,0.0,629.0,0.0,54.0,0.0,0.0,652.1,680.84,0.0,0.0,0.0,316.93,78.0,0.0,0.0,0.0,0.0,0.0,1.0,True,Churned
4750,2,7,97.85,7,9,0.97,0.03,0.0,0.0,0.0,5.0,0.0,0.0,31.0,0.0,0.0,0.0,0.0,0.0,0.0,0.0,31.0,30.0,2.0,0.0,0.0,95.1,0.0,0.0,0.0,0.0,2.75,6.0,0.0,0.0,0.0,0.0,0.0,0.0,True,Churned
4752,4,31,1154.74,25,82,0.97,0.03,0.0,0.0,0.0,0.0,0.0,0.0,91.0,54.0,179.0,0.0,0.0,743.0,0.0,0.0,37.0,0.0,52.0,0.0,0.0,689.4,465.34,0.0,0.0,0.0,0.0,22.0,0.0,2.0,0.0,0.0,0.0,0.0,True,Churned
4754,1,13,93.9,10,19,1.0,0.0,0.0,0.0,0.0,0.0,0.0,0.0,39.0,0.0,0.0,0.0,0.0,45.0,0.0,0.0,0.0,0.0,10.0,0.0,0.0,93.9,0.0,0.0,0.0,0.0,0.0,13.0,0.0,0.0,0.0,0.0,0.0,0.0,True,Churned
4755,2,37,2185.38,26,197,0.55,0.45,0.0,0.0,0.0,0.0,0.0,0.0,628.0,0.0,721.0,0.0,77.0,236.0,0.0,0.0,358.0,14.0,152.0,0.0,0.0,2185.38,0.0,0.0,0.0,0.0,0.0,31.0,0.0,0.0,0.0,0.0,0.0,0.0,True,Churned
4757,5,51,212.94,11,288,0.27,0.73,0.0,121.0,0.0,34.0,0.0,0.0,34.0,0.0,0.0,0.0,0.0,23.0,0.0,0.0,0.0,1.0,0.0,0.0,0.0,201.52,11.42,0.0,0.0,0.0,0.0,9.0,0.0,2.0,0.0,30.0,0.0,9.0,True,Churned
4758,1,1,10.0,1,1,1.0,0.0,0.0,0.0,0.0,0.0,0.0,0.0,0.0,10.0,0.0,0.0,0.0,0.0,0.0,0.0,0.0,0.0,0.0,0.0,0.0,10.0,0.0,0.0,0.0,0.0,0.0,1.0,0.0,0.0,0.0,0.0,0.0,0.0,True,Churned
4760,3,27,1189.84,12,110,0.39,0.61,160.0,0.0,0.0,87.0,0.0,0.0,20.0,20.0,0.0,0.0,0.0,628.0,0.0,0.0,88.0,0.0,187.0,0.0,0.0,1102.89,86.95,0.0,0.0,0.0,0.0,12.0,0.0,1.0,0.0,0.0,0.0,0.0,True,Churned
4764,2,40,293.93,15,21,0.52,0.48,0.0,0.0,0.0,4.0,0.0,0.0,17.0,0.0,110.0,0.0,0.0,120.0,0.0,0.0,0.0,0.0,43.0,0.0,0.0,0.0,0.0,293.93,0.0,0.0,0.0,1.0,0.0,0.0,39.0,0.0,0.0,0.0,True,Churned
4766,3,18,1688.52,8,142,0.18,0.82,300.0,161.0,0.0,964.0,0.0,6.0,0.0,0.0,0.0,0.0,0.0,0.0,0.0,0.0,258.0,0.0,0.0,0.0,0.0,1688.52,0.0,0.0,0.0,0.0,0.0,12.0,0.0,0.0,0.0,3.0,0.0,0.0,True,Churned
4767,4,22,452.39,8,835,0.51,0.49,54.0,0.0,0.0,0.0,0.0,0.0,217.0,0.0,0.0,0.0,0.0,0.0,0.0,0.0,166.0,0.0,16.0,0.0,0.0,308.48,0.0,53.0,0.0,0.0,90.91,12.0,0.0,0.0,2.0,0.0,0.0,0.0,True,Churned
4770,1,2,9.4,2,21,1.0,0.0,0.0,1.0,0.0,0.0,0.0,0.0,0.0,0.0,0.0,0.0,0.0,9.0,0.0,0.0,0.0,0.0,0.0,0.0,0.0,9.4,0.0,0.0,0.0,0.0,0.0,2.0,0.0,0.0,0.0,0.0,0.0,0.0,True,Churned
4773,5,418,2979.25,104,711,0.57,0.43,0.0,0.0,0.0,145.0,0.0,0.0,398.0,34.0,0.0,0.0,0.0,627.0,0.0,0.0,524.0,22.0,1231.0,0.0,0.0,2947.43,31.82,0.0,0.0,0.0,0.0,411.0,0.0,0.0,1.0,0.0,0.0,0.0,True,Churned
4774,5,46,446.04,23,424,1.0,0.0,0.0,0.0,0.0,0.0,0.0,0.0,133.0,0.0,0.0,0.0,9.0,75.0,0.0,0.0,112.0,0.0,117.0,0.0,0.0,346.25,46.17,0.0,0.0,0.0,0.0,37.0,1.0,1.0,0.0,0.0,5.0,0.0,True,Churned
4781,1,1,30.0,1,1,0.0,1.0,30.0,0.0,0.0,0.0,0.0,0.0,0.0,0.0,0.0,0.0,0.0,0.0,0.0,0.0,0.0,0.0,0.0,0.0,0.0,30.0,0.0,0.0,0.0,0.0,0.0,0.0,0.0,0.0,1.0,0.0,0.0,0.0,True,Churned
4783,5,42,1671.06,29,181,0.95,0.05,550.0,0.0,0.0,84.0,0.0,0.0,80.0,17.0,89.0,0.0,0.0,697.0,0.0,0.0,97.0,0.0,58.0,0.0,0.0,423.92,0.0,0.0,0.0,0.0,2.9,8.0,0.0,0.0,1.0,0.0,0.0,0.0,True,Churned
4784,1,1,24.0,1,1,1.0,0.0,0.0,0.0,0.0,0.0,0.0,0.0,0.0,0.0,0.0,0.0,0.0,0.0,0.0,0.0,0.0,0.0,24.0,0.0,0.0,24.0,0.0,0.0,0.0,0.0,0.0,1.0,0.0,0.0,0.0,0.0,0.0,0.0,True,Churned
4785,1,2,14.4,2,299,1.0,0.0,0.0,0.0,0.0,0.0,0.0,0.0,0.0,0.0,0.0,0.0,0.0,14.0,0.0,0.0,0.0,0.0,0.0,0.0,0.0,14.4,0.0,0.0,0.0,0.0,0.0,2.0,0.0,0.0,0.0,0.0,0.0,0.0,True,Churned
4786,6,18,1854.67,6,195,0.0,1.0,610.0,144.0,0.0,85.0,0.0,0.0,0.0,0.0,139.0,0.0,0.0,0.0,0.0,0.0,877.0,0.0,0.0,0.0,0.0,977.89,0.0,0.0,0.0,876.78,0.0,1.0,0.0,0.0,1.0,8.0,0.0,0.0,True,Churned
4787,2,4,17.9,3,158,0.0,1.0,0.0,10.0,0.0,8.0,0.0,0.0,0.0,0.0,0.0,0.0,0.0,0.0,0.0,0.0,0.0,0.0,0.0,0.0,0.0,17.9,0.0,0.0,0.0,0.0,0.0,0.0,0.0,0.0,3.0,0.0,0.0,1.0,True,Churned
4788,4,8,4543.73,5,539,0.0,1.0,3583.0,0.0,0.0,0.0,0.0,0.0,0.0,0.0,0.0,0.0,0.0,0.0,0.0,954.0,0.0,7.0,0.0,0.0,0.0,2663.51,1880.22,0.0,0.0,0.0,0.0,0.0,0.0,0.0,1.0,0.0,1.0,0.0,True,Churned
4789,3,123,3778.94,46,596,1.0,0.0,0.0,274.0,0.0,261.0,0.0,106.0,2031.0,24.0,84.0,0.0,0.0,434.0,0.0,0.0,448.0,0.0,117.0,0.0,0.0,3728.21,35.45,0.0,0.0,0.0,0.0,121.0,0.0,0.0,0.0,0.0,0.0,0.0,True,Churned
4790,2,2,473.02,2,382,0.01,0.99,470.0,0.0,0.0,0.0,0.0,0.0,0.0,0.0,0.0,0.0,0.0,3.0,0.0,0.0,0.0,0.0,0.0,0.0,0.0,2.9,470.12,0.0,0.0,0.0,0.0,1.0,0.0,0.0,0.0,0.0,0.0,0.0,True,Churned
4791,2,2,89.97,2,205,1.0,0.0,0.0,0.0,0.0,0.0,0.0,0.0,64.0,0.0,0.0,0.0,0.0,0.0,0.0,0.0,26.0,0.0,0.0,0.0,0.0,63.65,26.32,0.0,0.0,0.0,0.0,1.0,0.0,0.0,0.0,0.0,1.0,0.0,True,Churned
4794,2,55,697.19,14,278,1.0,0.0,0.0,0.0,0.0,0.0,0.0,0.0,270.0,0.0,0.0,0.0,0.0,97.0,0.0,0.0,0.0,0.0,331.0,0.0,0.0,678.87,18.32,0.0,0.0,0.0,0.0,51.0,4.0,0.0,0.0,0.0,0.0,0.0,True,Churned
4795,2,11,205.35,6,23,0.44,0.56,0.0,5.0,0.0,110.0,0.0,0.0,90.0,0.0,0.0,0.0,0.0,0.0,0.0,0.0,0.0,0.0,0.0,0.0,0.0,205.35,0.0,0.0,0.0,0.0,0.0,10.0,0.0,0.0,0.0,0.0,0.0,1.0,True,Churned
4797,1,5,28.25,1,191,1.0,0.0,0.0,0.0,0.0,0.0,0.0,0.0,0.0,0.0,0.0,0.0,0.0,28.0,0.0,0.0,0.0,0.0,0.0,0.0,0.0,28.25,0.0,0.0,0.0,0.0,0.0,5.0,0.0,0.0,0.0,0.0,0.0,0.0,True,Churned
4798,2,5,29.75,3,4,0.4,0.6,0.0,0.0,0.0,0.0,0.0,0.0,7.0,0.0,0.0,0.0,0.0,18.0,0.0,0.0,0.0,0.0,5.0,0.0,0.0,29.75,0.0,0.0,0.0,0.0,0.0,4.0,0.0,0.0,0.0,0.0,0.0,0.0,True,Churned
4804,2,2,29.8,2,6,0.3,0.7,0.0,21.0,0.0,0.0,0.0,0.0,0.0,0.0,0.0,0.0,0.0,0.0,0.0,0.0,0.0,0.0,9.0,0.0,0.0,8.8,0.0,0.0,0.0,0.0,21.0,1.0,0.0,0.0,0.0,0.0,0.0,0.0,True,Churned
4808,1,1,10.0,1,1,0.0,1.0,0.0,10.0,0.0,0.0,0.0,0.0,0.0,0.0,0.0,0.0,0.0,0.0,0.0,0.0,0.0,0.0,0.0,0.0,0.0,10.0,0.0,0.0,0.0,0.0,0.0,1.0,0.0,0.0,0.0,0.0,0.0,0.0,True,Churned
4810,5,21,2107.47,8,137,0.05,0.95,356.0,0.0,0.0,11.0,0.0,0.0,0.0,0.0,0.0,0.0,0.0,0.0,0.0,1736.0,5.0,0.0,0.0,0.0,0.0,120.0,1987.47,0.0,0.0,0.0,0.0,1.0,0.0,0.0,13.0,0.0,0.0,0.0,True,Churned
4812,1,5,33.7,4,78,1.0,0.0,0.0,0.0,0.0,0.0,0.0,0.0,23.0,0.0,0.0,0.0,0.0,0.0,0.0,0.0,0.0,0.0,11.0,0.0,0.0,33.7,0.0,0.0,0.0,0.0,0.0,5.0,0.0,0.0,0.0,0.0,0.0,0.0,True,Churned
4813,1,1,30.0,1,1,0.0,1.0,30.0,0.0,0.0,0.0,0.0,0.0,0.0,0.0,0.0,0.0,0.0,0.0,0.0,0.0,0.0,0.0,0.0,0.0,0.0,30.0,0.0,0.0,0.0,0.0,0.0,0.0,0.0,0.0,1.0,0.0,0.0,0.0,True,Churned
4815,1,4,39.65,4,22,0.24,0.76,0.0,0.0,0.0,0.0,0.0,0.0,4.0,0.0,0.0,0.0,0.0,6.0,0.0,30.0,0.0,0.0,0.0,0.0,0.0,39.65,0.0,0.0,0.0,0.0,0.0,4.0,0.0,0.0,0.0,0.0,0.0,0.0,True,Churned
4816,1,2,118.3,2,17,1.0,0.0,0.0,0.0,0.0,0.0,0.0,0.0,117.0,0.0,0.0,0.0,0.0,0.0,0.0,0.0,1.0,0.0,0.0,0.0,0.0,118.3,0.0,0.0,0.0,0.0,0.0,2.0,0.0,0.0,0.0,0.0,0.0,0.0,True,Churned
4818,1,6,568.9,4,629,0.57,0.43,0.0,0.0,0.0,0.0,0.0,0.0,529.0,0.0,0.0,0.0,0.0,13.0,0.0,0.0,27.0,0.0,0.0,0.0,0.0,568.9,0.0,0.0,0.0,0.0,0.0,6.0,0.0,0.0,0.0,0.0,0.0,0.0,True,Churned
4819,1,2,41.35,2,337,1.0,0.0,0.0,0.0,0.0,0.0,0.0,0.0,11.0,0.0,0.0,0.0,0.0,30.0,0.0,0.0,0.0,0.0,0.0,0.0,0.0,41.35,0.0,0.0,0.0,0.0,0.0,2.0,0.0,0.0,0.0,0.0,0.0,0.0,True,Churned
4820,2,2,17.4,2,19,1.0,0.0,0.0,0.0,0.0,0.0,0.0,0.0,12.0,5.0,0.0,0.0,0.0,0.0,0.0,0.0,0.0,0.0,0.0,0.0,0.0,12.4,5.0,0.0,0.0,0.0,0.0,1.0,1.0,0.0,0.0,0.0,0.0,0.0,True,Churned
4821,1,2,9.0,2,2,1.0,0.0,0.0,0.0,0.0,3.0,0.0,0.0,0.0,0.0,0.0,0.0,0.0,6.0,0.0,0.0,0.0,0.0,0.0,0.0,0.0,9.0,0.0,0.0,0.0,0.0,0.0,2.0,0.0,0.0,0.0,0.0,0.0,0.0,True,Churned
4823,1,1,5.1,1,1,1.0,0.0,0.0,0.0,0.0,0.0,0.0,0.0,0.0,0.0,0.0,0.0,0.0,0.0,0.0,0.0,0.0,0.0,5.0,0.0,0.0,5.1,0.0,0.0,0.0,0.0,0.0,1.0,0.0,0.0,0.0,0.0,0.0,0.0,True,Churned
4824,1,2,41.71,2,250,0.96,0.04,0.0,2.0,0.0,0.0,0.0,0.0,0.0,0.0,0.0,0.0,0.0,0.0,0.0,0.0,0.0,0.0,40.0,0.0,0.0,41.71,0.0,0.0,0.0,0.0,0.0,2.0,0.0,0.0,0.0,0.0,0.0,0.0,True,Churned
4826,1,3,10.17,2,4,1.0,0.0,0.0,0.0,0.0,0.0,0.0,0.0,4.0,0.0,0.0,0.0,0.0,0.0,0.0,0.0,0.0,0.0,6.0,0.0,0.0,0.0,10.17,0.0,0.0,0.0,0.0,0.0,0.0,3.0,0.0,0.0,0.0,0.0,True,Churned
4827,2,49,3258.71,7,538,0.02,0.98,0.0,0.0,0.0,0.0,0.0,0.0,76.0,0.0,0.0,0.0,0.0,0.0,0.0,3180.0,0.0,0.0,2.0,0.0,0.0,78.55,3180.16,0.0,0.0,0.0,0.0,11.0,0.0,0.0,38.0,0.0,0.0,0.0,True,Churned
4828,1,4,352.16,2,36,0.0,1.0,0.0,0.0,0.0,0.0,0.0,352.0,0.0,0.0,0.0,0.0,0.0,0.0,0.0,0.0,0.0,0.0,0.0,0.0,0.0,0.0,0.0,0.0,0.0,0.0,352.16,0.0,0.0,0.0,0.0,0.0,0.0,4.0,True,Churned
4830,2,5,99.9,5,513,0.26,0.74,20.0,0.0,0.0,0.0,0.0,0.0,1.0,0.0,0.0,0.0,0.0,0.0,0.0,0.0,59.0,20.0,0.0,0.0,0.0,99.9,0.0,0.0,0.0,0.0,0.0,4.0,0.0,0.0,0.0,0.0,0.0,0.0,True,Churned
4831,1,44,1412.15,15,156,1.0,0.0,0.0,0.0,0.0,0.0,0.0,0.0,606.0,64.0,17.0,0.0,0.0,170.0,0.0,0.0,0.0,0.0,556.0,0.0,0.0,1412.15,0.0,0.0,0.0,0.0,0.0,44.0,0.0,0.0,0.0,0.0,0.0,0.0,True,Churned
4832,2,41,558.72,13,115,0.79,0.21,0.0,0.0,0.0,0.0,0.0,0.0,328.0,0.0,0.0,0.0,0.0,54.0,0.0,0.0,146.0,0.0,30.0,0.0,0.0,558.72,0.0,0.0,0.0,0.0,0.0,40.0,0.0,0.0,0.0,1.0,0.0,0.0,True,Churned
4833,2,13,358.5,11,104,0.85,0.15,0.0,0.0,0.0,8.0,0.0,0.0,40.0,0.0,0.0,0.0,0.0,13.0,0.0,15.0,283.0,0.0,0.0,0.0,0.0,358.5,0.0,0.0,0.0,0.0,0.0,12.0,0.0,0.0,1.0,0.0,0.0,0.0,True,Churned
4838,6,22,680.59,19,233,0.96,0.04,0.0,26.0,0.0,0.0,0.0,0.0,63.0,85.0,0.0,0.0,0.0,332.0,0.0,0.0,53.0,0.0,121.0,0.0,0.0,611.4,36.16,0.0,0.0,0.0,0.0,15.0,2.0,0.0,0.0,0.0,0.0,0.0,True,Churned
4839,3,28,197.07,12,666,0.31,0.69,28.0,87.0,0.0,0.0,0.0,0.0,0.0,0.0,0.0,0.0,0.0,0.0,0.0,0.0,20.0,0.0,62.0,0.0,0.0,197.07,0.0,0.0,0.0,0.0,0.0,3.0,0.0,0.0,10.0,0.0,0.0,15.0,True,Churned
4840,1,1,7.4,1,1,1.0,0.0,0.0,0.0,0.0,0.0,0.0,0.0,7.0,0.0,0.0,0.0,0.0,0.0,0.0,0.0,0.0,0.0,0.0,0.0,0.0,7.4,0.0,0.0,0.0,0.0,0.0,1.0,0.0,0.0,0.0,0.0,0.0,0.0,True,Churned
4841,1,1,1.18,1,1,1.0,0.0,0.0,0.0,0.0,0.0,0.0,0.0,1.0,0.0,0.0,0.0,0.0,0.0,0.0,0.0,0.0,0.0,0.0,0.0,0.0,0.0,1.18,0.0,0.0,0.0,0.0,0.0,1.0,0.0,0.0,0.0,0.0,0.0,True,Churned
4842,1,1,4.95,1,1,1.0,0.0,0.0,0.0,0.0,0.0,0.0,0.0,0.0,0.0,0.0,0.0,0.0,0.0,0.0,0.0,5.0,0.0,0.0,0.0,0.0,4.95,0.0,0.0,0.0,0.0,0.0,1.0,0.0,0.0,0.0,0.0,0.0,0.0,True,Churned
4844,2,5,139.95,1,147,0.0,1.0,0.0,0.0,0.0,0.0,0.0,7.0,0.0,0.0,0.0,0.0,0.0,0.0,0.0,0.0,133.0,0.0,0.0,0.0,0.0,139.95,0.0,0.0,0.0,0.0,0.0,2.0,0.0,3.0,0.0,0.0,0.0,0.0,True,Churned
4849,1,424,10562.71,68,563,0.95,0.05,0.0,0.0,0.0,0.0,0.0,0.0,9923.0,82.0,0.0,0.0,0.0,158.0,0.0,0.0,223.0,3.0,174.0,0.0,0.0,10562.71,0.0,0.0,0.0,0.0,0.0,424.0,0.0,0.0,0.0,0.0,0.0,0.0,True,Churned
4850,1,21,5450.0,3,11,0.0,1.0,0.0,0.0,0.0,5450.0,0.0,0.0,0.0,0.0,0.0,0.0,0.0,0.0,0.0,0.0,0.0,0.0,0.0,0.0,0.0,5450.0,0.0,0.0,0.0,0.0,0.0,21.0,0.0,0.0,0.0,0.0,0.0,0.0,True,Churned
4852,1,11,112.97,8,55,1.0,0.0,0.0,0.0,0.0,0.0,0.0,0.0,74.0,0.0,0.0,0.0,0.0,0.0,0.0,0.0,0.0,0.0,39.0,0.0,0.0,112.97,0.0,0.0,0.0,0.0,0.0,11.0,0.0,0.0,0.0,0.0,0.0,0.0,True,Churned
4854,1,1,1.0,1,1,1.0,0.0,0.0,0.0,0.0,0.0,0.0,0.0,1.0,0.0,0.0,0.0,0.0,0.0,0.0,0.0,0.0,0.0,0.0,0.0,0.0,1.0,0.0,0.0,0.0,0.0,0.0,1.0,0.0,0.0,0.0,0.0,0.0,0.0,True,Churned
4855,1,2,139.95,2,16,0.0,1.0,0.0,0.0,0.0,0.0,0.0,0.0,0.0,0.0,0.0,0.0,0.0,0.0,0.0,0.0,140.0,0.0,0.0,0.0,0.0,139.95,0.0,0.0,0.0,0.0,0.0,2.0,0.0,0.0,0.0,0.0,0.0,0.0,True,Churned
4860,2,2,21.18,2,479,1.0,0.0,0.0,0.0,0.0,0.0,0.0,0.0,21.0,0.0,0.0,0.0,0.0,0.0,0.0,0.0,0.0,0.0,0.0,0.0,0.0,7.3,13.88,0.0,0.0,0.0,0.0,1.0,0.0,0.0,0.0,0.0,0.0,0.0,True,Churned
4864,1,1,2.0,1,1,1.0,0.0,0.0,0.0,0.0,0.0,0.0,0.0,0.0,0.0,0.0,0.0,0.0,0.0,0.0,0.0,0.0,0.0,2.0,0.0,0.0,2.0,0.0,0.0,0.0,0.0,0.0,1.0,0.0,0.0,0.0,0.0,0.0,0.0,True,Churned
4865,3,66,5556.91,4,236,0.01,0.99,0.0,0.0,0.0,0.0,0.0,0.0,55.0,0.0,49.0,0.0,0.0,0.0,0.0,5453.0,0.0,0.0,0.0,0.0,0.0,0.0,5556.91,0.0,0.0,0.0,0.0,0.0,0.0,0.0,61.0,0.0,2.0,0.0,True,Churned
4866,1,1,3.7,1,1,1.0,0.0,0.0,0.0,0.0,0.0,0.0,0.0,4.0,0.0,0.0,0.0,0.0,0.0,0.0,0.0,0.0,0.0,0.0,0.0,0.0,3.7,0.0,0.0,0.0,0.0,0.0,1.0,0.0,0.0,0.0,0.0,0.0,0.0,True,Churned
4867,3,8,269.61,2,338,0.0,1.0,0.0,0.0,0.0,0.0,0.0,24.0,0.0,0.0,0.0,0.0,0.0,0.0,0.0,0.0,246.0,0.0,0.0,0.0,0.0,245.5,24.11,0.0,0.0,0.0,0.0,0.0,0.0,1.0,1.0,0.0,0.0,0.0,True,Churned
4868,1,1,13.0,1,1,1.0,0.0,0.0,0.0,0.0,0.0,0.0,0.0,13.0,0.0,0.0,0.0,0.0,0.0,0.0,0.0,0.0,0.0,0.0,0.0,0.0,13.0,0.0,0.0,0.0,0.0,0.0,1.0,0.0,0.0,0.0,0.0,0.0,0.0,True,Churned
4869,1,1,1.6,1,1,1.0,0.0,0.0,0.0,0.0,0.0,0.0,0.0,2.0,0.0,0.0,0.0,0.0,0.0,0.0,0.0,0.0,0.0,0.0,0.0,0.0,1.6,0.0,0.0,0.0,0.0,0.0,1.0,0.0,0.0,0.0,0.0,0.0,0.0,True,Churned
4871,1,5,10.65,5,10,1.0,0.0,0.0,0.0,0.0,0.0,0.0,0.0,11.0,0.0,0.0,0.0,0.0,0.0,0.0,0.0,0.0,0.0,0.0,0.0,0.0,10.65,0.0,0.0,0.0,0.0,0.0,5.0,0.0,0.0,0.0,0.0,0.0,0.0,True,Churned
4872,1,1,4.5,1,1,1.0,0.0,0.0,0.0,0.0,0.0,0.0,0.0,5.0,0.0,0.0,0.0,0.0,0.0,0.0,0.0,0.0,0.0,0.0,0.0,0.0,4.5,0.0,0.0,0.0,0.0,0.0,1.0,0.0,0.0,0.0,0.0,0.0,0.0,True,Churned
4873,1,3,103.0,3,2,0.09,0.91,0.0,0.0,0.0,0.0,0.0,0.0,9.0,0.0,0.0,0.0,0.0,0.0,0.0,94.0,0.0,0.0,0.0,0.0,0.0,103.0,0.0,0.0,0.0,0.0,0.0,3.0,0.0,0.0,0.0,0.0,0.0,0.0,True,Churned
4874,1,1,24.0,1,1,0.0,1.0,24.0,0.0,0.0,0.0,0.0,0.0,0.0,0.0,0.0,0.0,0.0,0.0,0.0,0.0,0.0,0.0,0.0,0.0,0.0,24.0,0.0,0.0,0.0,0.0,0.0,0.0,0.0,0.0,1.0,0.0,0.0,0.0,True,Churned
4875,1,2,44.5,2,1,1.0,0.0,0.0,0.0,0.0,0.0,0.0,0.0,0.0,0.0,0.0,0.0,0.0,45.0,0.0,0.0,0.0,0.0,0.0,0.0,0.0,44.5,0.0,0.0,0.0,0.0,0.0,2.0,0.0,0.0,0.0,0.0,0.0,0.0,True,Churned
4876,1,9,360.8,1,18,0.0,1.0,361.0,0.0,0.0,0.0,0.0,0.0,0.0,0.0,0.0,0.0,0.0,0.0,0.0,0.0,0.0,0.0,0.0,0.0,0.0,360.8,0.0,0.0,0.0,0.0,0.0,0.0,0.0,0.0,9.0,0.0,0.0,0.0,True,Churned
4877,1,4,115.0,1,173,0.0,1.0,0.0,0.0,0.0,0.0,0.0,0.0,0.0,0.0,0.0,0.0,0.0,0.0,0.0,115.0,0.0,0.0,0.0,0.0,0.0,115.0,0.0,0.0,0.0,0.0,0.0,4.0,0.0,0.0,0.0,0.0,0.0,0.0,True,Churned
4890,5,519,11095.52,121,858,0.88,0.12,4200.0,0.0,0.0,137.0,0.0,207.0,3518.0,205.0,195.0,0.0,96.0,740.0,0.0,0.0,1194.0,4.0,599.0,0.0,0.0,10377.87,717.65,0.0,0.0,0.0,0.0,511.0,0.0,0.0,0.0,0.0,0.0,0.0,True,Churned
4895,8,702,4996.89,233,679,0.75,0.25,56.0,33.0,0.0,480.0,0.0,2.0,1338.0,85.0,23.0,0.0,2.0,833.0,0.0,0.0,1492.0,34.0,620.0,0.0,0.0,4012.37,969.4,0.0,0.0,3.44,11.68,519.0,14.0,2.0,4.0,0.0,0.0,0.0,True,Churned
4896,11,98,15155.75,86,833,0.87,0.13,0.0,0.0,0.0,328.0,0.0,0.0,383.0,275.0,11397.0,0.0,6.0,871.0,0.0,0.0,1240.0,85.0,570.0,0.0,0.0,396.18,11678.91,0.0,0.0,0.0,3080.66,20.0,11.0,9.0,4.0,0.0,23.0,13.0,True,Churned
4902,9,2221,107437.59,419,842,0.7,0.3,99.0,2442.0,0.0,5945.0,0.0,485.0,31342.0,836.0,10648.0,0.0,4594.0,13625.0,0.0,0.0,30127.0,253.0,7042.0,0.0,0.0,99895.22,7542.37,0.0,0.0,0.0,0.0,2064.0,49.0,21.0,0.0,47.0,0.0,0.0,True,Churned
4904,17,1143,62445.77,337,539,0.46,0.54,309.0,4361.0,146.0,1440.0,0.0,249.0,21720.0,3518.0,2957.0,0.0,154.0,3571.0,0.0,0.0,18891.0,1125.0,3960.0,45.0,0.0,55686.83,6659.2,0.0,0.0,0.0,99.74,813.0,119.0,2.0,22.0,68.0,1.0,16.0,True,Churned
4907,16,1433,60862.39,458,925,0.65,0.35,79.0,4248.0,0.0,599.0,0.0,982.0,13693.0,623.0,5433.0,0.0,721.0,9986.0,0.0,0.0,16801.0,218.0,7479.0,0.0,0.0,50210.22,8218.76,77.4,0.0,0.0,2295.09,1133.0,110.0,3.0,10.0,2.0,14.0,87.0,True,Churned
4910,3,147,4405.61,84,449,0.91,0.09,0.0,154.0,0.0,16.0,0.0,6.0,1537.0,67.0,29.0,0.0,190.0,868.0,0.0,0.0,833.0,0.0,705.0,0.0,0.0,2494.63,1910.98,0.0,0.0,0.0,0.0,110.0,36.0,0.0,0.0,1.0,0.0,0.0,True,Churned
4913,4,80,5352.03,56,492,0.53,0.47,3571.0,0.0,0.0,43.0,0.0,177.0,298.0,68.0,20.0,0.0,0.0,510.0,0.0,61.0,467.0,93.0,43.0,0.0,0.0,2726.39,2625.64,0.0,0.0,0.0,0.0,69.0,0.0,0.0,3.0,0.0,3.0,0.0,True,Churned
4916,3,44,80.27,3,753,0.0,1.0,0.0,70.0,0.0,10.0,0.0,0.0,0.0,0.0,0.0,0.0,0.0,0.0,0.0,0.0,0.0,0.0,0.0,0.0,0.0,78.0,2.27,0.0,0.0,0.0,0.0,1.0,0.0,0.0,0.0,41.0,0.0,0.0,True,Churned
4917,1,51,695.15,30,55,1.0,0.0,0.0,0.0,0.0,16.0,0.0,0.0,334.0,0.0,0.0,0.0,0.0,161.0,0.0,0.0,46.0,0.0,138.0,0.0,0.0,695.15,0.0,0.0,0.0,0.0,0.0,51.0,0.0,0.0,0.0,0.0,0.0,0.0,True,Churned
4928,8,348,3910.89,94,578,0.49,0.51,0.0,328.0,0.0,61.0,0.0,354.0,826.0,21.0,15.0,0.0,0.0,831.0,0.0,0.0,124.0,0.0,1351.0,0.0,0.0,3322.76,557.61,2.39,0.0,0.0,28.13,329.0,4.0,0.0,0.0,5.0,0.0,2.0,True,Churned
4937,3,16,424.22,7,128,0.53,0.47,0.0,0.0,0.0,198.0,0.0,0.0,159.0,0.0,0.0,0.0,0.0,17.0,0.0,0.0,0.0,0.0,50.0,0.0,0.0,246.3,177.92,0.0,0.0,0.0,0.0,13.0,0.0,0.0,0.0,0.0,0.0,0.0,True,Churned
4939,4,34,919.89,23,356,0.94,0.06,100.0,30.0,0.0,3.0,0.0,0.0,47.0,0.0,12.0,0.0,0.0,651.0,0.0,0.0,37.0,0.0,39.0,0.0,0.0,901.65,18.24,0.0,0.0,0.0,0.0,19.0,0.0,0.0,1.0,0.0,0.0,12.0,True,Churned
4944,10,204,3866.24,115,302,0.86,0.14,249.0,150.0,0.0,211.0,0.0,0.0,782.0,493.0,282.0,0.0,0.0,258.0,0.0,0.0,936.0,5.0,500.0,0.0,0.0,2766.49,871.9,0.0,0.0,0.0,4.52,154.0,12.0,5.0,0.0,4.0,20.0,0.0,True,Churned
4945,9,79,4231.8,34,270,0.6,0.4,2191.0,211.0,0.0,266.0,0.0,0.0,6.0,12.0,1226.0,0.0,0.0,122.0,0.0,0.0,179.0,0.0,18.0,0.0,0.0,3098.59,293.0,0.0,0.0,0.0,84.85,2.0,3.0,0.0,9.0,19.0,0.0,0.0,True,Churned
4948,1,1,10.0,1,1,0.0,1.0,0.0,0.0,0.0,10.0,0.0,0.0,0.0,0.0,0.0,0.0,0.0,0.0,0.0,0.0,0.0,0.0,0.0,0.0,0.0,10.0,0.0,0.0,0.0,0.0,0.0,1.0,0.0,0.0,0.0,0.0,0.0,0.0,True,Churned
4949,6,205,4564.34,106,240,0.76,0.24,0.0,173.0,0.0,447.0,0.0,72.0,1561.0,164.0,138.0,0.0,29.0,691.0,0.0,0.0,655.0,55.0,580.0,0.0,0.0,4391.85,170.34,0.0,0.0,0.0,2.15,192.0,5.0,0.0,1.0,5.0,0.0,1.0,True,Churned
4950,2,39,975.0,2,148,0.0,1.0,0.0,19.0,0.0,956.0,0.0,0.0,0.0,0.0,0.0,0.0,0.0,0.0,0.0,0.0,0.0,0.0,0.0,0.0,0.0,975.0,0.0,0.0,0.0,0.0,0.0,0.0,0.0,0.0,0.0,12.0,0.0,0.0,True,Churned
4951,17,455,13551.1,304,641,0.78,0.22,0.0,82.0,0.0,678.0,0.0,32.0,779.0,150.0,3982.0,0.0,68.0,902.0,0.0,0.0,1370.0,104.0,5405.0,0.0,42.82,1859.03,7749.43,583.56,0.0,0.0,0.0,77.0,172.0,21.0,32.0,1.0,26.0,0.0,True,Churned
4952,2,29,988.2,18,43,1.0,0.0,0.0,0.0,0.0,0.0,0.0,0.0,90.0,0.0,430.0,0.0,0.0,233.0,0.0,0.0,0.0,0.0,235.0,0.0,0.0,517.7,470.5,0.0,0.0,0.0,0.0,25.0,0.0,0.0,0.0,0.0,0.0,0.0,True,Churned
4954,6,228,6987.64,110,432,0.84,0.16,509.0,0.0,0.0,331.0,0.0,31.0,3563.0,15.0,308.0,0.0,0.0,1089.0,0.0,0.0,432.0,296.0,415.0,0.0,0.0,6071.91,22.31,0.0,0.0,0.0,276.18,210.0,1.0,0.0,0.0,0.0,0.0,4.0,True,Churned
4955,1,5,43.9,3,646,0.17,0.83,0.0,0.0,0.0,0.0,0.0,0.0,5.0,0.0,0.0,0.0,0.0,37.0,0.0,0.0,0.0,0.0,2.0,0.0,0.0,43.9,0.0,0.0,0.0,0.0,0.0,5.0,0.0,0.0,0.0,0.0,0.0,0.0,True,Churned
4956,4,135,1731.71,38,470,0.49,0.51,0.0,63.0,0.0,25.0,0.0,279.0,210.0,0.0,0.0,0.0,258.0,420.0,0.0,0.0,447.0,0.0,30.0,0.0,0.0,1453.05,278.66,0.0,0.0,0.0,0.0,105.0,9.0,0.0,0.0,20.0,0.0,0.0,True,Churned
4957,4,42,369.2,23,394,0.86,0.14,0.0,46.0,0.0,4.0,0.0,0.0,117.0,0.0,0.0,0.0,0.0,124.0,0.0,0.0,56.0,0.0,23.0,0.0,0.0,369.2,0.0,0.0,0.0,0.0,0.0,26.0,0.0,0.0,12.0,1.0,0.0,3.0,True,Churned
4961,1,14,3234.3,10,216,1.0,0.0,0.0,0.0,0.0,0.0,0.0,0.0,0.0,0.0,0.0,0.0,0.0,523.0,0.0,0.0,2711.0,0.0,0.0,0.0,0.0,3234.3,0.0,0.0,0.0,0.0,0.0,14.0,0.0,0.0,0.0,0.0,0.0,0.0,True,Churned
4962,6,126,2585.87,45,64,0.77,0.23,0.0,105.0,0.0,0.0,0.0,18.0,997.0,22.0,28.0,0.0,193.0,148.0,0.0,0.0,494.0,7.0,573.0,0.0,0.0,2533.97,0.0,0.0,0.0,0.0,51.9,117.0,1.0,0.0,0.0,0.0,0.0,3.0,True,Churned
4965,4,66,2421.19,36,230,0.59,0.41,278.0,0.0,0.0,60.0,0.0,0.0,636.0,216.0,31.0,0.0,0.0,86.0,0.0,772.0,291.0,0.0,52.0,0.0,0.0,2268.97,152.22,0.0,0.0,0.0,0.0,59.0,0.0,0.0,0.0,0.0,1.0,0.0,True,Churned
4967,2,17,122.78,3,129,0.0,1.0,0.0,0.0,0.0,0.0,0.0,0.0,13.0,0.0,0.0,0.0,0.0,109.0,0.0,0.0,0.0,0.0,0.0,0.0,0.0,103.2,19.58,0.0,0.0,0.0,0.0,2.0,0.0,0.0,0.0,0.0,0.0,0.0,True,Churned
4969,1,2,113.0,2,1,0.0,1.0,0.0,0.0,0.0,10.0,0.0,0.0,0.0,0.0,0.0,0.0,0.0,0.0,0.0,103.0,0.0,0.0,0.0,0.0,0.0,113.0,0.0,0.0,0.0,0.0,0.0,2.0,0.0,0.0,0.0,0.0,0.0,0.0,True,Churned
4971,11,115,6178.54,87,512,0.82,0.18,720.0,224.0,0.0,253.0,0.0,23.0,191.0,68.0,2532.0,0.0,0.0,678.0,0.0,0.0,668.0,100.0,722.0,0.0,0.0,1955.2,4101.15,0.0,0.0,0.0,0.0,57.0,1.0,6.0,1.0,0.0,19.0,1.0,True,Churned
4973,4,10,246.07,8,116,0.39,0.61,0.0,66.0,0.0,0.0,0.0,0.0,27.0,0.0,0.0,0.0,0.0,3.0,0.0,0.0,150.0,0.0,0.0,0.0,0.0,215.85,30.22,0.0,0.0,0.0,0.0,5.0,0.0,0.0,0.0,1.0,0.0,0.0,True,Churned
4975,6,23,1842.54,7,531,0.0,1.0,0.0,1560.0,0.0,27.0,0.0,0.0,0.0,0.0,0.0,0.0,0.0,0.0,0.0,0.0,244.0,0.0,12.0,0.0,0.0,1584.6,0.0,0.0,0.0,0.0,257.94,2.0,0.0,4.0,12.0,1.0,0.0,2.0,True,Churned
4976,5,42,933.96,26,168,0.91,0.09,148.0,84.0,0.0,0.0,0.0,0.0,220.0,0.0,243.0,0.0,0.0,190.0,0.0,0.0,0.0,0.0,49.0,0.0,0.0,783.74,148.39,0.0,0.0,0.0,1.83,26.0,1.0,0.0,10.0,1.0,0.0,4.0,True,Churned
4979,4,37,17694.2,16,421,0.93,0.07,17227.0,3.0,0.0,8.0,0.0,48.0,19.0,0.0,0.0,0.0,0.0,38.0,0.0,0.0,182.0,0.0,170.0,0.0,0.0,17635.19,3.31,0.0,0.0,0.0,55.7,32.0,0.0,0.0,0.0,0.0,0.0,0.0,True,Churned
4980,4,32,1623.54,28,86,0.34,0.66,50.0,136.0,0.0,203.0,0.0,0.0,210.0,11.0,11.0,0.0,468.0,74.0,0.0,0.0,232.0,90.0,138.0,0.0,0.0,1103.65,51.47,0.0,0.0,0.0,0.0,26.0,1.0,0.0,0.0,4.0,0.0,0.0,True,Churned
4982,3,12,160.74,11,72,0.77,0.23,0.0,3.0,0.0,34.0,0.0,0.0,97.0,0.0,0.0,0.0,0.0,0.0,0.0,0.0,8.0,0.0,18.0,0.0,0.0,123.8,36.94,0.0,0.0,0.0,0.0,7.0,3.0,0.0,0.0,0.0,0.0,0.0,True,Churned
4983,2,10,1101.24,10,148,0.99,0.01,305.0,0.0,0.0,14.0,0.0,0.0,230.0,0.0,0.0,0.0,0.0,0.0,0.0,0.0,12.0,0.0,541.0,0.0,0.0,1101.24,0.0,0.0,0.0,0.0,0.0,9.0,0.0,1.0,0.0,0.0,0.0,0.0,True,Churned
4988,1,2,53.5,2,1,1.0,0.0,0.0,0.0,0.0,0.0,0.0,0.0,21.0,0.0,0.0,0.0,0.0,0.0,0.0,0.0,33.0,0.0,0.0,0.0,0.0,53.5,0.0,0.0,0.0,0.0,0.0,2.0,0.0,0.0,0.0,0.0,0.0,0.0,True,Churned
4989,2,4,1489.5,3,503,0.6,0.4,500.0,869.0,0.0,0.0,0.0,0.0,0.0,0.0,0.0,0.0,0.0,0.0,0.0,100.0,0.0,21.0,0.0,0.0,0.0,1489.5,0.0,0.0,0.0,0.0,0.0,2.0,0.0,0.0,2.0,0.0,0.0,0.0,True,Churned
4990,2,6,470.67,6,8,0.97,0.03,0.0,13.0,0.0,280.0,0.0,0.0,178.0,0.0,0.0,0.0,0.0,0.0,0.0,0.0,0.0,0.0,0.0,0.0,0.0,457.6,0.0,0.0,0.0,0.0,0.0,5.0,0.0,0.0,0.0,0.0,0.0,0.0,True,Churned
4994,1,76,18921.35,23,297,1.0,0.0,18550.0,0.0,0.0,16.0,0.0,0.0,222.0,8.0,0.0,0.0,0.0,6.0,0.0,0.0,120.0,0.0,0.0,0.0,0.0,18921.35,0.0,0.0,0.0,0.0,0.0,76.0,0.0,0.0,0.0,0.0,0.0,0.0,True,Churned
5014,5,81,3000.79,76,294,0.9,0.1,460.0,0.0,0.0,0.0,0.0,11.0,683.0,34.0,350.0,0.0,0.0,259.0,0.0,0.0,154.0,0.0,1048.0,0.0,0.0,395.55,814.77,0.0,0.0,0.0,0.0,2.0,9.0,0.0,1.0,0.0,0.0,0.0,True,Churned
5021,12,1705,56405.22,323,719,0.61,0.39,120.0,4578.0,0.0,1576.0,0.0,167.0,10467.0,471.0,11195.0,0.0,70.0,4894.0,0.0,4794.0,10910.0,2068.0,5095.0,0.0,0.0,51032.41,4588.97,0.0,0.0,0.0,199.98,1422.0,56.0,4.0,27.0,126.0,0.0,5.0,True,Churned
5024,10,1025,24666.77,321,894,0.85,0.15,0.0,1109.0,0.0,522.0,0.0,0.0,7687.0,1275.0,757.0,0.0,70.0,7373.0,0.0,0.0,2917.0,108.0,2848.0,0.0,0.0,22070.94,2595.83,0.0,0.0,0.0,0.0,880.0,77.0,6.0,0.0,15.0,3.0,1.0,True,Churned
5029,18,333,19168.8,30,907,0.0,1.0,4798.0,5777.0,0.0,365.0,0.0,394.0,276.0,0.0,0.0,0.0,0.0,116.0,0.0,3264.0,3980.0,0.0,199.0,0.0,0.0,9135.72,582.19,0.0,0.0,0.0,9450.89,24.0,12.0,1.0,42.0,0.0,0.0,87.0,True,Churned
5035,17,288,8252.96,78,445,0.41,0.59,117.0,1638.0,0.0,266.0,0.0,688.0,2207.0,39.0,0.0,0.0,31.0,729.0,0.0,0.0,2130.0,127.0,282.0,0.0,0.0,6185.03,207.21,183.09,0.0,0.0,1677.63,158.0,10.0,5.0,9.0,47.0,0.0,30.0,True,Churned
5039,1,50,795.3,30,556,0.84,0.16,0.0,16.0,0.0,26.0,0.0,0.0,288.0,33.0,0.0,0.0,0.0,290.0,0.0,0.0,25.0,15.0,101.0,0.0,0.0,795.3,0.0,0.0,0.0,0.0,0.0,50.0,0.0,0.0,0.0,0.0,0.0,0.0,True,Churned
5040,3,47,3892.06,21,155,0.98,0.02,2250.0,393.0,0.0,51.0,0.0,0.0,19.0,37.0,104.0,0.0,0.0,0.0,0.0,0.0,10.0,0.0,1028.0,0.0,0.0,3892.06,0.0,0.0,0.0,0.0,0.0,41.0,0.0,0.0,1.0,5.0,0.0,0.0,True,Churned
5044,5,10,557.9,7,718,0.0,1.0,40.0,211.0,0.0,0.0,0.0,8.0,88.0,0.0,0.0,0.0,0.0,0.0,0.0,50.0,162.0,0.0,0.0,0.0,0.0,408.65,49.57,0.0,0.0,0.0,99.68,4.0,0.0,0.0,1.0,0.0,0.0,0.0,True,Churned
5047,12,506,48595.11,226,548,0.55,0.45,1560.0,5353.0,0.0,600.0,0.0,4425.0,3563.0,2034.0,3636.0,0.0,14.0,17076.0,0.0,600.0,8493.0,22.0,1220.0,0.0,0.0,41641.65,4068.59,0.0,0.0,0.0,2884.87,366.0,14.0,0.0,31.0,24.0,0.0,7.0,True,Churned
5048,8,462,11550.69,180,657,0.72,0.28,50.0,364.0,0.0,288.0,0.0,160.0,3756.0,544.0,434.0,0.0,120.0,3077.0,0.0,10.0,1387.0,70.0,1291.0,0.0,0.0,10540.3,1010.39,0.0,0.0,0.0,0.0,421.0,13.0,8.0,4.0,0.0,0.0,1.0,True,Churned
5049,9,108,2655.84,69,566,0.71,0.29,0.0,0.0,0.0,354.0,0.0,174.0,947.0,77.0,145.0,0.0,0.0,267.0,0.0,0.0,498.0,22.0,170.0,0.0,0.0,1615.29,1040.55,0.0,0.0,0.0,0.0,60.0,3.0,2.0,1.0,0.0,14.0,0.0,True,Churned
5052,8,147,3969.8,79,529,0.47,0.53,834.0,234.0,0.0,213.0,0.0,253.0,781.0,34.0,418.0,0.0,16.0,81.0,0.0,0.0,586.0,0.0,519.0,0.0,0.0,2189.38,1746.47,0.0,0.0,0.0,33.95,69.0,16.0,0.0,2.0,0.0,0.0,7.0,True,Churned
5053,1,25,1547.79,18,250,1.0,0.0,0.0,0.0,0.0,0.0,0.0,0.0,7.0,0.0,11.0,0.0,0.0,486.0,0.0,0.0,0.0,0.0,1044.0,0.0,0.0,1547.79,0.0,0.0,0.0,0.0,0.0,25.0,0.0,0.0,0.0,0.0,0.0,0.0,True,Churned
5055,3,5,499.65,4,452,0.0,1.0,0.0,29.0,0.0,0.0,0.0,0.0,0.0,0.0,0.0,0.0,250.0,0.0,0.0,0.0,221.0,0.0,0.0,0.0,0.0,250.45,249.2,0.0,0.0,0.0,0.0,1.0,1.0,0.0,0.0,0.0,0.0,0.0,True,Churned
5056,4,41,6273.41,22,629,0.21,0.79,500.0,2.0,0.0,0.0,0.0,201.0,271.0,0.0,625.0,0.0,0.0,33.0,0.0,3000.0,1437.0,0.0,205.0,0.0,0.0,6209.26,64.15,0.0,0.0,0.0,0.0,34.0,0.0,0.0,1.0,2.0,0.0,0.0,True,Churned
5057,5,32,203.53,14,109,0.44,0.56,0.0,42.0,0.0,4.0,0.0,0.0,96.0,0.0,0.0,0.0,0.0,23.0,0.0,0.0,14.0,0.0,24.0,0.0,0.0,203.53,0.0,0.0,0.0,0.0,0.0,10.0,5.0,0.0,10.0,0.0,0.0,6.0,True,Churned
5058,2,14,351.58,9,81,0.91,0.09,0.0,0.0,0.0,30.0,0.0,0.0,196.0,0.0,0.0,0.0,4.0,0.0,0.0,0.0,87.0,0.0,35.0,0.0,0.0,30.0,0.0,0.0,0.0,0.0,0.0,1.0,0.0,0.0,0.0,0.0,0.0,0.0,True,Churned
5060,3,142,2290.46,55,935,0.81,0.19,0.0,132.0,0.0,56.0,0.0,0.0,1503.0,33.0,12.0,0.0,0.0,120.0,0.0,0.0,407.0,0.0,27.0,0.0,0.0,2237.05,53.41,0.0,0.0,0.0,0.0,139.0,2.0,0.0,1.0,0.0,0.0,0.0,True,Churned
5061,1,1,1.25,1,1,1.0,0.0,0.0,0.0,0.0,0.0,0.0,0.0,1.0,0.0,0.0,0.0,0.0,0.0,0.0,0.0,0.0,0.0,0.0,0.0,0.0,1.25,0.0,0.0,0.0,0.0,0.0,1.0,0.0,0.0,0.0,0.0,0.0,0.0,True,Churned
5062,2,11,102.47,8,247,0.62,0.38,0.0,0.0,0.0,0.0,0.0,0.0,39.0,0.0,0.0,0.0,0.0,0.0,0.0,38.0,24.0,0.0,1.0,0.0,0.0,64.05,38.42,0.0,0.0,0.0,0.0,10.0,0.0,0.0,1.0,0.0,0.0,0.0,True,Churned
5065,1,1,0.75,1,1,1.0,0.0,0.0,0.0,0.0,0.0,0.0,0.0,0.0,0.0,0.0,0.0,0.0,0.0,0.0,0.0,1.0,0.0,0.0,0.0,0.0,0.75,0.0,0.0,0.0,0.0,0.0,1.0,0.0,0.0,0.0,0.0,0.0,0.0,True,Churned
5066,1,2,58.7,2,12,1.0,0.0,50.0,0.0,0.0,0.0,0.0,0.0,9.0,0.0,0.0,0.0,0.0,0.0,0.0,0.0,0.0,0.0,0.0,0.0,0.0,58.7,0.0,0.0,0.0,0.0,0.0,2.0,0.0,0.0,0.0,0.0,0.0,0.0,True,Churned
5067,7,42,2050.95,13,335,0.0,1.0,1028.0,26.0,0.0,419.0,0.0,0.0,0.0,0.0,0.0,0.0,0.0,16.0,0.0,500.0,53.0,0.0,8.0,0.0,0.0,1585.81,402.48,0.0,0.0,0.0,62.66,5.0,0.0,0.0,22.0,2.0,0.0,4.0,True,Churned
5068,1,5,127.21,4,30,0.59,0.41,0.0,0.0,0.0,0.0,0.0,0.0,8.0,67.0,0.0,0.0,0.0,0.0,0.0,0.0,52.0,0.0,0.0,0.0,0.0,127.21,0.0,0.0,0.0,0.0,0.0,5.0,0.0,0.0,0.0,0.0,0.0,0.0,True,Churned
5069,2,6,112.45,3,27,0.06,0.94,0.0,86.0,0.0,0.0,0.0,0.0,7.0,0.0,0.0,0.0,0.0,0.0,0.0,0.0,0.0,0.0,20.0,0.0,0.0,112.45,0.0,0.0,0.0,0.0,0.0,5.0,0.0,0.0,0.0,0.0,0.0,0.0,True,Churned
5071,1,6,166.2,5,8,1.0,0.0,0.0,0.0,0.0,99.0,0.0,0.0,0.0,25.0,0.0,0.0,0.0,0.0,0.0,0.0,37.0,0.0,5.0,0.0,0.0,166.2,0.0,0.0,0.0,0.0,0.0,6.0,0.0,0.0,0.0,0.0,0.0,0.0,True,Churned
5072,3,105,2362.06,32,536,0.97,0.03,0.0,20.0,0.0,0.0,0.0,0.0,1440.0,269.0,0.0,0.0,0.0,14.0,0.0,0.0,290.0,12.0,317.0,0.0,0.0,1054.69,1307.37,0.0,0.0,0.0,0.0,35.0,31.0,0.0,0.0,0.0,0.0,0.0,True,Churned
5076,8,101,3482.23,64,884,0.93,0.07,1012.0,35.0,0.0,55.0,0.0,14.0,1247.0,62.0,125.0,0.0,0.0,415.0,0.0,0.0,214.0,0.0,304.0,0.0,0.0,441.38,3026.06,0.0,0.0,0.0,14.79,20.0,0.0,3.0,4.0,0.0,0.0,1.0,True,Churned
5098,15,210,3538.43,60,530,0.5,0.5,717.0,461.0,0.0,218.0,0.0,32.0,160.0,5.0,91.0,0.0,0.0,221.0,0.0,0.0,1473.0,20.0,140.0,0.0,0.0,2043.89,1097.54,0.0,0.0,0.0,42.84,60.0,46.0,0.0,3.0,8.0,1.0,53.0,True,Churned
5099,1,3,78.0,1,11,0.0,1.0,0.0,0.0,0.0,78.0,0.0,0.0,0.0,0.0,0.0,0.0,0.0,0.0,0.0,0.0,0.0,0.0,0.0,0.0,0.0,78.0,0.0,0.0,0.0,0.0,0.0,3.0,0.0,0.0,0.0,0.0,0.0,0.0,True,Churned
5100,3,28,11402.44,16,242,1.0,0.0,11000.0,0.0,0.0,0.0,0.0,0.0,52.0,0.0,0.0,0.0,0.0,170.0,0.0,0.0,114.0,0.0,67.0,0.0,0.0,11000.0,402.44,0.0,0.0,0.0,0.0,13.0,1.0,0.0,0.0,0.0,0.0,0.0,True,Churned
5101,1,2,15.6,2,2,1.0,0.0,0.0,0.0,0.0,0.0,0.0,0.0,7.0,9.0,0.0,0.0,0.0,0.0,0.0,0.0,0.0,0.0,0.0,0.0,0.0,15.6,0.0,0.0,0.0,0.0,0.0,2.0,0.0,0.0,0.0,0.0,0.0,0.0,True,Churned
5103,13,1362,21885.84,227,917,0.52,0.48,2008.0,1594.0,0.0,1672.0,0.0,330.0,7442.0,291.0,5.0,0.0,141.0,3132.0,0.0,512.0,1131.0,75.0,3554.0,0.0,0.0,20226.8,760.67,0.0,0.0,0.0,898.37,1155.0,35.0,4.0,10.0,79.0,1.0,14.0,True,Churned
5104,3,18,2320.24,16,363,0.76,0.24,1060.0,0.0,0.0,69.0,0.0,395.0,85.0,0.0,0.0,0.0,0.0,52.0,0.0,0.0,235.0,0.0,425.0,0.0,0.0,1901.8,418.44,0.0,0.0,0.0,0.0,15.0,2.0,0.0,1.0,0.0,0.0,0.0,True,Churned
5105,2,8,92.27,6,38,0.97,0.03,0.0,0.0,0.0,0.0,0.0,0.0,75.0,0.0,0.0,0.0,0.0,0.0,0.0,0.0,3.0,0.0,15.0,0.0,0.0,89.45,0.0,0.0,0.0,0.0,2.82,5.0,0.0,0.0,0.0,0.0,0.0,0.0,True,Churned
5109,2,48,1211.05,26,124,0.61,0.39,0.0,0.0,0.0,0.0,0.0,0.0,281.0,37.0,0.0,0.0,0.0,63.0,0.0,0.0,806.0,0.0,23.0,0.0,0.0,1211.05,0.0,0.0,0.0,0.0,0.0,47.0,0.0,0.0,0.0,0.0,0.0,0.0,True,Churned
5110,1,6,212.9,2,1,0.0,1.0,0.0,0.0,0.0,200.0,0.0,0.0,0.0,0.0,0.0,0.0,0.0,0.0,0.0,0.0,13.0,0.0,0.0,0.0,0.0,212.9,0.0,0.0,0.0,0.0,0.0,6.0,0.0,0.0,0.0,0.0,0.0,0.0,True,Churned
5111,2,2,95.21,2,2,0.01,0.99,94.0,0.0,0.0,0.0,0.0,0.0,1.0,0.0,0.0,0.0,0.0,0.0,0.0,0.0,0.0,0.0,0.0,0.0,0.0,1.0,0.0,0.0,0.0,0.0,94.21,1.0,0.0,0.0,0.0,0.0,0.0,0.0,True,Churned
5112,1,2,6.0,1,3,0.0,1.0,0.0,0.0,0.0,0.0,0.0,6.0,0.0,0.0,0.0,0.0,0.0,0.0,0.0,0.0,0.0,0.0,0.0,0.0,0.0,6.0,0.0,0.0,0.0,0.0,0.0,2.0,0.0,0.0,0.0,0.0,0.0,0.0,True,Churned
5113,7,147,8700.02,77,197,0.86,0.14,1296.0,83.0,0.0,220.0,0.0,336.0,1694.0,85.0,263.0,0.0,30.0,331.0,0.0,0.0,3747.0,20.0,592.0,0.0,0.0,3917.24,4782.78,0.0,0.0,0.0,0.0,99.0,29.0,2.0,0.0,3.0,0.0,0.0,True,Churned
5114,1,7,191.9,3,33,0.03,0.97,0.0,0.0,0.0,120.0,0.0,0.0,5.0,0.0,0.0,0.0,0.0,0.0,0.0,0.0,0.0,0.0,67.0,0.0,0.0,191.9,0.0,0.0,0.0,0.0,0.0,7.0,0.0,0.0,0.0,0.0,0.0,0.0,True,Churned
5117,2,3,27.64,2,4,0.72,0.28,20.0,8.0,0.0,0.0,0.0,0.0,0.0,0.0,0.0,0.0,0.0,0.0,0.0,0.0,0.0,0.0,0.0,0.0,0.0,20.0,0.0,0.0,0.0,0.0,7.64,1.0,0.0,0.0,0.0,0.0,0.0,0.0,True,Churned
5120,3,6,1846.01,4,105,0.0,1.0,0.0,13.0,0.0,0.0,0.0,0.0,0.0,0.0,1746.0,0.0,0.0,0.0,0.0,0.0,86.0,0.0,0.0,0.0,0.0,1787.6,0.0,0.0,0.0,0.0,58.41,1.0,0.0,0.0,4.0,0.0,0.0,1.0,True,Churned
5129,2,62,2572.5,40,188,0.9,0.1,198.0,0.0,0.0,337.0,0.0,0.0,458.0,0.0,45.0,0.0,0.0,1194.0,0.0,0.0,297.0,0.0,44.0,0.0,0.0,2392.75,179.75,0.0,0.0,0.0,0.0,61.0,0.0,0.0,0.0,0.0,1.0,0.0,True,Churned
5130,6,61,4899.46,15,139,0.95,0.05,4645.0,75.0,0.0,0.0,0.0,154.0,26.0,0.0,0.0,0.0,0.0,0.0,0.0,0.0,0.0,0.0,0.0,0.0,0.0,252.28,2.09,0.0,0.0,0.0,0.0,2.0,0.0,3.0,5.0,0.0,0.0,11.0,True,Churned
5131,6,69,3046.48,55,497,0.98,0.02,1140.0,0.0,0.0,45.0,0.0,127.0,321.0,0.0,61.0,0.0,0.0,586.0,0.0,0.0,65.0,7.0,695.0,0.0,0.0,337.4,2709.08,0.0,0.0,0.0,0.0,13.0,3.0,37.0,0.0,0.0,0.0,0.0,True,Churned
5132,3,12,388.11,9,718,0.43,0.57,0.0,73.0,0.0,0.0,0.0,0.0,6.0,0.0,60.0,0.0,0.0,102.0,0.0,0.0,0.0,0.0,148.0,0.0,0.0,388.11,0.0,0.0,0.0,0.0,0.0,5.0,0.0,0.0,0.0,2.0,0.0,0.0,True,Churned
5134,1,11,108.45,8,4,0.9,0.1,0.0,0.0,0.0,0.0,0.0,0.0,84.0,0.0,0.0,0.0,0.0,14.0,0.0,0.0,11.0,0.0,0.0,0.0,0.0,108.45,0.0,0.0,0.0,0.0,0.0,11.0,0.0,0.0,0.0,0.0,0.0,0.0,True,Churned
5135,1,11,3562.2,7,443,1.0,0.0,0.0,0.0,0.0,0.0,0.0,0.0,151.0,0.0,0.0,0.0,0.0,0.0,0.0,0.0,3395.0,0.0,16.0,0.0,0.0,3562.2,0.0,0.0,0.0,0.0,0.0,11.0,0.0,0.0,0.0,0.0,0.0,0.0,True,Churned
5136,1,8,191.64,7,72,0.76,0.24,0.0,0.0,0.0,7.0,0.0,0.0,76.0,67.0,0.0,0.0,0.0,30.0,0.0,0.0,0.0,0.0,12.0,0.0,0.0,191.64,0.0,0.0,0.0,0.0,0.0,8.0,0.0,0.0,0.0,0.0,0.0,0.0,True,Churned
5138,3,11,499.95,6,249,0.0,1.0,0.0,116.0,0.0,100.0,0.0,0.0,85.0,0.0,0.0,0.0,0.0,0.0,0.0,0.0,200.0,0.0,0.0,0.0,0.0,499.95,0.0,0.0,0.0,0.0,0.0,5.0,0.0,0.0,0.0,5.0,0.0,0.0,True,Churned
5139,2,132,1825.2,17,742,0.11,0.89,0.0,26.0,0.0,54.0,0.0,0.0,75.0,0.0,10.0,0.0,0.0,16.0,0.0,0.0,168.0,0.0,1477.0,0.0,0.0,1825.2,0.0,0.0,0.0,0.0,0.0,130.0,0.0,0.0,0.0,2.0,0.0,0.0,True,Churned
5140,1,26,13498.8,8,226,0.99,0.01,13300.0,0.0,0.0,0.0,0.0,0.0,0.0,34.0,0.0,0.0,0.0,0.0,0.0,0.0,0.0,0.0,165.0,0.0,0.0,13498.8,0.0,0.0,0.0,0.0,0.0,26.0,0.0,0.0,0.0,0.0,0.0,0.0,True,Churned
5141,1,72,11442.28,34,69,0.98,0.02,10000.0,0.0,0.0,221.0,0.0,0.0,711.0,25.0,0.0,0.0,0.0,64.0,0.0,0.0,60.0,0.0,361.0,0.0,0.0,11442.28,0.0,0.0,0.0,0.0,0.0,72.0,0.0,0.0,0.0,0.0,0.0,0.0,True,Churned
5146,2,8,78.21,4,66,0.31,0.69,0.0,0.0,0.0,19.0,0.0,0.0,24.0,0.0,0.0,0.0,0.0,35.0,0.0,0.0,0.0,0.0,0.0,0.0,0.0,78.21,0.0,0.0,0.0,0.0,0.0,6.0,0.0,0.0,0.0,0.0,0.0,0.0,True,Churned
5148,4,4,2948.04,4,333,0.99,0.01,0.0,0.0,0.0,0.0,0.0,0.0,0.0,0.0,0.0,0.0,0.0,0.0,0.0,30.0,2918.0,0.0,0.0,0.0,0.0,2940.0,8.04,0.0,0.0,0.0,0.0,1.0,0.0,1.0,1.0,1.0,0.0,0.0,True,Churned
5149,3,35,351.92,17,287,0.86,0.14,0.0,0.0,0.0,20.0,0.0,0.0,179.0,20.0,0.0,0.0,0.0,101.0,0.0,0.0,32.0,0.0,0.0,0.0,0.0,331.65,20.27,0.0,0.0,0.0,0.0,33.0,0.0,0.0,1.0,0.0,0.0,0.0,True,Churned
5152,4,45,67197.65,4,858,0.0,1.0,30131.0,0.0,0.0,0.0,0.0,0.0,0.0,0.0,0.0,0.0,0.0,0.0,0.0,37067.0,0.0,0.0,0.0,0.0,0.0,67197.65,0.0,0.0,0.0,0.0,0.0,17.0,0.0,0.0,25.0,0.0,0.0,0.0,True,Churned
5153,2,3,654.25,2,3,0.0,1.0,554.0,0.0,0.0,100.0,0.0,0.0,0.0,0.0,0.0,0.0,0.0,0.0,0.0,0.0,0.0,0.0,0.0,0.0,0.0,654.25,0.0,0.0,0.0,0.0,0.0,1.0,0.0,0.0,0.0,0.0,0.0,0.0,True,Churned
5154,1,8,260.0,1,120,0.0,1.0,0.0,0.0,0.0,260.0,0.0,0.0,0.0,0.0,0.0,0.0,0.0,0.0,0.0,0.0,0.0,0.0,0.0,0.0,0.0,260.0,0.0,0.0,0.0,0.0,0.0,8.0,0.0,0.0,0.0,0.0,0.0,0.0,True,Churned
5155,1,1,4.75,1,1,1.0,0.0,0.0,0.0,0.0,0.0,0.0,0.0,5.0,0.0,0.0,0.0,0.0,0.0,0.0,0.0,0.0,0.0,0.0,0.0,0.0,4.75,0.0,0.0,0.0,0.0,0.0,1.0,0.0,0.0,0.0,0.0,0.0,0.0,True,Churned
5156,1,3,17.1,3,74,1.0,0.0,0.0,0.0,0.0,0.0,0.0,0.0,0.0,0.0,0.0,0.0,0.0,6.0,0.0,0.0,7.0,0.0,5.0,0.0,0.0,17.1,0.0,0.0,0.0,0.0,0.0,3.0,0.0,0.0,0.0,0.0,0.0,0.0,True,Churned
5157,1,6,60.7,2,17,1.0,0.0,0.0,0.0,0.0,0.0,0.0,0.0,0.0,0.0,0.0,0.0,0.0,0.0,0.0,0.0,20.0,0.0,41.0,0.0,0.0,60.7,0.0,0.0,0.0,0.0,0.0,6.0,0.0,0.0,0.0,0.0,0.0,0.0,True,Churned
5159,2,271,9474.06,103,626,1.0,0.0,0.0,0.0,0.0,0.0,0.0,0.0,2442.0,372.0,409.0,0.0,23.0,4851.0,0.0,0.0,1004.0,0.0,374.0,0.0,0.0,9360.59,113.47,0.0,0.0,0.0,0.0,267.0,0.0,4.0,0.0,0.0,0.0,0.0,True,Churned
5160,2,5,50.06,5,246,1.0,0.0,0.0,0.0,0.0,0.0,0.0,0.0,50.0,0.0,0.0,0.0,0.0,0.0,0.0,0.0,0.0,0.0,0.0,0.0,0.0,24.05,26.01,0.0,0.0,0.0,0.0,3.0,0.0,0.0,0.0,0.0,0.0,0.0,True,Churned
5161,2,44,726.3,39,492,1.0,0.0,0.0,0.0,0.0,0.0,0.0,0.0,165.0,77.0,0.0,0.0,0.0,422.0,0.0,0.0,0.0,0.0,62.0,0.0,0.0,700.89,25.41,0.0,0.0,0.0,0.0,43.0,0.0,0.0,0.0,0.0,0.0,0.0,True,Churned
5163,1,56,647.2,42,677,1.0,0.0,0.0,0.0,0.0,0.0,0.0,0.0,204.0,4.0,0.0,0.0,0.0,286.0,0.0,0.0,38.0,0.0,115.0,0.0,0.0,647.2,0.0,0.0,0.0,0.0,0.0,56.0,0.0,0.0,0.0,0.0,0.0,0.0,True,Churned
5164,3,23,399.11,18,910,0.35,0.65,0.0,0.0,0.0,0.0,0.0,0.0,208.0,0.0,0.0,0.0,0.0,8.0,0.0,0.0,172.0,0.0,10.0,0.0,0.0,276.23,0.0,0.0,0.0,0.0,122.88,19.0,0.0,0.0,0.0,0.0,0.0,0.0,True,Churned
5167,1,4,27.5,3,7,1.0,0.0,0.0,0.0,0.0,0.0,0.0,0.0,8.0,0.0,0.0,0.0,0.0,19.0,0.0,0.0,0.0,0.0,0.0,0.0,0.0,27.5,0.0,0.0,0.0,0.0,0.0,4.0,0.0,0.0,0.0,0.0,0.0,0.0,True,Churned
5168,1,6,112.6,5,3,1.0,0.0,0.0,0.0,0.0,0.0,0.0,0.0,113.0,0.0,0.0,0.0,0.0,0.0,0.0,0.0,0.0,0.0,0.0,0.0,0.0,112.6,0.0,0.0,0.0,0.0,0.0,6.0,0.0,0.0,0.0,0.0,0.0,0.0,True,Churned
5170,1,2,362.7,2,513,0.0,1.0,0.0,0.0,0.0,0.0,0.0,0.0,0.0,0.0,145.0,0.0,0.0,0.0,0.0,0.0,218.0,0.0,0.0,0.0,0.0,362.7,0.0,0.0,0.0,0.0,0.0,2.0,0.0,0.0,0.0,0.0,0.0,0.0,True,Churned
5171,1,1,22.55,1,1,1.0,0.0,0.0,0.0,0.0,0.0,0.0,0.0,23.0,0.0,0.0,0.0,0.0,0.0,0.0,0.0,0.0,0.0,0.0,0.0,0.0,22.55,0.0,0.0,0.0,0.0,0.0,1.0,0.0,0.0,0.0,0.0,0.0,0.0,True,Churned
5174,1,1,1.5,1,1,1.0,0.0,0.0,0.0,0.0,0.0,0.0,0.0,2.0,0.0,0.0,0.0,0.0,0.0,0.0,0.0,0.0,0.0,0.0,0.0,0.0,1.5,0.0,0.0,0.0,0.0,0.0,1.0,0.0,0.0,0.0,0.0,0.0,0.0,True,Churned
5176,3,63,1460.63,38,751,0.98,0.02,0.0,36.0,0.0,0.0,0.0,0.0,406.0,64.0,0.0,0.0,0.0,197.0,0.0,0.0,617.0,40.0,101.0,0.0,0.0,603.5,857.13,0.0,0.0,0.0,0.0,45.0,6.0,0.0,0.0,0.0,0.0,0.0,True,Churned
5184,2,32,407.64,2,844,0.0,1.0,0.0,0.0,0.0,311.0,0.0,0.0,0.0,0.0,0.0,0.0,0.0,0.0,0.0,0.0,0.0,0.0,97.0,0.0,0.0,407.64,0.0,0.0,0.0,0.0,0.0,21.0,11.0,0.0,0.0,0.0,0.0,0.0,True,Churned
5185,2,3,110.92,3,58,0.0,1.0,0.0,9.0,0.0,0.0,0.0,2.0,0.0,0.0,0.0,0.0,0.0,0.0,0.0,0.0,0.0,0.0,99.0,0.0,0.0,101.55,0.0,0.0,0.0,0.0,9.37,2.0,0.0,0.0,0.0,0.0,0.0,1.0,True,Churned
5187,1,6,111.0,2,6,1.0,0.0,0.0,3.0,0.0,0.0,0.0,0.0,108.0,0.0,0.0,0.0,0.0,0.0,0.0,0.0,0.0,0.0,0.0,0.0,0.0,111.0,0.0,0.0,0.0,0.0,0.0,6.0,0.0,0.0,0.0,0.0,0.0,0.0,True,Churned
5188,4,27,333.56,18,315,0.7,0.3,0.0,0.0,0.0,0.0,0.0,0.0,131.0,0.0,0.0,0.0,0.0,15.0,0.0,0.0,124.0,0.0,63.0,0.0,0.0,331.79,1.77,0.0,0.0,0.0,0.0,20.0,1.0,0.0,1.0,0.0,0.0,0.0,True,Churned
5191,3,8,10.83,3,104,0.0,1.0,0.0,1.0,0.0,0.0,0.0,10.0,0.0,0.0,0.0,0.0,0.0,0.0,0.0,0.0,0.0,0.0,0.0,0.0,0.0,6.1,4.73,0.0,0.0,0.0,0.0,0.0,0.0,1.0,1.0,0.0,0.0,0.0,True,Churned
5192,1,1,25.1,1,1,1.0,0.0,0.0,0.0,0.0,0.0,0.0,0.0,25.0,0.0,0.0,0.0,0.0,0.0,0.0,0.0,0.0,0.0,0.0,0.0,0.0,25.1,0.0,0.0,0.0,0.0,0.0,1.0,0.0,0.0,0.0,0.0,0.0,0.0,True,Churned
5194,3,12,1162.63,8,212,0.82,0.18,932.0,0.0,0.0,208.0,0.0,0.0,23.0,0.0,0.0,0.0,0.0,0.0,0.0,0.0,0.0,0.0,0.0,0.0,0.0,53.95,932.18,0.0,0.0,0.0,176.5,7.0,2.0,0.0,0.0,0.0,0.0,0.0,True,Churned
5195,1,1,200.0,1,1,1.0,0.0,0.0,0.0,0.0,0.0,0.0,0.0,200.0,0.0,0.0,0.0,0.0,0.0,0.0,0.0,0.0,0.0,0.0,0.0,0.0,200.0,0.0,0.0,0.0,0.0,0.0,1.0,0.0,0.0,0.0,0.0,0.0,0.0,True,Churned
5197,1,4,100.0,1,682,1.0,0.0,0.0,0.0,0.0,0.0,0.0,0.0,100.0,0.0,0.0,0.0,0.0,0.0,0.0,0.0,0.0,0.0,0.0,0.0,0.0,100.0,0.0,0.0,0.0,0.0,0.0,4.0,0.0,0.0,0.0,0.0,0.0,0.0,True,Churned
5199,2,5,325.0,2,48,0.0,1.0,0.0,0.0,0.0,325.0,0.0,0.0,0.0,0.0,0.0,0.0,0.0,0.0,0.0,0.0,0.0,0.0,0.0,0.0,0.0,325.0,0.0,0.0,0.0,0.0,0.0,1.0,0.0,0.0,0.0,0.0,0.0,0.0,True,Churned
5200,1,1,164.2,1,1,0.0,1.0,0.0,164.0,0.0,0.0,0.0,0.0,0.0,0.0,0.0,0.0,0.0,0.0,0.0,0.0,0.0,0.0,0.0,0.0,0.0,164.2,0.0,0.0,0.0,0.0,0.0,1.0,0.0,0.0,0.0,0.0,0.0,0.0,True,Churned
5201,1,1,1.4,1,1,1.0,0.0,0.0,0.0,0.0,0.0,0.0,0.0,1.0,0.0,0.0,0.0,0.0,0.0,0.0,0.0,0.0,0.0,0.0,0.0,0.0,1.4,0.0,0.0,0.0,0.0,0.0,1.0,0.0,0.0,0.0,0.0,0.0,0.0,True,Churned
5203,1,3,17.55,3,7,1.0,0.0,0.0,0.0,0.0,0.0,0.0,0.0,8.0,0.0,0.0,0.0,0.0,10.0,0.0,0.0,0.0,0.0,0.0,0.0,0.0,17.55,0.0,0.0,0.0,0.0,0.0,3.0,0.0,0.0,0.0,0.0,0.0,0.0,True,Churned
5206,1,2,102.0,2,10,0.18,0.82,0.0,0.0,0.0,0.0,0.0,0.0,18.0,0.0,0.0,0.0,0.0,0.0,0.0,0.0,84.0,0.0,0.0,0.0,0.0,102.0,0.0,0.0,0.0,0.0,0.0,2.0,0.0,0.0,0.0,0.0,0.0,0.0,True,Churned
5208,1,1,53.31,1,1,0.0,1.0,53.0,0.0,0.0,0.0,0.0,0.0,0.0,0.0,0.0,0.0,0.0,0.0,0.0,0.0,0.0,0.0,0.0,0.0,0.0,53.31,0.0,0.0,0.0,0.0,0.0,0.0,0.0,0.0,1.0,0.0,0.0,0.0,True,Churned
5209,1,2,30.0,1,2,0.0,1.0,0.0,0.0,0.0,30.0,0.0,0.0,0.0,0.0,0.0,0.0,0.0,0.0,0.0,0.0,0.0,0.0,0.0,0.0,0.0,30.0,0.0,0.0,0.0,0.0,0.0,2.0,0.0,0.0,0.0,0.0,0.0,0.0,True,Churned
5210,1,1,85.13,1,1,0.0,1.0,0.0,0.0,0.0,0.0,0.0,0.0,0.0,0.0,0.0,0.0,0.0,0.0,0.0,85.0,0.0,0.0,0.0,0.0,0.0,85.13,0.0,0.0,0.0,0.0,0.0,1.0,0.0,0.0,0.0,0.0,0.0,0.0,True,Churned
5213,2,2,400.61,2,2,0.0,1.0,0.0,0.0,0.0,0.0,0.0,0.0,0.0,0.0,401.0,0.0,0.0,0.0,0.0,0.0,0.0,0.0,0.0,0.0,0.0,400.61,0.0,0.0,0.0,0.0,0.0,0.0,0.0,0.0,1.0,0.0,0.0,0.0,True,Churned
5214,1,7,30.9,4,7,1.0,0.0,0.0,0.0,0.0,0.0,0.0,0.0,31.0,0.0,0.0,0.0,0.0,0.0,0.0,0.0,0.0,0.0,0.0,0.0,0.0,30.9,0.0,0.0,0.0,0.0,0.0,7.0,0.0,0.0,0.0,0.0,0.0,0.0,True,Churned
5217,1,2,9.46,1,39,0.0,1.0,0.0,0.0,0.0,0.0,0.0,0.0,0.0,0.0,0.0,0.0,0.0,0.0,0.0,0.0,0.0,0.0,9.0,0.0,0.0,9.46,0.0,0.0,0.0,0.0,0.0,2.0,0.0,0.0,0.0,0.0,0.0,0.0,True,Churned
5219,2,4,193.53,4,333,0.09,0.91,0.0,0.0,0.0,0.0,0.0,0.0,0.0,0.0,0.0,0.0,0.0,0.0,0.0,0.0,177.0,0.0,17.0,0.0,0.0,16.75,176.78,0.0,0.0,0.0,0.0,2.0,2.0,0.0,0.0,0.0,0.0,0.0,True,Churned
5220,1,1,1.95,1,1,0.0,1.0,0.0,2.0,0.0,0.0,0.0,0.0,0.0,0.0,0.0,0.0,0.0,0.0,0.0,0.0,0.0,0.0,0.0,0.0,0.0,1.95,0.0,0.0,0.0,0.0,0.0,0.0,0.0,0.0,0.0,0.0,0.0,1.0,True,Churned
5223,1,1,12.0,1,1,1.0,0.0,0.0,0.0,0.0,0.0,0.0,0.0,0.0,0.0,12.0,0.0,0.0,0.0,0.0,0.0,0.0,0.0,0.0,0.0,0.0,12.0,0.0,0.0,0.0,0.0,0.0,1.0,0.0,0.0,0.0,0.0,0.0,0.0,True,Churned
5224,1,1,109.8,1,1,1.0,0.0,0.0,0.0,0.0,0.0,0.0,0.0,0.0,0.0,0.0,0.0,0.0,0.0,0.0,0.0,110.0,0.0,0.0,0.0,0.0,109.8,0.0,0.0,0.0,0.0,0.0,1.0,0.0,0.0,0.0,0.0,0.0,0.0,True,Churned
5225,1,1,5.5,1,1,1.0,0.0,0.0,0.0,0.0,0.0,0.0,0.0,6.0,0.0,0.0,0.0,0.0,0.0,0.0,0.0,0.0,0.0,0.0,0.0,0.0,5.5,0.0,0.0,0.0,0.0,0.0,1.0,0.0,0.0,0.0,0.0,0.0,0.0,True,Churned
5227,1,7,24.8,1,189,0.0,1.0,0.0,0.0,0.0,0.0,0.0,0.0,0.0,0.0,0.0,0.0,0.0,0.0,0.0,0.0,0.0,0.0,25.0,0.0,0.0,24.8,0.0,0.0,0.0,0.0,0.0,7.0,0.0,0.0,0.0,0.0,0.0,0.0,True,Churned
5228,1,1,8.5,1,1,1.0,0.0,0.0,0.0,0.0,0.0,0.0,0.0,0.0,0.0,0.0,0.0,0.0,9.0,0.0,0.0,0.0,0.0,0.0,0.0,0.0,8.5,0.0,0.0,0.0,0.0,0.0,1.0,0.0,0.0,0.0,0.0,0.0,0.0,True,Churned
5229,1,1,30.0,1,1,0.0,1.0,0.0,0.0,0.0,30.0,0.0,0.0,0.0,0.0,0.0,0.0,0.0,0.0,0.0,0.0,0.0,0.0,0.0,0.0,0.0,30.0,0.0,0.0,0.0,0.0,0.0,1.0,0.0,0.0,0.0,0.0,0.0,0.0,True,Churned
5230,1,1,24.99,1,1,0.0,1.0,0.0,0.0,0.0,0.0,0.0,25.0,0.0,0.0,0.0,0.0,0.0,0.0,0.0,0.0,0.0,0.0,0.0,0.0,0.0,24.99,0.0,0.0,0.0,0.0,0.0,0.0,0.0,0.0,1.0,0.0,0.0,0.0,True,Churned
5247,15,333,59717.74,65,373,0.03,0.97,119.0,40010.0,0.0,626.0,0.0,13850.0,1536.0,0.0,0.0,0.0,0.0,715.0,1312.0,0.0,1551.0,0.0,0.0,0.0,0.0,28436.68,21955.9,182.55,0.0,0.0,9142.61,44.0,2.0,9.0,4.0,182.0,0.0,52.0,True,Churned
5251,12,969,56984.79,247,547,0.25,0.75,667.0,3498.0,0.0,1294.0,0.0,171.0,2806.0,562.0,4234.0,0.0,31114.0,3906.0,0.0,0.0,4822.0,30.0,3882.0,0.0,0.0,51202.13,2735.99,0.0,0.0,0.0,858.2,593.0,12.0,16.0,1.0,12.0,11.0,234.0,True,Churned
5259,6,29,3858.82,21,327,0.72,0.28,0.0,258.0,0.0,75.0,0.0,2.0,569.0,0.0,0.0,0.0,0.0,1069.0,0.0,0.0,815.0,986.0,85.0,0.0,0.0,2964.98,893.84,0.0,0.0,0.0,0.0,17.0,0.0,4.0,3.0,0.0,0.0,0.0,True,Churned
5266,5,204,8453.79,79,303,0.67,0.33,1246.0,997.0,0.0,1310.0,0.0,0.0,1394.0,15.0,1.0,0.0,4.0,1143.0,0.0,0.0,2250.0,0.0,93.0,0.0,0.0,7942.2,511.59,0.0,0.0,0.0,0.0,186.0,0.0,2.0,0.0,12.0,0.0,0.0,True,Churned
5283,3,38,1028.47,33,654,1.0,0.0,0.0,66.0,0.0,36.0,0.0,0.0,682.0,50.0,6.0,0.0,0.0,123.0,0.0,0.0,17.0,0.0,49.0,0.0,0.0,980.25,48.22,0.0,0.0,0.0,0.0,36.0,0.0,0.0,0.0,0.0,1.0,0.0,True,Churned
5289,2,143,3000.35,55,326,0.96,0.04,0.0,135.0,0.0,0.0,0.0,0.0,1706.0,425.0,0.0,0.0,0.0,618.0,0.0,0.0,92.0,0.0,25.0,0.0,0.0,3000.35,0.0,0.0,0.0,0.0,0.0,142.0,0.0,0.0,0.0,0.0,0.0,0.0,True,Churned
5291,8,138,5603.95,90,399,0.95,0.05,789.0,20.0,0.0,105.0,0.0,1.0,1181.0,357.0,149.0,0.0,0.0,909.0,0.0,0.0,493.0,0.0,1599.0,0.0,0.0,125.54,5272.28,0.0,0.0,0.0,19.68,1.0,124.0,0.0,0.0,0.0,2.0,0.0,True,Churned
5292,2,15,227.25,11,604,0.71,0.29,0.0,0.0,0.0,0.0,0.0,0.0,44.0,0.0,67.0,0.0,0.0,32.0,0.0,0.0,84.0,0.0,0.0,0.0,0.0,227.25,0.0,0.0,0.0,0.0,0.0,14.0,1.0,0.0,0.0,0.0,0.0,0.0,True,Churned
5293,4,16,1874.06,5,102,0.22,0.78,420.0,5.0,0.0,32.0,0.0,0.0,0.0,0.0,0.0,0.0,399.0,0.0,0.0,1018.0,0.0,0.0,0.0,0.0,0.0,845.34,1028.72,0.0,0.0,0.0,0.0,3.0,1.0,0.0,8.0,0.0,0.0,4.0,True,Churned
5294,7,50,6579.49,16,576,0.0,1.0,206.0,0.0,0.0,1858.0,0.0,0.0,0.0,0.0,2796.0,0.0,0.0,0.0,0.0,1400.0,35.0,0.0,286.0,0.0,0.0,946.08,5633.41,0.0,0.0,0.0,0.0,11.0,2.0,0.0,25.0,0.0,0.0,0.0,True,Churned
5295,2,9,461.34,9,58,0.84,0.16,0.0,0.0,0.0,18.0,0.0,0.0,0.0,21.0,140.0,0.0,0.0,163.0,0.0,0.0,119.0,0.0,0.0,0.0,0.0,73.54,387.8,0.0,0.0,0.0,0.0,0.0,2.0,0.0,0.0,0.0,7.0,0.0,True,Churned
5296,6,563,4466.58,110,277,0.9,0.1,0.0,268.0,0.0,47.0,0.0,0.0,2493.0,85.0,129.0,0.0,0.0,629.0,0.0,0.0,470.0,11.0,336.0,0.0,0.0,4416.37,0.0,0.0,0.0,0.0,50.21,551.0,0.0,0.0,1.0,4.0,0.0,1.0,True,Churned
5297,9,495,11060.4,86,319,0.52,0.48,510.0,379.0,0.0,260.0,0.0,656.0,5608.0,12.0,1033.0,0.0,0.0,64.0,0.0,0.0,1486.0,15.0,1037.0,0.0,0.0,9864.39,1174.63,0.0,0.0,0.0,21.38,412.0,1.0,12.0,7.0,1.0,0.0,1.0,True,Churned
5301,8,146,2821.27,45,368,0.51,0.49,0.0,226.0,0.0,390.0,0.0,146.0,1313.0,0.0,6.0,0.0,57.0,65.0,0.0,0.0,557.0,0.0,62.0,0.0,0.0,2126.33,694.94,0.0,0.0,0.0,0.0,97.0,13.0,0.0,5.0,0.0,0.0,2.0,True,Churned
5303,1,1,3.9,1,1,1.0,0.0,0.0,0.0,0.0,0.0,0.0,0.0,0.0,0.0,0.0,0.0,0.0,0.0,0.0,0.0,0.0,0.0,4.0,0.0,0.0,3.9,0.0,0.0,0.0,0.0,0.0,1.0,0.0,0.0,0.0,0.0,0.0,0.0,True,Churned
5306,1,66,2020.6,36,105,0.99,0.01,400.0,0.0,0.0,54.0,0.0,0.0,767.0,204.0,15.0,0.0,47.0,382.0,0.0,0.0,52.0,0.0,100.0,0.0,0.0,2020.6,0.0,0.0,0.0,0.0,0.0,66.0,0.0,0.0,0.0,0.0,0.0,0.0,True,Churned
5307,7,93,9537.31,57,189,0.99,0.01,1490.0,93.0,0.0,0.0,0.0,19.0,306.0,0.0,2515.0,0.0,518.0,553.0,0.0,0.0,45.0,1643.0,2356.0,0.0,0.0,5848.79,2608.34,1080.18,0.0,0.0,0.0,40.0,2.0,10.0,6.0,0.0,24.0,0.0,True,Churned
5308,4,11,4429.7,6,428,0.03,0.97,2000.0,22.0,0.0,0.0,0.0,0.0,0.0,0.0,2002.0,0.0,0.0,0.0,0.0,0.0,166.0,189.0,52.0,0.0,0.0,4429.7,0.0,0.0,0.0,0.0,0.0,6.0,0.0,0.0,0.0,0.0,3.0,0.0,True,Churned
5311,1,3,264.0,2,151,0.72,0.28,190.0,0.0,0.0,74.0,0.0,0.0,0.0,0.0,0.0,0.0,0.0,0.0,0.0,0.0,0.0,0.0,0.0,0.0,0.0,264.0,0.0,0.0,0.0,0.0,0.0,3.0,0.0,0.0,0.0,0.0,0.0,0.0,True,Churned
5318,2,6,84.07,5,242,0.88,0.12,0.0,0.0,0.0,0.0,0.0,0.0,0.0,10.0,0.0,0.0,0.0,34.0,0.0,0.0,31.0,0.0,10.0,0.0,0.0,28.2,55.87,0.0,0.0,0.0,0.0,2.0,4.0,0.0,0.0,0.0,0.0,0.0,True,Churned
5320,17,740,119954.34,189,564,0.48,0.52,64397.0,8902.0,0.0,665.0,0.0,823.0,8384.0,1312.0,165.0,0.0,277.0,1456.0,0.0,790.0,29983.0,195.0,2608.0,0.0,0.0,112607.81,1778.25,0.0,0.0,0.0,5505.81,439.0,7.0,21.0,19.0,79.0,0.0,29.0,True,Churned
5322,6,46,5601.69,21,534,0.19,0.81,4535.0,197.0,0.0,100.0,0.0,55.0,297.0,0.0,0.0,0.0,0.0,0.0,0.0,15.0,146.0,0.0,257.0,0.0,0.0,5222.8,332.78,0.0,0.0,0.0,46.11,18.0,3.0,0.0,0.0,16.0,0.0,0.0,True,Churned
5323,1,109,3534.25,33,114,1.0,0.0,810.0,443.0,0.0,0.0,0.0,0.0,1255.0,86.0,0.0,0.0,0.0,64.0,0.0,0.0,494.0,0.0,383.0,0.0,0.0,3534.25,0.0,0.0,0.0,0.0,0.0,109.0,0.0,0.0,0.0,0.0,0.0,0.0,True,Churned
5324,6,64,2804.57,46,268,0.74,0.26,1289.0,0.0,0.0,40.0,0.0,6.0,184.0,10.0,210.0,0.0,0.0,218.0,0.0,200.0,109.0,0.0,538.0,0.0,0.0,521.3,2283.27,0.0,0.0,0.0,0.0,30.0,19.0,0.0,2.0,1.0,11.0,0.0,True,Churned
5325,2,40,2330.8,22,153,0.4,0.6,660.0,122.0,0.0,1280.0,0.0,0.0,70.0,0.0,0.0,0.0,0.0,22.0,0.0,0.0,138.0,0.0,39.0,0.0,0.0,2330.8,0.0,0.0,0.0,0.0,0.0,39.0,0.0,0.0,0.0,0.0,0.0,0.0,True,Churned
5326,1,8,30.55,6,67,1.0,0.0,0.0,0.0,0.0,2.0,0.0,0.0,6.0,0.0,0.0,0.0,0.0,2.0,0.0,0.0,0.0,0.0,21.0,0.0,0.0,30.55,0.0,0.0,0.0,0.0,0.0,8.0,0.0,0.0,0.0,0.0,0.0,0.0,True,Churned
5342,14,1534,45537.39,533,849,0.88,0.12,1307.0,960.0,0.0,1354.0,0.0,404.0,14813.0,2027.0,3691.0,0.0,160.0,12360.0,0.0,1200.0,3949.0,240.0,2979.0,95.0,0.0,39496.16,2680.38,0.0,0.0,0.0,352.86,1270.0,14.0,12.0,15.0,0.0,16.0,12.0,True,Churned
5349,10,187,9711.38,100,905,0.86,0.14,0.0,539.0,0.0,692.0,0.0,0.0,1460.0,134.0,2192.0,0.0,367.0,1475.0,0.0,0.0,2147.0,21.0,685.0,0.0,0.0,4845.48,4572.02,0.0,0.0,0.0,293.88,110.0,27.0,3.0,1.0,19.0,15.0,3.0,True,Churned
5357,6,15,195.28,5,317,0.0,1.0,0.0,111.0,0.0,52.0,0.0,0.0,0.0,0.0,0.0,0.0,0.0,0.0,0.0,0.0,33.0,0.0,0.0,0.0,0.0,195.28,0.0,0.0,0.0,0.0,0.0,6.0,0.0,0.0,1.0,0.0,0.0,5.0,True,Churned
5358,13,314,18772.27,200,761,0.6,0.4,556.0,1986.0,0.0,592.0,0.0,198.0,1350.0,313.0,8081.0,0.0,106.0,3064.0,0.0,0.0,1121.0,10.0,1395.0,0.0,0.0,4857.1,8239.9,0.0,0.0,0.0,174.32,58.0,75.0,0.0,3.0,8.0,13.0,0.0,True,Churned
5360,7,57,4017.18,28,325,0.09,0.91,0.0,1239.0,0.0,65.0,0.0,0.0,286.0,4.0,98.0,0.0,0.0,100.0,0.0,0.0,1942.0,0.0,283.0,0.0,0.0,2298.31,1718.87,0.0,0.0,0.0,0.0,8.0,2.0,6.0,6.0,1.0,0.0,4.0,True,Churned
5362,5,57,1716.65,35,125,0.96,0.04,959.0,29.0,0.0,0.0,0.0,37.0,241.0,0.0,63.0,0.0,0.0,159.0,0.0,0.0,93.0,0.0,137.0,0.0,0.0,836.77,879.88,0.0,0.0,0.0,0.0,40.0,0.0,0.0,1.0,7.0,0.0,0.0,True,Churned
5367,5,207,2918.41,89,504,0.72,0.28,564.0,229.0,0.0,165.0,0.0,50.0,981.0,16.0,39.0,0.0,0.0,462.0,0.0,0.0,278.0,102.0,32.0,0.0,0.0,2558.93,359.48,0.0,0.0,0.0,0.0,196.0,3.0,0.0,0.0,0.0,0.0,0.0,True,Churned
5370,1,4,335.8,4,104,1.0,0.0,0.0,0.0,0.0,0.0,0.0,0.0,14.0,65.0,225.0,0.0,0.0,32.0,0.0,0.0,0.0,0.0,0.0,0.0,0.0,335.8,0.0,0.0,0.0,0.0,0.0,4.0,0.0,0.0,0.0,0.0,0.0,0.0,True,Churned
5371,2,40,387.52,11,849,0.88,0.12,0.0,0.0,0.0,0.0,0.0,0.0,281.0,0.0,0.0,0.0,0.0,74.0,0.0,0.0,32.0,0.0,0.0,0.0,0.0,362.53,0.0,0.0,0.0,0.0,24.99,39.0,0.0,0.0,0.0,0.0,0.0,0.0,True,Churned
5373,2,42,522.81,21,359,0.91,0.09,22.0,12.0,0.0,0.0,0.0,0.0,73.0,0.0,0.0,0.0,0.0,48.0,0.0,0.0,145.0,0.0,223.0,0.0,0.0,522.81,0.0,0.0,0.0,0.0,0.0,41.0,0.0,0.0,0.0,0.0,0.0,0.0,True,Churned
5374,8,718,16121.24,166,410,0.5,0.5,1895.0,304.0,0.0,99.0,0.0,0.0,4884.0,162.0,311.0,0.0,0.0,2399.0,0.0,5509.0,389.0,0.0,168.0,0.0,0.0,13514.96,2463.02,0.0,0.0,0.0,143.26,623.0,6.0,0.0,35.0,0.0,0.0,9.0,True,Churned
5378,1,6,64.65,6,23,1.0,0.0,0.0,0.0,0.0,0.0,0.0,0.0,9.0,0.0,0.0,0.0,0.0,56.0,0.0,0.0,0.0,0.0,0.0,0.0,0.0,64.65,0.0,0.0,0.0,0.0,0.0,6.0,0.0,0.0,0.0,0.0,0.0,0.0,True,Churned
5380,6,322,10752.01,130,332,0.95,0.05,215.0,454.0,0.0,123.0,0.0,56.0,4628.0,269.0,351.0,0.0,0.0,1835.0,0.0,0.0,1635.0,6.0,1180.0,0.0,0.0,9224.35,1463.39,0.0,0.0,0.0,64.27,266.0,7.0,20.0,0.0,19.0,0.0,1.0,True,Churned
5384,14,2524,91486.45,431,574,0.39,0.61,2768.0,27078.0,0.0,7892.0,0.0,86.0,10587.0,1177.0,7826.0,0.0,0.0,12948.0,433.0,9021.0,6582.0,141.0,4949.0,0.0,0.0,73833.11,3530.71,0.0,0.0,0.0,10855.02,1385.0,31.0,0.0,5.0,821.0,71.0,105.0,True,Churned
5387,2,7,1301.91,2,13,0.0,1.0,329.0,0.0,0.0,0.0,0.0,973.0,0.0,0.0,0.0,0.0,0.0,0.0,0.0,0.0,0.0,0.0,0.0,0.0,0.0,649.2,652.71,0.0,0.0,0.0,0.0,0.0,0.0,1.0,6.0,0.0,0.0,0.0,True,Churned
5388,1,2,51.2,1,265,1.0,0.0,0.0,0.0,0.0,0.0,0.0,0.0,0.0,0.0,51.0,0.0,0.0,0.0,0.0,0.0,0.0,0.0,0.0,0.0,0.0,51.2,0.0,0.0,0.0,0.0,0.0,2.0,0.0,0.0,0.0,0.0,0.0,0.0,True,Churned
5389,2,8,169.13,5,51,0.76,0.24,0.0,0.0,0.0,0.0,0.0,0.0,57.0,0.0,0.0,0.0,0.0,40.0,0.0,0.0,73.0,0.0,0.0,0.0,0.0,166.5,2.63,0.0,0.0,0.0,0.0,7.0,1.0,0.0,0.0,0.0,0.0,0.0,True,Churned
5392,2,28,911.9,18,49,0.79,0.21,200.0,0.0,0.0,4.0,0.0,0.0,81.0,85.0,0.0,0.0,0.0,21.0,0.0,0.0,314.0,0.0,206.0,0.0,0.0,911.9,0.0,0.0,0.0,0.0,0.0,27.0,0.0,0.0,0.0,0.0,0.0,1.0,True,Churned
5393,10,187,9323.18,53,518,0.08,0.92,815.0,3237.0,0.0,162.0,0.0,21.0,1834.0,139.0,0.0,0.0,450.0,64.0,0.0,0.0,2208.0,22.0,371.0,0.0,0.0,8883.35,126.58,0.0,0.0,0.0,313.25,104.0,4.0,0.0,2.0,35.0,0.0,24.0,True,Churned
5394,7,130,1037.64,19,116,0.07,0.93,0.0,285.0,0.0,199.0,0.0,0.0,72.0,0.0,0.0,0.0,0.0,0.0,0.0,0.0,89.0,0.0,392.0,0.0,0.0,948.28,76.52,0.0,0.0,0.0,12.84,94.0,6.0,0.0,2.0,17.0,0.0,8.0,True,Churned
5395,3,73,3788.42,27,80,0.83,0.17,1690.0,30.0,0.0,509.0,0.0,0.0,794.0,74.0,0.0,0.0,0.0,138.0,0.0,0.0,342.0,0.0,211.0,0.0,0.0,3788.42,0.0,0.0,0.0,0.0,0.0,67.0,0.0,0.0,5.0,0.0,0.0,0.0,True,Churned
5397,5,92,2531.47,53,415,0.3,0.7,0.0,60.0,0.0,58.0,0.0,24.0,312.0,0.0,1278.0,0.0,15.0,135.0,0.0,0.0,400.0,0.0,251.0,0.0,0.0,2278.49,196.59,0.0,0.0,0.0,56.39,79.0,8.0,0.0,0.0,0.0,1.0,0.0,True,Churned
5398,1,1,37.0,1,1,0.0,1.0,37.0,0.0,0.0,0.0,0.0,0.0,0.0,0.0,0.0,0.0,0.0,0.0,0.0,0.0,0.0,0.0,0.0,0.0,0.0,37.0,0.0,0.0,0.0,0.0,0.0,0.0,0.0,0.0,1.0,0.0,0.0,0.0,True,Churned
5400,1,3,103.4,3,17,1.0,0.0,0.0,0.0,0.0,0.0,0.0,0.0,5.0,0.0,8.0,0.0,0.0,0.0,0.0,0.0,90.0,0.0,0.0,0.0,0.0,103.4,0.0,0.0,0.0,0.0,0.0,3.0,0.0,0.0,0.0,0.0,0.0,0.0,True,Churned
5405,8,47,620.0,16,486,0.02,0.98,0.0,311.0,0.0,184.0,0.0,24.0,0.0,0.0,0.0,0.0,0.0,84.0,0.0,0.0,8.0,0.0,10.0,0.0,0.0,531.44,83.97,0.0,0.0,0.0,4.59,8.0,9.0,0.0,2.0,0.0,1.0,10.0,True,Churned
5406,1,4,41.2,2,73,0.53,0.47,0.0,0.0,0.0,0.0,0.0,1.0,18.0,0.0,22.0,0.0,0.0,0.0,0.0,0.0,0.0,0.0,0.0,0.0,0.0,41.2,0.0,0.0,0.0,0.0,0.0,4.0,0.0,0.0,0.0,0.0,0.0,0.0,True,Churned
5415,8,256,9246.71,81,291,0.61,0.39,2757.0,150.0,0.0,2519.0,0.0,89.0,1368.0,343.0,12.0,0.0,0.0,252.0,0.0,0.0,1246.0,0.0,511.0,0.0,0.0,7634.33,1612.38,0.0,0.0,0.0,0.0,193.0,37.0,13.0,2.0,0.0,1.0,0.0,True,Churned
5423,2,30,652.4,12,369,0.96,0.04,180.0,0.0,0.0,0.0,0.0,0.0,428.0,0.0,0.0,0.0,0.0,0.0,0.0,0.0,0.0,0.0,44.0,0.0,0.0,430.35,222.05,0.0,0.0,0.0,0.0,13.0,17.0,0.0,0.0,0.0,0.0,0.0,True,Churned
5424,1,8,42.6,8,32,1.0,0.0,0.0,2.0,0.0,6.0,0.0,0.0,32.0,0.0,0.0,0.0,0.0,3.0,0.0,0.0,0.0,0.0,0.0,0.0,0.0,42.6,0.0,0.0,0.0,0.0,0.0,8.0,0.0,0.0,0.0,0.0,0.0,0.0,True,Churned
5427,7,205,5012.96,130,302,0.88,0.12,130.0,0.0,0.0,331.0,0.0,0.0,324.0,265.0,1289.0,0.0,0.0,1695.0,0.0,0.0,121.0,48.0,810.0,0.0,0.0,1078.21,1176.54,576.82,0.0,0.0,2181.39,56.0,21.0,1.0,33.0,26.0,15.0,53.0,True,Churned
5428,2,6,50.44,6,149,1.0,0.0,0.0,0.0,0.0,0.0,0.0,0.0,14.0,0.0,0.0,0.0,0.0,0.0,0.0,0.0,0.0,13.0,24.0,0.0,0.0,29.6,20.84,0.0,0.0,0.0,0.0,4.0,0.0,0.0,0.0,0.0,2.0,0.0,True,Churned
5429,5,324,7821.65,131,959,0.98,0.02,725.0,10.0,0.0,96.0,0.0,0.0,1266.0,120.0,84.0,0.0,0.0,2682.0,0.0,0.0,1913.0,0.0,926.0,0.0,0.0,3944.49,1755.31,0.0,0.0,0.0,2121.85,252.0,0.0,0.0,1.0,0.0,0.0,46.0,True,Churned
5433,1,4,11.65,2,43,1.0,0.0,0.0,1.0,0.0,0.0,0.0,0.0,11.0,0.0,0.0,0.0,0.0,0.0,0.0,0.0,0.0,0.0,0.0,0.0,0.0,11.65,0.0,0.0,0.0,0.0,0.0,4.0,0.0,0.0,0.0,0.0,0.0,0.0,True,Churned
5434,1,1,3.0,1,1,1.0,0.0,0.0,0.0,0.0,0.0,0.0,0.0,3.0,0.0,0.0,0.0,0.0,0.0,0.0,0.0,0.0,0.0,0.0,0.0,0.0,3.0,0.0,0.0,0.0,0.0,0.0,1.0,0.0,0.0,0.0,0.0,0.0,0.0,True,Churned
5436,3,28,3336.5,7,35,0.0,1.0,0.0,0.0,0.0,2618.0,0.0,0.0,0.0,0.0,0.0,0.0,0.0,0.0,0.0,0.0,623.0,0.0,96.0,0.0,0.0,3336.5,0.0,0.0,0.0,0.0,0.0,24.0,0.0,0.0,0.0,0.0,0.0,0.0,True,Churned
5438,1,18,922.45,16,94,1.0,0.0,680.0,0.0,0.0,3.0,0.0,0.0,89.0,0.0,0.0,0.0,0.0,41.0,0.0,0.0,0.0,0.0,110.0,0.0,0.0,922.45,0.0,0.0,0.0,0.0,0.0,18.0,0.0,0.0,0.0,0.0,0.0,0.0,True,Churned
5440,3,40,260.99,16,308,0.91,0.09,0.0,0.0,0.0,40.0,0.0,0.0,107.0,0.0,0.0,0.0,0.0,24.0,0.0,0.0,90.0,0.0,0.0,0.0,0.0,260.99,0.0,0.0,0.0,0.0,0.0,37.0,0.0,0.0,0.0,1.0,0.0,0.0,True,Churned
5447,4,44,2105.16,30,689,0.92,0.08,216.0,136.0,0.0,31.0,0.0,0.0,213.0,0.0,0.0,0.0,15.0,1165.0,0.0,0.0,303.0,0.0,26.0,0.0,0.0,607.82,443.47,0.0,0.0,1053.87,0.0,17.0,0.0,9.0,0.0,0.0,0.0,6.0,True,Churned
5453,1,51,2852.1,41,424,0.82,0.18,0.0,0.0,0.0,0.0,0.0,0.0,220.0,0.0,0.0,0.0,0.0,1640.0,0.0,0.0,896.0,0.0,96.0,0.0,0.0,2852.1,0.0,0.0,0.0,0.0,0.0,51.0,0.0,0.0,0.0,0.0,0.0,0.0,True,Churned
5454,1,244,4700.33,53,216,0.85,0.15,600.0,0.0,0.0,137.0,0.0,664.0,1756.0,0.0,13.0,0.0,0.0,564.0,0.0,0.0,30.0,45.0,892.0,0.0,0.0,4700.33,0.0,0.0,0.0,0.0,0.0,244.0,0.0,0.0,0.0,0.0,0.0,0.0,True,Churned
5458,5,39,2065.52,11,179,0.11,0.89,0.0,328.0,0.0,50.0,0.0,892.0,188.0,0.0,0.0,0.0,0.0,145.0,0.0,0.0,463.0,0.0,0.0,0.0,0.0,1305.28,760.24,0.0,0.0,0.0,0.0,25.0,7.0,0.0,1.0,0.0,0.0,4.0,True,Churned
5461,2,3,27.95,2,31,0.0,1.0,0.0,18.0,0.0,10.0,0.0,0.0,0.0,0.0,0.0,0.0,0.0,0.0,0.0,0.0,0.0,0.0,0.0,0.0,0.0,9.9,0.0,0.0,0.0,0.0,18.05,1.0,0.0,0.0,0.0,0.0,0.0,2.0,True,Churned
5463,2,49,1720.8,15,43,0.66,0.34,0.0,88.0,0.0,0.0,0.0,0.0,864.0,0.0,0.0,0.0,0.0,755.0,0.0,0.0,0.0,0.0,13.0,0.0,0.0,1720.8,0.0,0.0,0.0,0.0,0.0,42.0,0.0,0.0,0.0,0.0,0.0,0.0,True,Churned
5464,1,2,12.3,2,1,0.04,0.96,0.0,0.0,0.0,0.0,0.0,0.0,0.0,0.0,0.0,0.0,0.0,0.0,0.0,0.0,12.0,0.0,1.0,0.0,0.0,12.3,0.0,0.0,0.0,0.0,0.0,2.0,0.0,0.0,0.0,0.0,0.0,0.0,True,Churned
5466,5,11,1184.81,10,325,0.0,1.0,500.0,0.0,0.0,182.0,0.0,24.0,21.0,0.0,0.0,0.0,0.0,0.0,0.0,0.0,272.0,20.0,165.0,0.0,0.0,818.88,365.93,0.0,0.0,0.0,0.0,6.0,2.0,1.0,1.0,0.0,0.0,0.0,True,Churned
5469,1,15,198.85,5,60,1.0,0.0,0.0,0.0,0.0,0.0,0.0,42.0,63.0,0.0,0.0,0.0,0.0,0.0,0.0,0.0,30.0,0.0,64.0,0.0,0.0,198.85,0.0,0.0,0.0,0.0,0.0,15.0,0.0,0.0,0.0,0.0,0.0,0.0,True,Churned
5470,2,5,85.15,5,19,0.37,0.63,0.0,37.0,0.0,0.0,0.0,0.0,32.0,0.0,0.0,0.0,0.0,0.0,0.0,0.0,16.0,0.0,0.0,0.0,0.0,85.15,0.0,0.0,0.0,0.0,0.0,4.0,0.0,0.0,0.0,0.0,0.0,0.0,True,Churned
5471,1,4,196.75,4,39,0.16,0.84,0.0,0.0,0.0,0.0,0.0,0.0,165.0,0.0,0.0,0.0,0.0,0.0,0.0,0.0,28.0,0.0,4.0,0.0,0.0,196.75,0.0,0.0,0.0,0.0,0.0,4.0,0.0,0.0,0.0,0.0,0.0,0.0,True,Churned
5472,1,1,3.4,1,1,1.0,0.0,0.0,0.0,0.0,0.0,0.0,0.0,3.0,0.0,0.0,0.0,0.0,0.0,0.0,0.0,0.0,0.0,0.0,0.0,0.0,3.4,0.0,0.0,0.0,0.0,0.0,1.0,0.0,0.0,0.0,0.0,0.0,0.0,True,Churned
5473,1,1,5.62,1,1,0.0,1.0,0.0,6.0,0.0,0.0,0.0,0.0,0.0,0.0,0.0,0.0,0.0,0.0,0.0,0.0,0.0,0.0,0.0,0.0,0.0,0.0,0.0,0.0,0.0,0.0,5.62,0.0,0.0,0.0,1.0,0.0,0.0,0.0,True,Churned
5476,3,13,131.9,10,44,0.39,0.61,21.0,0.0,0.0,0.0,0.0,0.0,51.0,0.0,0.0,0.0,0.0,0.0,0.0,0.0,21.0,0.0,39.0,0.0,0.0,120.8,4.36,0.0,0.0,0.0,6.74,10.0,1.0,0.0,0.0,0.0,0.0,0.0,True,Churned
5478,1,27,165.15,16,117,1.0,0.0,0.0,0.0,0.0,0.0,0.0,0.0,92.0,0.0,0.0,0.0,0.0,0.0,0.0,0.0,38.0,0.0,35.0,0.0,0.0,165.15,0.0,0.0,0.0,0.0,0.0,27.0,0.0,0.0,0.0,0.0,0.0,0.0,True,Churned
5480,2,44,2194.27,38,21,1.0,0.0,0.0,0.0,0.0,28.0,0.0,0.0,357.0,0.0,0.0,0.0,0.0,800.0,0.0,0.0,955.0,4.0,49.0,0.0,0.0,32.4,0.0,0.0,0.0,0.0,2161.87,2.0,0.0,0.0,0.0,0.0,0.0,42.0,True,Churned
5482,1,24,373.25,11,69,1.0,0.0,70.0,9.0,0.0,0.0,0.0,0.0,236.0,0.0,0.0,0.0,0.0,0.0,0.0,0.0,14.0,0.0,44.0,0.0,0.0,373.25,0.0,0.0,0.0,0.0,0.0,24.0,0.0,0.0,0.0,0.0,0.0,0.0,True,Churned
5483,15,197,5606.26,106,646,0.33,0.67,0.0,335.0,0.0,36.0,0.0,0.0,441.0,117.0,1822.0,0.0,54.0,430.0,0.0,0.0,2318.0,0.0,53.0,0.0,0.0,4329.25,951.3,64.75,51.86,0.0,14.03,106.0,3.0,1.0,10.0,13.0,0.0,0.0,True,Churned
5486,2,5,57.85,4,678,0.05,0.95,15.0,0.0,0.0,20.0,0.0,0.0,3.0,0.0,0.0,0.0,0.0,0.0,0.0,0.0,20.0,0.0,0.0,0.0,0.0,57.85,0.0,0.0,0.0,0.0,0.0,4.0,0.0,0.0,1.0,0.0,0.0,0.0,True,Churned
5489,1,9,1240.14,8,140,1.0,0.0,0.0,0.0,0.0,0.0,0.0,145.0,0.0,0.0,0.0,0.0,0.0,846.0,0.0,0.0,0.0,0.0,249.0,0.0,0.0,1240.14,0.0,0.0,0.0,0.0,0.0,9.0,0.0,0.0,0.0,0.0,0.0,0.0,True,Churned
5490,1,2,35.0,1,149,0.0,1.0,0.0,0.0,0.0,0.0,0.0,0.0,0.0,0.0,0.0,0.0,0.0,0.0,0.0,0.0,35.0,0.0,0.0,0.0,0.0,35.0,0.0,0.0,0.0,0.0,0.0,2.0,0.0,0.0,0.0,0.0,0.0,0.0,True,Churned
5495,5,34,6024.36,13,18,0.03,0.97,4325.0,1218.0,0.0,288.0,0.0,0.0,98.0,0.0,0.0,0.0,0.0,0.0,0.0,0.0,0.0,0.0,96.0,0.0,0.0,925.23,1593.56,0.0,0.0,0.0,3217.75,8.0,0.0,0.0,0.0,3.0,0.0,0.0,True,Churned
5496,2,6,111.74,5,487,0.67,0.33,0.0,29.0,0.0,0.0,0.0,0.0,73.0,0.0,0.0,0.0,8.0,0.0,0.0,0.0,0.0,0.0,2.0,0.0,0.0,103.35,8.39,0.0,0.0,0.0,0.0,5.0,1.0,0.0,0.0,0.0,0.0,0.0,True,Churned
5497,3,32,1368.29,22,550,0.31,0.69,0.0,0.0,0.0,0.0,0.0,0.0,296.0,0.0,880.0,0.0,0.0,12.0,0.0,0.0,70.0,70.0,41.0,0.0,0.0,1368.29,0.0,0.0,0.0,0.0,0.0,28.0,0.0,0.0,3.0,0.0,0.0,0.0,True,Churned
5498,5,26,3269.98,19,376,0.14,0.86,0.0,7.0,0.0,0.0,0.0,3.0,70.0,12.0,1664.0,0.0,0.0,15.0,0.0,0.0,321.0,0.0,1178.0,0.0,0.0,3063.5,206.48,0.0,0.0,0.0,0.0,11.0,3.0,0.0,0.0,0.0,8.0,2.0,True,Churned
5500,2,21,9791.5,4,54,0.99,0.01,9700.0,0.0,0.0,10.0,0.0,0.0,0.0,0.0,0.0,0.0,0.0,0.0,0.0,0.0,82.0,0.0,0.0,0.0,0.0,9791.5,0.0,0.0,0.0,0.0,0.0,20.0,0.0,0.0,0.0,0.0,0.0,0.0,True,Churned
5501,1,183,1288.65,10,384,1.0,0.0,0.0,0.0,0.0,0.0,0.0,0.0,1002.0,0.0,0.0,0.0,0.0,283.0,0.0,0.0,0.0,0.0,3.0,0.0,0.0,1288.65,0.0,0.0,0.0,0.0,0.0,183.0,0.0,0.0,0.0,0.0,0.0,0.0,True,Churned
5502,2,3,11.9,2,97,0.0,1.0,0.0,2.0,0.0,2.0,0.0,8.0,0.0,0.0,0.0,0.0,0.0,0.0,0.0,0.0,0.0,0.0,0.0,0.0,0.0,11.9,0.0,0.0,0.0,0.0,0.0,0.0,0.0,0.0,1.0,0.0,0.0,2.0,True,Churned
5503,1,2,4.8,2,1,1.0,0.0,0.0,0.0,0.0,0.0,0.0,0.0,2.0,0.0,0.0,0.0,0.0,3.0,0.0,0.0,0.0,0.0,0.0,0.0,0.0,4.8,0.0,0.0,0.0,0.0,0.0,2.0,0.0,0.0,0.0,0.0,0.0,0.0,True,Churned
5504,1,8,102.75,5,34,1.0,0.0,0.0,0.0,0.0,0.0,0.0,0.0,80.0,0.0,0.0,0.0,0.0,0.0,0.0,0.0,22.0,0.0,0.0,0.0,0.0,102.75,0.0,0.0,0.0,0.0,0.0,8.0,0.0,0.0,0.0,0.0,0.0,0.0,True,Churned
5505,2,10,94.71,9,148,0.64,0.36,0.0,0.0,0.0,0.0,0.0,0.0,31.0,0.0,0.0,0.0,0.0,26.0,0.0,0.0,34.0,0.0,4.0,0.0,0.0,90.55,0.0,0.0,0.0,0.0,0.0,9.0,0.0,0.0,0.0,0.0,0.0,0.0,True,Churned
5506,2,5,108.69,5,23,0.96,0.04,0.0,0.0,0.0,0.0,0.0,0.0,105.0,0.0,0.0,0.0,0.0,0.0,0.0,0.0,4.0,0.0,0.0,0.0,0.0,104.85,0.0,0.0,0.0,0.0,3.84,4.0,0.0,0.0,0.0,0.0,0.0,0.0,True,Churned
5507,2,16,412.61,15,102,1.0,0.0,0.0,0.0,0.0,0.0,0.0,0.0,148.0,54.0,0.0,0.0,0.0,130.0,0.0,0.0,80.0,0.0,0.0,0.0,0.0,0.0,412.61,0.0,0.0,0.0,0.0,0.0,11.0,0.0,0.0,0.0,5.0,0.0,True,Churned
5508,1,2,1650.0,2,1,1.0,0.0,1650.0,0.0,0.0,0.0,0.0,0.0,0.0,0.0,0.0,0.0,0.0,0.0,0.0,0.0,0.0,0.0,0.0,0.0,0.0,1650.0,0.0,0.0,0.0,0.0,0.0,2.0,0.0,0.0,0.0,0.0,0.0,0.0,True,Churned
5509,1,5,92.9,4,15,1.0,0.0,0.0,0.0,0.0,0.0,0.0,0.0,6.0,0.0,0.0,0.0,0.0,87.0,0.0,0.0,0.0,0.0,0.0,0.0,0.0,92.9,0.0,0.0,0.0,0.0,0.0,5.0,0.0,0.0,0.0,0.0,0.0,0.0,True,Churned
5510,1,2,31.0,2,12,0.94,0.06,0.0,0.0,0.0,2.0,0.0,0.0,0.0,0.0,0.0,0.0,0.0,0.0,0.0,0.0,0.0,0.0,29.0,0.0,0.0,31.0,0.0,0.0,0.0,0.0,0.0,2.0,0.0,0.0,0.0,0.0,0.0,0.0,True,Churned
5512,1,1,200.0,1,1,0.0,1.0,200.0,0.0,0.0,0.0,0.0,0.0,0.0,0.0,0.0,0.0,0.0,0.0,0.0,0.0,0.0,0.0,0.0,0.0,0.0,200.0,0.0,0.0,0.0,0.0,0.0,0.0,0.0,0.0,1.0,0.0,0.0,0.0,True,Churned
5514,1,7,96.1,4,9,1.0,0.0,0.0,0.0,0.0,0.0,0.0,0.0,33.0,0.0,0.0,0.0,0.0,9.0,0.0,0.0,0.0,0.0,54.0,0.0,0.0,96.1,0.0,0.0,0.0,0.0,0.0,7.0,0.0,0.0,0.0,0.0,0.0,0.0,True,Churned
5515,1,1,80.0,1,1,1.0,0.0,80.0,0.0,0.0,0.0,0.0,0.0,0.0,0.0,0.0,0.0,0.0,0.0,0.0,0.0,0.0,0.0,0.0,0.0,0.0,80.0,0.0,0.0,0.0,0.0,0.0,1.0,0.0,0.0,0.0,0.0,0.0,0.0,True,Churned
5516,2,6,123.34,4,23,0.88,0.12,0.0,0.0,0.0,0.0,0.0,0.0,56.0,0.0,0.0,0.0,0.0,0.0,0.0,0.0,0.0,0.0,68.0,0.0,0.0,123.34,0.0,0.0,0.0,0.0,0.0,3.0,3.0,0.0,0.0,0.0,0.0,0.0,True,Churned
5517,2,8,4940.09,3,45,1.0,0.0,4916.0,0.0,0.0,0.0,0.0,0.0,0.0,0.0,0.0,0.0,0.0,0.0,0.0,0.0,0.0,0.0,24.0,0.0,0.0,4923.8,16.29,0.0,0.0,0.0,0.0,6.0,0.0,2.0,0.0,0.0,0.0,0.0,True,Churned
5520,2,7,95.7,3,63,0.03,0.97,0.0,0.0,0.0,0.0,0.0,0.0,48.0,0.0,0.0,0.0,0.0,0.0,0.0,0.0,0.0,0.0,48.0,0.0,0.0,47.75,0.0,0.0,0.0,0.0,0.0,2.0,0.0,0.0,0.0,0.0,0.0,0.0,True,Churned
5521,1,1,11.48,1,1,0.0,1.0,0.0,0.0,0.0,11.0,0.0,0.0,0.0,0.0,0.0,0.0,0.0,0.0,0.0,0.0,0.0,0.0,0.0,0.0,0.0,11.48,0.0,0.0,0.0,0.0,0.0,0.0,0.0,0.0,1.0,0.0,0.0,0.0,True,Churned
5523,1,3,5.6,3,1,1.0,0.0,0.0,0.0,0.0,0.0,0.0,0.0,3.0,0.0,0.0,0.0,0.0,0.0,0.0,0.0,2.0,0.0,0.0,0.0,0.0,5.6,0.0,0.0,0.0,0.0,0.0,3.0,0.0,0.0,0.0,0.0,0.0,0.0,True,Churned
5526,5,10,265.96,5,552,0.0,1.0,0.0,15.0,0.0,0.0,0.0,3.0,0.0,0.0,0.0,0.0,0.0,0.0,0.0,0.0,248.0,0.0,0.0,0.0,0.0,1.0,248.26,13.88,0.0,0.0,2.82,1.0,6.0,0.0,1.0,0.0,0.0,1.0,True,Churned
5527,1,3,169.0,3,8,1.0,0.0,0.0,0.0,0.0,0.0,0.0,0.0,0.0,0.0,0.0,0.0,0.0,75.0,0.0,0.0,94.0,0.0,0.0,0.0,0.0,169.0,0.0,0.0,0.0,0.0,0.0,3.0,0.0,0.0,0.0,0.0,0.0,0.0,True,Churned
5529,1,4,11.45,4,1,1.0,0.0,0.0,0.0,0.0,0.0,0.0,0.0,11.0,0.0,0.0,0.0,0.0,0.0,0.0,0.0,0.0,0.0,0.0,0.0,0.0,11.45,0.0,0.0,0.0,0.0,0.0,4.0,0.0,0.0,0.0,0.0,0.0,0.0,True,Churned
5530,1,2,62.0,2,156,1.0,0.0,0.0,0.0,0.0,0.0,0.0,0.0,0.0,0.0,0.0,0.0,0.0,57.0,0.0,0.0,6.0,0.0,0.0,0.0,0.0,62.0,0.0,0.0,0.0,0.0,0.0,2.0,0.0,0.0,0.0,0.0,0.0,0.0,True,Churned
5531,1,35,3070.0,1,50,0.0,1.0,0.0,0.0,0.0,3070.0,0.0,0.0,0.0,0.0,0.0,0.0,0.0,0.0,0.0,0.0,0.0,0.0,0.0,0.0,0.0,3070.0,0.0,0.0,0.0,0.0,0.0,35.0,0.0,0.0,0.0,0.0,0.0,0.0,True,Churned
5532,1,3,44.5,3,16,1.0,0.0,0.0,0.0,0.0,0.0,0.0,0.0,45.0,0.0,0.0,0.0,0.0,0.0,0.0,0.0,0.0,0.0,0.0,0.0,0.0,44.5,0.0,0.0,0.0,0.0,0.0,3.0,0.0,0.0,0.0,0.0,0.0,0.0,True,Churned
5535,2,5,28.5,2,10,0.0,1.0,0.0,0.0,0.0,0.0,0.0,0.0,0.0,0.0,0.0,0.0,0.0,8.0,0.0,0.0,0.0,0.0,21.0,0.0,0.0,28.5,0.0,0.0,0.0,0.0,0.0,4.0,0.0,0.0,0.0,0.0,0.0,0.0,True,Churned
5540,1,2,4.2,1,6,1.0,0.0,0.0,0.0,0.0,0.0,0.0,0.0,0.0,0.0,0.0,0.0,0.0,0.0,0.0,0.0,0.0,0.0,4.0,0.0,0.0,4.2,0.0,0.0,0.0,0.0,0.0,2.0,0.0,0.0,0.0,0.0,0.0,0.0,True,Churned
5541,1,1,100.0,1,1,0.0,1.0,0.0,0.0,0.0,100.0,0.0,0.0,0.0,0.0,0.0,0.0,0.0,0.0,0.0,0.0,0.0,0.0,0.0,0.0,0.0,100.0,0.0,0.0,0.0,0.0,0.0,1.0,0.0,0.0,0.0,0.0,0.0,0.0,True,Churned
5542,2,3,43.2,2,549,0.0,1.0,15.0,0.0,0.0,0.0,0.0,0.0,0.0,0.0,0.0,0.0,0.0,28.0,0.0,0.0,0.0,0.0,0.0,0.0,0.0,43.2,0.0,0.0,0.0,0.0,0.0,2.0,0.0,0.0,1.0,0.0,0.0,0.0,True,Churned
5543,1,10,184.26,6,15,1.0,0.0,0.0,0.0,0.0,0.0,0.0,0.0,136.0,0.0,0.0,0.0,0.0,18.0,0.0,0.0,0.0,0.0,30.0,0.0,0.0,184.26,0.0,0.0,0.0,0.0,0.0,10.0,0.0,0.0,0.0,0.0,0.0,0.0,True,Churned
5545,1,2,23.6,2,127,1.0,0.0,0.0,0.0,0.0,0.0,0.0,0.0,10.0,0.0,0.0,0.0,0.0,14.0,0.0,0.0,0.0,0.0,0.0,0.0,0.0,23.6,0.0,0.0,0.0,0.0,0.0,2.0,0.0,0.0,0.0,0.0,0.0,0.0,True,Churned
5547,1,12,497.73,7,17,0.91,0.09,0.0,0.0,0.0,0.0,0.0,0.0,452.0,0.0,0.0,0.0,0.0,46.0,0.0,0.0,0.0,0.0,0.0,0.0,0.0,497.73,0.0,0.0,0.0,0.0,0.0,12.0,0.0,0.0,0.0,0.0,0.0,0.0,True,Churned
5548,1,15,269.05,13,43,0.98,0.02,0.0,0.0,0.0,0.0,0.0,0.0,36.0,0.0,0.0,0.0,0.0,179.0,0.0,0.0,32.0,0.0,22.0,0.0,0.0,269.05,0.0,0.0,0.0,0.0,0.0,15.0,0.0,0.0,0.0,0.0,0.0,0.0,True,Churned
5549,1,9,119.95,9,67,1.0,0.0,0.0,0.0,0.0,0.0,0.0,0.0,57.0,0.0,30.0,0.0,0.0,13.0,0.0,0.0,13.0,0.0,7.0,0.0,0.0,119.95,0.0,0.0,0.0,0.0,0.0,9.0,0.0,0.0,0.0,0.0,0.0,0.0,True,Churned
5551,1,3,31.95,1,5,1.0,0.0,0.0,0.0,0.0,0.0,0.0,0.0,32.0,0.0,0.0,0.0,0.0,0.0,0.0,0.0,0.0,0.0,0.0,0.0,0.0,31.95,0.0,0.0,0.0,0.0,0.0,3.0,0.0,0.0,0.0,0.0,0.0,0.0,True,Churned
5552,1,1,1.0,1,1,0.0,1.0,0.0,0.0,0.0,0.0,0.0,0.0,0.0,0.0,0.0,0.0,0.0,0.0,0.0,0.0,1.0,0.0,0.0,0.0,0.0,1.0,0.0,0.0,0.0,0.0,0.0,1.0,0.0,0.0,0.0,0.0,0.0,0.0,True,Churned
5555,1,1,1952.99,1,1,0.0,1.0,0.0,0.0,0.0,0.0,0.0,0.0,0.0,0.0,0.0,0.0,0.0,0.0,0.0,0.0,1953.0,0.0,0.0,0.0,0.0,0.0,1952.99,0.0,0.0,0.0,0.0,0.0,0.0,0.0,1.0,0.0,0.0,0.0,True,Churned
5557,1,1,29.0,1,1,0.0,1.0,29.0,0.0,0.0,0.0,0.0,0.0,0.0,0.0,0.0,0.0,0.0,0.0,0.0,0.0,0.0,0.0,0.0,0.0,0.0,29.0,0.0,0.0,0.0,0.0,0.0,0.0,0.0,0.0,1.0,0.0,0.0,0.0,True,Churned
5559,2,2,427.32,2,14,0.0,1.0,0.0,0.0,0.0,365.0,0.0,0.0,0.0,0.0,0.0,0.0,0.0,0.0,0.0,0.0,62.0,0.0,0.0,0.0,0.0,427.32,0.0,0.0,0.0,0.0,0.0,1.0,0.0,0.0,1.0,0.0,0.0,0.0,True,Churned
5560,1,1,2.95,1,1,1.0,0.0,0.0,0.0,0.0,0.0,0.0,0.0,3.0,0.0,0.0,0.0,0.0,0.0,0.0,0.0,0.0,0.0,0.0,0.0,0.0,2.95,0.0,0.0,0.0,0.0,0.0,1.0,0.0,0.0,0.0,0.0,0.0,0.0,True,Churned
5563,1,1,59.8,1,1,0.0,1.0,0.0,0.0,0.0,0.0,0.0,0.0,0.0,0.0,0.0,0.0,0.0,0.0,0.0,0.0,60.0,0.0,0.0,0.0,0.0,59.8,0.0,0.0,0.0,0.0,0.0,1.0,0.0,0.0,0.0,0.0,0.0,0.0,True,Churned
5564,1,1,29.37,1,1,0.0,1.0,29.0,0.0,0.0,0.0,0.0,0.0,0.0,0.0,0.0,0.0,0.0,0.0,0.0,0.0,0.0,0.0,0.0,0.0,0.0,0.0,29.37,0.0,0.0,0.0,0.0,0.0,0.0,0.0,0.0,1.0,0.0,0.0,True,Churned
5566,1,4,19.2,1,302,0.0,1.0,0.0,19.0,0.0,0.0,0.0,0.0,0.0,0.0,0.0,0.0,0.0,0.0,0.0,0.0,0.0,0.0,0.0,0.0,0.0,19.2,0.0,0.0,0.0,0.0,0.0,0.0,0.0,0.0,0.0,0.0,0.0,4.0,True,Churned
5567,1,5,60.9,1,121,0.0,1.0,0.0,0.0,0.0,0.0,0.0,0.0,61.0,0.0,0.0,0.0,0.0,0.0,0.0,0.0,0.0,0.0,0.0,0.0,0.0,60.9,0.0,0.0,0.0,0.0,0.0,5.0,0.0,0.0,0.0,0.0,0.0,0.0,True,Churned
5568,2,4,347.31,2,11,0.0,1.0,0.0,0.0,0.0,0.0,0.0,0.0,1.0,0.0,346.0,0.0,0.0,0.0,0.0,0.0,0.0,0.0,0.0,0.0,0.0,0.0,346.38,0.0,0.0,0.0,0.0,0.0,0.0,3.0,0.0,0.0,0.0,0.0,True,Churned
5570,1,1,0.85,1,1,1.0,0.0,0.0,0.0,0.0,0.0,0.0,0.0,1.0,0.0,0.0,0.0,0.0,0.0,0.0,0.0,0.0,0.0,0.0,0.0,0.0,0.85,0.0,0.0,0.0,0.0,0.0,1.0,0.0,0.0,0.0,0.0,0.0,0.0,True,Churned
5573,1,1,2.5,1,1,1.0,0.0,0.0,0.0,0.0,0.0,0.0,0.0,0.0,0.0,0.0,0.0,0.0,0.0,0.0,0.0,0.0,0.0,3.0,0.0,0.0,2.5,0.0,0.0,0.0,0.0,0.0,1.0,0.0,0.0,0.0,0.0,0.0,0.0,True,Churned
5574,1,2,38.52,1,1,1.0,0.0,0.0,0.0,0.0,0.0,0.0,0.0,0.0,39.0,0.0,0.0,0.0,0.0,0.0,0.0,0.0,0.0,0.0,0.0,0.0,0.0,38.52,0.0,0.0,0.0,0.0,0.0,2.0,0.0,0.0,0.0,0.0,0.0,True,Churned
